X,Y
0.07857142857142857,-143.89536213468855
0.18857142857142856,-143.7953621346886
0.29857142857142854,-143.69536213468857
0.4085714285714286,-143.59536213468857
0.5185714285714286,-143.49536213468858
0.6285714285714286,-143.49536213468858
0.7385714285714285,-143.39536213468855
0.8485714285714286,-143.2953621346886
0.8485714285714286,-143.1953621346886
0.9585714285714286,-143.09536213468857
1.0685714285714287,-142.99536213468858
1.1785714285714286,-142.89536213468855
1.2885714285714287,-142.89536213468855
1.3985714285714286,-142.7953621346886
1.5085714285714285,-142.6953621346886
1.6185714285714285,-142.59536213468857
1.7285714285714284,-142.49536213468858
1.7285714285714284,-142.39536213468858
1.8385714285714285,-142.2953621346886
1.9485714285714286,-142.19536213468857
2.0585714285714287,-142.19536213468857
2.1685714285714286,-142.09536213468857
2.2785714285714285,-141.99536213468858
2.3885714285714283,-141.89536213468858
2.498571428571428,-141.7953621346886
2.608571428571429,-141.69536213468857
2.608571428571429,-141.59536213468857
2.718571428571429,-141.49536213468855
2.8285714285714287,-141.49536213468855
2.938571428571429,-141.39536213468858
3.0485714285714285,-141.2953621346886
3.1585714285714284,-141.19536213468857
3.2685714285714287,-141.09536213468857
3.3785714285714286,-140.9953621346886
3.488571428571429,-140.89536213468858
3.5985714285714288,-140.7953621346886
3.7085714285714286,-140.6953621346886
3.818571428571429,-140.59536213468857
3.9285714285714284,-140.49536213468858
4.038571428571428,-140.39536213468858
4.148571428571429,-140.29536213468856
4.258571428571429,-140.1953621346886
4.368571428571428,-140.1953621346886
4.368571428571428,-140.09536213468857
4.478571428571429,-139.99536213468858
4.588571428571429,-139.89536213468858
4.698571428571428,-139.79536213468856
4.698571428571428,-139.69536213468857
4.698571428571428,-139.5953621346886
4.698571428571428,-139.49536213468858
4.588571428571429,-139.39536213468858
4.478571428571429,-139.2953621346886
4.478571428571429,-139.19536213468857
4.478571428571429,-139.0953621346886
4.478571428571429,-138.99536213468858
4.478571428571429,-138.89536213468858
4.478571428571429,-138.7953621346886
4.368571428571428,-138.69536213468857
4.368571428571428,-138.59536213468857
4.368571428571428,-138.49536213468858
4.368571428571428,-138.39536213468855
4.368571428571428,-138.2953621346886
4.368571428571428,-138.1953621346886
4.368571428571428,-138.09536213468857
4.258571428571429,-138.09536213468857
4.148571428571429,-137.99536213468858
4.148571428571429,-137.89536213468855
4.148571428571429,-137.79536213468856
4.148571428571429,-137.6953621346886
4.148571428571429,-137.59536213468857
4.148571428571429,-137.49536213468858
4.148571428571429,-137.39536213468858
4.148571428571429,-137.29536213468856
4.038571428571428,-137.1953621346886
4.038571428571428,-137.09536213468857
4.038571428571428,-136.99536213468858
4.038571428571428,-136.89536213468858
4.038571428571428,-136.7953621346886
3.9285714285714284,-136.69536213468857
3.9285714285714284,-136.59536213468857
3.818571428571429,-136.49536213468855
3.818571428571429,-136.39536213468858
3.818571428571429,-136.2953621346886
3.818571428571429,-136.19536213468857
3.818571428571429,-136.09536213468857
3.818571428571429,-135.99536213468858
3.818571428571429,-135.89536213468858
3.7085714285714286,-135.7953621346886
3.7085714285714286,-135.6953621346886
3.7085714285714286,-135.59536213468857
3.7085714285714286,-135.49536213468858
3.7085714285714286,-135.39536213468855
3.5985714285714288,-135.2953621346886
3.5985714285714288,-135.19536213468857
3.488571428571429,-135.09536213468857
3.488571428571429,-134.99536213468858
3.488571428571429,-134.89536213468858
3.488571428571429,-134.79536213468856
3.488571428571429,-134.69536213468857
3.488571428571429,-134.5953621346886
3.488571428571429,-134.49536213468858
3.3785714285714286,-134.39536213468858
3.3785714285714286,-134.2953621346886
3.3785714285714286,-134.19536213468857
3.3785714285714286,-134.0953621346886
3.3785714285714286,-133.99536213468858
3.2685714285714287,-133.89536213468858
3.2685714285714287,-133.7953621346886
3.1585714285714284,-133.69536213468857
3.1585714285714284,-133.59536213468857
3.1585714285714284,-133.49536213468858
3.1585714285714284,-133.39536213468858
3.1585714285714284,-133.29536213468856
3.1585714285714284,-133.1953621346886
3.1585714285714284,-133.09536213468857
3.0485714285714285,-132.99536213468858
3.0485714285714285,-132.89536213468855
3.0485714285714285,-132.79536213468856
2.938571428571429,-132.6953621346886
2.938571428571429,-132.59536213468857
2.938571428571429,-132.49536213468858
2.938571428571429,-132.39536213468858
2.8285714285714287,-132.29536213468856
2.8285714285714287,-132.1953621346886
2.8285714285714287,-132.0953621346886
2.8285714285714287,-131.99536213468858
2.938571428571429,-131.89536213468858
3.0485714285714285,-131.7953621346886
3.1585714285714284,-131.7953621346886
3.1585714285714284,-131.69536213468857
3.2685714285714287,-131.59536213468857
3.2685714285714287,-131.49536213468858
3.3785714285714286,-131.39536213468855
3.488571428571429,-131.2953621346886
3.5985714285714288,-131.19536213468857
3.7085714285714286,-131.09536213468857
3.818571428571429,-130.99536213468858
3.818571428571429,-130.89536213468855
3.818571428571429,-130.7953621346886
3.9285714285714284,-130.6953621346886
4.038571428571428,-130.59536213468857
4.148571428571429,-130.49536213468858
4.258571428571429,-130.39536213468855
4.368571428571428,-130.2953621346886
4.478571428571429,-130.1953621346886
4.588571428571429,-130.09536213468857
4.588571428571429,-129.99536213468858
4.588571428571429,-129.89536213468858
4.698571428571428,-129.7953621346886
4.808571428571429,-129.69536213468857
4.918571428571429,-129.59536213468857
5.0285714285714285,-129.49536213468858
5.13857142857143,-129.39536213468858
5.248571428571429,-129.39536213468858
5.248571428571429,-129.2953621346886
5.3585714285714285,-129.19536213468857
5.3585714285714285,-129.09536213468857
5.468571428571428,-128.99536213468855
5.578571428571428,-128.89536213468858
5.688571428571428,-128.7953621346886
5.798571428571429,-128.69536213468857
5.908571428571428,-128.59536213468857
5.908571428571428,-128.4953621346886
6.018571428571429,-128.39536213468858
6.018571428571429,-128.2953621346886
6.128571428571428,-128.1953621346886
6.238571428571428,-128.09536213468857
6.348571428571428,-127.99536213468858
6.458571428571429,-127.89536213468857
6.5685714285714285,-127.79536213468856
6.5685714285714285,-127.69536213468858
6.678571428571429,-127.59536213468856
6.788571428571429,-127.49536213468858
6.788571428571429,-127.39536213468858
6.898571428571429,-127.29536213468856
7.008571428571429,-127.19536213468858
7.118571428571428,-127.09536213468859
7.228571428571429,-127.09536213468859
7.228571428571429,-126.99536213468858
7.338571428571428,-126.89536213468858
7.448571428571428,-126.7953621346886
7.448571428571428,-126.69536213468858
7.558571428571428,-126.59536213468859
7.668571428571429,-126.49536213468856
7.7785714285714285,-126.39536213468858
7.888571428571429,-126.29536213468857
7.888571428571429,-126.19536213468858
7.998571428571428,-126.09536213468857
8.108571428571429,-125.99536213468858
8.218571428571428,-125.89536213468857
8.218571428571428,-125.79536213468857
8.32857142857143,-125.6953621346886
8.438571428571429,-125.59536213468857
8.438571428571429,-125.49536213468858
8.54857142857143,-125.39536213468855
8.65857142857143,-125.29536213468857
8.768571428571429,-125.19536213468858
8.878571428571428,-125.09536213468857
8.988571428571428,-124.99536213468858
8.988571428571428,-124.8953621346886
9.098571428571429,-124.79536213468857
9.208571428571426,-124.69536213468858
9.318571428571428,-124.59536213468859
9.428571428571429,-124.49536213468858
9.53857142857143,-124.39536213468857
9.64857142857143,-124.29536213468859
9.64857142857143,-124.19536213468857
9.758571428571429,-124.09536213468859
9.868571428571428,-123.99536213468856
9.868571428571428,-123.89536213468857
9.978571428571428,-123.79536213468859
10.088571428571429,-123.69536213468857
10.198571428571427,-123.59536213468857
10.30857142857143,-123.49536213468859
10.418571428571429,-123.39536213468857
10.418571428571429,-123.29536213468859
10.418571428571429,-123.1953621346886
10.52857142857143,-123.09536213468857
10.638571428571428,-122.99536213468859
10.748571428571429,-122.89536213468857
10.858571428571429,-122.79536213468857
10.96857142857143,-122.69536213468858
11.078571428571427,-122.59536213468857
11.078571428571427,-122.49536213468856
11.078571428571427,-122.39536213468858
11.188571428571429,-122.29536213468856
11.298571428571428,-122.29536213468856
11.408571428571427,-122.19536213468858
11.518571428571427,-122.09536213468859
11.628571428571426,-121.99536213468856
11.73857142857143,-121.89536213468858
11.848571428571429,-121.79536213468857
11.848571428571429,-121.69536213468857
11.848571428571429,-121.59536213468859
11.958571428571428,-121.49536213468858
12.068571428571428,-121.39536213468858
12.178571428571429,-121.29536213468857
12.288571428571428,-121.1953621346886
12.39857142857143,-121.09536213468859
12.508571428571427,-120.99536213468858
12.508571428571427,-120.89536213468858
12.618571428571428,-120.79536213468857
12.618571428571428,-120.69536213468857
12.72857142857143,-120.59536213468857
12.83857142857143,-120.49536213468858
12.948571428571428,-120.39536213468857
13.05857142857143,-120.29536213468857
13.168571428571429,-120.19536213468858
13.278571428571428,-120.09536213468859
13.278571428571428,-119.99536213468858
13.388571428571428,-119.89536213468857
13.498571428571427,-119.79536213468859
13.608571428571429,-119.69536213468858
13.718571428571428,-119.59536213468857
13.828571428571427,-119.49536213468859
13.828571428571427,-119.39536213468858
13.938571428571427,-119.29536213468859
14.04857142857143,-119.19536213468858
14.04857142857143,-119.09536213468857
14.15857142857143,-118.99536213468858
14.268571428571429,-118.89536213468857
14.378571428571428,-118.79536213468856
14.48857142857143,-118.69536213468858
14.48857142857143,-118.59536213468857
14.598571428571429,-118.49536213468856
14.708571428571428,-118.39536213468858
14.708571428571428,-118.29536213468857
14.818571428571428,-118.19536213468858
14.928571428571429,-118.09536213468857
15.038571428571428,-117.99536213468859
15.038571428571428,-117.89536213468858
15.148571428571428,-117.79536213468857
15.258571428571429,-117.6953621346886
15.258571428571429,-117.59536213468859
15.368571428571428,-117.49536213468858
15.47857142857143,-117.39536213468858
15.47857142857143,-117.29536213468857
15.588571428571429,-117.19536213468857
15.588571428571429,-117.09536213468857
15.588571428571429,-116.99536213468858
15.698571428571428,-116.89536213468858
15.808571428571428,-116.79536213468857
15.918571428571429,-116.69536213468857
15.918571428571429,-116.59536213468859
16.02857142857143,-116.49536213468858
16.02857142857143,-116.39536213468857
16.138571428571428,-116.29536213468857
16.138571428571428,-116.19536213468858
16.138571428571428,-116.09536213468859
16.248571428571427,-115.99536213468858
16.35857142857143,-115.89536213468858
16.46857142857143,-115.79536213468859
16.46857142857143,-115.69536213468858
16.46857142857143,-115.59536213468857
16.57857142857143,-115.49536213468858
16.68857142857143,-115.39536213468857
16.68857142857143,-115.29536213468856
16.798571428571428,-115.19536213468858
16.90857142857143,-115.09536213468857
16.90857142857143,-114.99536213468858
16.90857142857143,-114.89536213468857
17.01857142857143,-114.79536213468859
17.01857142857143,-114.69536213468858
17.12857142857143,-114.59536213468857
17.238571428571426,-114.49536213468859
17.34857142857143,-114.39536213468858
17.34857142857143,-114.29536213468857
17.458571428571428,-114.19536213468858
17.458571428571428,-114.09536213468859
17.568571428571428,-113.99536213468859
17.568571428571428,-113.89536213468858
17.568571428571428,-113.79536213468857
17.678571428571427,-113.69536213468858
17.78857142857143,-113.59536213468857
17.89857142857143,-113.49536213468856
17.78857142857143,-113.39536213468858
17.89857142857143,-113.29536213468857
18.008571428571432,-113.19536213468857
18.118571428571432,-113.09536213468857
18.118571428571432,-112.99536213468858
18.228571428571428,-112.89536213468858
18.338571428571427,-112.79536213468857
18.338571428571427,-112.6953621346886
18.338571428571427,-112.59536213468859
18.44857142857143,-112.49536213468858
18.44857142857143,-112.39536213468858
18.55857142857143,-112.29536213468859
18.66857142857143,-112.19536213468858
18.77857142857143,-112.09536213468859
18.77857142857143,-111.99536213468858
18.77857142857143,-111.89536213468857
18.888571428571428,-111.79536213468857
18.99857142857143,-111.69536213468857
18.99857142857143,-111.59536213468859
18.99857142857143,-111.49536213468858
19.108571428571427,-111.39536213468857
19.218571428571426,-111.29536213468857
19.32857142857143,-111.19536213468858
19.218571428571426,-111.09536213468857
19.32857142857143,-110.99536213468858
19.438571428571425,-110.89536213468858
19.548571428571428,-110.79536213468859
19.548571428571428,-110.69536213468858
19.65857142857143,-110.59536213468857
19.65857142857143,-110.49536213468859
19.65857142857143,-110.39536213468858
19.76857142857143,-110.29536213468857
19.87857142857143,-110.19536213468858
19.87857142857143,-110.09536213468857
19.988571428571426,-109.99536213468856
20.09857142857143,-109.89536213468857
20.208571428571428,-109.79536213468857
20.208571428571428,-109.69536213468858
20.208571428571428,-109.59536213468857
20.318571428571428,-109.49536213468859
20.428571428571427,-109.39536213468858
20.428571428571427,-109.29536213468857
20.428571428571427,-109.19536213468858
20.53857142857143,-109.09536213468859
20.648571428571426,-108.99536213468858
20.648571428571426,-108.89536213468858
20.648571428571426,-108.79536213468857
20.75857142857143,-108.6953621346886
20.868571428571432,-108.59536213468859
20.978571428571428,-108.49536213468858
20.978571428571428,-108.39536213468858
21.088571428571427,-108.29536213468857
21.088571428571427,-108.19536213468857
21.088571428571427,-108.09536213468857
21.198571428571427,-107.99536213468858
21.30857142857143,-107.89536213468857
21.30857142857143,-107.79536213468857
21.41857142857143,-107.69536213468858
21.52857142857143,-107.59536213468859
21.638571428571428,-107.49536213468858
21.52857142857143,-107.39536213468857
21.638571428571428,-107.29536213468859
21.74857142857143,-107.19536213468858
21.74857142857143,-107.09536213468857
21.85857142857143,-106.99536213468859
21.85857142857143,-106.89536213468858
21.968571428571426,-106.79536213468859
22.07857142857143,-106.69536213468858
22.07857142857143,-106.59536213468857
22.07857142857143,-106.49536213468858
22.18857142857143,-106.39536213468857
22.298571428571428,-106.29536213468856
22.408571428571427,-106.19536213468858
22.408571428571427,-106.09536213468857
22.51857142857143,-105.99536213468858
22.51857142857143,-105.89536213468858
22.51857142857143,-105.79536213468857
22.62857142857143,-105.69536213468858
22.738571428571426,-105.59536213468857
22.738571428571426,-105.49536213468859
22.848571428571425,-105.39536213468858
22.958571428571428,-105.29536213468857
23.06857142857143,-105.1953621346886
22.958571428571428,-105.09536213468859
23.06857142857143,-104.99536213468858
23.178571428571427,-104.89536213468858
23.178571428571427,-104.79536213468857
23.28857142857143,-104.69536213468857
23.28857142857143,-104.59536213468857
23.39857142857143,-104.49536213468858
23.39857142857143,-104.39536213468858
23.508571428571432,-104.29536213468857
23.508571428571432,-104.19536213468857
23.61857142857143,-104.09536213468859
23.728571428571428,-103.99536213468858
23.838571428571427,-103.89536213468857
23.838571428571427,-103.79536213468857
23.94857142857143,-103.69536213468858
23.94857142857143,-103.59536213468859
23.94857142857143,-103.49536213468858
24.058571428571426,-103.3953621346886
24.16857142857143,-103.29536213468859
24.16857142857143,-103.19536213468858
24.278571428571432,-103.09536213468859
24.388571428571428,-102.99536213468858
24.388571428571428,-102.89536213468857
24.388571428571428,-102.79536213468857
24.49857142857143,-102.69536213468858
24.608571428571427,-102.59536213468857
24.608571428571427,-102.49536213468858
24.71857142857143,-102.39536213468857
24.71857142857143,-102.29536213468859
24.71857142857143,-102.19536213468858
24.828571428571426,-102.09536213468857
24.93857142857143,-101.99536213468859
24.93857142857143,-101.89536213468858
25.048571428571428,-101.79536213468857
25.15857142857143,-101.69536213468858
25.268571428571427,-101.59536213468859
25.268571428571427,-101.49536213468859
25.268571428571427,-101.39536213468858
25.268571428571427,-101.29536213468857
25.37857142857143,-101.19536213468858
25.488571428571426,-101.09536213468857
25.59857142857143,-100.99536213468856
25.59857142857143,-100.89536213468858
25.708571428571428,-100.79536213468857
25.708571428571428,-100.69536213468857
25.818571428571428,-100.59536213468857
25.818571428571428,-100.49536213468858
25.92857142857143,-100.39536213468858
26.038571428571426,-100.29536213468857
26.038571428571426,-100.1953621346886
26.14857142857143,-100.09536213468859
26.14857142857143,-99.99536213468858
26.14857142857143,-99.89536213468858
26.25857142857143,-99.79536213468859
26.368571428571432,-99.69536213468858
26.368571428571432,-99.59536213468859
26.478571428571424,-99.49536213468858
26.588571428571427,-99.39536213468857
26.69857142857143,-99.29536213468857
26.588571428571427,-99.19536213468857
26.69857142857143,-99.09536213468859
26.69857142857143,-98.99536213468858
26.80857142857143,-98.89536213468857
26.91857142857143,-98.79536213468857
27.02857142857143,-98.69536213468858
27.02857142857143,-98.59536213468857
27.13857142857143,-98.49536213468858
27.13857142857143,-98.39536213468858
27.248571428571427,-98.29536213468859
27.248571428571427,-98.19536213468858
27.358571428571427,-98.09536213468857
27.468571428571426,-97.99536213468859
27.468571428571426,-97.89536213468858
27.57857142857143,-97.79536213468857
27.468571428571426,-97.69536213468858
27.57857142857143,-97.59536213468857
27.688571428571425,-97.59536213468857
27.798571428571428,-97.49536213468856
27.90857142857143,-97.49536213468856
28.01857142857143,-97.49536213468856
28.12857142857143,-97.49536213468856
28.238571428571426,-97.39536213468857
28.34857142857143,-97.39536213468857
28.458571428571428,-97.39536213468857
28.568571428571428,-97.39536213468857
28.678571428571427,-97.39536213468857
28.78857142857143,-97.29536213468857
28.898571428571433,-97.29536213468857
29.00857142857143,-97.19536213468858
29.118571428571432,-97.19536213468858
29.228571428571428,-97.19536213468858
29.33857142857143,-97.19536213468858
29.448571428571427,-97.19536213468858
29.55857142857143,-97.19536213468858
29.66857142857143,-97.19536213468858
29.77857142857143,-97.19536213468858
29.77857142857143,-97.09536213468857
29.888571428571428,-96.99536213468859
29.99857142857143,-96.99536213468859
30.108571428571427,-96.99536213468859
30.218571428571426,-96.99536213468859
30.328571428571426,-96.99536213468859
30.43857142857143,-96.99536213468859
30.54857142857143,-96.99536213468859
30.658571428571427,-96.89536213468858
30.76857142857143,-96.89536213468858
30.87857142857143,-96.79536213468857
30.98857142857143,-96.79536213468857
31.098571428571425,-96.79536213468857
31.208571428571428,-96.79536213468857
31.318571428571428,-96.79536213468857
31.428571428571427,-96.69536213468858
31.538571428571426,-96.69536213468858
31.64857142857143,-96.69536213468858
31.758571428571432,-96.59536213468859
31.86857142857143,-96.59536213468859
31.978571428571428,-96.59536213468859
32.08857142857143,-96.59536213468859
32.19857142857143,-96.49536213468858
32.308571428571426,-96.49536213468858
32.418571428571425,-96.49536213468858
32.52857142857143,-96.49536213468858
32.638571428571424,-96.49536213468858
32.74857142857143,-96.49536213468858
32.85857142857142,-96.39536213468858
32.96857142857143,-96.29536213468857
33.07857142857143,-96.29536213468857
33.18857142857143,-96.29536213468857
33.29857142857143,-96.29536213468857
33.40857142857143,-96.29536213468857
33.51857142857143,-96.29536213468857
33.628571428571426,-96.29536213468857
33.628571428571426,-96.1953621346886
33.738571428571426,-96.09536213468859
33.738571428571426,-95.99536213468858
33.84857142857143,-95.89536213468858
33.738571428571426,-95.79536213468857
33.738571428571426,-95.69536213468857
33.84857142857143,-95.59536213468857
33.84857142857143,-95.49536213468858
33.958571428571425,-95.39536213468857
33.958571428571425,-95.29536213468857
34.06857142857143,-95.19536213468858
33.958571428571425,-95.09536213468859
34.06857142857143,-94.99536213468858
34.06857142857143,-94.89536213468857
34.17857142857143,-94.79536213468859
34.17857142857143,-94.69536213468858
34.28857142857143,-94.59536213468857
34.28857142857143,-94.49536213468859
34.28857142857143,-94.39536213468858
34.28857142857143,-94.29536213468859
34.28857142857143,-94.19536213468858
34.39857142857143,-94.09536213468857
34.39857142857143,-93.99536213468858
34.39857142857143,-93.89536213468857
34.50857142857143,-93.79536213468856
34.50857142857143,-93.69536213468858
34.50857142857143,-93.59536213468857
34.50857142857143,-93.49536213468858
34.61857142857143,-93.39536213468858
34.61857142857143,-93.29536213468857
34.72857142857143,-93.19536213468858
34.72857142857143,-93.09536213468857
34.83857142857143,-92.99536213468859
34.72857142857143,-92.89536213468858
34.83857142857143,-92.79536213468857
34.83857142857143,-92.6953621346886
34.94857142857143,-92.59536213468859
34.94857142857143,-92.49536213468858
34.94857142857143,-92.39536213468858
35.05857142857143,-92.29536213468857
34.94857142857143,-92.19536213468857
34.94857142857143,-92.09536213468857
35.05857142857143,-91.99536213468858
35.05857142857143,-91.89536213468858
35.168571428571425,-91.79536213468857
35.168571428571425,-91.69536213468857
35.278571428571425,-91.59536213468859
35.278571428571425,-91.49536213468858
35.278571428571425,-91.39536213468857
35.278571428571425,-91.29536213468857
35.38857142857143,-91.19536213468858
35.38857142857143,-91.09536213468859
35.49857142857143,-90.99536213468858
35.49857142857143,-90.89536213468857
35.60857142857143,-90.79536213468857
35.49857142857143,-90.69536213468857
35.49857142857143,-90.59536213468856
35.60857142857143,-90.49536213468858
35.60857142857143,-90.39536213468857
35.60857142857143,-90.29536213468857
35.71857142857143,-90.19536213468858
35.71857142857143,-90.09536213468857
35.60857142857143,-89.99536213468858
35.71857142857143,-89.89536213468857
35.71857142857143,-89.79536213468859
35.71857142857143,-89.69536213468858
35.71857142857143,-89.59536213468857
35.82857142857143,-89.49536213468859
35.82857142857143,-89.39536213468858
35.82857142857143,-89.29536213468857
35.82857142857143,-89.19536213468858
35.82857142857143,-89.09536213468857
35.82857142857143,-88.99536213468856
35.82857142857143,-88.89536213468857
35.93857142857143,-88.79536213468856
35.93857142857143,-88.69536213468858
35.93857142857143,-88.59536213468857
35.82857142857143,-88.49536213468856
35.93857142857143,-88.39536213468858
35.93857142857143,-88.29536213468857
35.93857142857143,-88.19536213468857
36.04857142857142,-88.09536213468857
36.04857142857142,-87.99536213468858
36.04857142857142,-87.89536213468858
35.93857142857143,-87.79536213468857
36.04857142857142,-87.6953621346886
36.04857142857142,-87.59536213468859
36.04857142857142,-87.49536213468858
36.04857142857142,-87.39536213468858
36.15857142857143,-87.29536213468857
36.15857142857143,-87.19536213468857
36.04857142857142,-87.09536213468857
36.04857142857142,-86.99536213468858
36.15857142857143,-86.89536213468857
36.15857142857143,-86.79536213468857
36.15857142857143,-86.69536213468857
36.26857142857143,-86.59536213468859
36.26857142857143,-86.49536213468858
36.26857142857143,-86.39536213468857
36.15857142857143,-86.29536213468857
36.26857142857143,-86.19536213468858
36.26857142857143,-86.09536213468857
36.26857142857143,-85.99536213468858
36.26857142857143,-85.89536213468858
36.378571428571426,-85.79536213468859
36.378571428571426,-85.69536213468858
36.26857142857143,-85.59536213468857
36.378571428571426,-85.49536213468858
36.378571428571426,-85.39536213468857
36.378571428571426,-85.29536213468856
36.378571428571426,-85.19536213468858
36.488571428571426,-85.09536213468857
36.488571428571426,-84.99536213468856
36.488571428571426,-84.89536213468857
36.59857142857143,-84.79536213468857
36.70857142857143,-84.79536213468857
36.81857142857143,-84.69536213468858
36.92857142857143,-84.59536213468857
37.03857142857142,-84.59536213468857
37.14857142857143,-84.59536213468857
37.25857142857142,-84.49536213468859
37.36857142857143,-84.49536213468859
37.47857142857143,-84.49536213468859
37.58857142857143,-84.39536213468858
37.69857142857143,-84.29536213468857
37.80857142857143,-84.29536213468857
37.91857142857143,-84.29536213468857
38.028571428571425,-84.19536213468858
38.13857142857143,-84.19536213468858
38.248571428571424,-84.19536213468858
38.248571428571424,-84.09536213468859
38.35857142857143,-83.99536213468858
38.46857142857143,-83.99536213468858
38.578571428571436,-83.99536213468858
38.68857142857142,-83.89536213468858
38.79857142857142,-83.89536213468858
38.90857142857143,-83.89536213468858
39.01857142857143,-83.79536213468857
39.12857142857143,-83.69536213468857
39.238571428571426,-83.69536213468857
39.34857142857143,-83.59536213468857
39.45857142857143,-83.59536213468857
39.56857142857143,-83.59536213468857
39.67857142857142,-83.59536213468857
39.78857142857142,-83.49536213468856
39.89857142857143,-83.39536213468858
40.00857142857143,-83.39536213468858
40.118571428571435,-83.29536213468857
40.22857142857143,-83.29536213468857
40.33857142857143,-83.29536213468857
40.44857142857143,-83.19536213468857
40.55857142857143,-83.19536213468857
40.668571428571425,-83.09536213468857
40.778571428571425,-82.99536213468858
40.88857142857143,-82.99536213468858
40.99857142857143,-82.99536213468858
41.10857142857144,-82.89536213468857
41.21857142857142,-82.89536213468857
41.32857142857143,-82.89536213468857
41.43857142857143,-82.79536213468857
41.54857142857142,-82.69536213468858
41.65857142857143,-82.69536213468858
41.76857142857143,-82.69536213468858
41.87857142857143,-82.59536213468859
41.98857142857143,-82.59536213468859
42.098571428571425,-82.59536213468859
42.098571428571425,-82.49536213468858
42.208571428571425,-82.39536213468857
42.31857142857143,-82.39536213468857
42.42857142857143,-82.39536213468857
42.53857142857142,-82.39536213468857
42.64857142857143,-82.29536213468859
42.75857142857143,-82.29536213468859
42.75857142857143,-82.19536213468858
42.86857142857143,-82.09536213468857
42.97857142857143,-82.09536213468857
43.08857142857143,-82.09536213468857
43.19857142857143,-81.99536213468858
43.30857142857143,-81.99536213468858
43.41857142857143,-81.99536213468858
43.528571428571425,-81.99536213468858
43.528571428571425,-81.89536213468857
43.638571428571424,-81.79536213468856
43.748571428571424,-81.79536213468856
43.85857142857143,-81.79536213468856
43.96857142857143,-81.69536213468857
44.07857142857143,-81.69536213468857
44.18857142857143,-81.69536213468857
44.29857142857143,-81.59536213468857
44.408571428571435,-81.49536213468858
44.51857142857142,-81.49536213468858
44.628571428571426,-81.39536213468857
44.738571428571426,-81.39536213468857
44.84857142857143,-81.39536213468857
44.95857142857143,-81.29536213468856
45.06857142857143,-81.29536213468856
45.17857142857143,-81.19536213468858
45.28857142857143,-81.09536213468857
45.39857142857143,-81.09536213468857
45.50857142857142,-81.09536213468857
45.61857142857143,-81.09536213468857
45.72857142857143,-80.99536213468858
45.72857142857143,-80.89536213468858
45.72857142857143,-80.79536213468857
45.61857142857143,-80.69536213468858
45.61857142857143,-80.59536213468857
45.72857142857143,-80.49536213468859
45.72857142857143,-80.39536213468858
45.72857142857143,-80.29536213468857
45.72857142857143,-80.19536213468858
45.72857142857143,-80.09536213468857
45.61857142857143,-79.99536213468856
45.72857142857143,-79.89536213468857
45.72857142857143,-79.79536213468857
45.72857142857143,-79.69536213468857
45.72857142857143,-79.59536213468857
45.72857142857143,-79.49536213468858
45.72857142857143,-79.39536213468858
45.72857142857143,-79.29536213468857
45.72857142857143,-79.19536213468857
45.72857142857143,-79.09536213468859
45.72857142857143,-78.99536213468858
45.72857142857143,-78.89536213468857
45.72857142857143,-78.79536213468857
45.838571428571434,-78.69536213468858
45.838571428571434,-78.59536213468859
45.72857142857143,-78.49536213468858
45.72857142857143,-78.39536213468857
45.72857142857143,-78.29536213468857
45.72857142857143,-78.19536213468857
45.838571428571434,-78.09536213468856
45.838571428571434,-77.99536213468858
45.838571428571434,-77.89536213468857
45.72857142857143,-77.79536213468857
45.72857142857143,-77.69536213468858
45.72857142857143,-77.59536213468857
45.838571428571434,-77.49536213468858
45.838571428571434,-77.39536213468857
45.838571428571434,-77.29536213468859
45.838571428571434,-77.19536213468858
45.72857142857143,-77.09536213468857
45.838571428571434,-76.99536213468859
45.838571428571434,-76.89536213468858
45.838571428571434,-76.79536213468857
45.838571428571434,-76.69536213468858
45.838571428571434,-76.59536213468857
45.838571428571434,-76.49536213468856
45.838571428571434,-76.39536213468857
45.838571428571434,-76.29536213468856
45.838571428571434,-76.19536213468858
45.838571428571434,-76.09536213468857
45.838571428571434,-75.99536213468856
45.838571428571434,-75.89536213468858
45.948571428571434,-75.79536213468857
45.838571428571434,-75.69536213468857
45.838571428571434,-75.59536213468857
45.838571428571434,-75.49536213468858
45.838571428571434,-75.39536213468858
45.838571428571434,-75.29536213468857
45.948571428571434,-75.19536213468858
45.948571428571434,-75.09536213468857
45.948571428571434,-74.99536213468858
45.838571428571434,-74.89536213468857
45.838571428571434,-74.79536213468857
45.948571428571434,-74.69536213468858
45.948571428571434,-74.59536213468857
45.948571428571434,-74.49536213468858
45.948571428571434,-74.39536213468857
45.948571428571434,-74.29536213468857
45.838571428571434,-74.19536213468857
45.948571428571434,-74.09536213468859
45.948571428571434,-73.99536213468858
46.05857142857143,-73.89536213468857
46.05857142857143,-73.79536213468857
46.05857142857143,-73.69536213468858
46.168571428571425,-73.59536213468857
46.05857142857143,-73.49536213468858
46.168571428571425,-73.39536213468858
46.168571428571425,-73.29536213468857
46.278571428571425,-73.19536213468857
46.278571428571425,-73.09536213468857
46.38857142857143,-72.99536213468858
46.38857142857143,-72.89536213468858
46.38857142857143,-72.79536213468857
46.38857142857143,-72.69536213468858
46.498571428571424,-72.59536213468857
46.498571428571424,-72.49536213468856
46.60857142857143,-72.39536213468857
46.60857142857143,-72.29536213468857
46.71857142857143,-72.19536213468858
46.71857142857143,-72.09536213468857
46.71857142857143,-71.99536213468859
46.71857142857143,-71.89536213468858
46.71857142857143,-71.79536213468857
46.828571428571436,-71.69536213468858
46.828571428571436,-71.59536213468857
46.938571428571436,-71.49536213468858
46.938571428571436,-71.39536213468857
46.938571428571436,-71.29536213468856
46.938571428571436,-71.19536213468858
47.04857142857142,-71.09536213468857
47.04857142857142,-70.99536213468858
47.15857142857143,-70.89536213468858
47.15857142857143,-70.79536213468857
47.26857142857143,-70.69536213468857
47.26857142857143,-70.59536213468857
47.26857142857143,-70.49536213468858
47.26857142857143,-70.39536213468857
47.37857142857143,-70.29536213468857
47.37857142857143,-70.19536213468858
47.37857142857143,-70.09536213468859
47.488571428571426,-69.99536213468858
47.488571428571426,-69.89536213468857
47.488571428571426,-69.79536213468857
47.488571428571426,-69.69536213468858
47.59857142857143,-69.59536213468857
47.59857142857143,-69.49536213468858
47.70857142857143,-69.39536213468858
47.70857142857143,-69.29536213468857
47.81857142857143,-69.19536213468857
47.70857142857143,-69.09536213468857
47.81857142857143,-68.99536213468858
47.81857142857143,-68.89536213468857
47.92857142857142,-68.79536213468856
47.92857142857142,-68.69536213468858
48.03857142857142,-68.59536213468857
48.03857142857142,-68.49536213468858
48.03857142857142,-68.39536213468858
48.03857142857142,-68.29536213468857
48.03857142857142,-68.19536213468858
48.14857142857143,-68.09536213468857
48.14857142857143,-67.99536213468858
48.25857142857143,-67.89536213468857
48.25857142857143,-67.79536213468857
48.368571428571435,-67.69536213468858
48.25857142857143,-67.59536213468859
48.368571428571435,-67.49536213468858
48.368571428571435,-67.39536213468857
48.47857142857143,-67.29536213468857
48.47857142857143,-67.19536213468857
48.47857142857143,-67.09536213468857
48.47857142857143,-66.99536213468858
48.368571428571435,-66.89536213468858
48.368571428571435,-66.79536213468857
48.368571428571435,-66.69536213468857
48.368571428571435,-66.59536213468859
48.47857142857143,-66.49536213468858
48.47857142857143,-66.39536213468857
48.47857142857143,-66.29536213468857
48.368571428571435,-66.19536213468858
48.368571428571435,-66.09536213468857
48.368571428571435,-65.99536213468856
48.368571428571435,-65.89536213468858
48.368571428571435,-65.79536213468857
48.368571428571435,-65.69536213468858
48.368571428571435,-65.59536213468857
48.368571428571435,-65.49536213468858
48.25857142857143,-65.39536213468857
48.368571428571435,-65.29536213468857
48.368571428571435,-65.19536213468858
48.368571428571435,-65.09536213468857
48.368571428571435,-64.99536213468858
48.368571428571435,-64.89536213468857
48.368571428571435,-64.79536213468859
48.25857142857143,-64.69536213468858
48.25857142857143,-64.59536213468857
48.25857142857143,-64.49536213468858
48.25857142857143,-64.39536213468858
48.25857142857143,-64.29536213468857
48.368571428571435,-64.19536213468857
48.368571428571435,-64.09536213468859
48.25857142857143,-63.99536213468858
48.25857142857143,-63.895362134688575
48.25857142857143,-63.79536213468857
48.25857142857143,-63.69536213468857
48.25857142857143,-63.59536213468857
48.25857142857143,-63.49536213468857
48.25857142857143,-63.39536213468858
48.14857142857143,-63.295362134688574
48.14857142857143,-63.19536213468857
48.25857142857143,-63.09536213468857
48.25857142857143,-62.995362134688584
48.25857142857143,-62.895362134688575
48.25857142857143,-62.795362134688574
48.25857142857143,-62.69536213468858
48.14857142857143,-62.59536213468858
48.14857142857143,-62.49536213468857
48.14857142857143,-62.39536213468857
48.14857142857143,-62.29536213468858
48.14857142857143,-62.19536213468858
48.14857142857143,-62.09536213468857
48.14857142857143,-61.99536213468858
48.14857142857143,-61.895362134688575
48.14857142857143,-61.79536213468857
48.14857142857143,-61.695362134688565
48.14857142857143,-61.59536213468858
48.14857142857143,-61.49536213468858
48.14857142857143,-61.39536213468857
48.14857142857143,-61.29536213468857
48.03857142857142,-61.19536213468858
48.03857142857142,-61.09536213468858
48.03857142857142,-60.99536213468858
48.03857142857142,-60.89536213468857
48.14857142857143,-60.795362134688574
48.14857142857143,-60.69536213468857
48.14857142857143,-60.59536213468858
48.14857142857143,-60.49536213468857
48.03857142857142,-60.395362134688575
48.03857142857142,-60.29536213468858
48.03857142857142,-60.19536213468858
48.03857142857142,-60.09536213468857
48.03857142857142,-59.99536213468857
48.03857142857142,-59.895362134688575
48.03857142857142,-59.79536213468857
48.03857142857142,-59.69536213468857
48.03857142857142,-59.59536213468857
48.03857142857142,-59.49536213468858
48.03857142857142,-59.39536213468858
48.03857142857142,-59.295362134688574
48.03857142857142,-59.19536213468857
48.03857142857142,-59.09536213468857
47.92857142857142,-58.99536213468858
47.92857142857142,-58.89536213468857
47.92857142857142,-58.795362134688574
47.92857142857142,-58.69536213468857
47.92857142857142,-58.59536213468858
48.03857142857142,-58.49536213468858
48.03857142857142,-58.395362134688575
47.92857142857142,-58.295362134688574
47.92857142857142,-58.195362134688565
47.92857142857142,-58.09536213468857
47.92857142857142,-57.99536213468857
47.92857142857142,-57.895362134688575
47.92857142857142,-57.79536213468858
47.92857142857142,-57.69536213468857
47.81857142857143,-57.59536213468858
47.81857142857143,-57.49536213468858
47.92857142857142,-57.395362134688575
47.92857142857142,-57.29536213468857
47.92857142857142,-57.19536213468857
47.92857142857142,-57.09536213468857
47.92857142857142,-56.99536213468858
47.81857142857143,-56.89536213468858
47.81857142857143,-56.795362134688574
47.81857142857143,-56.69536213468858
47.81857142857143,-56.59536213468858
47.81857142857143,-56.49536213468857
47.81857142857143,-56.39536213468857
47.92857142857142,-56.295362134688574
47.92857142857142,-56.19536213468857
47.81857142857143,-56.09536213468857
47.81857142857143,-55.99536213468858
47.81857142857143,-55.895362134688575
47.81857142857143,-55.79536213468858
47.81857142857143,-55.69536213468857
47.81857142857143,-55.59536213468857
47.81857142857143,-55.49536213468857
47.70857142857143,-55.395362134688575
47.70857142857143,-55.29536213468858
47.81857142857143,-55.19536213468857
47.81857142857143,-55.09536213468858
47.81857142857143,-54.99536213468858
47.81857142857143,-54.89536213468858
47.81857142857143,-54.795362134688574
47.70857142857143,-54.69536213468857
47.70857142857143,-54.59536213468857
47.70857142857143,-54.49536213468857
47.70857142857143,-54.395362134688575
47.70857142857143,-54.295362134688574
47.70857142857143,-54.19536213468858
47.70857142857143,-54.09536213468857
47.70857142857143,-53.99536213468858
47.70857142857143,-53.895362134688575
47.70857142857143,-53.795362134688574
47.70857142857143,-53.695362134688565
47.70857142857143,-53.59536213468857
47.70857142857143,-53.49536213468858
47.70857142857143,-53.395362134688575
47.59857142857143,-53.29536213468858
47.59857142857143,-53.19536213468857
47.59857142857143,-53.09536213468858
47.59857142857143,-52.99536213468858
47.70857142857143,-52.89536213468857
47.70857142857143,-52.795362134688574
47.70857142857143,-52.69536213468857
47.59857142857143,-52.59536213468858
47.59857142857143,-52.49536213468857
47.59857142857143,-52.395362134688575
47.59857142857143,-52.295362134688574
47.59857142857143,-52.19536213468858
47.59857142857143,-52.09536213468858
47.59857142857143,-51.99536213468857
47.59857142857143,-51.895362134688575
47.59857142857143,-51.795362134688574
47.59857142857143,-51.69536213468858
47.59857142857143,-51.59536213468857
47.59857142857143,-51.49536213468858
47.59857142857143,-51.395362134688575
47.59857142857143,-51.29536213468858
47.59857142857143,-51.19536213468857
47.488571428571426,-51.09536213468857
47.488571428571426,-50.99536213468858
47.488571428571426,-50.89536213468857
47.488571428571426,-50.795362134688574
47.488571428571426,-50.69536213468857
47.488571428571426,-50.59536213468858
47.59857142857143,-50.49536213468858
47.488571428571426,-50.395362134688575
47.488571428571426,-50.295362134688574
47.488571428571426,-50.19536213468857
47.488571428571426,-50.09536213468858
47.488571428571426,-49.99536213468857
47.488571428571426,-49.895362134688575
47.488571428571426,-49.795362134688574
47.37857142857143,-49.69536213468858
47.37857142857143,-49.59536213468857
47.37857142857143,-49.49536213468858
47.488571428571426,-49.395362134688575
47.488571428571426,-49.29536213468857
47.488571428571426,-49.19536213468857
47.488571428571426,-49.09536213468857
47.37857142857143,-48.99536213468858
47.37857142857143,-48.895362134688575
47.37857142857143,-48.795362134688574
47.37857142857143,-48.69536213468857
47.37857142857143,-48.59536213468858
47.37857142857143,-48.49536213468858
47.37857142857143,-48.39536213468857
47.37857142857143,-48.295362134688574
47.37857142857143,-48.19536213468857
47.37857142857143,-48.09536213468858
47.37857142857143,-47.99536213468857
47.37857142857143,-47.895362134688575
47.37857142857143,-47.79536213468858
47.37857142857143,-47.69536213468858
47.37857142857143,-47.59536213468868
47.26857142857143,-47.49536213468867
47.26857142857143,-47.39536213468867
47.26857142857143,-47.295362134688666
47.26857142857143,-47.195362134688665
47.37857142857143,-47.09536213468867
47.37857142857143,-46.99536213468867
47.37857142857143,-46.895362134688675
47.26857142857143,-46.79536213468867
47.26857142857143,-46.69536213468867
47.26857142857143,-46.59536213468867
47.26857142857143,-46.49536213468867
47.26857142857143,-46.39536213468866
47.26857142857143,-46.295362134688666
47.26857142857143,-46.19536213468867
47.15857142857143,-46.09536213468867
47.26857142857143,-45.995362134688676
47.26857142857143,-45.89536213468867
47.26857142857143,-45.79536213468867
47.26857142857143,-45.695362134688665
47.26857142857143,-45.59536213468866
47.26857142857143,-45.49536213468866
47.15857142857143,-45.39536213468867
47.15857142857143,-45.29536213468867
47.15857142857143,-45.19536213468867
47.15857142857143,-45.09536213468867
47.15857142857143,-44.99536213468867
47.26857142857143,-44.89536213468867
47.26857142857143,-44.79536213468866
47.15857142857143,-44.695362134688665
47.15857142857143,-44.59536213468867
47.15857142857143,-44.49536213468867
47.15857142857143,-44.395362134688675
47.15857142857143,-44.295362134688666
47.15857142857143,-44.19536213468867
47.15857142857143,-44.09536213468867
47.04857142857142,-43.99536213468866
47.04857142857142,-43.89536213468866
47.04857142857142,-43.795362134688666
47.15857142857143,-43.69536213468867
47.15857142857143,-43.59536213468867
47.15857142857143,-43.49536213468867
47.15857142857143,-43.39536213468867
47.04857142857142,-43.29536213468867
47.04857142857142,-43.19536213468867
47.04857142857142,-43.09536213468866
47.04857142857142,-42.99536213468866
47.04857142857142,-42.89536213468867
47.04857142857142,-42.79536213468867
47.04857142857142,-42.695362134688665
47.15857142857143,-42.59536213468867
47.04857142857142,-42.49536213468867
47.04857142857142,-42.395362134688675
47.04857142857142,-42.295362134688666
47.04857142857142,-42.195362134688665
47.04857142857142,-42.09536213468867
47.04857142857142,-41.99536213468867
47.04857142857142,-41.89536213468867
46.938571428571436,-41.795362134688666
46.938571428571436,-41.69536213468867
46.938571428571436,-41.59536213468867
47.04857142857142,-41.49536213468867
47.04857142857142,-41.39536213468867
47.04857142857142,-41.295362134688666
47.04857142857142,-41.19536213468867
46.938571428571436,-41.09536213468866
46.938571428571436,-40.99536213468867
46.938571428571436,-40.89536213468867
46.938571428571436,-40.79536213468867
46.938571428571436,-40.695362134688665
46.938571428571436,-40.59536213468867
46.938571428571436,-40.49536213468867
46.828571428571436,-40.39536213468867
46.938571428571436,-40.295362134688666
46.938571428571436,-40.195362134688665
46.938571428571436,-40.09536213468867
46.938571428571436,-39.99536213468867
46.938571428571436,-39.89536213468867
46.938571428571436,-39.795362134688666
46.828571428571436,-39.69536213468867
46.828571428571436,-39.59536213468867
46.828571428571436,-39.49536213468866
46.828571428571436,-39.39536213468867
46.828571428571436,-39.295362134688666
46.938571428571436,-39.19536213468867
46.938571428571436,-39.09536213468866
46.828571428571436,-38.99536213468867
46.828571428571436,-38.89536213468867
46.828571428571436,-38.79536213468867
46.828571428571436,-38.695362134688665
46.828571428571436,-38.59536213468866
46.828571428571436,-38.49536213468867
46.828571428571436,-38.39536213468867
46.828571428571436,-38.295362134688666
46.71857142857143,-38.195362134688665
46.828571428571436,-38.09536213468867
46.828571428571436,-37.99536213468867
46.828571428571436,-37.89536213468867
46.828571428571436,-37.79536213468867
46.828571428571436,-37.695362134688665
46.828571428571436,-37.59536213468867
46.71857142857143,-37.49536213468866
46.71857142857143,-37.39536213468867
46.71857142857143,-37.295362134688666
46.71857142857143,-37.19536213468867
46.71857142857143,-37.09536213468867
46.71857142857143,-36.99536213468867
46.828571428571436,-36.895362134688675
46.71857142857143,-36.795362134688666
46.71857142857143,-36.695362134688665
46.71857142857143,-36.59536213468866
46.71857142857143,-36.49536213468867
46.71857142857143,-36.39536213468867
46.71857142857143,-36.295362134688666
46.71857142857143,-36.19536213468867
46.60857142857143,-36.09536213468866
46.60857142857143,-35.99536213468867
46.60857142857143,-35.89536213468867
46.71857142857143,-35.795362134688666
46.71857142857143,-35.695362134688665
46.71857142857143,-35.59536213468867
46.71857142857143,-35.49536213468866
46.60857142857143,-35.39536213468867
46.60857142857143,-35.29536213468867
46.60857142857143,-35.195362134688665
46.60857142857143,-35.09536213468867
46.60857142857143,-34.99536213468867
46.60857142857143,-34.89536213468867
46.60857142857143,-34.795362134688666
46.60857142857143,-34.695362134688665
46.60857142857143,-34.59536213468867
46.60857142857143,-34.49536213468867
46.60857142857143,-34.39536213468867
46.60857142857143,-34.295362134688666
46.60857142857143,-34.19536213468867
46.60857142857143,-34.09536213468866
46.60857142857143,-33.99536213468867
46.498571428571424,-33.89536213468866
46.38857142857143,-33.795362134688666
46.278571428571425,-33.69536213468867
46.278571428571425,-33.59536213468867
46.168571428571425,-33.59536213468867
46.05857142857143,-33.49536213468867
45.948571428571434,-33.39536213468867
45.838571428571434,-33.39536213468867
45.72857142857143,-33.29536213468867
45.61857142857143,-33.195362134688665
45.50857142857142,-33.09536213468866
45.50857142857142,-32.99536213468866
45.39857142857143,-32.89536213468867
45.28857142857143,-32.89536213468867
45.17857142857143,-32.79536213468867
45.06857142857143,-32.69536213468867
44.95857142857143,-32.69536213468867
44.84857142857143,-32.59536213468867
44.738571428571426,-32.49536213468866
44.738571428571426,-32.39536213468867
44.628571428571426,-32.295362134688666
44.51857142857142,-32.295362134688666
44.408571428571435,-32.195362134688665
44.29857142857143,-32.09536213468867
44.18857142857143,-31.99536213468867
44.07857142857143,-31.99536213468867
43.96857142857143,-31.89536213468867
43.85857142857143,-31.79536213468867
43.85857142857143,-31.69536213468867
43.748571428571424,-31.595362134688664
43.638571428571424,-31.595362134688664
43.528571428571425,-31.49536213468867
43.41857142857143,-31.395362134688664
43.30857142857143,-31.395362134688664
43.19857142857143,-31.295362134688666
43.08857142857143,-31.195362134688672
43.08857142857143,-31.095362134688667
42.97857142857143,-30.995362134688673
42.86857142857143,-30.895362134688668
42.75857142857143,-30.895362134688668
42.64857142857143,-30.79536213468867
42.53857142857142,-30.695362134688665
42.42857142857143,-30.695362134688665
42.31857142857143,-30.59536213468867
42.208571428571425,-30.495362134688666
42.208571428571425,-30.395362134688668
42.098571428571425,-30.295362134688666
41.98857142857143,-30.295362134688666
41.87857142857143,-30.19536213468867
41.76857142857143,-30.095362134688667
41.87857142857143,-29.99536213468867
41.98857142857143,-29.99536213468867
42.098571428571425,-29.895362134688668
42.208571428571425,-29.895362134688668
42.31857142857143,-29.895362134688668
42.42857142857143,-29.79536213468867
42.53857142857142,-29.79536213468867
42.64857142857143,-29.79536213468867
42.75857142857143,-29.79536213468867
42.86857142857143,-29.69536213468867
42.97857142857143,-29.69536213468867
43.08857142857143,-29.69536213468867
43.19857142857143,-29.59536213468867
43.30857142857143,-29.59536213468867
43.41857142857143,-29.59536213468867
43.528571428571425,-29.59536213468867
43.638571428571424,-29.495362134688666
43.748571428571424,-29.495362134688666
43.85857142857143,-29.495362134688666
43.96857142857143,-29.395362134688668
44.07857142857143,-29.395362134688668
44.18857142857143,-29.395362134688668
44.29857142857143,-29.395362134688668
44.408571428571435,-29.295362134688666
44.51857142857142,-29.295362134688666
44.628571428571426,-29.195362134688672
44.738571428571426,-29.195362134688672
44.84857142857143,-29.195362134688672
44.95857142857143,-29.195362134688672
45.06857142857143,-29.195362134688672
45.17857142857143,-29.095362134688667
45.28857142857143,-29.095362134688667
45.39857142857143,-28.99536213468867
45.50857142857142,-28.99536213468867
45.61857142857143,-28.99536213468867
45.72857142857143,-28.99536213468867
45.838571428571434,-28.99536213468867
45.948571428571434,-28.895362134688668
46.05857142857143,-28.79536213468867
46.168571428571425,-28.79536213468867
46.278571428571425,-28.69536213468867
46.38857142857143,-28.595362134688667
46.498571428571424,-28.495362134688666
46.60857142857143,-28.395362134688668
46.60857142857143,-28.29536213468867
46.60857142857143,-28.19536213468867
46.71857142857143,-28.095362134688667
46.828571428571436,-27.99536213468867
46.938571428571436,-27.895362134688668
47.04857142857142,-27.79536213468867
47.15857142857143,-27.695362134688665
47.26857142857143,-27.595362134688667
47.26857142857143,-27.49536213468867
47.26857142857143,-27.39536213468881
47.37857142857143,-27.295362134688812
47.488571428571426,-27.19536213468881
47.59857142857143,-27.095362134688813
47.70857142857143,-26.995362134688808
47.81857142857143,-26.89536213468881
47.81857142857143,-26.795362134688812
47.81857142857143,-26.695362134688814
47.92857142857142,-26.59536213468881
48.03857142857142,-26.49536213468881
48.03857142857142,-26.39536213468881
48.14857142857143,-26.295362134688812
48.25857142857143,-26.19536213468881
48.368571428571435,-26.09536213468881
48.47857142857143,-25.99536213468881
48.47857142857143,-25.895362134688813
48.58857142857143,-25.795362134688812
48.69857142857143,-25.69536213468881
48.69857142857143,-25.59536213468881
48.80857142857143,-25.49536213468881
48.918571428571425,-25.39536213468881
49.028571428571425,-25.295362134688812
49.028571428571425,-25.19536213468881
49.13857142857143,-25.095362134688813
49.24857142857143,-24.99536213468881
49.35857142857144,-24.895362134688813
49.46857142857142,-24.79536213468881
49.46857142857142,-24.69536213468881
49.46857142857142,-24.59536213468881
49.57857142857143,-24.49536213468881
49.57857142857143,-24.39536213468881
49.68857142857143,-24.295362134688812
49.79857142857142,-24.19536213468881
49.90857142857143,-24.095362134688813
50.01857142857143,-23.99536213468881
50.12857142857143,-23.89536213468881
50.12857142857143,-23.79536213468881
50.12857142857143,-23.69536213468881
50.23857142857143,-23.59536213468881
50.348571428571425,-23.49536213468881
50.458571428571425,-23.39536213468881
50.56857142857143,-23.295362134688812
50.67857142857143,-23.19536213468881
50.78857142857142,-23.095362134688813
50.89857142857143,-22.995362134688808
50.89857142857143,-22.89536213468881
50.89857142857143,-22.79536213468881
51.00857142857143,-22.69536213468881
51.11857142857143,-22.59536213468881
51.22857142857142,-22.49536213468881
51.22857142857142,-22.39536213468881
51.33857142857143,-22.295362134688812
51.44857142857143,-22.195362134688807
51.44857142857143,-22.09536213468881
51.55857142857143,-21.995362134688808
51.55857142857143,-21.89536213468881
51.66857142857143,-21.79536213468881
51.778571428571425,-21.69536213468881
51.88857142857143,-21.59536213468881
51.998571428571424,-21.49536213468881
51.998571428571424,-21.39536213468881
52.10857142857143,-21.29536213468881
52.21857142857142,-21.195362134688807
52.32857142857143,-21.09536213468881
52.32857142857143,-20.995362134688815
52.43857142857143,-20.89536213468881
52.54857142857143,-20.79536213468881
52.658571428571435,-20.69536213468881
52.658571428571435,-20.59536213468881
52.76857142857143,-20.49536213468881
52.878571428571426,-20.395362134688806
52.988571428571426,-20.29536213468881
52.988571428571426,-20.195362134688814
53.09857142857143,-20.095362134688813
53.09857142857143,-19.995362134688808
53.09857142857143,-19.89536213468881
53.208571428571425,-19.79536213468881
53.31857142857143,-19.69536213468881
53.42857142857143,-19.595362134688813
53.53857142857143,-19.495362134688808
53.53857142857143,-19.395362134688806
53.64857142857143,-19.295362134688812
53.64857142857143,-19.195362134688814
53.64857142857143,-19.09536213468881
53.64857142857143,-18.995362134688808
53.64857142857143,-18.89536213468881
53.75857142857142,-18.795362134688812
53.75857142857142,-18.695362134688807
53.75857142857142,-18.59536213468881
53.86857142857143,-18.49536213468881
53.75857142857142,-18.395362134688813
53.75857142857142,-18.295362134688812
53.86857142857143,-18.19536213468881
53.86857142857143,-18.09536213468881
53.97857142857143,-17.99536213468881
53.97857142857143,-17.89536213468881
53.97857142857143,-17.79536213468881
53.97857142857143,-17.69536213468881
53.97857142857143,-17.595362134688813
54.088571428571434,-17.49536213468881
54.088571428571434,-17.39536213468881
54.088571428571434,-17.295362134688812
54.19857142857143,-17.19536213468881
54.19857142857143,-17.09536213468881
54.19857142857143,-16.99536213468881
54.19857142857143,-16.89536213468881
54.19857142857143,-16.795362134688812
54.30857142857143,-16.69536213468881
54.30857142857143,-16.595362134688813
54.30857142857143,-16.49536213468881
54.30857142857143,-16.39536213468881
54.418571428571425,-16.29536213468881
54.30857142857143,-16.19536213468881
54.418571428571425,-16.09536213468881
54.418571428571425,-15.995362134688811
54.418571428571425,-15.89536213468881
54.528571428571425,-15.79536213468881
54.528571428571425,-15.69536213468881
54.63857142857143,-15.59536213468881
54.528571428571425,-15.49536213468881
54.528571428571425,-15.395362134688808
54.63857142857143,-15.295362134688808
54.63857142857143,-15.195362134688809
54.748571428571424,-15.09536213468881
54.748571428571424,-14.99536213468881
54.748571428571424,-14.89536213468881
54.85857142857143,-14.79536213468881
54.748571428571424,-14.695362134688809
54.85857142857143,-14.595362134688813
54.85857142857143,-14.49536213468881
54.85857142857143,-14.39536213468881
54.96857142857143,-14.295362134688808
54.96857142857143,-14.195362134688809
54.96857142857143,-14.09536213468881
54.96857142857143,-13.99536213468881
54.96857142857143,-13.895362134688812
54.96857142857143,-13.795362134688808
55.078571428571436,-13.695362134688812
55.078571428571436,-13.59536213468881
55.18857142857143,-13.495362134688811
55.18857142857143,-13.395362134688808
55.078571428571436,-13.295362134688812
55.18857142857143,-13.195362134688809
55.18857142857143,-13.095362134688811
55.29857142857142,-12.995362134688811
55.29857142857142,-12.895362134688812
55.29857142857142,-12.795362134688812
55.40857142857143,-12.69536213468881
55.40857142857143,-12.595362134688811
55.40857142857143,-12.495362134688811
55.40857142857143,-12.395362134688812
55.40857142857143,-12.29536213468881
55.51857142857143,-12.19536213468881
55.51857142857143,-12.095362134688811
55.62857142857143,-11.995362134688811
55.62857142857143,-11.895362134688812
55.51857142857143,-11.79536213468881
55.51857142857143,-11.69536213468881
55.62857142857143,-11.595362134688811
55.62857142857143,-11.495362134688811
55.738571428571426,-11.39536213468881
55.738571428571426,-11.29536213468881
55.738571428571426,-11.19536213468881
55.738571428571426,-11.095362134688811
55.738571428571426,-10.99536213468881
55.84857142857143,-10.89536213468881
55.84857142857143,-10.79536213468881
55.84857142857143,-10.69536213468881
55.95857142857143,-10.595362134688811
55.95857142857143,-10.49536213468881
55.95857142857143,-10.395362134688812
55.95857142857143,-10.29536213468881
55.95857142857143,-10.19536213468881
56.06857142857143,-10.09536213468881
56.06857142857143,-9.995362134688811
56.17857142857142,-9.89536213468881
56.17857142857142,-9.79536213468881
56.17857142857142,-9.69536213468881
56.17857142857142,-9.595362134688811
56.17857142857142,-9.49536213468881
56.17857142857142,-9.39536213468881
56.17857142857142,-9.29536213468881
56.28857142857142,-9.195362134688809
56.28857142857142,-9.095362134688811
56.39857142857143,-8.99536213468881
56.28857142857142,-8.89536213468881
56.28857142857142,-8.795362134688808
56.39857142857143,-8.69536213468881
56.39857142857143,-8.59536213468881
56.50857142857143,-8.49536213468881
56.50857142857143,-8.39536213468881
56.50857142857143,-8.29536213468881
56.50857142857143,-8.19536213468881
56.50857142857143,-8.09536213468881
56.618571428571435,-7.9953621346888095
56.618571428571435,-7.895362134688811
56.618571428571435,-7.79536213468881
56.72857142857143,-7.69536213468881
56.72857142857143,-7.59536213468881
56.838571428571434,-7.4953621346888095
56.72857142857143,-7.39536213468881
56.72857142857143,-7.29536213468881
56.838571428571434,-7.195362134688811
56.838571428571434,-7.09536213468881
56.838571428571434,-6.99536213468881
56.94857142857143,-6.89536213468881
56.94857142857143,-6.795362134688809
56.838571428571434,-6.69536213468881
56.94857142857143,-6.595362134688809
56.94857142857143,-6.4953621346888095
57.05857142857143,-6.39536213468881
57.05857142857143,-6.29536213468881
57.05857142857143,-6.19536213468881
57.168571428571425,-6.09536213468881
57.05857142857143,-5.9953621346888095
57.168571428571425,-5.89536213468881
57.168571428571425,-5.795362134688809
57.168571428571425,-5.69536213468881
57.278571428571425,-5.595362134688809
57.278571428571425,-5.4953621346888095
57.38857142857143,-5.395362134688809
57.38857142857143,-5.295362134688809
57.278571428571425,-5.19536213468881
57.38857142857143,-5.09536213468881
57.38857142857143,-4.9953621346888095
57.38857142857143,-4.89536213468881
57.49857142857143,-4.795362134688809
57.49857142857143,-4.6953621346888
57.49857142857143,-4.5953621346888
57.49857142857143,-4.4953621346888
57.49857142857143,-4.3953621346888
57.60857142857143,-4.2953621346888005
57.60857142857143,-4.195362134688801
57.60857142857143,-4.0953621346888
57.71857142857143,-3.9953621346888006
57.60857142857143,-3.895362134688805
57.49857142857143,-3.7953621346888005
57.38857142857143,-3.6953621346888004
57.38857142857143,-3.5953621346888003
57.278571428571425,-3.4953621346888
57.278571428571425,-3.3953621346888
57.168571428571425,-3.2953621346888005
57.168571428571425,-3.1953621346888004
57.05857142857143,-3.1953621346888004
56.94857142857143,-3.0953621346888003
56.94857142857143,-2.9953621346888
56.94857142857143,-2.8953621346888
56.838571428571434,-2.7953621346888
56.838571428571434,-2.6953621346888004
56.72857142857143,-2.5953621346888003
56.72857142857143,-2.4953621346888
56.618571428571435,-2.3953621346888
56.50857142857143,-2.2953621346888005
56.50857142857143,-2.1953621346888004
56.39857142857143,-2.0953621346888003
56.28857142857142,-1.9953621346887997
56.28857142857142,-1.8953621346888
56.28857142857142,-1.7953621346888
56.17857142857142,-1.7953621346888
56.06857142857143,-1.6953621346888001
56.06857142857143,-1.5953621346888003
55.95857142857143,-1.4953621346888002
55.95857142857143,-1.3953621346888048
55.95857142857143,-1.2953621346888
55.84857142857143,-1.1953621346888
55.84857142857143,-1.0953621346888
55.738571428571426,-1.0953621346888
55.62857142857143,-0.9953621346888
55.62857142857143,-0.8953621346888
55.62857142857143,-0.7953621346888
55.51857142857143,-0.6953621346888
55.40857142857143,-0.5953621346888
55.40857142857143,-0.4953621346888
55.29857142857142,-0.39536213468880194
55.18857142857143,-0.29536213468880146
55.18857142857143,-0.19536213468880095
55.078571428571436,-0.09536213468880048
55.078571428571436,0.004637865311199871
54.96857142857143,0.10463786531120049
54.96857142857143,0.20463786531120048
54.96857142857143,0.30463786531119763
54.85857142857143,0.30463786531119763
54.748571428571424,0.4046378653111981
54.748571428571424,0.5046378653112
54.63857142857143,0.6046378653112
54.63857142857143,0.7046378653112
54.528571428571425,0.8046378653112001
54.528571428571425,0.9046378653112002
54.418571428571425,0.9046378653112002
54.30857142857143,1.0046378653112
54.30857142857143,1.1046378653111952
54.19857142857143,1.2046378653112002
54.19857142857143,1.3046378653112003
54.19857142857143,1.4046378653112
54.088571428571434,1.5046378653112
54.088571428571434,1.6046378653112001
54.088571428571434,1.7046378653112
54.19857142857143,1.8046378653112
54.30857142857143,1.9046378653112
54.418571428571425,2.0046378653112003
54.528571428571425,2.0046378653112003
54.528571428571425,2.1046378653112003
54.63857142857143,2.2046378653112
54.748571428571424,2.3046378653112
54.85857142857143,2.4046378653111997
54.85857142857143,2.5046378653112
54.96857142857143,2.6046378653112
55.078571428571436,2.7046378653112
55.18857142857143,2.7046378653112
55.18857142857143,2.8046378653111996
55.29857142857142,2.9046378653111997
55.40857142857143,3.0046378653112003
55.51857142857143,3.1046378653112003
55.62857142857143,3.2046378653112004
55.62857142857143,3.3046378653112
55.738571428571426,3.4046378653112
55.84857142857143,3.5046378653112003
55.95857142857143,3.5046378653112003
55.95857142857143,3.604637865311195
56.06857142857143,3.7046378653112004
56.17857142857142,3.8046378653112
56.28857142857142,3.9046378653111997
56.28857142857142,4.0046378653112
56.39857142857143,4.1046378653112
56.50857142857143,4.2046378653112
56.618571428571435,4.2046378653112
56.72857142857143,4.3046378653112
56.72857142857143,4.4046378653112
56.838571428571434,4.5046378653112
56.94857142857143,4.6046378653112
57.05857142857143,4.7046378653112
57.05857142857143,4.80463786531119
57.168571428571425,4.90463786531119
57.278571428571425,5.0046378653111905
57.38857142857143,5.0046378653111905
57.38857142857143,5.10463786531119
57.49857142857143,5.204637865311191
57.60857142857143,5.30463786531119
57.71857142857143,5.404637865311191
57.82857142857143,5.5046378653111905
57.82857142857143,5.604637865311191
57.93857142857143,5.704637865311191
57.93857142857143,5.804637865311191
58.04857142857142,5.904637865311191
58.15857142857143,6.0046378653111905
58.15857142857143,6.104637865311191
58.15857142857143,6.204637865311191
58.15857142857143,6.304637865311191
58.26857142857143,6.404637865311191
58.37857142857143,6.504637865311191
58.37857142857143,6.604637865311191
58.48857142857143,6.7046378653111915
58.598571428571425,6.804637865311191
58.708571428571425,6.904637865311191
58.708571428571425,7.0046378653111905
58.708571428571425,7.104637865311191
58.81857142857143,7.204637865311191
58.81857142857143,7.304637865311191
58.81857142857143,7.404637865311191
58.92857142857143,7.504637865311191
59.03857142857142,7.604637865311191
59.14857142857143,7.7046378653111915
59.03857142857142,7.804637865311191
59.14857142857143,7.904637865311191
59.25857142857143,8.00463786531119
59.25857142857143,8.10463786531119
59.36857142857143,8.204637865311192
59.47857142857142,8.304637865311191
59.58857142857143,8.40463786531119
59.58857142857143,8.50463786531119
59.47857142857142,8.604637865311192
59.58857142857143,8.704637865311192
59.69857142857143,8.804637865311191
59.69857142857143,8.90463786531119
59.80857142857143,9.00463786531119
59.91857142857143,9.104637865311192
60.028571428571425,9.20463786531119
59.91857142857143,9.304637865311191
60.028571428571425,9.40463786531119
60.13857142857143,9.504637865311192
60.13857142857143,9.60463786531119
60.248571428571424,9.704637865311192
60.248571428571424,9.804637865311191
60.35857142857143,9.904637865311193
60.35857142857143,10.00463786531119
60.35857142857143,10.104637865311192
60.46857142857142,10.204637865311192
60.57857142857143,10.304637865311191
60.68857142857143,10.40463786531119
60.68857142857143,10.504637865311189
60.79857142857143,10.604637865311192
60.908571428571435,10.704637865311192
60.79857142857143,10.804637865311193
60.908571428571435,10.904637865311189
60.908571428571435,11.004637865311192
61.01857142857143,11.104637865311192
61.128571428571426,11.204637865311192
61.128571428571426,11.30463786531119
61.238571428571426,11.404637865311189
61.238571428571426,11.504637865311192
61.238571428571426,11.604637865311192
61.34857142857143,11.70463786531119
61.34857142857143,11.80463786531119
61.34857142857143,11.904637865311193
61.458571428571425,12.004637865311192
61.458571428571425,12.10463786531119
61.458571428571425,12.20463786531119
61.34857142857143,12.304637865311193
61.458571428571425,12.404637865311193
61.458571428571425,12.50463786531119
61.458571428571425,12.60463786531119
61.458571428571425,12.70463786531119
61.56857142857143,12.804637865311193
61.56857142857143,12.904637865311189
61.458571428571425,13.00463786531119
61.458571428571425,13.10463786531119
61.56857142857143,13.204637865311193
61.56857142857143,13.304637865311191
61.56857142857143,13.40463786531119
61.56857142857143,13.50463786531119
61.56857142857143,13.60463786531119
61.56857142857143,13.704637865311192
61.56857142857143,13.80463786531119
61.56857142857143,13.90463786531119
61.56857142857143,14.00463786531119
61.67857142857143,14.104637865311192
61.67857142857143,14.20463786531119
61.67857142857143,14.304637865311191
61.56857142857143,14.40463786531119
61.67857142857143,14.50463786531119
61.67857142857143,14.60463786531119
61.67857142857143,14.70463786531119
61.67857142857143,14.804637865311191
61.78857142857143,14.90463786531119
61.78857142857143,15.00463786531119
61.78857142857143,15.10463786531119
61.67857142857143,15.204637865311192
61.78857142857143,15.304637865311191
61.78857142857143,15.40463786531119
61.78857142857143,15.504637865311192
61.78857142857143,15.604637865311192
61.89857142857142,15.70463786531119
61.89857142857142,15.80463786531119
61.78857142857143,15.90463786531119
61.78857142857143,16.004637865311192
61.89857142857142,16.10463786531124
61.89857142857142,16.20463786531119
61.89857142857142,16.30463786531124
61.89857142857142,16.404637865311194
62.00857142857142,16.504637865311192
61.89857142857142,16.60463786531119
61.89857142857142,16.704637865311188
61.89857142857142,16.804637865311193
62.00857142857142,16.90463786531124
62.00857142857142,17.00463786531124
62.00857142857142,17.104637865311194
62.00857142857142,17.20463786531119
62.00857142857142,17.30463786531119
62.00857142857142,17.40463786531119
62.00857142857142,17.50463786531119
62.00857142857142,17.60463786531119
62.11857142857143,17.70463786531119
62.11857142857143,17.80463786531124
62.11857142857143,17.90463786531124
62.11857142857143,18.004637865311192
62.11857142857143,18.104637865311194
62.11857142857143,18.204637865311188
62.11857142857143,18.30463786531119
62.11857142857143,18.40463786531119
62.22857142857143,18.50463786531119
62.22857142857143,18.60463786531124
62.22857142857143,18.70463786531124
62.11857142857143,18.804637865311193
62.22857142857143,18.904637865311194
62.22857142857143,19.00463786531119
62.22857142857143,19.10463786531119
62.22857142857143,19.20463786531119
62.338571428571434,19.30463786531119
62.338571428571434,19.404637865311237
62.22857142857143,19.504637865311242
62.22857142857143,19.604637865311194
62.338571428571434,19.704637865311195
62.338571428571434,19.80463786531119
62.338571428571434,19.904637865311187
62.338571428571434,20.004637865311192
62.44857142857143,20.10463786531119
62.338571428571434,20.20463786531119
62.338571428571434,20.30463786531119
62.338571428571434,20.40463786531119
62.338571428571434,20.504637865311196
62.338571428571434,20.604637865311194
62.44857142857143,20.704637865311188
62.44857142857143,20.80463786531119
62.44857142857143,20.90463786531119
62.338571428571434,21.004637865311192
62.338571428571434,21.104637865311236
62.338571428571434,21.204637865311238
62.338571428571434,21.30463786531119
62.338571428571434,21.404637865311194
62.338571428571434,21.50463786531119
62.338571428571434,21.60463786531119
62.22857142857143,21.704637865311188
62.338571428571434,21.804637865311193
62.338571428571434,21.904637865311237
62.338571428571434,22.00463786531124
62.338571428571434,22.10463786531119
62.338571428571434,22.20463786531119
62.338571428571434,22.30463786531119
62.22857142857143,22.40463786531119
62.22857142857143,22.50463786531119
62.22857142857143,22.60463786531119
62.22857142857143,22.70463786531119
62.22857142857143,22.80463786531124
62.338571428571434,22.904637865311237
62.338571428571434,23.004637865311192
62.22857142857143,23.104637865311194
62.22857142857143,23.20463786531119
62.22857142857143,23.30463786531119
62.22857142857143,23.40463786531119
62.22857142857143,23.504637865311192
62.22857142857143,23.60463786531124
62.22857142857143,23.704637865311238
62.11857142857143,23.80463786531124
62.11857142857143,23.90463786531119
62.22857142857143,24.004637865311192
62.22857142857143,24.10463786531119
62.22857142857143,24.20463786531119
62.22857142857143,24.30463786531119
62.22857142857143,24.40463786531124
62.11857142857143,24.50463786531124
62.11857142857143,24.604637865311194
62.11857142857143,24.704637865311238
62.11857142857143,24.804637865311193
62.11857142857143,24.90463786531119
62.11857142857143,25.004637865311192
62.11857142857143,25.10463786531119
62.11857142857143,25.20463786531119
62.11857142857143,25.304637865311193
62.11857142857143,25.404637865311194
62.11857142857143,25.504637865311192
62.11857142857143,25.604637865311194
62.11857142857143,25.70463786531119
62.11857142857143,25.804637865311193
62.11857142857143,25.90463786531119
62.00857142857142,26.004637865311192
62.00857142857142,26.10463786531119
62.00857142857142,26.204637865311195
62.11857142857143,26.304637865311193
62.11857142857143,26.404637865311194
62.11857142857143,26.50463786531119
62.11857142857143,26.604637865311194
62.00857142857142,26.70463786531119
62.00857142857142,26.804637865311193
62.00857142857142,26.90463786531119
62.00857142857142,27.004637865311192
62.00857142857142,27.104637865311194
62.00857142857142,27.204637865311195
62.00857142857142,27.30463786531119
62.00857142857142,27.40463786531119
62.00857142857142,27.504637865311192
62.00857142857142,27.604637865311194
62.00857142857142,27.70463786531119
62.00857142857142,27.804637865311193
62.00857142857142,27.90463786531119
62.00857142857142,28.004637865311196
61.89857142857142,28.104637865311194
61.89857142857142,28.20463786531119
61.89857142857142,28.30463786531119
61.89857142857142,28.404637865311194
61.89857142857142,28.504637865311192
62.00857142857142,28.604637865311194
62.00857142857142,28.70463786531119
61.89857142857142,28.804637865311193
61.89857142857142,28.904637865311194
61.89857142857142,29.00463786531119
61.89857142857142,29.10463786531119
61.78857142857143,29.204637865311188
61.78857142857143,29.304637865311193
61.78857142857143,29.404637865311194
61.67857142857143,29.404637865311194
61.56857142857143,29.504637865311192
61.56857142857143,29.604637865311194
61.56857142857143,29.70463786531119
61.458571428571425,29.80463786531119
61.458571428571425,29.90463786531119
61.458571428571425,30.00463786531119
61.34857142857143,30.10463786531119
61.238571428571426,30.204637865311195
61.238571428571426,30.304637865311193
61.128571428571426,30.404637865311194
61.128571428571426,30.504637865311192
61.128571428571426,30.60463786531119
61.01857142857143,30.704637865311195
61.01857142857143,30.80463786531119
60.908571428571435,30.80463786531119
60.79857142857143,30.904637865311194
60.79857142857143,31.00463786531119
60.79857142857143,31.10463786531119
60.68857142857143,31.204637865311195
60.68857142857143,31.30463786531119
60.68857142857143,31.40463786531119
60.57857142857143,31.504637865311192
60.46857142857142,31.604637865311197
60.46857142857142,31.70463786531119
60.35857142857143,31.804637865311197
60.35857142857143,31.90463786531119
60.35857142857143,32.00463786531119
60.248571428571424,32.1046378653112
60.248571428571424,32.20463786531119
60.13857142857143,32.30463786531119
60.028571428571425,32.404637865311194
60.028571428571425,32.504637865311196
59.91857142857143,32.60463786531119
59.91857142857143,32.704637865311184
59.91857142857143,32.80463786531119
59.80857142857143,32.90463786531119
59.69857142857143,33.004637865311196
59.69857142857143,33.10463786531119
59.58857142857143,33.20463786531119
59.58857142857143,33.30463786531119
59.58857142857143,33.404637865311194
59.47857142857142,33.50463786531119
59.47857142857142,33.60463786531119
59.36857142857143,33.70463786531119
59.25857142857143,33.80463786531119
59.25857142857143,33.904637865311194
59.25857142857143,34.00463786531119
59.14857142857143,34.10463786531119
59.14857142857143,34.20463786531119
59.03857142857142,34.3046378653112
58.92857142857143,34.404637865311194
58.92857142857143,34.50463786531119
58.81857142857143,34.60463786531119
58.81857142857143,34.70463786531119
58.81857142857143,34.80463786531119
58.708571428571425,34.90463786531119
58.708571428571425,35.004637865311196
58.598571428571425,35.10463786531119
58.48857142857143,35.20463786531119
58.48857142857143,35.30463786531119
58.48857142857143,35.40463786531119
58.37857142857143,35.50463786531119
58.37857142857143,35.60463786531119
58.37857142857143,35.70463786531119
58.26857142857143,35.70463786531119
58.15857142857143,35.80463786531119
58.15857142857143,35.904637865311194
58.04857142857142,36.004637865311196
58.04857142857142,36.10463786531119
58.04857142857142,36.20463786531119
57.93857142857143,36.304637865311186
57.93857142857143,36.404637865311194
57.82857142857143,36.50463786531119
57.71857142857143,36.6046378653112
57.71857142857143,36.70463786531119
57.71857142857143,36.80463786531119
57.60857142857143,36.904637865311194
57.60857142857143,37.00463786531119
57.60857142857143,37.10463786531119
57.49857142857143,37.20463786531119
57.49857142857143,37.30463786531119
57.49857142857143,37.404637865311194
57.49857142857143,37.504637865311196
57.49857142857143,37.60463786531119
57.49857142857143,37.70463786531119
57.49857142857143,37.80463786531119
57.38857142857143,37.90463786531119
57.38857142857143,38.004637865311196
57.38857142857143,38.10463786531119
57.38857142857143,38.20463786531119
57.38857142857143,38.304637865311186
57.38857142857143,38.404637865311194
57.38857142857143,38.504637865311196
57.278571428571425,38.60463786531119
57.278571428571425,38.70463786531119
57.278571428571425,38.80463786531119
57.278571428571425,38.904637865311194
57.278571428571425,39.00463786531119
57.278571428571425,39.10463786531119
57.278571428571425,39.204637865311184
57.168571428571425,39.30463786531119
57.168571428571425,39.404637865311194
57.168571428571425,39.50463786531119
57.168571428571425,39.6046378653112
57.168571428571425,39.70463786531119
57.168571428571425,39.80463786531119
57.168571428571425,39.90463786531119
57.05857142857143,40.004637865311196
57.05857142857143,40.10463786531119
57.05857142857143,40.20463786531119
57.05857142857143,40.30463786531119
57.05857142857143,40.404637865311194
57.05857142857143,40.504637865311196
57.05857142857143,40.60463786531119
56.94857142857143,40.70463786531119
56.94857142857143,40.804637865311186
56.94857142857143,40.904637865311194
56.94857142857143,41.00463786531119
56.94857142857143,41.10463786531119
56.94857142857143,41.2046378653112
56.94857142857143,41.30463786531119
56.838571428571434,41.404637865311194
56.838571428571434,41.50463786531119
56.838571428571434,41.6046378653112
56.838571428571434,41.70463786531119
56.838571428571434,41.80463786531119
56.838571428571434,41.90463786531119
56.838571428571434,42.004637865311196
56.72857142857143,42.1046378653112
56.72857142857143,42.20463786531119
56.72857142857143,42.30463786531119
56.72857142857143,42.40463786531119
56.72857142857143,42.504637865311196
56.72857142857143,42.60463786531119
56.72857142857143,42.704637865311184
56.72857142857143,42.804637865311186
56.618571428571435,42.904637865311194
56.618571428571435,43.004637865311196
56.618571428571435,43.10463786531119
56.618571428571435,43.2046378653112
56.618571428571435,43.30463786531119
56.618571428571435,43.404637865311194
56.618571428571435,43.50463786531119
56.50857142857143,43.60463786531118
56.50857142857143,43.70463786531119
56.50857142857143,43.80463786531119
56.50857142857143,43.904637865311194
56.50857142857143,44.00463786531119
56.50857142857143,44.1046378653112
56.50857142857143,44.20463786531119
56.39857142857143,44.30463786531119
56.39857142857143,44.40463786531119
56.39857142857143,44.50463786531119
56.39857142857143,44.60463786531119
56.39857142857143,44.70463786531119
56.39857142857143,44.8046378653112
56.39857142857143,44.904637865311194
56.28857142857142,45.004637865311196
56.28857142857142,45.10463786531119
56.28857142857142,45.204637865311184
56.28857142857142,45.30463786531119
56.28857142857142,45.40463786531119
56.28857142857142,45.50463786531119
56.28857142857142,45.60463786531119
56.17857142857142,45.7046378653112
56.17857142857142,45.80463786531119
56.17857142857142,45.904637865311194
56.17857142857142,46.00463786531119
56.28857142857142,46.10463786531119
56.28857142857142,46.20463786531119
56.28857142857142,46.30463786531119
56.17857142857142,46.4046378653112
56.17857142857142,46.504637865311196
56.17857142857142,46.6046378653112
56.17857142857142,46.70463786531119
56.17857142857142,46.8046378653112
56.17857142857142,46.904637865311194
56.17857142857142,47.00463786531119
56.06857142857143,47.10463786531119
56.06857142857143,47.20463786531119
56.06857142857143,47.3046378653112
56.06857142857143,47.404637865311194
56.06857142857143,47.504637865311196
56.06857142857143,47.60463786531119
56.06857142857143,47.70463786531143
55.95857142857143,47.80463786531143
55.95857142857143,47.904637865311436
55.95857142857143,48.00463786531143
55.84857142857143,48.10463786531143
55.84857142857143,48.20463786531143
55.84857142857143,48.304637865311435
55.84857142857143,48.404637865311436
55.84857142857143,48.50463786531143
55.738571428571426,48.60463786531143
55.62857142857143,48.704637865311426
55.62857142857143,48.804637865311435
55.62857142857143,48.90463786531143
55.62857142857143,49.00463786531143
55.62857142857143,49.10463786531144
55.62857142857143,49.20463786531143
55.51857142857143,49.20463786531143
55.40857142857143,49.304637865311435
55.40857142857143,49.40463786531143
55.40857142857143,49.50463786531144
55.40857142857143,49.60463786531143
55.40857142857143,49.704637865311426
55.40857142857143,49.80463786531143
55.29857142857142,49.904637865311436
55.18857142857143,50.00463786531144
55.18857142857143,50.10463786531143
55.18857142857143,50.20463786531143
55.18857142857143,50.30463786531143
55.18857142857143,50.404637865311436
55.078571428571436,50.50463786531143
55.078571428571436,50.604637865311425
54.96857142857143,50.704637865311426
54.96857142857143,50.804637865311435
54.96857142857143,50.904637865311436
54.96857142857143,51.00463786531143
54.96857142857143,51.10463786531144
54.85857142857143,51.20463786531143
54.85857142857143,51.304637865311435
54.748571428571424,51.40463786531143
54.748571428571424,51.50463786531142
54.748571428571424,51.60463786531143
54.748571428571424,51.70463786531143
54.63857142857143,51.804637865311435
54.63857142857143,51.90463786531143
54.63857142857143,52.00463786531144
54.528571428571425,52.10463786531143
54.528571428571425,52.204637865311426
54.528571428571425,52.30463786531143
54.418571428571425,52.40463786531143
54.418571428571425,52.50463786531143
54.418571428571425,52.60463786531143
54.418571428571425,52.70463786531144
54.30857142857143,52.804637865311435
54.30857142857143,52.904637865311436
54.19857142857143,53.00463786531143
54.19857142857143,53.104637865311425
54.19857142857143,53.20463786531143
54.19857142857143,53.30463786531143
54.19857142857143,53.40463786531143
54.088571428571434,53.50463786531143
54.088571428571434,53.60463786531144
53.97857142857143,53.70463786531143
53.97857142857143,53.804637865311435
53.97857142857143,53.90463786531143
53.97857142857143,54.00463786531143
53.97857142857143,54.10463786531143
53.86857142857143,54.204637865311426
53.75857142857142,54.30463786531143
53.75857142857142,54.404637865311436
53.75857142857142,54.50463786531144
53.75857142857142,54.60463786531143
53.75857142857142,54.704637865311426
53.75857142857142,54.804637865311435
53.64857142857143,54.804637865311435
53.53857142857143,54.90463786531143
53.53857142857143,55.00463786531143
53.53857142857143,55.104637865311425
53.53857142857143,55.20463786531143
53.42857142857143,55.304637865311435
53.42857142857143,55.404637865311436
53.31857142857143,55.50463786531143
53.208571428571425,55.50463786531143
53.09857142857143,55.60463786531143
53.09857142857143,55.70463786531143
52.988571428571426,55.80463786531143
52.878571428571426,55.90463786531143
52.76857142857143,56.00463786531143
52.658571428571435,56.10463786531143
52.54857142857143,56.10463786531143
52.43857142857143,56.20463786531143
52.43857142857143,56.30463786531144
52.32857142857143,56.404637865311436
52.21857142857142,56.50463786531143
52.10857142857143,56.60463786531143
52.10857142857143,56.704637865311426
51.998571428571424,56.804637865311435
51.88857142857143,56.804637865311435
51.778571428571425,56.90463786531143
51.66857142857143,57.00463786531143
51.55857142857143,57.10463786531143
51.55857142857143,57.20463786531143
51.44857142857143,57.304637865311435
51.33857142857143,57.40463786531143
51.22857142857142,57.50463786531143
51.11857142857143,57.604637865311425
51.00857142857143,57.604637865311425
50.89857142857143,57.70463786531143
50.89857142857143,57.80463786531143
50.78857142857142,57.90463786531143
50.67857142857143,58.00463786531144
50.56857142857143,58.10463786531143
50.56857142857143,58.20463786531143
50.458571428571425,58.20463786531143
50.348571428571425,58.30463786531143
50.23857142857143,58.404637865311436
50.23857142857143,58.50463786531143
50.12857142857143,58.50463786531143
50.01857142857143,58.60463786531143
50.01857142857143,58.704637865311426
49.90857142857143,58.804637865311435
49.79857142857142,58.804637865311435
49.68857142857143,58.904637865311436
49.57857142857143,59.00463786531143
49.57857142857143,59.10463786531143
49.46857142857142,59.204637865311426
49.35857142857144,59.304637865311435
49.35857142857144,59.40463786531143
49.24857142857143,59.40463786531143
49.13857142857143,59.50463786531143
49.028571428571425,59.50463786531143
48.918571428571425,59.604637865311425
48.918571428571425,59.70463786531143
48.80857142857143,59.70463786531143
48.69857142857143,59.804637865311435
48.58857142857143,59.804637865311435
48.47857142857143,59.804637865311435
48.368571428571435,59.804637865311435
48.25857142857143,59.90463786531143
48.14857142857143,59.90463786531143
48.03857142857142,60.00463786531144
47.92857142857142,60.10463786531143
47.81857142857143,60.10463786531143
47.70857142857143,60.10463786531143
47.59857142857143,60.10463786531143
47.488571428571426,60.10463786531143
47.37857142857143,60.20463786531143
47.26857142857143,60.20463786531143
47.15857142857143,60.30463786531143
47.04857142857142,60.30463786531143
46.938571428571436,60.404637865311436
46.828571428571436,60.30463786531143
46.71857142857143,60.404637865311436
46.60857142857143,60.404637865311436
46.498571428571424,60.50463786531143
46.38857142857143,60.60463786531143
46.278571428571425,60.60463786531143
46.168571428571425,60.70463786531143
46.05857142857143,60.60463786531143
45.948571428571434,60.70463786531143
45.838571428571434,60.70463786531143
45.72857142857143,60.70463786531143
45.61857142857143,60.80463786531143
45.50857142857142,60.80463786531143
45.39857142857143,60.904637865311436
45.28857142857143,60.80463786531143
45.17857142857143,60.904637865311436
45.17857142857143,61.00463786531143
45.17857142857143,61.10463786531143
45.06857142857143,61.20463786531144
45.06857142857143,61.30463786531143
45.06857142857143,61.40463786531143
44.95857142857143,61.50463786531143
44.84857142857143,61.604637865311425
44.84857142857143,61.70463786531143
44.84857142857143,61.804637865311435
44.84857142857143,61.904637865311436
44.738571428571426,62.00463786531142
44.738571428571426,62.10463786531143
44.628571428571426,62.20463786531143
44.628571428571426,62.30463786531143
44.51857142857142,62.40463786531143
44.51857142857142,62.50463786531144
44.51857142857142,62.60463786531144
44.51857142857142,62.704637865311426
44.408571428571435,62.80463786531143
44.29857142857143,62.904637865311436
44.29857142857143,63.00463786531142
44.18857142857143,63.104637865311425
44.18857142857143,63.204637865311426
44.18857142857143,63.30463786531095
44.18857142857143,63.40463786531143
44.07857142857143,63.50463786531143
43.96857142857143,63.60463786531144
43.96857142857143,63.70463786531144
43.96857142857143,63.80463786531143
43.96857142857143,63.90463786531143
43.85857142857143,64.00463786531144
43.85857142857143,64.10463786531143
43.85857142857143,64.20463786531143
43.748571428571424,64.30463786531143
43.638571428571424,64.40463786531144
43.638571428571424,64.50463786531142
43.638571428571424,64.60463786531143
43.638571428571424,64.70463786531144
43.528571428571425,64.80463786531142
43.528571428571425,64.90463786531143
43.41857142857143,65.00463786531142
43.41857142857143,65.10463786531143
43.30857142857143,65.20463786531143
43.30857142857143,65.30463786531143
43.30857142857143,65.40463786531144
43.19857142857143,65.50463786531142
43.19857142857143,65.60463786531143
43.08857142857143,65.70463786531143
43.08857142857143,65.80463786531095
42.97857142857143,65.90463786531143
42.97857142857143,66.00463786531144
42.97857142857143,66.10463786531143
42.97857142857143,66.20463786531144
42.86857142857143,66.30463786531143
42.75857142857143,66.40463786531143
42.75857142857143,66.50463786531144
42.75857142857143,66.60463786531142
42.64857142857143,66.70463786531143
42.64857142857143,66.80463786531143
42.64857142857143,66.90463786531143
42.64857142857143,67.00463786531142
42.53857142857142,67.10463786531143
42.42857142857143,67.20463786531144
42.42857142857143,67.30463786531142
42.42857142857143,67.40463786531143
42.42857142857143,67.50463786531144
42.31857142857143,67.60463786531143
42.31857142857143,67.70463786531143
42.208571428571425,67.80463786531143
42.098571428571425,67.90463786531144
42.098571428571425,68.00463786531142
42.098571428571425,68.10463786531143
42.098571428571425,68.20463786531143
41.98857142857143,68.30463786531143
41.98857142857143,68.40463786531143
41.87857142857143,68.50463786531142
41.87857142857143,68.60463786531143
41.76857142857143,68.70463786531144
41.76857142857143,68.80463786531143
41.76857142857143,68.90463786531143
41.76857142857143,69.00463786531144
41.65857142857143,69.10463786531142
41.54857142857142,69.20463786531143
41.54857142857142,69.30463786531143
41.54857142857142,69.40463786531143
41.43857142857143,69.50463786531144
41.43857142857143,69.60463786531143
41.43857142857143,69.70463786531144
41.32857142857143,69.80463786531142
41.21857142857142,69.90463786531143
41.21857142857142,70.00463786531144
41.21857142857142,70.10463786531143
41.21857142857142,70.20463786531143
41.10857142857144,70.30463786531142
41.10857142857144,70.40463786531143
41.10857142857144,70.50463786531142
40.99857142857143,70.60463786531143
40.88857142857143,70.70463786531144
40.88857142857143,70.80463786531143
40.88857142857143,70.90463786531143
40.88857142857143,71.00463786531142
40.88857142857143,71.10463786531143
40.778571428571425,71.20463786531144
40.668571428571425,71.30463786531143
40.668571428571425,71.40463786531143
40.668571428571425,71.50463786531144
40.55857142857143,71.60463786531143
40.55857142857143,71.70463786531143
40.55857142857143,71.80463786531143
40.55857142857143,71.90463786531144
40.44857142857143,71.90463786531144
40.33857142857143,72.00463786531142
40.33857142857143,72.10463786531143
40.33857142857143,72.20463786531143
40.33857142857143,72.30463786531142
40.22857142857143,72.40463786531143
40.22857142857143,72.50463786531144
40.22857142857143,72.60463786531143
40.118571428571435,72.70463786531143
40.118571428571435,72.80463786531143
40.00857142857143,72.90463786531143
40.00857142857143,73.00463786531142
40.00857142857143,73.10463786531143
40.00857142857143,73.20463786531144
39.89857142857143,73.30463786531143
39.78857142857142,73.40463786531143
39.78857142857142,73.50463786531142
39.78857142857142,73.60463786531143
39.78857142857142,73.70463786531144
39.67857142857142,73.80463786531142
39.67857142857142,73.90463786531143
39.67857142857142,74.00463786531144
39.56857142857143,74.10463786531143
39.56857142857143,74.20463786531143
39.45857142857143,74.30463786531143
39.45857142857143,74.40463786531144
39.45857142857143,74.50463786531142
39.34857142857143,74.60463786531143
39.34857142857143,74.70463786531144
39.238571428571426,74.80463786531143
39.238571428571426,74.90463786531143
39.238571428571426,75.00463786531144
39.12857142857143,75.10463786531145
39.12857142857143,75.20463786531143
39.12857142857143,75.30463786531143
39.12857142857143,75.40463786531143
39.01857142857143,75.40463786531143
38.90857142857143,75.50463786531142
38.90857142857143,75.60463786531143
38.90857142857143,75.70463786531143
38.90857142857143,75.80463786531143
38.90857142857143,75.90463786531143
38.79857142857142,76.00463786531144
38.79857142857142,76.10463786531143
38.68857142857142,76.20463786531143
38.68857142857142,76.30463786531143
38.578571428571436,76.40463786531144
38.578571428571436,76.50463786531144
38.578571428571436,76.60463786531143
38.578571428571436,76.70463786531143
38.578571428571436,76.80463786531143
38.46857142857143,76.80463786531143
38.35857142857143,76.90463786531144
38.35857142857143,77.00463786531142
38.35857142857143,77.10463786531143
38.248571428571424,77.20463786531144
38.248571428571424,77.30463786531142
38.248571428571424,77.40463786531143
38.248571428571424,77.50463786531142
38.13857142857143,77.60463786531143
38.028571428571425,77.70463786531143
38.028571428571425,77.80463786531142
38.028571428571425,77.90463786531143
38.028571428571425,78.00463786531144
37.91857142857143,78.10463786531143
37.91857142857143,78.20463786531144
37.80857142857143,78.30463786531145
37.80857142857143,78.40463786531143
37.80857142857143,78.50463786531144
37.69857142857143,78.60463786531143
37.69857142857143,78.70463786531144
37.69857142857143,78.80463786531143
37.69857142857143,78.90463786531143
37.58857142857143,79.00463786531144
37.47857142857143,79.10463786531142
37.47857142857143,79.20463786531143
37.47857142857143,79.30463786531143
37.36857142857143,79.40463786531143
37.36857142857143,79.50463786531142
37.36857142857143,79.60463786531142
37.25857142857142,79.70463786531143
37.25857142857142,79.80463786531143
37.14857142857143,79.90463786531143
37.14857142857143,80.00463786531144
37.14857142857143,80.10463786531145
37.14857142857143,80.20463786531143
37.03857142857142,80.30463786531143
36.92857142857143,80.40463786531144
36.92857142857143,80.50463786531142
36.92857142857143,80.60463786531143
36.92857142857143,80.70463786531143
36.81857142857143,80.80463786531143
36.81857142857143,80.90463786531143
36.81857142857143,81.00463786531142
36.70857142857143,81.10463786531143
36.59857142857143,81.20463786531144
36.59857142857143,81.30463786531142
36.59857142857143,81.40463786531143
36.59857142857143,81.50463786531142
36.59857142857143,81.60463786531143
36.488571428571426,81.70463786531144
36.378571428571426,81.80463786531143
36.378571428571426,81.90463786531144
36.26857142857143,82.00463786531144
36.26857142857143,82.10463786531143
36.26857142857143,82.20463786531144
36.26857142857143,82.30463786531142
36.26857142857143,82.40463786531143
36.15857142857143,82.40463786531143
36.04857142857142,82.50463786531144
36.04857142857142,82.60463786531143
36.04857142857142,82.70463786531143
36.04857142857142,82.80463786531142
36.04857142857142,82.90463786531143
35.93857142857143,83.00463786531142
35.93857142857143,83.10463786531142
35.82857142857143,83.20463786531143
35.82857142857143,83.30463786531143
35.71857142857143,83.40463786531143
35.71857142857143,83.50463786531144
35.71857142857143,83.60463786531145
35.71857142857143,83.70463786531144
35.71857142857143,83.80463786531143
35.60857142857143,83.80463786531143
35.49857142857143,83.90463786531143
35.49857142857143,84.00463786531144
35.49857142857143,84.10463786531143
35.38857142857143,84.20463786531143
35.38857142857143,84.30463786531143
35.38857142857143,84.40463786531144
35.38857142857143,84.50463786531142
35.278571428571425,84.60463786531143
35.168571428571425,84.70463786531143
35.278571428571425,84.80463786531142
35.278571428571425,84.90463786531143
35.38857142857143,85.00463786531142
35.49857142857143,85.10463786531143
35.49857142857143,85.20463786531144
35.49857142857143,85.30463786531143
35.49857142857143,85.40463786531144
35.60857142857143,85.50463786531142
35.71857142857143,85.60463786531143
35.82857142857143,85.70463786531144
35.82857142857143,85.80463786531143
35.93857142857143,85.90463786531143
36.04857142857142,86.00463786531142
36.04857142857142,86.10463786531143
36.04857142857142,86.20463786531144
36.15857142857143,86.30463786531142
36.15857142857143,86.40463786531143
36.26857142857143,86.50463786531144
36.378571428571426,86.60463786531142
36.378571428571426,86.70463786531143
36.378571428571426,86.80463786531142
36.488571428571426,86.90463786531143
36.59857142857143,87.00463786531144
36.59857142857143,87.10463786531143
36.70857142857143,87.20463786531144
36.81857142857143,87.30463786531143
36.81857142857143,87.40463786531143
36.92857142857143,87.50463786531144
36.92857142857143,87.60463786531145
36.92857142857143,87.70463786531143
37.03857142857142,87.80463786531143
37.14857142857143,87.90463786531143
37.25857142857142,88.00463786531142
37.25857142857142,88.10463786531143
37.36857142857143,88.20463786531143
37.36857142857143,88.30463786531143
37.47857142857143,88.40463786531141
37.47857142857143,88.50463786531142
37.58857142857143,88.60463786531143
37.58857142857143,88.70463786531143
37.69857142857143,88.80463786531143
37.80857142857143,88.90463786531144
37.80857142857143,89.00463786531144
37.80857142857143,89.10463786531143
37.91857142857143,89.20463786531143
38.028571428571425,89.30463786531143
38.028571428571425,89.40463786531144
38.13857142857143,89.50463786531142
38.248571428571424,89.60463786531143
38.248571428571424,89.70463786531144
38.248571428571424,89.80463786531142
38.248571428571424,89.90463786531143
38.35857142857143,90.00463786531142
38.46857142857143,90.10463786531143
38.46857142857143,90.20463786531143
38.46857142857143,90.30463786531142
38.46857142857143,90.40463786531143
38.35857142857143,90.50463786531144
38.248571428571424,90.60463786531143
38.248571428571424,90.70463786531144
38.248571428571424,90.80463786531145
38.248571428571424,90.90463786531143
38.248571428571424,91.00463786531144
38.13857142857143,91.10463786531143
38.13857142857143,91.20463786531144
38.028571428571425,91.30463786531143
38.028571428571425,91.40463786531143
37.91857142857143,91.50463786531144
37.91857142857143,91.60463786531142
37.91857142857143,91.70463786531143
37.91857142857143,91.80463786531143
37.91857142857143,91.90463786531143
37.80857142857143,92.00463786531144
37.69857142857143,92.10463786531145
37.69857142857143,92.20463786531144
37.69857142857143,92.30463786531143
37.69857142857143,92.40463786531143
37.69857142857143,92.50463786531144
37.69857142857143,92.60463786531145
37.58857142857143,92.60463786531145
37.47857142857143,92.70463786531143
37.47857142857143,92.80463786531143
37.47857142857143,92.90463786531144
37.47857142857143,93.00463786531142
37.47857142857143,93.10463786531143
37.47857142857143,93.20463786531143
37.36857142857143,93.30463786531143
37.25857142857142,93.40463786531143
37.25857142857142,93.50463786531142
37.25857142857142,93.60463786531143
37.25857142857142,93.70463786531144
37.25857142857142,93.80463786531143
37.14857142857143,93.90463786531144
37.14857142857143,94.00463786531145
37.03857142857142,94.10463786531143
37.03857142857142,94.20463786531144
36.92857142857143,94.30463786531143
36.92857142857143,94.40463786531144
36.92857142857143,94.50463786531144
36.92857142857143,94.60463786531143
36.92857142857143,94.70463786531144
36.81857142857143,94.80463786531142
36.70857142857143,94.90463786531143
36.70857142857143,95.00463786531144
36.70857142857143,95.10463786531143
36.70857142857143,95.20463786531143
36.70857142857143,95.30463786531142
36.70857142857143,95.40463786531143
36.59857142857143,95.50463786531144
36.59857142857143,95.60463786531143
36.59857142857143,95.70463786531144
36.70857142857143,95.80463786531145
36.70857142857143,95.90463786531143
36.70857142857143,96.00463786531144
36.70857142857143,96.10463786531145
36.59857142857143,96.20463786531144
36.59857142857143,96.30463786531143
36.70857142857143,96.40463786531143
36.70857142857143,96.50463786531144
36.70857142857143,96.60463786531143
36.70857142857143,96.70463786531143
36.70857142857143,96.80463786531143
36.59857142857143,96.90463786531144
36.70857142857143,97.00463786531142
36.70857142857143,97.10463786531143
36.70857142857143,97.20463786531143
36.70857142857143,97.30463786531143
36.70857142857143,97.40463786531144
36.70857142857143,97.50463786531144
36.59857142857143,97.60463786531145
36.70857142857143,97.70463786531144
36.70857142857143,97.80463786531143
36.70857142857143,97.90463786531144
36.70857142857143,98.00463786531142
36.70857142857143,98.10463786531143
36.70857142857143,98.20463786531144
36.81857142857143,98.30463786531143
36.70857142857143,98.40463786531143
36.70857142857143,98.50463786531142
36.70857142857143,98.60463786531143
36.70857142857143,98.70463786531144
36.70857142857143,98.80463786531142
36.81857142857143,98.90463786531143
36.81857142857143,99.00463786531144
36.70857142857143,99.10463786531143
36.70857142857143,99.20463786531144
36.70857142857143,99.30463786531145
36.70857142857143,99.40463786531144
36.70857142857143,99.50463786531144
36.81857142857143,99.60463786531143
36.81857142857143,99.70463786531144
36.70857142857143,99.80463786531143
36.70857142857143,99.90463786531143
36.70857142857143,100.00463786531144
36.70857142857143,100.10463786531145
36.70857142857143,100.20463786531143
36.81857142857143,100.30463786531143
36.81857142857143,100.40463786531143
36.70857142857143,100.50463786531142
36.70857142857143,100.60463786531143
36.70857142857143,100.70463786531143
36.70857142857143,100.80463786531143
36.81857142857143,100.90463786531144
36.81857142857143,101.00463786531144
36.81857142857143,101.10463786531145
36.70857142857143,101.20463786531145
36.70857142857143,101.30463786531143
36.70857142857143,101.40463786531144
36.81857142857143,101.50463786531144
36.81857142857143,101.60463786531143
36.81857142857143,101.70463786531143
36.81857142857143,101.80463786531143
36.81857142857143,101.90463786531144
36.70857142857143,102.00463786531142
36.70857142857143,102.10463786531143
36.81857142857143,102.20463786531144
36.81857142857143,102.30463786531142
36.81857142857143,102.40463786531143
36.81857142857143,102.50463786531142
36.81857142857143,102.60463786531143
36.70857142857143,102.70463786531144
36.81857142857143,102.80463786531143
36.81857142857143,102.90463786531144
36.81857142857143,103.00463786531144
36.81857142857143,103.10463786531143
36.81857142857143,103.20463786531144
36.81857142857143,103.30463786531145
36.81857142857143,103.40463786531143
36.81857142857143,103.50463786531144
36.70857142857143,103.60463786531143
36.70857142857143,103.70463786531144
36.70857142857143,103.80463786531143
36.70857142857143,103.90463786531143
36.70857142857143,104.00463786531144
36.59857142857143,104.10463786531142
36.59857142857143,104.20463786531143
36.488571428571426,104.30463786531143
36.488571428571426,104.40463786531143
36.488571428571426,104.50463786531144
36.488571428571426,104.60463786531145
36.488571428571426,104.70463786531144
36.378571428571426,104.80463786531143
36.378571428571426,104.90463786531143
36.26857142857143,105.00463786531144
36.26857142857143,105.10463786531145
36.26857142857143,105.20463786531143
36.26857142857143,105.30463786531143
36.26857142857143,105.40463786531144
36.15857142857143,105.50463786531142
36.15857142857143,105.60463786531143
36.04857142857142,105.70463786531143
36.04857142857142,105.80463786531143
36.04857142857142,105.90463786531143
36.04857142857142,106.00463786531142
36.04857142857142,106.10463786531143
35.93857142857143,106.20463786531144
35.93857142857143,106.30463786531143
35.82857142857143,106.40463786531144
35.82857142857143,106.50463786531145
35.82857142857143,106.60463786531143
35.82857142857143,106.70463786531144
35.82857142857143,106.80463786531143
35.71857142857143,106.90463786531144
35.71857142857143,107.00463786531144
35.60857142857143,107.10463786531143
35.60857142857143,107.20463786531144
35.60857142857143,107.30463786531142
35.60857142857143,107.40463786531143
35.60857142857143,107.50463786531144
35.49857142857143,107.60463786531143
35.49857142857143,107.70463786531143
35.38857142857143,107.80463786531142
35.38857142857143,107.90463786531143
35.38857142857143,108.00463786531144
35.38857142857143,108.10463786531143
35.38857142857143,108.20463786531144
35.278571428571425,108.30463786531145
35.278571428571425,108.40463786531143
35.168571428571425,108.50463786531144
35.168571428571425,108.60463786531145
35.168571428571425,108.70463786531144
35.168571428571425,108.80463786531143
35.168571428571425,108.90463786531143
35.05857142857143,109.00463786531144
35.05857142857143,109.10463786531143
34.94857142857143,109.20463786531143
34.94857142857143,109.30463786531143
34.94857142857143,109.40463786531144
34.94857142857143,109.50463786531142
34.94857142857143,109.60463786531143
34.83857142857143,109.70463786531143
34.83857142857143,109.80463786531143
34.72857142857143,109.90463786531144
34.72857142857143,110.00463786531144
34.72857142857143,110.10463786531145
34.72857142857143,110.20463786531144
34.72857142857143,110.30463786531143
34.61857142857143,110.40463786531144
34.61857142857143,110.50463786531142
34.50857142857143,110.60463786531143
34.50857142857143,110.70463786531144
34.50857142857143,110.80463786531143
34.50857142857143,110.90463786531143
34.50857142857143,111.00463786531142
34.39857142857143,111.10463786531143
34.39857142857143,111.20463786531144
34.28857142857143,111.30463786531142
34.28857142857143,111.40463786531143
34.28857142857143,111.50463786531144
34.28857142857143,111.60463786531143
34.28857142857143,111.70463786531144
34.28857142857143,111.80463786531145
34.17857142857143,111.70463786531144
34.06857142857143,111.70463786531144
33.958571428571425,111.80463786531145
33.84857142857143,111.80463786531145
33.738571428571426,111.90463786531144
33.628571428571426,112.00463786531144
33.51857142857143,112.00463786531144
33.40857142857143,112.00463786531144
33.29857142857143,112.10463786531143
33.18857142857143,112.10463786531143
33.07857142857143,112.20463786531144
32.96857142857143,112.20463786531144
32.85857142857142,112.30463786531143
32.74857142857143,112.40463786531143
32.638571428571424,112.40463786531143
32.52857142857143,112.40463786531143
32.418571428571425,112.40463786531143
32.308571428571426,112.40463786531143
32.19857142857143,112.50463786531144
32.08857142857143,112.60463786531145
31.978571428571428,112.60463786531145
31.86857142857143,112.70463786531143
31.758571428571432,112.60463786531145
31.64857142857143,112.70463786531143
31.538571428571426,112.80463786531143
31.428571428571427,112.80463786531143
31.318571428571428,112.90463786531143
31.208571428571428,113.00463786531142
31.098571428571425,113.00463786531142
30.98857142857143,113.00463786531142
30.87857142857143,113.00463786531142
30.76857142857143,113.00463786531142
30.658571428571427,113.10463786531143
30.54857142857143,113.20463786531143
30.43857142857143,113.20463786531143
30.328571428571426,113.30463786531143
30.218571428571426,113.30463786531143
30.108571428571427,113.30463786531143
29.99857142857143,113.40463786531144
29.888571428571428,113.40463786531144
29.77857142857143,113.50463786531144
29.66857142857143,113.50463786531144
29.55857142857143,113.60463786531145
29.448571428571427,113.60463786531145
29.33857142857143,113.60463786531145
29.228571428571428,113.60463786531145
29.118571428571432,113.70463786531145
29.00857142857143,113.70463786531145
28.898571428571433,113.80463786531143
28.78857142857143,113.90463786531144
28.678571428571427,113.90463786531144
28.568571428571428,113.90463786531144
28.458571428571428,113.90463786531144
28.34857142857143,113.90463786531144
28.238571428571426,113.90463786531144
28.12857142857143,113.90463786531144
28.01857142857143,113.90463786531144
27.90857142857143,114.00463786531144
27.798571428571428,114.00463786531144
27.688571428571425,113.90463786531144
27.57857142857143,113.90463786531144
27.468571428571426,113.90463786531144
27.358571428571427,114.00463786531144
27.248571428571427,114.00463786531144
27.13857142857143,114.00463786531144
27.02857142857143,114.00463786531144
26.91857142857143,113.90463786531144
26.80857142857143,113.90463786531144
26.69857142857143,114.00463786531144
26.588571428571427,114.00463786531144
26.478571428571424,114.00463786531144
26.368571428571432,114.00463786531144
26.25857142857143,114.00463786531144
26.14857142857143,114.00463786531144
26.038571428571426,114.00463786531144
25.92857142857143,114.00463786531144
25.818571428571428,114.00463786531144
25.708571428571428,114.00463786531144
25.59857142857143,114.10463786531143
25.488571428571426,114.10463786531143
25.37857142857143,114.00463786531144
25.268571428571427,114.00463786531144
25.15857142857143,114.00463786531144
25.048571428571428,114.00463786531144
24.93857142857143,114.10463786531143
24.828571428571426,114.10463786531143
24.71857142857143,114.10463786531143
24.608571428571427,114.10463786531143
24.49857142857143,114.00463786531144
24.388571428571428,114.00463786531144
24.278571428571432,114.10463786531143
24.16857142857143,114.10463786531143
24.058571428571426,114.10463786531143
23.94857142857143,114.10463786531143
23.838571428571427,114.10463786531143
23.728571428571428,114.10463786531143
23.61857142857143,114.10463786531143
23.508571428571432,114.10463786531143
23.39857142857143,114.20463786531143
23.39857142857143,114.30463786531143
23.39857142857143,114.40463786531144
23.28857142857143,114.50463786531142
23.28857142857143,114.60463786531143
23.178571428571427,114.70463786531144
23.178571428571427,114.80463786531142
23.06857142857143,114.90463786531143
23.06857142857143,115.00463786531142
23.06857142857143,115.10463786531143
22.958571428571428,115.20463786531144
22.958571428571428,115.30463786531143
22.848571428571425,115.40463786531144
22.738571428571426,115.50463786531144
22.738571428571426,115.60463786531143
22.738571428571426,115.70463786531144
22.738571428571426,115.80463786531145
22.62857142857143,115.90463786531143
22.62857142857143,116.00463786531144
22.51857142857143,116.10463786531143
22.408571428571427,116.20463786531144
22.408571428571427,116.30463786531142
22.408571428571427,116.40463786531143
22.408571428571427,116.50463786531144
22.298571428571428,116.60463786531142
22.298571428571428,116.70463786531143
22.18857142857143,116.80463786531143
22.07857142857143,116.90463786531143
22.07857142857143,117.00463786531144
22.07857142857143,117.10463786531145
22.07857142857143,117.20463786531144
21.968571428571426,117.30463786531143
21.968571428571426,117.40463786531143
21.85857142857143,117.40463786531143
21.74857142857143,117.50463786531144
21.74857142857143,117.60463786531145
21.74857142857143,117.70463786531143
21.74857142857143,117.80463786531143
21.638571428571428,117.90463786531144
21.638571428571428,118.00463786531142
21.638571428571428,118.10463786531143
21.52857142857143,118.10463786531143
21.41857142857143,118.20463786531143
21.41857142857143,118.30463786531143
21.41857142857143,118.40463786531143
21.41857142857143,118.50463786531142
21.30857142857143,118.60463786531143
21.30857142857143,118.70463786531144
21.30857142857143,118.80463786531143
21.198571428571427,118.80463786531143
21.088571428571427,118.90463786531144
21.088571428571427,119.00463786531145
21.088571428571427,119.10463786531143
20.978571428571428,119.20463786531144
20.978571428571428,119.30463786531143
20.978571428571428,119.40463786531144
20.868571428571432,119.50463786531142
20.75857142857143,119.60463786531143
20.75857142857143,119.70463786531144
20.648571428571426,119.80463786531142
20.648571428571426,119.90463786531143
20.648571428571426,120.00463786531144
20.648571428571426,120.10463786531143
20.53857142857143,120.20463786531143
20.428571428571427,120.30463786531142
20.428571428571427,120.40463786531143
20.318571428571428,120.50463786531144
20.318571428571428,120.60463786531143
20.318571428571428,120.70463786531144
20.208571428571428,120.80463786531145
20.208571428571428,120.90463786531143
20.09857142857143,121.00463786531144
19.988571428571426,121.10463786531145
19.988571428571426,121.20463786531144
19.988571428571426,121.30463786531143
19.87857142857143,121.40463786531143
19.87857142857143,121.50463786531144
19.87857142857143,121.60463786531143
19.76857142857143,121.70463786531143
19.65857142857143,121.80463786531143
19.65857142857143,121.90463786531144
19.65857142857143,122.00463786531142
19.548571428571428,122.10463786531145
19.548571428571428,122.20463786531143
19.548571428571428,122.30463786531143
19.438571428571425,122.30463786531143
19.32857142857143,122.40463786531144
19.32857142857143,122.50463786531144
19.32857142857143,122.60463786531143
19.32857142857143,122.70463786531145
19.218571428571426,122.80463786531143
19.218571428571426,122.90463786531143
19.218571428571426,123.00463786531144
19.108571428571427,123.00463786531144
18.99857142857143,123.10463786531143
18.99857142857143,123.20463786531141
18.99857142857143,123.30463786531143
18.888571428571428,123.40463786531143
18.888571428571428,123.50463786531145
18.888571428571428,123.60463786531143
18.77857142857143,123.70463786531143
18.66857142857143,123.80463786531143
18.66857142857143,123.90463786531143
18.66857142857143,124.00463786531144
18.55857142857143,124.10463786531143
18.55857142857143,124.20463786531144
18.55857142857143,124.30463786531142
18.44857142857143,124.40463786531144
18.338571428571427,124.50463786531144
18.338571428571427,124.60463786531146
18.228571428571428,124.70463786531144
18.228571428571428,124.80463786531143
18.228571428571428,124.90463786531144
18.228571428571428,125.00463786531144
18.118571428571432,125.10463786531142
18.008571428571432,125.20463786531144
17.89857142857143,125.30463786531143
17.89857142857143,125.40463786531141
17.89857142857143,125.50463786531144
17.89857142857143,125.60463786531142
17.78857142857143,125.70463786531143
17.78857142857143,125.80463786531143
17.678571428571427,125.90463786531143
17.568571428571428,126.00463786531144
17.568571428571428,126.10463786531145
17.568571428571428,126.20463786531143
17.458571428571428,126.30463786531145
17.458571428571428,126.40463786531144
17.458571428571428,126.50463786531142
17.34857142857143,126.60463786531145
17.238571428571426,126.70463786531143
17.238571428571426,126.80463786531142
17.12857142857143,126.90463786531144
17.12857142857143,127.00463786531142
17.12857142857143,127.10463786531145
17.12857142857143,127.20463786531144
17.01857142857143,127.20463786531144
16.90857142857143,127.30463786531142
16.90857142857143,127.40463786531144
16.90857142857143,127.50463786531142
16.798571428571428,127.60463786531143
16.798571428571428,127.70463786531144
16.798571428571428,127.80463786531143
16.68857142857143,127.90463786531143
16.57857142857143,128.00463786531145
16.57857142857143,128.10463786531145
16.57857142857143,128.2046378653114
16.46857142857143,128.30463786531143
16.46857142857143,128.40463786531143
16.46857142857143,128.50463786531145
16.35857142857143,128.60463786531145
16.248571428571427,128.7046378653114
16.248571428571427,128.80463786531143
16.138571428571428,128.90463786531143
16.02857142857143,129.00463786531142
15.918571428571429,129.10463786531145
15.808571428571428,129.10463786531145
15.698571428571428,129.2046378653114
15.588571428571429,129.2046378653114
15.47857142857143,129.2046378653114
15.368571428571428,129.30463786531143
15.258571428571429,129.30463786531143
15.148571428571428,129.40463786531143
15.038571428571428,129.50463786531142
14.928571428571429,129.60463786531145
14.818571428571428,129.60463786531145
14.708571428571428,129.70463786531144
14.598571428571429,129.70463786531144
14.48857142857143,129.70463786531144
14.378571428571428,129.80463786531143
14.268571428571429,129.90463786531146
14.15857142857143,129.90463786531146
14.04857142857143,130.00463786531145
13.938571428571427,130.00463786531145
13.828571428571427,130.00463786531145
13.718571428571428,130.10463786531142
13.608571428571429,130.20463786531144
13.498571428571427,130.20463786531144
13.388571428571428,130.30463786531143
13.278571428571428,130.40463786531143
13.168571428571429,130.50463786531145
13.05857142857143,130.40463786531143
12.948571428571428,130.50463786531145
12.83857142857143,130.50463786531145
12.72857142857143,130.60463786531142
12.618571428571428,130.7046378653114
12.508571428571427,130.7046378653114
12.39857142857143,130.80463786531143
12.288571428571428,130.90463786531143
12.178571428571429,130.80463786531143
12.068571428571428,130.90463786531143
11.958571428571428,131.00463786531145
11.848571428571429,131.10463786531142
11.73857142857143,131.10463786531142
11.628571428571426,131.10463786531142
11.518571428571427,131.20463786531144
11.408571428571427,131.20463786531144
11.298571428571428,131.30463786531143
11.188571428571429,131.30463786531143
11.078571428571427,131.40463786531143
10.96857142857143,131.50463786531142
10.858571428571429,131.60463786531145
10.748571428571429,131.60463786531145
10.638571428571428,131.70463786531144
10.52857142857143,131.70463786531144
10.418571428571429,131.80463786531143
10.30857142857143,131.80463786531143
10.198571428571427,131.80463786531143
10.088571428571429,131.90463786531146
9.978571428571428,132.00463786531142
9.868571428571428,132.00463786531142
9.758571428571429,132.00463786531142
9.64857142857143,132.10463786531145
9.53857142857143,132.20463786531144
9.428571428571429,132.20463786531144
9.318571428571428,132.30463786531143
9.208571428571426,132.40463786531146
9.098571428571429,132.40463786531146
8.988571428571428,132.50463786531142
8.878571428571428,132.40463786531146
8.768571428571429,132.50463786531142
8.65857142857143,132.60463786531142
8.54857142857143,132.70463786531144
8.438571428571429,132.70463786531144
8.32857142857143,132.80463786531143
8.218571428571428,132.90463786531143
8.108571428571429,132.90463786531143
7.998571428571428,132.90463786531143
7.888571428571429,133.00463786531142
7.7785714285714285,133.10463786531145
7.668571428571429,133.10463786531145
7.558571428571428,133.10463786531145
7.448571428571428,133.2046378653114
7.338571428571428,133.30463786531143
7.228571428571429,133.30463786531143
7.118571428571428,133.30463786531143
7.008571428571429,133.40463786531143
6.898571428571429,133.50463786531145
6.788571428571429,133.60463786531145
6.678571428571429,133.60463786531145
6.5685714285714285,133.70463786531144
6.458571428571429,133.70463786531144
6.348571428571428,133.70463786531144
6.238571428571428,133.80463786531143
6.128571428571428,133.80463786531143
6.018571428571429,133.90463786531143
5.908571428571428,134.00463786531142
5.798571428571429,134.00463786531142
5.688571428571428,134.10463786531145
5.578571428571428,134.10463786531145
5.468571428571428,134.20463786531144
5.3585714285714285,134.20463786531144
5.248571428571429,134.3046378653114
5.13857142857143,134.3046378653114
5.0285714285714285,134.40463786531143
4.918571428571429,134.50463786531142
4.808571428571429,134.40463786531143
4.698571428571428,134.50463786531142
4.588571428571429,134.60463786531145
4.478571428571429,134.70463786531144
4.368571428571428,134.70463786531144
4.258571428571429,134.80463786531143
4.148571428571429,134.90463786531143
4.038571428571428,135.00463786531145
3.9285714285714284,134.90463786531143
3.818571428571429,135.00463786531145
3.7085714285714286,135.00463786531145
3.5985714285714288,135.10463786531142
3.488571428571429,135.10463786531142
3.3785714285714286,135.20463786531144
3.2685714285714287,135.30463786531143
3.1585714285714284,135.30463786531143
3.0485714285714285,135.30463786531143
2.938571428571429,135.40463786531143
2.8285714285714287,135.50463786531145
2.718571428571429,135.60463786531142
2.608571428571429,135.60463786531142
2.498571428571428,135.60463786531142
2.3885714285714283,135.7046378653114
2.2785714285714285,135.7046378653114
2.1685714285714286,135.80463786531143
2.0585714285714287,135.80463786531143
1.9485714285714286,135.90463786531143
1.8385714285714285,136.00463786531145
1.7285714285714284,136.10463786531145
1.6185714285714285,136.10463786531145
1.5085714285714285,136.10463786531145
1.3985714285714286,136.2046378653114
1.2885714285714287,136.2046378653114
1.1785714285714286,136.2046378653114
1.0685714285714287,136.30463786531143
0.9585714285714286,136.40463786531143
0.8485714285714286,136.50463786531142
0.7385714285714285,136.40463786531143
0.6285714285714286,136.50463786531142
0.5185714285714286,136.60463786531145
0.4085714285714286,136.70463786531144
0.29857142857142854,136.70463786531144
0.18857142857142856,136.80463786531143
0.07857142857142857,136.90463786531146
