X,Y
0.09285714285714286,-177.70129143646412
0.09285714285714286,-177.5712914364641
0.22285714285714286,-177.4412914364641
0.35285714285714287,-177.4412914364641
0.4828571428571429,-177.31129143646407
0.6128571428571429,-177.1812914364641
0.7428571428571429,-177.1812914364641
0.8728571428571428,-177.0512914364641
1.002857142857143,-176.9212914364641
1.132857142857143,-176.9212914364641
1.262857142857143,-176.79129143646412
1.3928571428571428,-176.66129143646413
1.522857142857143,-176.66129143646413
1.652857142857143,-176.53129143646407
1.782857142857143,-176.40129143646408
1.9128571428571428,-176.40129143646408
2.0428571428571427,-176.2712914364641
2.1728571428571426,-176.1412914364641
2.302857142857143,-176.1412914364641
2.302857142857143,-176.0112914364641
2.432857142857143,-175.88129143646412
2.5628571428571427,-175.7512914364641
2.692857142857143,-175.7512914364641
2.822857142857143,-175.6212914364641
2.952857142857143,-175.49129143646408
3.082857142857143,-175.49129143646408
3.212857142857143,-175.36129143646411
3.342857142857143,-175.23129143646412
3.4728571428571433,-175.23129143646412
3.602857142857143,-175.10129143646407
3.732857142857143,-174.9712914364641
3.862857142857143,-174.9712914364641
3.992857142857143,-174.8412914364641
4.122857142857143,-174.71129143646408
4.252857142857143,-174.71129143646408
4.382857142857143,-174.5812914364641
4.5128571428571425,-174.45129143646412
4.642857142857143,-174.45129143646412
4.772857142857142,-174.3212914364641
4.902857142857143,-174.19129143646413
5.032857142857144,-174.19129143646413
5.162857142857143,-174.0612914364641
5.292857142857144,-173.9312914364641
5.422857142857143,-173.9312914364641
5.422857142857143,-173.80129143646408
5.552857142857143,-173.67129143646406
5.682857142857143,-173.67129143646406
5.812857142857143,-173.5412914364641
5.942857142857143,-173.4112914364641
6.072857142857143,-173.28129143646407
6.202857142857143,-173.1512914364641
6.332857142857144,-173.0212914364641
6.462857142857143,-173.0212914364641
6.592857142857143,-172.8912914364641
6.722857142857142,-172.76129143646412
6.852857142857143,-172.76129143646412
6.982857142857142,-172.63129143646412
7.112857142857143,-172.5012914364641
7.242857142857142,-172.5012914364641
7.372857142857143,-172.3712914364641
7.502857142857143,-172.24129143646408
7.632857142857143,-172.24129143646408
7.7628571428571425,-172.1112914364641
7.892857142857142,-171.9812914364641
8.022857142857143,-171.9812914364641
8.152857142857142,-171.8512914364641
8.282857142857143,-171.7212914364641
8.412857142857142,-171.7212914364641
8.542857142857144,-171.5912914364641
8.672857142857143,-171.4612914364641
8.802857142857144,-171.4612914364641
8.932857142857143,-171.3312914364641
9.062857142857144,-171.3312914364641
9.192857142857143,-171.20129143646412
9.322857142857144,-171.07129143646407
9.452857142857143,-171.07129143646407
9.582857142857142,-170.9412914364641
9.582857142857142,-170.81129143646407
9.712857142857143,-170.68129143646408
9.842857142857143,-170.68129143646408
9.972857142857142,-170.5512914364641
10.102857142857143,-170.4212914364641
10.232857142857144,-170.4212914364641
10.362857142857141,-170.2912914364641
10.492857142857142,-170.16129143646413
10.622857142857143,-170.16129143646413
10.752857142857144,-170.0312914364641
10.88285714285714,-169.9012914364641
11.012857142857143,-169.77129143646414
11.142857142857142,-169.6412914364641
11.272857142857143,-169.6412914364641
11.402857142857146,-169.5112914364641
11.532857142857143,-169.3812914364641
11.662857142857144,-169.3812914364641
11.792857142857143,-169.2512914364641
11.922857142857145,-169.1212914364641
12.052857142857142,-169.1212914364641
12.182857142857143,-168.99129143646408
12.312857142857144,-168.86129143646411
12.442857142857145,-168.86129143646411
12.572857142857142,-168.73129143646412
12.702857142857143,-168.6012914364641
12.832857142857144,-168.6012914364641
12.962857142857144,-168.4712914364641
13.092857142857142,-168.34129143646413
13.222857142857144,-168.34129143646413
13.352857142857143,-168.21129143646408
13.352857142857143,-168.08129143646408
13.482857142857144,-167.95129143646412
13.612857142857141,-167.95129143646412
13.742857142857144,-167.8212914364641
13.872857142857143,-167.6912914364641
14.002857142857144,-167.6912914364641
14.13285714285714,-167.56129143646407
14.262857142857143,-167.4312914364641
14.392857142857142,-167.4312914364641
14.522857142857145,-167.3012914364641
14.652857142857144,-167.1712914364641
14.782857142857143,-167.1712914364641
14.912857142857142,-167.04129143646412
15.042857142857144,-166.9112914364641
15.172857142857143,-166.9112914364641
15.302857142857142,-166.78129143646407
15.432857142857141,-166.65129143646408
15.562857142857144,-166.65129143646408
15.692857142857143,-166.5212914364641
15.822857142857142,-166.3912914364641
15.952857142857143,-166.3912914364641
16.082857142857144,-166.2612914364641
16.212857142857146,-166.13129143646412
16.34285714285714,-166.0012914364641
16.472857142857144,-165.8712914364641
16.602857142857143,-165.8712914364641
16.732857142857146,-165.7412914364641
16.86285714285714,-165.61129143646411
16.992857142857144,-165.61129143646411
16.992857142857144,-165.4812914364641
17.122857142857143,-165.35129143646407
17.252857142857145,-165.2212914364641
17.38285714285714,-165.2212914364641
17.512857142857143,-165.0912914364641
17.642857142857142,-164.96129143646408
17.772857142857145,-164.96129143646408
17.902857142857144,-164.8312914364641
18.032857142857143,-164.70129143646412
18.162857142857142,-164.70129143646412
18.292857142857144,-164.5712914364641
18.422857142857143,-164.44129143646413
18.552857142857142,-164.44129143646413
18.68285714285714,-164.3112914364641
18.812857142857144,-164.18129143646408
18.942857142857143,-164.18129143646408
19.072857142857142,-164.05129143646408
19.202857142857145,-163.9212914364641
19.332857142857144,-163.9212914364641
19.462857142857143,-163.7912914364641
19.59285714285714,-163.6612914364641
19.72285714285714,-163.6612914364641
19.852857142857143,-163.5312914364641
19.982857142857146,-163.4012914364641
20.11285714285714,-163.4012914364641
20.242857142857144,-163.2712914364641
20.372857142857143,-163.1412914364641
20.502857142857142,-163.1412914364641
20.63285714285714,-163.01129143646412
20.63285714285714,-162.88129143646412
20.762857142857143,-162.75129143646407
20.892857142857142,-162.75129143646407
21.022857142857145,-162.6212914364641
21.152857142857144,-162.49129143646408
21.282857142857143,-162.49129143646408
21.282857142857143,-162.3612914364641
21.412857142857145,-162.23129143646412
21.542857142857144,-162.23129143646412
21.67285714285714,-162.1012914364641
21.802857142857142,-161.9712914364641
21.93285714285714,-161.9712914364641
22.062857142857144,-161.84129143646413
22.192857142857147,-161.7112914364641
22.322857142857142,-161.7112914364641
22.452857142857145,-161.5812914364641
22.582857142857144,-161.45129143646412
22.712857142857143,-161.45129143646412
22.84285714285714,-161.32129143646407
22.972857142857144,-161.1912914364641
23.102857142857143,-161.1912914364641
23.232857142857146,-161.06129143646407
23.362857142857145,-160.93129143646408
23.492857142857144,-160.93129143646408
23.622857142857143,-160.8012914364641
23.752857142857145,-160.6712914364641
23.88285714285714,-160.6712914364641
24.012857142857143,-160.5412914364641
24.142857142857142,-160.41129143646413
24.272857142857145,-160.41129143646413
24.402857142857144,-160.2812914364641
24.402857142857144,-160.1512914364641
24.532857142857143,-160.0212914364641
24.662857142857145,-160.0212914364641
24.662857142857145,-159.8912914364641
24.792857142857144,-159.7612914364641
24.792857142857144,-159.6312914364641
24.92285714285714,-159.5012914364641
24.92285714285714,-159.3712914364641
25.052857142857142,-159.24129143646408
25.182857142857145,-159.11129143646411
25.182857142857145,-158.98129143646412
25.312857142857144,-158.8512914364641
25.312857142857144,-158.72129143646413
25.442857142857143,-158.5912914364641
25.312857142857144,-158.4612914364641
25.442857142857143,-158.33129143646408
25.442857142857143,-158.20129143646412
25.572857142857146,-158.0712914364641
25.702857142857145,-157.9412914364641
25.702857142857145,-157.81129143646407
25.832857142857144,-157.6812914364641
25.832857142857144,-157.5512914364641
25.96285714285714,-157.4212914364641
25.96285714285714,-157.2912914364641
26.09285714285714,-157.1612914364641
26.09285714285714,-157.0312914364641
26.222857142857144,-156.9012914364641
26.352857142857143,-156.7712914364641
26.352857142857143,-156.6412914364641
26.482857142857142,-156.51129143646412
26.482857142857142,-156.3812914364641
26.612857142857145,-156.2512914364641
26.612857142857145,-156.1212914364641
26.742857142857144,-155.9912914364641
26.742857142857144,-155.8612914364641
26.872857142857143,-155.7312914364641
27.00285714285714,-155.60129143646412
27.00285714285714,-155.4712914364641
27.13285714285714,-155.3412914364641
27.13285714285714,-155.21129143646408
27.262857142857143,-155.0812914364641
27.262857142857143,-154.9512914364641
27.392857142857146,-154.8212914364641
27.262857142857143,-154.69129143646413
27.392857142857146,-154.5612914364641
27.522857142857145,-154.43129143646408
27.522857142857145,-154.30129143646408
27.652857142857144,-154.17129143646412
27.652857142857144,-154.0412914364641
27.782857142857146,-153.9112914364641
27.782857142857146,-153.7812914364641
27.912857142857145,-153.6512914364641
27.912857142857145,-153.52129143646408
27.912857142857145,-153.39129143646412
28.042857142857144,-153.26129143646412
28.17285714285714,-153.1312914364641
28.17285714285714,-153.00129143646407
28.302857142857142,-152.8712914364641
28.302857142857142,-152.7412914364641
28.432857142857145,-152.6112914364641
28.432857142857145,-152.48129143646406
28.562857142857144,-152.3512914364641
28.562857142857144,-152.2212914364641
28.692857142857143,-152.09129143646408
28.822857142857146,-151.9612914364641
28.822857142857146,-151.8312914364641
28.952857142857145,-151.7012914364641
28.952857142857145,-151.5712914364641
29.082857142857144,-151.4412914364641
29.082857142857144,-151.3112914364641
29.21285714285714,-151.1812914364641
29.082857142857144,-151.0512914364641
29.21285714285714,-150.92129143646412
29.34285714285714,-150.7912914364641
29.34285714285714,-150.6612914364641
29.472857142857144,-150.5312914364641
29.472857142857144,-150.4012914364641
29.602857142857147,-150.2712914364641
29.602857142857147,-150.1412914364641
29.732857142857142,-150.0112914364641
29.732857142857142,-149.8812914364641
29.862857142857145,-149.7512914364641
29.992857142857147,-149.6212914364641
29.992857142857147,-149.4912914364641
30.122857142857143,-149.3612914364641
30.122857142857143,-149.2312914364641
30.252857142857142,-149.1012914364641
30.252857142857142,-148.9712914364641
30.38285714285714,-148.8412914364641
30.38285714285714,-148.7112914364641
30.512857142857143,-148.58129143646408
30.642857142857146,-148.4512914364641
30.642857142857146,-148.3212914364641
30.77285714285714,-148.1912914364641
30.77285714285714,-148.0612914364641
30.902857142857144,-147.93129143646408
30.902857142857144,-147.8012914364641
31.032857142857146,-147.67129143646412
31.032857142857146,-147.5412914364641
31.162857142857145,-147.4112914364641
31.162857142857145,-147.2812914364641
31.162857142857145,-147.1512914364641
31.29285714285714,-147.02129143646408
31.29285714285714,-146.8912914364641
31.42285714285714,-146.76129143646412
31.42285714285714,-146.6312914364641
31.552857142857142,-146.5012914364641
31.552857142857142,-146.3712914364641
31.552857142857142,-146.2412914364641
31.682857142857145,-146.11129143646411
31.81285714285714,-145.9812914364641
31.81285714285714,-145.8512914364641
31.942857142857143,-145.7212914364641
31.942857142857143,-145.5912914364641
32.072857142857146,-145.4612914364641
32.072857142857146,-145.3312914364641
32.20285714285715,-145.2012914364641
32.20285714285715,-145.0712914364641
32.332857142857144,-144.9412914364641
32.46285714285714,-144.8112914364641
32.46285714285714,-144.6812914364641
32.59285714285714,-144.5512914364641
32.59285714285714,-144.4212914364641
32.722857142857144,-144.2912914364641
32.722857142857144,-144.1612914364641
32.85285714285715,-144.0312914364641
32.85285714285715,-143.9012914364641
32.98285714285714,-143.77129143646408
33.112857142857145,-143.6412914364641
32.98285714285714,-143.5112914364641
33.112857142857145,-143.3812914364641
33.112857142857145,-143.2512914364641
33.24285714285715,-143.1212914364641
33.24285714285715,-142.9912914364641
33.37285714285714,-142.8612914364641
33.37285714285714,-142.7312914364641
33.50285714285714,-142.60129143646412
33.63285714285714,-142.4712914364641
33.63285714285714,-142.3412914364641
33.76285714285714,-142.2112914364641
33.892857142857146,-142.0812914364641
34.02285714285714,-142.0812914364641
34.152857142857144,-141.9512914364641
34.28285714285715,-141.8212914364641
34.41285714285715,-141.8212914364641
34.54285714285714,-141.6912914364641
34.67285714285714,-141.6912914364641
34.80285714285714,-141.5612914364641
34.932857142857145,-141.5612914364641
35.06285714285714,-141.4312914364641
35.19285714285714,-141.3012914364641
35.322857142857146,-141.17129143646412
35.45285714285715,-141.0412914364641
35.582857142857144,-141.0412914364641
35.71285714285714,-140.9112914364641
35.84285714285714,-140.9112914364641
35.972857142857144,-140.7812914364641
36.10285714285714,-140.6512914364641
36.23285714285714,-140.6512914364641
36.362857142857145,-140.5212914364641
36.49285714285715,-140.5212914364641
36.62285714285714,-140.3912914364641
36.75285714285714,-140.3912914364641
36.88285714285714,-140.2612914364641
37.01285714285714,-140.1312914364641
37.142857142857146,-140.1312914364641
37.27285714285714,-140.0012914364641
37.402857142857144,-140.0012914364641
37.53285714285715,-139.8712914364641
37.66285714285715,-139.8712914364641
37.792857142857144,-139.74129143646408
37.92285714285714,-139.6112914364641
38.05285714285714,-139.4812914364641
38.18285714285714,-139.4812914364641
38.31285714285714,-139.3512914364641
38.44285714285714,-139.3512914364641
38.572857142857146,-139.2212914364641
38.70285714285715,-139.09129143646408
38.832857142857144,-139.09129143646408
38.832857142857144,-138.9612914364641
38.96285714285714,-138.8312914364641
39.09285714285714,-138.8312914364641
39.09285714285714,-138.7012914364641
39.09285714285714,-138.5712914364641
39.09285714285714,-138.4412914364641
39.09285714285714,-138.3112914364641
39.09285714285714,-138.18129143646408
39.09285714285714,-138.0512914364641
39.09285714285714,-137.92129143646412
39.09285714285714,-137.7912914364641
39.09285714285714,-137.6612914364641
39.09285714285714,-137.5312914364641
39.09285714285714,-137.4012914364641
39.09285714285714,-137.2712914364641
39.09285714285714,-137.1412914364641
39.09285714285714,-137.0112914364641
39.09285714285714,-136.8812914364641
39.09285714285714,-136.7512914364641
39.09285714285714,-136.6212914364641
39.09285714285714,-136.4912914364641
39.09285714285714,-136.36129143646411
39.09285714285714,-136.2312914364641
39.09285714285714,-136.1012914364641
38.96285714285714,-135.9712914364641
38.96285714285714,-135.8412914364641
38.96285714285714,-135.7112914364641
38.96285714285714,-135.58129143646408
38.96285714285714,-135.4512914364641
38.96285714285714,-135.3212914364641
38.96285714285714,-135.1912914364641
38.96285714285714,-135.0612914364641
38.96285714285714,-134.93129143646408
38.96285714285714,-134.8012914364641
38.96285714285714,-134.6712914364641
38.96285714285714,-134.5412914364641
38.96285714285714,-134.4112914364641
38.96285714285714,-134.2812914364641
38.96285714285714,-134.1512914364641
38.96285714285714,-134.02129143646408
38.96285714285714,-133.8912914364641
38.96285714285714,-133.76129143646412
38.96285714285714,-133.6312914364641
38.96285714285714,-133.5012914364641
38.96285714285714,-133.3712914364641
38.96285714285714,-133.2412914364641
38.96285714285714,-133.1112914364641
38.96285714285714,-132.9812914364641
39.09285714285714,-132.8512914364641
39.222857142857144,-132.7212914364641
39.222857142857144,-132.5912914364641
39.35285714285715,-132.4612914364641
39.48285714285715,-132.3312914364641
39.48285714285715,-132.2012914364641
39.612857142857145,-132.0712914364641
39.74285714285714,-131.9412914364641
39.87285714285714,-131.8112914364641
40.002857142857145,-131.6812914364641
40.13285714285714,-131.5512914364641
40.13285714285714,-131.4212914364641
40.26285714285715,-131.2912914364641
40.39285714285714,-131.1612914364641
40.52285714285714,-131.0312914364641
40.652857142857144,-130.9012914364641
40.78285714285714,-130.77129143646408
40.91285714285715,-130.6412914364641
41.042857142857144,-130.5112914364641
41.17285714285714,-130.3812914364641
41.30285714285714,-130.2512914364641
41.30285714285714,-130.1212914364641
41.432857142857145,-129.9912914364641
41.56285714285715,-129.8612914364641
41.69285714285714,-129.7312914364641
41.822857142857146,-129.6012914364641
41.95285714285714,-129.4712914364641
42.082857142857144,-129.34129143646408
42.21285714285714,-129.2112914364641
42.34285714285715,-129.0812914364641
42.34285714285715,-128.9512914364641
42.472857142857144,-128.8212914364641
42.472857142857144,-128.6912914364641
42.60285714285714,-128.5612914364641
42.60285714285714,-128.4312914364641
42.73285714285714,-128.3012914364641
42.86285714285714,-128.17129143646412
42.99285714285715,-128.0412914364641
43.12285714285714,-127.91129143646408
43.25285714285715,-127.7812914364641
43.25285714285715,-127.6512914364641
43.38285714285714,-127.5212914364641
43.51285714285714,-127.39129143646409
43.642857142857146,-127.26129143646409
43.77285714285714,-127.1312914364641
43.902857142857144,-127.0012914364641
44.03285714285715,-126.8712914364641
44.16285714285714,-126.74129143646411
44.292857142857144,-126.61129143646409
44.292857142857144,-126.48129143646409
44.42285714285715,-126.35129143646411
44.55285714285714,-126.2212914364641
44.68285714285715,-126.0912914364641
44.81285714285714,-125.9612914364641
44.942857142857136,-125.8312914364641
45.072857142857146,-125.70129143646409
45.20285714285714,-125.5712914364641
45.33285714285715,-125.44129143646411
45.33285714285715,-125.31129143646409
45.462857142857146,-125.1812914364641
45.59285714285714,-125.05129143646411
45.722857142857144,-124.9212914364641
45.85285714285714,-124.7912914364641
45.85285714285714,-124.66129143646408
45.98285714285714,-124.5312914364641
46.112857142857145,-124.40129143646409
46.112857142857145,-124.2712914364641
46.24285714285715,-124.1412914364641
46.37285714285714,-124.0112914364641
46.37285714285714,-123.8812914364641
46.502857142857145,-123.75129143646409
46.63285714285714,-123.6212914364641
46.76285714285715,-123.49129143646411
46.892857142857146,-123.3612914364641
47.022857142857134,-123.23129143646409
47.152857142857144,-123.1012914364641
47.28285714285714,-122.9712914364641
47.41285714285715,-122.84129143646409
47.41285714285715,-122.71129143646411
47.542857142857144,-122.5812914364641
47.67285714285715,-122.45129143646409
47.80285714285714,-122.3212914364641
47.932857142857145,-122.1912914364641
48.06285714285715,-122.0612914364641
48.19285714285714,-121.93129143646411
48.322857142857146,-121.8012914364641
48.45285714285715,-121.6712914364641
48.45285714285715,-121.54129143646409
48.582857142857144,-121.4112914364641
48.71285714285714,-121.28129143646412
48.84285714285715,-121.15129143646409
48.972857142857144,-121.0212914364641
48.972857142857144,-120.89129143646409
49.10285714285715,-120.7612914364641
49.23285714285714,-120.63129143646411
49.36285714285714,-120.50129143646409
49.36285714285714,-120.3712914364641
49.49285714285715,-120.2412914364641
49.62285714285714,-120.1112914364641
49.752857142857145,-119.98129143646409
49.752857142857145,-119.85129143646411
49.88285714285715,-119.7212914364641
50.01285714285714,-119.59129143646409
50.142857142857146,-119.46129143646411
50.27285714285714,-119.3312914364641
50.402857142857144,-119.2012914364641
50.53285714285715,-119.07129143646408
50.53285714285715,-118.9412914364641
50.66285714285715,-118.8112914364641
50.79285714285714,-118.6812914364641
50.92285714285715,-118.55129143646411
51.05285714285714,-118.42129143646409
51.18285714285715,-118.29129143646409
51.31285714285715,-118.1612914364641
51.31285714285715,-118.0312914364641
51.442857142857136,-117.9012914364641
51.442857142857136,-117.77129143646408
51.442857142857136,-117.64129143646409
51.572857142857146,-117.5112914364641
51.572857142857146,-117.3812914364641
51.70285714285714,-117.2512914364641
51.572857142857146,-117.12129143646412
51.70285714285714,-116.9912914364641
51.70285714285714,-116.86129143646409
51.832857142857144,-116.73129143646409
51.832857142857144,-116.60129143646411
51.962857142857146,-116.4712914364641
51.962857142857146,-116.34129143646409
52.09285714285715,-116.21129143646411
52.09285714285715,-116.0812914364641
52.222857142857144,-115.9512914364641
52.222857142857144,-115.8212914364641
52.222857142857144,-115.6912914364641
52.35285714285714,-115.56129143646409
52.35285714285714,-115.4312914364641
52.48285714285714,-115.30129143646411
52.48285714285714,-115.1712914364641
52.612857142857145,-115.0412914364641
52.612857142857145,-114.91129143646408
52.74285714285715,-114.7812914364641
52.74285714285715,-114.6512914364641
52.872857142857136,-114.5212914364641
52.872857142857136,-114.3912914364641
53.002857142857145,-114.26129143646409
53.002857142857145,-114.1312914364641
53.13285714285714,-114.00129143646409
53.13285714285714,-113.8712914364641
53.26285714285715,-113.74129143646411
53.26285714285715,-113.61129143646409
53.26285714285715,-113.48129143646409
53.26285714285715,-113.35129143646411
53.26285714285715,-113.2212914364641
53.26285714285715,-113.0912914364641
53.392857142857146,-112.96129143646411
53.392857142857146,-112.8312914364641
53.522857142857134,-112.70129143646409
53.522857142857134,-112.5712914364641
53.652857142857144,-112.44129143646411
53.652857142857144,-112.3112914364641
53.78285714285714,-112.1812914364641
53.78285714285714,-112.0512914364641
53.91285714285715,-111.9212914364641
53.91285714285715,-111.7912914364641
54.042857142857144,-111.6612914364641
54.042857142857144,-111.5312914364641
54.042857142857144,-111.40129143646409
54.17285714285715,-111.2712914364641
54.17285714285715,-111.14129143646409
54.30285714285715,-111.0112914364641
54.30285714285715,-110.8812914364641
54.432857142857145,-110.75129143646409
54.432857142857145,-110.6212914364641
54.56285714285714,-110.4912914364641
54.56285714285714,-110.3612914364641
54.69285714285714,-110.2312914364641
54.69285714285714,-110.1012914364641
54.822857142857146,-109.9712914364641
54.822857142857146,-109.84129143646409
54.95285714285715,-109.71129143646411
54.822857142857146,-109.58129143646411
54.822857142857146,-109.45129143646409
54.95285714285715,-109.3212914364641
54.95285714285715,-109.1912914364641
55.08285714285715,-109.0612914364641
55.08285714285715,-108.93129143646411
55.21285714285714,-108.8012914364641
55.21285714285714,-108.6712914364641
55.34285714285715,-108.54129143646409
55.34285714285715,-108.4112914364641
55.472857142857144,-108.28129143646412
55.472857142857144,-108.15129143646409
55.60285714285714,-108.0212914364641
55.60285714285714,-107.89129143646409
55.73285714285715,-107.7612914364641
55.73285714285715,-107.6312914364641
55.86285714285714,-107.5012914364641
55.86285714285714,-107.3712914364641
55.86285714285714,-107.2412914364641
55.99285714285715,-107.1112914364641
55.99285714285715,-106.98129143646409
56.12285714285714,-106.85129143646411
56.12285714285714,-106.72129143646409
56.252857142857145,-106.59129143646409
56.252857142857145,-106.46129143646411
56.38285714285715,-106.3312914364641
56.38285714285715,-106.2012914364641
56.51285714285715,-106.07129143646408
56.51285714285715,-105.9412914364641
56.51285714285715,-105.8112914364641
56.51285714285715,-105.6812914364641
56.64285714285714,-105.55129143646411
56.64285714285714,-105.42129143646412
56.64285714285714,-105.29129143646409
56.77285714285714,-105.16129143646408
56.77285714285714,-105.0312914364641
56.902857142857144,-104.9012914364641
56.902857142857144,-104.7712914364641
56.902857142857144,-104.64129143646409
57.03285714285715,-104.5112914364641
57.03285714285715,-104.3812914364641
57.16285714285715,-104.2512914364641
57.16285714285715,-104.1212914364641
57.29285714285714,-103.9912914364641
57.29285714285714,-103.86129143646409
57.42285714285715,-103.73129143646409
57.42285714285715,-103.60129143646411
57.55285714285714,-103.4712914364641
57.55285714285714,-103.34129143646409
57.55285714285714,-103.2112914364641
57.68285714285715,-103.0812914364641
57.68285714285715,-102.9512914364641
57.81285714285715,-102.8212914364641
57.81285714285715,-102.69129143646411
57.942857142857136,-102.56129143646409
57.942857142857136,-102.4312914364641
58.072857142857146,-102.30129143646411
58.072857142857146,-102.1712914364641
58.072857142857146,-102.0412914364641
58.072857142857146,-101.91129143646408
58.20285714285714,-101.7812914364641
58.20285714285714,-101.65129143646409
58.332857142857144,-101.5212914364641
58.332857142857144,-101.3912914364641
58.462857142857146,-101.26129143646409
58.462857142857146,-101.1312914364641
58.462857142857146,-101.00129143646409
58.59285714285715,-100.8712914364641
58.59285714285715,-100.74129143646411
58.72285714285715,-100.6112914364641
58.72285714285715,-100.48129143646409
58.85285714285714,-100.3512914364641
58.85285714285714,-100.2212914364641
58.98285714285714,-100.0912914364641
58.98285714285714,-99.96129143646411
59.112857142857145,-99.8312914364641
59.112857142857145,-99.70129143646409
59.24285714285715,-99.5712914364641
59.24285714285715,-99.44129143646411
59.24285714285715,-99.3112914364641
59.24285714285715,-99.1812914364641
59.372857142857136,-99.0512914364641
59.372857142857136,-98.9212914364641
59.372857142857136,-98.79129143646409
59.372857142857136,-98.6612914364641
59.502857142857145,-98.53129143646412
59.502857142857145,-98.40129143646409
59.372857142857136,-98.2712914364641
59.372857142857136,-98.14129143646409
59.502857142857145,-98.0112914364641
59.502857142857145,-97.88129143646411
59.502857142857145,-97.75129143646409
59.502857142857145,-97.6212914364641
59.63285714285714,-97.4912914364641
59.63285714285714,-97.3612914364641
59.63285714285714,-97.23129143646409
59.63285714285714,-97.1012914364641
59.76285714285715,-96.9712914364641
59.76285714285715,-96.84129143646409
59.76285714285715,-96.71129143646411
59.892857142857146,-96.58129143646411
59.892857142857146,-96.45129143646409
59.892857142857146,-96.32129143646408
59.892857142857146,-96.1912914364641
60.02285714285714,-96.0612914364641
60.02285714285714,-95.9312914364641
60.02285714285714,-95.80129143646411
60.02285714285714,-95.6712914364641
60.15285714285715,-95.54129143646409
60.15285714285715,-95.4112914364641
60.15285714285715,-95.2812914364641
60.15285714285715,-95.1512914364641
60.28285714285714,-95.02129143646408
60.28285714285714,-94.89129143646409
60.28285714285714,-94.7612914364641
60.15285714285715,-94.6312914364641
60.28285714285714,-94.5012914364641
60.28285714285714,-94.37129143646409
60.28285714285714,-94.2412914364641
60.41285714285714,-94.1112914364641
60.41285714285714,-93.98129143646409
60.41285714285714,-93.85129143646411
60.41285714285714,-93.7212914364641
60.41285714285714,-93.59129143646409
60.542857142857144,-93.46129143646411
60.542857142857144,-93.3312914364641
60.542857142857144,-93.2012914364641
60.542857142857144,-93.0712914364641
60.67285714285715,-92.9412914364641
60.67285714285715,-92.81129143646409
60.67285714285715,-92.6812914364641
60.67285714285715,-92.55129143646411
60.80285714285715,-92.4212914364641
60.80285714285715,-92.29129143646409
60.80285714285715,-92.16129143646408
60.80285714285715,-92.0312914364641
60.93285714285715,-91.9012914364641
60.93285714285715,-91.7712914364641
60.93285714285715,-91.64129143646409
60.93285714285715,-91.51129143646409
61.06285714285714,-91.3812914364641
61.06285714285714,-91.2512914364641
61.06285714285714,-91.1212914364641
61.19285714285714,-90.99129143646411
61.06285714285714,-90.86129143646409
61.06285714285714,-90.73129143646409
61.06285714285714,-90.60129143646411
61.19285714285714,-90.4712914364641
61.19285714285714,-90.3412914364641
61.19285714285714,-90.2112914364641
61.19285714285714,-90.0812914364641
61.322857142857146,-89.95129143646409
61.322857142857146,-89.8212914364641
61.322857142857146,-89.69129143646411
61.322857142857146,-89.56129143646409
61.45285714285714,-89.4312914364641
61.45285714285714,-89.3012914364641
61.45285714285714,-89.1712914364641
61.45285714285714,-89.0412914364641
61.58285714285715,-88.91129143646408
61.58285714285715,-88.7812914364641
61.58285714285715,-88.65129143646409
61.71285714285714,-88.5212914364641
61.71285714285714,-88.39129143646409
61.71285714285714,-88.2612914364641
61.71285714285714,-88.1312914364641
61.84285714285715,-88.00129143646409
61.84285714285715,-87.8712914364641
61.84285714285715,-87.74129143646411
61.84285714285715,-87.6112914364641
61.972857142857144,-87.48129143646408
61.972857142857144,-87.3512914364641
61.972857142857144,-87.2212914364641
61.84285714285715,-87.09129143646409
61.972857142857144,-86.96129143646411
61.972857142857144,-86.8312914364641
61.972857142857144,-86.70129143646409
61.972857142857144,-86.5712914364641
62.10285714285714,-86.4412914364641
62.10285714285714,-86.3112914364641
62.10285714285714,-86.18129143646411
62.10285714285714,-86.0512914364641
62.23285714285715,-85.9212914364641
62.23285714285715,-85.79129143646409
62.23285714285715,-85.6612914364641
62.36285714285714,-85.53129143646412
62.36285714285714,-85.40129143646409
62.36285714285714,-85.2712914364641
62.36285714285714,-85.14129143646409
62.49285714285714,-85.0112914364641
62.49285714285714,-84.8812914364641
62.49285714285714,-84.75129143646409
62.49285714285714,-84.6212914364641
62.62285714285714,-84.4912914364641
62.62285714285714,-84.3612914364641
62.62285714285714,-84.23129143646409
62.62285714285714,-84.10129143646411
62.752857142857145,-83.97129143646409
62.752857142857145,-83.84129143646409
62.752857142857145,-83.71129143646411
62.752857142857145,-83.5812914364641
62.88285714285715,-83.4512914364641
62.752857142857145,-83.32129143646408
62.752857142857145,-83.1912914364641
62.752857142857145,-83.0612914364641
62.752857142857145,-82.9312914364641
62.752857142857145,-82.80129143646411
62.62285714285714,-82.67129143646409
62.62285714285714,-82.54129143646409
62.62285714285714,-82.4112914364641
62.49285714285714,-82.2812914364641
62.49285714285714,-82.1512914364641
62.49285714285714,-82.02129143646408
62.36285714285714,-81.89129143646409
62.36285714285714,-81.7612914364641
62.36285714285714,-81.6312914364641
62.23285714285715,-81.5012914364641
62.23285714285715,-81.3712914364641
62.23285714285715,-81.2412914364641
62.10285714285714,-81.11129143646409
62.10285714285714,-80.98129143646409
62.10285714285714,-80.85129143646411
61.972857142857144,-80.7212914364641
61.972857142857144,-80.59129143646409
61.972857142857144,-80.4612914364641
61.84285714285715,-80.3312914364641
61.84285714285715,-80.2012914364641
61.84285714285715,-80.0712914364641
61.71285714285714,-79.9412914364641
61.71285714285714,-79.81129143646409
61.58285714285715,-79.6812914364641
61.45285714285714,-79.55129143646411
61.45285714285714,-79.4212914364641
61.45285714285714,-79.2912914364641
61.322857142857146,-79.1612914364641
61.322857142857146,-79.0312914364641
61.322857142857146,-78.9012914364641
61.19285714285714,-78.7712914364641
61.19285714285714,-78.6412914364641
61.19285714285714,-78.51129143646409
61.06285714285714,-78.3812914364641
61.06285714285714,-78.25129143646411
61.06285714285714,-78.12129143646409
60.93285714285715,-77.99129143646411
60.93285714285715,-77.86129143646409
60.93285714285715,-77.7312914364641
60.80285714285715,-77.6012914364641
60.80285714285715,-77.4712914364641
60.80285714285715,-77.3412914364641
60.67285714285715,-77.2112914364641
60.67285714285715,-77.0812914364641
60.67285714285715,-76.95129143646409
60.542857142857144,-76.8212914364641
60.542857142857144,-76.69129143646408
60.542857142857144,-76.5612914364641
60.41285714285714,-76.4312914364641
60.41285714285714,-76.3012914364641
60.41285714285714,-76.1712914364641
60.28285714285714,-76.04129143646409
60.15285714285715,-75.9112914364641
60.02285714285714,-75.7812914364641
60.02285714285714,-75.65129143646409
60.02285714285714,-75.5212914364641
59.892857142857146,-75.3912914364641
59.892857142857146,-75.2612914364641
59.892857142857146,-75.1312914364641
59.76285714285715,-75.0012914364641
59.76285714285715,-74.87129143646409
59.76285714285715,-74.7412914364641
59.63285714285714,-74.61129143646409
59.63285714285714,-74.4812914364641
59.63285714285714,-74.3512914364641
59.502857142857145,-74.2212914364641
59.502857142857145,-74.0912914364641
59.502857142857145,-73.9612914364641
59.372857142857136,-73.8312914364641
59.372857142857136,-73.7012914364641
59.372857142857136,-73.5712914364641
59.24285714285715,-73.4412914364641
59.24285714285715,-73.3112914364641
59.24285714285715,-73.1812914364641
59.112857142857145,-73.0512914364641
59.112857142857145,-72.9212914364641
59.112857142857145,-72.79129143646409
58.98285714285714,-72.6612914364641
58.98285714285714,-72.53129143646409
58.98285714285714,-72.40129143646409
58.85285714285714,-72.40129143646409
58.72285714285715,-72.2712914364641
58.72285714285715,-72.1412914364641
58.72285714285715,-72.0112914364641
58.59285714285715,-71.8812914364641
58.59285714285715,-71.7512914364641
58.59285714285715,-71.62129143646409
58.462857142857146,-71.4912914364641
58.462857142857146,-71.3612914364641
58.462857142857146,-71.2312914364641
58.332857142857144,-71.1012914364641
58.332857142857144,-70.9712914364641
58.332857142857144,-70.8412914364641
58.20285714285714,-70.7112914364641
58.20285714285714,-70.5812914364641
58.20285714285714,-70.45129143646409
58.072857142857146,-70.3212914364641
58.072857142857146,-70.1912914364641
58.072857142857146,-70.0612914364641
57.942857142857136,-69.9312914364641
57.942857142857136,-69.8012914364641
57.942857142857136,-69.6712914364641
57.81285714285715,-69.54129143646409
57.81285714285715,-69.4112914364641
57.81285714285715,-69.2812914364641
57.68285714285715,-69.1512914364641
57.68285714285715,-69.0212914364641
57.68285714285715,-68.8912914364641
57.55285714285714,-68.76129143646409
57.55285714285714,-68.6312914364641
57.42285714285715,-68.5012914364641
57.29285714285714,-68.37129143646409
57.29285714285714,-68.2412914364641
57.29285714285714,-68.1112914364641
57.16285714285715,-67.98129143646409
57.16285714285715,-67.8512914364641
57.16285714285715,-67.7212914364641
57.03285714285715,-67.5912914364641
57.03285714285715,-67.4612914364641
57.03285714285715,-67.3312914364641
56.902857142857144,-67.20129143646409
56.902857142857144,-67.07129143646411
56.902857142857144,-66.9412914364641
56.77285714285714,-66.8112914364641
56.77285714285714,-66.6812914364641
56.77285714285714,-66.5512914364641
56.64285714285714,-66.4212914364641
56.64285714285714,-66.29129143646409
56.64285714285714,-66.1612914364641
56.51285714285715,-66.03129143646409
56.51285714285715,-65.90129143646409
56.51285714285715,-65.7712914364641
56.38285714285715,-65.6412914364641
56.38285714285715,-65.5112914364641
56.38285714285715,-65.3812914364641
56.38285714285715,-65.2512914364641
56.38285714285715,-65.12129143646409
56.38285714285715,-64.9912914364641
56.38285714285715,-64.8612914364641
56.38285714285715,-64.7312914364641
56.38285714285715,-64.6012914364641
56.38285714285715,-64.4712914364641
56.38285714285715,-64.3412914364641
56.38285714285715,-64.2112914364641
56.38285714285715,-64.0812914364641
56.38285714285715,-63.95129143646409
56.38285714285715,-63.8212914364641
56.38285714285715,-63.6912914364641
56.38285714285715,-63.561291436464096
56.38285714285715,-63.43129143646409
56.38285714285715,-63.3012914364641
56.38285714285715,-63.1712914364641
56.38285714285715,-63.0412914364641
56.38285714285715,-62.9112914364641
56.38285714285715,-62.781291436464095
56.38285714285715,-62.6512914364641
56.38285714285715,-62.52129143646409
56.38285714285715,-62.3912914364641
56.38285714285715,-62.261291436464106
56.38285714285715,-62.131291436464096
56.38285714285715,-62.0012914364641
56.38285714285715,-61.87129143646416
56.38285714285715,-61.74129143646416
56.38285714285715,-61.61129143646416
56.38285714285715,-61.48129143646416
56.38285714285715,-61.35129143646415
56.38285714285715,-61.22129143646416
56.252857142857145,-61.09129143646416
56.252857142857145,-60.96129143646416
56.252857142857145,-60.83129143646416
56.252857142857145,-60.70129143646415
56.252857142857145,-60.57129143646416
56.252857142857145,-60.44129143646415
56.252857142857145,-60.31129143646416
56.252857142857145,-60.181291436464164
56.252857142857145,-60.051291436464155
56.252857142857145,-59.92129143646416
56.252857142857145,-59.791291436464164
56.252857142857145,-59.66129143646416
56.252857142857145,-59.53129143646416
56.252857142857145,-59.401291436464156
56.252857142857145,-59.27129143646415
56.252857142857145,-59.14129143646416
56.252857142857145,-59.01129143646416
56.252857142857145,-58.88129143646416
56.252857142857145,-58.751291436464165
56.252857142857145,-58.621291436464155
56.252857142857145,-58.49129143646416
56.252857142857145,-58.36129143646415
56.252857142857145,-58.23129143646416
56.252857142857145,-58.10129143646416
56.252857142857145,-57.971291436464156
56.252857142857145,-57.84129143646416
56.252857142857145,-57.71129143646416
56.252857142857145,-57.58129143646416
56.12285714285714,-57.45129143646416
56.12285714285714,-57.32129143646416
56.12285714285714,-57.191291436464155
56.12285714285714,-57.06129143646416
56.252857142857145,-56.93129143646416
56.252857142857145,-56.80129143646416
56.252857142857145,-56.671291436464166
56.252857142857145,-56.54129143646416
56.252857142857145,-56.41129143646416
56.252857142857145,-56.28129143646415
56.252857142857145,-56.15129143646416
56.252857142857145,-56.02129143646416
56.252857142857145,-55.89129143646416
56.252857142857145,-55.76129143646416
56.252857142857145,-55.63129143646416
56.252857142857145,-55.50129143646416
56.252857142857145,-55.37129143646416
56.252857142857145,-55.24129143646416
56.252857142857145,-55.11129143646416
56.252857142857145,-54.98129143646416
56.252857142857145,-54.85129143646415
56.252857142857145,-54.721291436464156
56.252857142857145,-54.59129143646417
56.252857142857145,-54.46129143646416
56.252857142857145,-54.33129143646416
56.252857142857145,-54.20129143646415
56.252857142857145,-54.07129143646416
56.252857142857145,-53.94129143646416
56.252857142857145,-53.81129143646416
56.12285714285714,-53.681291436464164
56.12285714285714,-53.551291436464155
56.12285714285714,-53.42129143646416
56.12285714285714,-53.29129143646416
56.12285714285714,-53.16129143646416
56.12285714285714,-53.03129143646416
56.12285714285714,-52.90129143646416
56.12285714285714,-52.77129143646415
56.12285714285714,-52.64129143646416
56.12285714285714,-52.511291436464155
56.12285714285714,-52.38129143646416
56.12285714285714,-52.251291436464165
56.12285714285714,-52.121291436464155
56.12285714285714,-51.99129143646416
56.12285714285714,-51.86129143646416
56.12285714285714,-51.73129143646416
56.12285714285714,-51.60129143646416
56.12285714285714,-51.471291436464156
56.12285714285714,-51.34129143646416
56.12285714285714,-51.21129143646416
56.12285714285714,-51.081291436464156
56.12285714285714,-50.95129143646416
56.12285714285714,-50.821291436464165
56.12285714285714,-50.691291436464155
56.12285714285714,-50.56129143646416
56.12285714285714,-50.43129143646416
56.12285714285714,-50.301291436464155
56.12285714285714,-50.171291436464166
56.12285714285714,-50.04129143646416
55.99285714285715,-49.91129143646416
55.99285714285715,-49.78129143646415
55.99285714285715,-49.651291436464156
55.99285714285715,-49.52129143646416
55.99285714285715,-49.39129143646416
55.99285714285715,-49.26129143646416
55.99285714285715,-49.13129143646416
56.12285714285714,-49.00129143646416
56.12285714285714,-48.871291436464155
56.12285714285714,-48.74129143646416
56.12285714285714,-48.61129143646416
56.12285714285714,-48.48129143646416
56.12285714285714,-48.35129143646415
56.12285714285714,-48.221291436464156
56.12285714285714,-48.09129143646417
56.12285714285714,-47.96129143646416
56.12285714285714,-47.83129143646416
56.12285714285714,-47.70129143646415
56.12285714285714,-47.57129143646416
56.12285714285714,-47.441291436464155
56.12285714285714,-47.31129143646416
56.12285714285714,-47.181291436464164
56.12285714285714,-47.05129143646416
56.12285714285714,-46.92129143646416
56.12285714285714,-46.79129143646416
56.12285714285714,-46.661291436464154
56.12285714285714,-46.53129143646416
56.12285714285714,-46.40129143646416
55.99285714285715,-46.27129143646415
55.99285714285715,-46.14129143646416
55.99285714285715,-46.01129143646417
55.99285714285715,-45.88129143646415
55.99285714285715,-45.751291436464165
55.99285714285715,-45.621291436464155
55.99285714285715,-45.49129143646416
55.99285714285715,-45.36129143646416
55.99285714285715,-45.231291436464154
55.99285714285715,-45.10129143646416
55.99285714285715,-44.97129143646416
55.99285714285715,-44.84129143646416
55.99285714285715,-44.71129143646416
55.99285714285715,-44.581291436464156
55.99285714285715,-44.45129143646415
55.99285714285715,-44.321291436464165
55.99285714285715,-44.191291436464155
55.99285714285715,-44.06129143646416
55.99285714285715,-43.93129143646416
55.99285714285715,-43.801291436464155
55.99285714285715,-43.671291436464166
55.99285714285715,-43.54129143646416
55.99285714285715,-43.41129143646416
55.99285714285715,-43.28129143646416
55.99285714285715,-43.151291436464156
55.99285714285715,-43.02129143646415
55.99285714285715,-42.89129143646416
55.99285714285715,-42.76129143646416
55.99285714285715,-42.63129143646416
55.86285714285714,-42.50129143646416
55.86285714285714,-42.371291436464155
55.86285714285714,-42.24129143646417
55.86285714285714,-42.11129143646416
55.86285714285714,-41.98129143646416
55.86285714285714,-41.85129143646415
55.86285714285714,-41.721291436464156
55.86285714285714,-41.59129143646417
55.86285714285714,-41.46129143646415
55.86285714285714,-41.33129143646416
55.86285714285714,-41.20129143646416
55.86285714285714,-41.07129143646416
55.86285714285714,-40.941291436464155
55.86285714285714,-40.81129143646415
55.86285714285714,-40.681291436464164
55.86285714285714,-40.55129143646416
55.86285714285714,-40.42129143646416
55.86285714285714,-40.29129143646416
55.86285714285714,-40.16129143646416
55.86285714285714,-40.03129143646415
55.86285714285714,-39.90129143646416
55.86285714285714,-39.77129143646415
55.86285714285714,-39.64129143646416
55.86285714285714,-39.511291436464155
55.86285714285714,-39.38129143646415
55.86285714285714,-39.25129143646415
55.86285714285714,-39.121291436464155
55.86285714285714,-38.99129143646416
55.86285714285714,-38.86129143646416
55.73285714285715,-38.731291436464154
55.73285714285715,-38.60129143646415
55.73285714285715,-38.47129143646416
55.73285714285715,-38.34129143646416
55.73285714285715,-38.21129143646416
55.73285714285715,-38.081291436464156
55.73285714285715,-37.95129143646416
55.73285714285715,-37.82129143646416
55.73285714285715,-37.69129143646416
55.73285714285715,-37.56129143646416
55.73285714285715,-37.43129143646416
55.73285714285715,-37.301291436464155
55.73285714285715,-37.17129143646416
55.73285714285715,-37.04129143646416
55.73285714285715,-36.911291436464154
55.73285714285715,-36.78129143646416
55.73285714285715,-36.65129143646416
55.73285714285715,-36.52129143646416
55.73285714285715,-36.39129143646416
55.73285714285715,-36.261291436464155
55.73285714285715,-36.13129143646416
55.73285714285715,-36.00129143646416
55.73285714285715,-35.871291436464155
55.73285714285715,-35.74129143646416
55.73285714285715,-35.611291436464164
55.73285714285715,-35.48129143646416
55.73285714285715,-35.35129143646416
55.73285714285715,-35.221291436464156
55.60285714285714,-35.09129143646416
55.60285714285714,-34.96129143646416
55.60285714285714,-34.831291436464156
55.60285714285714,-34.70129143646416
55.60285714285714,-34.571291436464165
55.60285714285714,-34.44129143646416
55.60285714285714,-34.31129143646416
55.60285714285714,-34.18129143646416
55.60285714285714,-34.051291436464155
55.60285714285714,-33.92129143646416
55.60285714285714,-33.79129143646416
55.60285714285714,-33.661291436464154
55.60285714285714,-33.53129143646416
55.60285714285714,-33.40129143646416
55.60285714285714,-33.27129143646416
55.60285714285714,-33.14129143646416
55.60285714285714,-33.011291436464155
55.60285714285714,-32.88129143646416
55.60285714285714,-32.75129143646416
55.60285714285714,-32.621291436464155
55.60285714285714,-32.49129143646416
55.60285714285714,-32.361291436464164
55.60285714285714,-32.23129143646416
55.60285714285714,-32.10129143646416
55.60285714285714,-31.971291436464156
55.60285714285714,-31.841291436464157
55.60285714285714,-31.71129143646416
55.60285714285714,-31.581291436464156
55.60285714285714,-31.451291436464157
55.472857142857144,-31.32129143646416
55.472857142857144,-31.19129143646416
55.472857142857144,-31.06129143646416
55.472857142857144,-30.931291436464157
55.472857142857144,-30.801291436464158
55.472857142857144,-30.67129143646416
55.472857142857144,-30.541291436464157
55.472857142857144,-30.411291436464154
55.472857142857144,-30.281291436464162
55.472857142857144,-30.15129143646416
55.472857142857144,-30.021291436464157
55.472857142857144,-29.891291436464158
55.472857142857144,-29.76129143646416
55.472857142857144,-29.631291436464156
55.472857142857144,-29.501291436464157
55.472857142857144,-29.371291436464155
55.472857142857144,-29.241291436464163
55.34285714285715,-29.11129143646416
55.34285714285715,-28.981291436464158
55.34285714285715,-28.85129143646416
55.34285714285715,-28.721291436464156
55.34285714285715,-28.591291436464157
55.34285714285715,-28.46129143646416
55.34285714285715,-28.331291436464156
55.34285714285715,-28.201291436464157
55.34285714285715,-28.07129143646416
55.34285714285715,-27.94129143646416
55.21285714285714,-27.811291436464156
55.21285714285714,-27.681291436464157
55.08285714285715,-27.551291436464158
55.08285714285715,-27.421291436464156
55.08285714285715,-27.291291436464157
55.08285714285715,-27.161291436464154
55.08285714285715,-27.031291436464162
55.08285714285715,-26.90129143646416
55.08285714285715,-26.771291436464157
55.08285714285715,-26.641291436464158
54.95285714285715,-26.51129143646416
54.95285714285715,-26.381291436464156
54.95285714285715,-26.251291436464157
54.95285714285715,-26.121291436464155
54.95285714285715,-25.991291436464163
54.95285714285715,-25.86129143646416
54.95285714285715,-25.731291436464158
54.95285714285715,-25.601291436464155
54.95285714285715,-25.47129143646416
54.95285714285715,-25.341291436464157
54.822857142857146,-25.211291436464155
54.822857142857146,-25.081291436464156
54.822857142857146,-24.95129143646416
54.822857142857146,-24.82129143646416
54.822857142857146,-24.69129143646416
54.822857142857146,-24.561291436464156
54.822857142857146,-24.43129143646416
54.822857142857146,-24.301291436464158
54.822857142857146,-24.171291436464156
54.69285714285714,-24.041291436464157
54.56285714285714,-23.911291436464154
54.56285714285714,-23.781291436464162
54.56285714285714,-23.65129143646416
54.56285714285714,-23.521291436464157
54.56285714285714,-23.391291436464154
54.56285714285714,-23.26129143646416
54.56285714285714,-23.131291436464156
54.56285714285714,-23.001291436464154
54.56285714285714,-22.871291436464155
54.432857142857145,-22.74129143646416
54.432857142857145,-22.61129143646416
54.432857142857145,-22.481291436464158
54.432857142857145,-22.351291436464155
54.432857142857145,-22.22129143646416
54.432857142857145,-22.091291436464157
54.432857142857145,-21.961291436464155
54.432857142857145,-21.831291436464156
54.432857142857145,-21.70129143646416
54.432857142857145,-21.57129143646416
54.30285714285715,-21.44129143646416
54.30285714285715,-21.311291436464156
54.30285714285715,-21.18129143646416
54.30285714285715,-21.051291436464158
54.30285714285715,-20.921291436464156
54.30285714285715,-20.791291436464153
54.30285714285715,-20.661291436464158
54.30285714285715,-20.53129143646416
54.30285714285715,-20.40129143646416
54.30285714285715,-20.271291436464157
54.17285714285715,-20.271291436464157
54.042857142857144,-20.141291436464158
54.042857142857144,-20.01129143646416
54.042857142857144,-19.881291436464156
54.042857142857144,-19.75129143646416
54.042857142857144,-19.62129143646416
54.042857142857144,-19.491291436464156
54.042857142857144,-19.36129143646416
54.042857142857144,-19.231291436464158
54.042857142857144,-19.10129143646416
54.042857142857144,-18.97129143646416
53.91285714285715,-18.841291436464157
53.91285714285715,-18.71129143646416
53.91285714285715,-18.58129143646416
53.91285714285715,-18.451291436464157
53.91285714285715,-18.321291436464158
53.91285714285715,-18.19129143646416
53.91285714285715,-18.06129143646416
53.91285714285715,-17.931291436464157
53.91285714285715,-17.801291436464158
53.91285714285715,-17.671291436464156
53.78285714285714,-17.54129143646416
53.78285714285714,-17.411291436464158
53.78285714285714,-17.28129143646416
53.78285714285714,-17.151291436464156
53.78285714285714,-17.021291436464157
53.78285714285714,-16.891291436464158
53.78285714285714,-16.76129143646416
53.78285714285714,-16.631291436464156
53.652857142857144,-16.501291436464157
53.522857142857134,-16.37129143646416
53.522857142857134,-16.24129143646416
53.522857142857134,-16.111291436464157
53.522857142857134,-15.98129143646416
53.522857142857134,-15.851291436464157
53.522857142857134,-15.721291436464158
53.522857142857134,-15.591291436464157
53.522857142857134,-15.461291436464158
53.522857142857134,-15.331291436464157
53.522857142857134,-15.201291436464158
53.392857142857146,-15.071291436464156
53.392857142857146,-14.941291436464159
53.392857142857146,-14.811291436464158
53.392857142857146,-14.681291436464159
53.392857142857146,-14.551291436464156
53.392857142857146,-14.421291436464157
53.392857142857146,-14.291291436464158
53.392857142857146,-14.16129143646416
53.392857142857146,-14.031291436464157
53.392857142857146,-13.901291436464158
53.26285714285715,-13.771291436464159
53.26285714285715,-13.641291436464158
53.26285714285715,-13.511291436464157
53.26285714285715,-13.381291436464156
53.26285714285715,-13.25129143646416
53.26285714285715,-13.121291436464157
53.26285714285715,-12.991291436464158
53.26285714285715,-12.861291436464155
53.13285714285714,-12.731291436464158
53.13285714285714,-12.601291436464157
53.002857142857145,-12.471291436464158
53.002857142857145,-12.341291436464155
53.002857142857145,-12.211291436464158
53.002857142857145,-12.081291436464157
53.002857142857145,-11.951291436464158
53.002857142857145,-11.821291436464156
53.002857142857145,-11.691291436464159
53.002857142857145,-11.561291436464158
53.002857142857145,-11.431291436464157
53.002857142857145,-11.301291436464156
52.872857142857136,-11.171291436464157
52.872857142857136,-11.041291436464158
52.872857142857136,-10.911291436464158
52.872857142857136,-10.781291436464157
52.872857142857136,-10.651291436464158
52.872857142857136,-10.521291436464157
52.872857142857136,-10.391291436464158
52.872857142857136,-10.261291436464157
52.872857142857136,-10.131291436464156
52.872857142857136,-10.001291436464157
52.74285714285715,-9.871291436464158
52.74285714285715,-9.741291436464158
52.74285714285715,-9.611291436464157
52.74285714285715,-9.481291436464158
52.74285714285715,-9.351291436464157
52.74285714285715,-9.221291436464156
52.612857142857145,-9.091291436464157
52.612857142857145,-8.961291436464156
52.612857142857145,-8.831291436464157
52.612857142857145,-8.701291436464157
52.48285714285714,-8.571291436464158
52.48285714285714,-8.441291436464157
52.48285714285714,-8.311291436464158
52.48285714285714,-8.181291436464157
52.48285714285714,-8.051291436464156
52.48285714285714,-7.921291436464157
52.48285714285714,-7.791291436464157
52.48285714285714,-7.661291436464158
52.48285714285714,-7.531291436464157
52.35285714285714,-7.401291436464158
52.35285714285714,-7.271291436464157
52.35285714285714,-7.141291436464158
52.35285714285714,-7.011291436464157
52.35285714285714,-6.881291436464158
52.35285714285714,-6.751291436464157
52.35285714285714,-6.6212914364641575
52.35285714285714,-6.491291436464158
52.35285714285714,-6.361291436464158
52.35285714285714,-6.231291436464158
52.222857142857144,-6.101291436464158
52.222857142857144,-5.971291436464158
52.222857142857144,-5.841291436464158
52.222857142857144,-5.7112914364641565
52.222857142857144,-5.5812914364641575
52.222857142857144,-5.451291436464164
52.09285714285715,-5.321291436464158
52.09285714285715,-5.191291436464164
52.09285714285715,-5.061291436464157
52.09285714285715,-4.931291436464157
51.962857142857146,-4.801291436464157
51.962857142857146,-4.671291436464157
51.962857142857146,-4.5412914364641574
51.962857142857146,-4.411291436464157
51.962857142857146,-4.281291436464157
51.962857142857146,-4.151291436464157
51.962857142857146,-4.021291436464157
51.962857142857146,-3.891291436464157
51.962857142857146,-3.761291436464157
51.962857142857146,-3.6312914364641573
51.832857142857144,-3.5012914364641574
51.832857142857144,-3.3712914364641575
51.832857142857144,-3.2412914364641576
51.832857142857144,-3.111291436464157
51.70285714285714,-2.981291436464157
51.70285714285714,-2.851291436464157
51.70285714285714,-2.721291436464157
51.572857142857146,-2.5912914364641573
51.572857142857146,-2.4612914364641574
51.572857142857146,-2.331291436464157
51.442857142857136,-2.2012914364641634
51.442857142857136,-2.0712914364641573
51.442857142857136,-1.9412914364641571
51.31285714285715,-1.8112914364641572
51.31285714285715,-1.6812914364641571
51.18285714285715,-1.5512914364641572
51.05285714285714,-1.4212914364641573
51.05285714285714,-1.291291436464157
51.05285714285714,-1.1612914364641571
50.92285714285715,-1.0312914364641572
50.92285714285715,-0.9012914364641571
50.92285714285715,-0.7712914364641571
50.79285714285714,-0.6412914364641634
50.79285714285714,-0.5112914364641621
50.79285714285714,-0.3812914364641621
50.79285714285714,-0.2512914364641621
50.66285714285715,-0.12129143646416211
50.66285714285715,0.008708563535837967
50.66285714285715,0.1387085635358379
50.53285714285715,0.2687085635358379
50.53285714285715,0.3987085635358379
50.53285714285715,0.528708563535838
50.402857142857144,0.658708563535843
50.402857142857144,0.7887085635358428
50.402857142857144,0.9187085635358428
50.402857142857144,1.0487085635358366
50.27285714285714,1.1787085635358368
50.27285714285714,1.3087085635358366
50.27285714285714,1.4387085635358368
50.142857142857146,1.5687085635358367
50.142857142857146,1.6987085635358368
50.142857142857146,1.8287085635358369
50.01285714285714,1.9587085635358368
49.88285714285715,2.088708563535843
49.88285714285715,2.218708563535843
49.752857142857145,2.3487085635358427
49.752857142857145,2.478708563535837
49.752857142857145,2.6087085635358367
49.752857142857145,2.7387085635358366
49.62285714285714,2.868708563535837
49.62285714285714,2.998708563535837
49.62285714285714,3.1287085635358425
49.49285714285715,3.2587085635358424
49.49285714285715,3.3887085635358436
49.49285714285715,3.5187085635358435
49.36285714285714,3.6487085635358434
49.36285714285714,3.7787085635358433
49.36285714285714,3.908708563535843
49.23285714285714,4.0387085635358435
49.23285714285714,4.168708563535843
49.23285714285714,4.298708563535837
49.23285714285714,4.428708563535837
49.10285714285715,4.558708563535837
49.10285714285715,4.688708563535837
49.10285714285715,4.8187085635358375
48.972857142857144,4.9487085635358365
48.972857142857144,5.0787085635358356
48.972857142857144,5.208708563535843
48.84285714285715,5.338708563535836
48.84285714285715,5.468708563535844
48.84285714285715,5.598708563535836
48.84285714285715,5.728708563535844
48.71285714285714,5.728708563535844
48.582857142857144,5.858708563535838
48.582857142857144,5.988708563535844
48.582857142857144,6.118708563535837
48.45285714285715,6.2487085635358435
48.45285714285715,6.378708563535843
48.45285714285715,6.508708563535843
48.322857142857146,6.638708563535843
48.322857142857146,6.768708563535843
48.322857142857146,6.898708563535843
48.19285714285714,7.028708563535843
48.19285714285714,7.158708563535843
48.19285714285714,7.2887085635358435
48.19285714285714,7.4187085635358425
48.06285714285715,7.548708563535843
48.06285714285715,7.678708563535842
48.06285714285715,7.808708563535843
47.932857142857145,7.938708563535842
47.932857142857145,8.068708563535843
47.932857142857145,8.198708563535844
47.80285714285714,8.328708563535843
47.80285714285714,8.458708563535843
47.80285714285714,8.588708563535842
47.67285714285715,8.718708563535843
47.67285714285715,8.848708563535842
47.67285714285715,8.978708563535843
47.67285714285715,9.108708563535842
47.542857142857144,9.238708563535843
47.542857142857144,9.368708563535842
47.41285714285715,9.368708563535842
47.28285714285714,9.498708563535843
47.28285714285714,9.628708563535842
47.28285714285714,9.758708563535844
47.152857142857144,9.888708563535843
47.152857142857144,10.018708563535842
47.152857142857144,10.148708563535843
47.152857142857144,10.278708563535844
47.022857142857134,10.408708563535843
46.892857142857146,10.538708563535842
46.76285714285715,10.668708563535843
46.63285714285714,10.798708563535843
46.63285714285714,10.928708563535842
46.502857142857145,11.058708563535843
46.37285714285714,11.188708563535842
46.24285714285715,11.318708563535843
46.112857142857145,11.448708563535844
46.112857142857145,11.578708563535844
45.98285714285714,11.708708563535842
45.85285714285714,11.838708563535842
45.722857142857144,11.968708563535843
45.59285714285714,12.098708563535844
45.59285714285714,12.228708563535841
45.462857142857146,12.358708563535844
45.33285714285715,12.488708563535845
45.20285714285714,12.618708563535844
45.072857142857146,12.748708563535843
44.942857142857136,12.878708563535843
44.942857142857136,13.008708563535844
44.81285714285714,13.008708563535844
44.68285714285715,13.138708563535843
44.55285714285714,13.268708563535844
44.42285714285715,13.398708563535843
44.292857142857144,13.528708563535844
44.292857142857144,13.658708563535845
44.16285714285714,13.788708563535844
44.03285714285715,13.918708563535843
43.902857142857144,14.048708563535843
43.77285714285714,14.178708563535844
43.77285714285714,14.308708563535843
43.642857142857146,14.308708563535843
43.51285714285714,14.438708563535842
43.38285714285714,14.568708563535845
43.25285714285715,14.698708563535844
43.12285714285714,14.828708563535844
43.12285714285714,14.958708563535842
42.99285714285715,15.088708563535844
42.86285714285714,15.218708563535843
42.73285714285714,15.348708563535844
42.60285714285714,15.478708563535841
42.60285714285714,15.608708563535844
42.472857142857144,15.738708563535843
42.34285714285715,15.868708563535844
42.21285714285714,15.998708563535843
42.082857142857144,16.12870856353584
42.082857142857144,16.258708563535844
41.95285714285714,16.388708563535843
41.822857142857146,16.518708563535842
41.69285714285714,16.648708563535845
41.56285714285715,16.778708563535844
41.432857142857145,16.778708563535844
41.30285714285714,16.908708563535843
41.30285714285714,17.03870856353584
41.17285714285714,17.168708563535844
41.042857142857144,17.298708563535843
40.91285714285715,17.428708563535842
40.78285714285714,17.55870856353584
40.78285714285714,17.688708563535844
40.652857142857144,17.818708563535843
40.52285714285714,17.948708563535845
40.39285714285714,18.078708563535844
40.26285714285715,18.208708563535843
40.26285714285715,18.338708563535842
40.13285714285714,18.468708563535845
40.002857142857145,18.598708563535844
39.87285714285714,18.598708563535844
39.74285714285714,18.728708563535843
39.612857142857145,18.858708563535846
39.612857142857145,18.988708563535845
39.48285714285715,19.118708563535844
39.35285714285715,19.248708563535843
39.222857142857144,19.378708563535845
39.09285714285714,19.508708563535844
39.09285714285714,19.638708563535843
38.96285714285714,19.768708563535846
38.832857142857144,19.89870856353584
38.70285714285715,20.028708563535844
38.572857142857146,20.158708563535846
38.572857142857146,20.288708563535845
38.44285714285714,20.418708563535844
38.31285714285714,20.418708563535844
38.18285714285714,20.54870856353584
38.05285714285714,20.678708563535842
38.05285714285714,20.808708563535845
37.92285714285714,20.93870856353584
37.792857142857144,21.068708563535843
37.792857142857144,21.198708563535845
37.66285714285715,21.328708563535844
37.53285714285715,21.458708563535843
37.53285714285715,21.588708563535846
37.402857142857144,21.71870856353584
37.27285714285714,21.848708563535844
37.27285714285714,21.97870856353584
37.142857142857146,22.108708563535842
37.01285714285714,22.238708563535845
36.88285714285714,22.368708563535847
36.88285714285714,22.498708563535846
36.75285714285714,22.628708563535845
36.62285714285714,22.75870856353584
36.62285714285714,22.888708563535843
36.49285714285715,23.018708563535846
36.362857142857145,23.14870856353584
36.362857142857145,23.278708563535844
36.23285714285714,23.408708563535846
36.10285714285714,23.538708563535845
35.972857142857144,23.668708563535844
35.84285714285714,23.79870856353584
35.84285714285714,23.928708563535842
35.71285714285714,24.058708563535845
35.582857142857144,24.058708563535845
35.45285714285715,24.18870856353584
35.45285714285715,24.318708563535843
35.322857142857146,24.448708563535845
35.19285714285714,24.578708563535848
35.19285714285714,24.708708563535843
35.06285714285714,24.838708563535846
34.932857142857145,24.96870856353584
34.932857142857145,25.098708563535844
34.80285714285714,25.228708563535843
34.67285714285714,25.358708563535842
34.67285714285714,25.488708563535845
34.54285714285714,25.618708563535847
34.41285714285715,25.748708563535843
34.41285714285715,25.878708563535845
34.28285714285715,26.00870856353584
34.152857142857144,26.138708563535843
34.152857142857144,26.268708563535842
34.02285714285714,26.39870856353584
33.892857142857146,26.528708563535844
33.892857142857146,26.658708563535846
33.76285714285714,26.78870856353584
33.63285714285714,26.918708563535844
33.63285714285714,27.048708563535843
33.50285714285714,27.178708563535842
33.37285714285714,27.30870856353584
33.37285714285714,27.438708563535844
33.37285714285714,27.568708563535843
33.37285714285714,27.698708563535845
33.24285714285715,27.828708563535848
33.24285714285715,27.958708563535843
33.24285714285715,28.088708563535846
33.24285714285715,28.21870856353584
33.24285714285715,28.348708563535844
33.37285714285714,28.478708563535843
33.37285714285714,28.608708563535842
33.37285714285714,28.738708563535845
33.37285714285714,28.868708563535847
33.37285714285714,28.998708563535843
33.37285714285714,29.128708563535845
33.37285714285714,29.258708563535844
33.37285714285714,29.388708563535843
33.50285714285714,29.518708563535842
33.50285714285714,29.64870856353584
33.50285714285714,29.778708563535844
33.50285714285714,29.908708563535846
33.50285714285714,30.03870856353584
33.50285714285714,30.168708563535844
33.50285714285714,30.298708563535843
33.50285714285714,30.428708563535842
33.63285714285714,30.55870856353584
33.63285714285714,30.688708563535844
33.63285714285714,30.818708563535843
33.63285714285714,30.948708563535845
33.63285714285714,31.078708563535844
33.63285714285714,31.208708563535843
33.63285714285714,31.338708563535846
33.63285714285714,31.468708563535845
33.63285714285714,31.59870856353584
33.63285714285714,31.728708563535843
33.63285714285714,31.858708563535842
33.63285714285714,31.988708563535845
33.63285714285714,32.11870856353584
33.63285714285714,32.24870856353584
33.63285714285714,32.378708563535845
33.63285714285714,32.50870856353584
33.76285714285714,32.63870856353584
33.76285714285714,32.76870856353584
33.76285714285714,32.89870856353584
33.76285714285714,33.028708563535844
33.76285714285714,33.158708563535846
33.76285714285714,33.28870856353584
33.76285714285714,33.418708563535844
33.76285714285714,33.54870856353584
33.892857142857146,33.67870856353584
33.892857142857146,33.808708563535845
33.892857142857146,33.93870856353584
33.892857142857146,34.06870856353584
33.892857142857146,34.198708563535845
33.892857142857146,34.32870856353584
33.892857142857146,34.45870856353584
33.892857142857146,34.588708563535846
34.02285714285714,34.71870856353584
34.02285714285714,34.848708563535844
34.02285714285714,34.97870856353584
34.02285714285714,35.10870856353584
34.02285714285714,35.238708563535845
33.892857142857146,35.36870856353584
33.892857142857146,35.49870856353584
33.892857142857146,35.628708563535845
34.02285714285714,35.75870856353584
34.02285714285714,35.88870856353584
34.02285714285714,36.018708563535846
34.02285714285714,36.14870856353584
34.02285714285714,36.278708563535844
34.02285714285714,36.408708563535846
34.02285714285714,36.53870856353584
34.02285714285714,36.668708563535844
34.152857142857144,36.79870856353584
34.152857142857144,36.92870856353584
34.152857142857144,37.058708563535845
34.152857142857144,37.18870856353584
34.152857142857144,37.31870856353584
34.152857142857144,37.448708563535845
34.152857142857144,37.57870856353584
34.152857142857144,37.70870856353584
34.28285714285715,37.838708563535846
34.28285714285715,37.96870856353584
34.28285714285715,38.098708563535844
34.28285714285715,38.22870856353585
34.28285714285715,38.35870856353584
34.28285714285715,38.488708563535845
34.28285714285715,38.61870856353585
34.28285714285715,38.74870856353585
34.41285714285715,38.878708563535845
34.41285714285715,39.00870856353584
34.28285714285715,39.13870856353584
34.28285714285715,39.268708563535846
34.28285714285715,39.39870856353584
34.28285714285715,39.528708563535844
34.28285714285715,39.658708563535846
34.28285714285715,39.78870856353584
34.41285714285715,39.91870856353584
34.28285714285715,40.04870856353585
34.28285714285715,40.17870856353584
34.28285714285715,40.30870856353585
34.152857142857144,40.43870856353585
34.152857142857144,40.568708563535836
34.152857142857144,40.698708563535845
34.02285714285714,40.82870856353584
34.02285714285714,40.95870856353584
34.02285714285714,41.088708563535846
33.892857142857146,41.21870856353584
33.892857142857146,41.348708563535844
33.892857142857146,41.47870856353585
33.76285714285714,41.60870856353584
33.76285714285714,41.738708563535845
33.76285714285714,41.86870856353585
33.76285714285714,41.998708563535835
33.63285714285714,42.128708563535845
33.63285714285714,42.25870856353584
33.63285714285714,42.38870856353585
33.50285714285714,42.518708563535846
33.50285714285714,42.64870856353585
33.37285714285714,42.778708563535844
33.24285714285715,42.90870856353584
33.24285714285715,43.03870856353584
33.24285714285715,43.168708563535844
33.112857142857145,43.29870856353585
33.112857142857145,43.42870856353584
33.112857142857145,43.558708563535845
32.98285714285714,43.68870856353584
32.98285714285714,43.81870856353584
32.98285714285714,43.948708563535845
32.85285714285715,44.078708563535834
32.85285714285715,44.20870856353584
32.85285714285715,44.33870856353584
32.722857142857144,44.46870856353585
32.722857142857144,44.598708563535844
32.722857142857144,44.72870856353585
32.59285714285714,44.85870856353585
32.59285714285714,44.98870856353584
32.59285714285714,45.11870856353585
32.46285714285714,45.24870856353584
32.46285714285714,45.378708563535845
32.46285714285714,45.50870856353585
32.46285714285714,45.63870856353584
32.332857142857144,45.76870856353584
32.332857142857144,45.89870856353585
32.332857142857144,46.028708563535844
32.20285714285715,46.158708563535846
32.20285714285715,46.28870856353585
32.20285714285715,46.41870856353584
32.072857142857146,46.41870856353584
31.942857142857143,46.54870856353585
31.942857142857143,46.67870856353584
31.81285714285714,46.808708563535845
31.81285714285714,46.93870856353585
31.81285714285714,47.068708563535836
31.682857142857145,47.198708563535845
31.682857142857145,47.32870856353584
31.682857142857145,47.45870856353584
31.552857142857142,47.588708563535846
31.552857142857142,47.71870856353585
31.552857142857142,47.84870856353584
31.42285714285714,47.97870856353585
31.42285714285714,48.10870856353584
31.42285714285714,48.238708563535845
31.29285714285714,48.36870856353585
31.29285714285714,48.498708563535835
31.29285714285714,48.628708563535845
31.162857142857145,48.75870856353584
31.162857142857145,48.88870856353585
31.162857142857145,49.018708563535846
31.162857142857145,49.14870856353585
31.032857142857146,49.27870856353585
31.032857142857146,49.40870856353584
31.032857142857146,49.53870856353584
30.902857142857144,49.668708563535844
30.902857142857144,49.79870856353585
30.902857142857144,49.92870856353585
30.77285714285714,50.058708563535845
30.642857142857146,50.18870856353584
30.642857142857146,50.31870856353584
30.512857142857143,50.448708563535845
30.512857142857143,50.57870856353584
30.512857142857143,50.70870856353585
30.38285714285714,50.83870856353584
30.38285714285714,50.96870856353585
30.252857142857142,51.098708563535844
30.252857142857142,51.22870856353585
30.252857142857142,51.35870856353585
30.122857142857143,51.48870856353584
30.122857142857143,51.61870856353584
30.122857142857143,51.74870856353584
29.992857142857147,51.878708563535845
29.992857142857147,52.00870856353585
29.862857142857145,52.13870856353585
29.862857142857145,52.26870856353584
29.862857142857145,52.39870856353585
29.732857142857142,52.528708563535844
29.732857142857142,52.65870856353584
29.602857142857147,52.78870856353585
29.602857142857147,52.91870856353584
29.602857142857147,53.04870856353585
29.472857142857144,53.17870856353584
29.472857142857144,53.308708563535845
29.34285714285714,53.43870856353585
29.34285714285714,53.568708563535836
29.34285714285714,53.69870856353584
29.21285714285714,53.69870856353584
29.082857142857144,53.82870856353584
29.082857142857144,53.95870856353584
28.952857142857145,54.088708563535846
28.952857142857145,54.21870856353585
28.952857142857145,54.34870856353584
28.822857142857146,54.47870856353585
28.822857142857146,54.60870856353584
28.692857142857143,54.738708563535845
28.692857142857143,54.86870856353585
28.692857142857143,54.99870856353584
28.562857142857144,55.12870856353585
28.562857142857144,55.25870856353584
28.432857142857145,55.38870856353584
28.432857142857145,55.518708563535846
28.432857142857145,55.64870856353585
28.302857142857142,55.77870856353585
28.302857142857142,55.90870856353584
28.17285714285714,56.03870856353584
28.17285714285714,56.168708563535844
28.17285714285714,56.29870856353585
28.042857142857144,56.42870856353584
28.042857142857144,56.55870856353585
27.912857142857145,56.68870856353584
27.912857142857145,56.81870856353584
27.782857142857146,56.948708563535845
27.782857142857146,57.07870856353584
27.782857142857146,57.20870856353585
27.652857142857144,57.33870856353584
27.652857142857144,57.46870856353584
27.522857142857145,57.46870856353584
27.392857142857146,57.598708563535844
27.392857142857146,57.72870856353585
27.392857142857146,57.85870856353585
27.262857142857143,57.98870856353584
27.262857142857143,58.11870856353584
27.13285714285714,58.24870856353584
27.13285714285714,58.378708563535845
27.13285714285714,58.50870856353584
27.00285714285714,58.63870856353585
27.00285714285714,58.76870856353584
26.872857142857143,58.89870856353585
26.872857142857143,59.028708563535844
26.872857142857143,59.15870856353584
26.742857142857144,59.28870856353585
26.742857142857144,59.41870856353584
26.612857142857145,59.548708563535854
26.612857142857145,59.67870856353584
26.612857142857145,59.808708563535845
26.482857142857142,59.93870856353585
26.482857142857142,60.06870856353584
26.352857142857143,60.19870856353584
26.352857142857143,60.32870856353584
26.352857142857143,60.45870856353584
26.222857142857144,60.588708563535846
26.222857142857144,60.71870856353585
26.09285714285714,60.848708563535844
26.09285714285714,60.978708563535854
26.09285714285714,61.10870856353584
25.96285714285714,61.10870856353584
25.832857142857144,61.23870856353584
25.832857142857144,61.36870856353585
25.832857142857144,61.49870856353584
25.702857142857145,61.62870856353585
25.702857142857145,61.75870856353584
25.572857142857146,61.88870856353603
25.572857142857146,62.0187085635359
25.572857142857146,62.148708563535905
25.442857142857143,62.27870856353591
25.442857142857143,62.4087085635359
25.312857142857144,62.538708563535906
25.312857142857144,62.6687085635359
25.312857142857144,62.798708563535904
25.182857142857145,62.928708563535906
25.182857142857145,63.05870856353591
25.052857142857142,63.188708563535904
25.052857142857142,63.318708563535914
25.052857142857142,63.4487085635359
24.92285714285714,63.5787085635359
24.92285714285714,63.70870856353591
24.792857142857144,63.8387085635359
24.792857142857144,63.96870856353591
24.792857142857144,64.09870856353591
24.662857142857145,64.2287085635359
24.662857142857145,64.35870856353591
24.532857142857143,64.4887085635359
24.532857142857143,64.6187085635359
24.532857142857143,64.7487085635359
24.402857142857144,64.87870856353591
24.272857142857145,65.0087085635359
24.142857142857142,65.13870856353591
24.142857142857142,65.2687085635359
24.142857142857142,65.3987085635359
24.142857142857142,65.5287085635359
24.142857142857142,65.65870856353591
24.142857142857142,65.7887085635359
24.142857142857142,65.9187085635359
24.272857142857145,66.04870856353591
24.272857142857145,66.1787085635359
24.272857142857145,66.3087085635359
24.272857142857145,66.43870856353591
24.272857142857145,66.5687085635359
24.272857142857145,66.69870856353592
24.402857142857144,66.8287085635359
24.402857142857144,66.95870856353591
24.402857142857144,67.0887085635359
24.402857142857144,67.21870856353591
24.402857142857144,67.34870856353591
24.532857142857143,67.47870856353592
24.532857142857143,67.6087085635359
24.532857142857143,67.73870856353591
24.532857142857143,67.8687085635359
24.532857142857143,67.9987085635359
24.662857142857145,68.12870856353591
24.662857142857145,68.2587085635359
24.662857142857145,68.38870856353591
24.662857142857145,68.51870856353591
24.532857142857143,68.6487085635359
24.662857142857145,68.77870856353591
24.662857142857145,68.9087085635359
24.662857142857145,69.0387085635359
24.662857142857145,69.1687085635359
24.662857142857145,69.29870856353591
24.662857142857145,69.4287085635359
24.792857142857144,69.55870856353592
24.792857142857144,69.6887085635359
24.792857142857144,69.8187085635359
24.792857142857144,69.9487085635359
24.792857142857144,70.0787085635359
24.92285714285714,70.20870856353591
24.92285714285714,70.3387085635359
24.92285714285714,70.46870856353591
24.92285714285714,70.59870856353591
24.92285714285714,70.7287085635359
25.052857142857142,70.85870856353591
25.052857142857142,70.98870856353591
25.052857142857142,71.1187085635359
25.052857142857142,71.2487085635359
25.052857142857142,71.37870856353591
25.052857142857142,71.5087085635359
25.182857142857145,71.63870856353591
25.182857142857145,71.76870856353591
25.182857142857145,71.89870856353592
25.182857142857145,72.0287085635359
25.182857142857145,72.1587085635359
25.312857142857144,72.2887085635359
25.182857142857145,72.4187085635359
25.182857142857145,72.54870856353591
25.182857142857145,72.6787085635359
25.182857142857145,72.8087085635359
25.312857142857144,72.93870856353591
25.312857142857144,73.0687085635359
25.312857142857144,73.1987085635359
25.312857142857144,73.3287085635359
25.312857142857144,73.45870856353591
25.442857142857143,73.5887085635359
25.442857142857143,73.71870856353591
25.442857142857143,73.84870856353591
25.442857142857143,73.97870856353592
25.442857142857143,74.1087085635359
25.442857142857143,74.2387085635359
25.572857142857146,74.3687085635359
25.572857142857146,74.4987085635359
25.572857142857146,74.62870856353591
25.572857142857146,74.7587085635359
25.572857142857146,74.8887085635359
25.702857142857145,75.01870856353591
25.702857142857145,75.1487085635359
25.702857142857145,75.27870856353591
25.702857142857145,75.40870856353591
25.702857142857145,75.5387085635359
25.832857142857144,75.6687085635359
25.832857142857144,75.79870856353591
25.832857142857144,75.9287085635359
25.832857142857144,76.05870856353592
25.702857142857145,76.18870856353591
25.702857142857145,76.31870856353592
25.702857142857145,76.4487085635359
25.832857142857144,76.5787085635359
25.832857142857144,76.70870856353591
25.832857142857144,76.8387085635359
25.832857142857144,76.9687085635359
25.832857142857144,77.09870856353591
25.832857142857144,77.2287085635359
25.832857142857144,77.35870856353591
25.832857142857144,77.4887085635359
25.832857142857144,77.61870856353592
25.832857142857144,77.7487085635359
25.832857142857144,77.87870856353591
25.832857142857144,78.0087085635359
25.96285714285714,78.1387085635359
25.96285714285714,78.26870856353591
25.96285714285714,78.3987085635359
25.96285714285714,78.5287085635359
25.96285714285714,78.65870856353591
25.96285714285714,78.7887085635359
25.96285714285714,78.91870856353592
25.96285714285714,79.04870856353591
25.96285714285714,79.17870856353589
25.96285714285714,79.3087085635359
25.96285714285714,79.4387085635359
25.96285714285714,79.56870856353592
26.09285714285714,79.6987085635359
26.09285714285714,79.82870856353591
25.96285714285714,79.95870856353591
25.96285714285714,80.0887085635359
25.96285714285714,80.2187085635359
25.96285714285714,80.34870856353591
25.96285714285714,80.47870856353592
25.96285714285714,80.60870856353591
25.96285714285714,80.7387085635359
25.96285714285714,80.8687085635359
25.96285714285714,80.99870856353591
25.96285714285714,81.12870856353591
26.09285714285714,81.2587085635359
26.09285714285714,81.3887085635359
26.09285714285714,81.51870856353591
26.09285714285714,81.6487085635359
26.09285714285714,81.77870856353591
26.09285714285714,81.90870856353591
26.09285714285714,82.03870856353589
26.09285714285714,82.1687085635359
26.09285714285714,82.2987085635359
26.09285714285714,82.42870856353592
26.09285714285714,82.5587085635359
26.09285714285714,82.68870856353591
26.222857142857144,82.8187085635359
26.222857142857144,82.94870856353589
26.222857142857144,83.07870856353591
26.222857142857144,83.20870856353591
26.222857142857144,83.33870856353592
26.222857142857144,83.4687085635359
26.09285714285714,83.5987085635359
26.09285714285714,83.72870856353592
26.09285714285714,83.85870856353591
26.09285714285714,83.98870856353591
26.09285714285714,84.1187085635359
26.09285714285714,84.24870856353591
26.222857142857144,84.3787085635359
26.222857142857144,84.5087085635359
26.222857142857144,84.63870856353591
26.222857142857144,84.76870856353591
26.222857142857144,84.89870856353589
26.222857142857144,85.0287085635359
26.222857142857144,85.15870856353592
26.222857142857144,85.2887085635359
26.222857142857144,85.4187085635359
26.222857142857144,85.54870856353591
26.222857142857144,85.6787085635359
26.222857142857144,85.8087085635359
26.352857142857143,85.93870856353591
26.352857142857143,86.0687085635359
26.352857142857143,86.1987085635359
26.352857142857143,86.3287085635359
26.352857142857143,86.45870856353592
26.352857142857143,86.58870856353592
26.352857142857143,86.7187085635359
26.352857142857143,86.84870856353591
26.352857142857143,86.9787085635359
26.352857142857143,87.10870856353591
26.352857142857143,87.23870856353591
26.222857142857144,87.3687085635359
26.352857142857143,87.49870856353591
26.352857142857143,87.6287085635359
26.352857142857143,87.7587085635359
26.352857142857143,87.88870856353591
26.352857142857143,88.01870856353592
26.352857142857143,88.1487085635359
26.352857142857143,88.2787085635359
26.352857142857143,88.40870856353591
26.352857142857143,88.5387085635359
26.352857142857143,88.66870856353592
26.352857142857143,88.79870856353591
26.352857142857143,88.9287085635359
26.482857142857142,89.0587085635359
26.482857142857142,89.18870856353591
26.482857142857142,89.31870856353592
26.482857142857142,89.4487085635359
26.482857142857142,89.5787085635359
26.482857142857142,89.70870856353591
26.482857142857142,89.8387085635359
26.482857142857142,89.96870856353591
26.482857142857142,90.09870856353591
26.482857142857142,90.2287085635359
26.482857142857142,90.35870856353591
26.482857142857142,90.4887085635359
26.612857142857145,90.61870856353592
26.612857142857145,90.74870856353591
26.612857142857145,90.8787085635359
26.612857142857145,91.0087085635359
26.482857142857142,91.1387085635359
26.482857142857142,91.26870856353592
26.482857142857142,91.3987085635359
26.482857142857142,91.52870856353591
26.482857142857142,91.65870856353591
26.482857142857142,91.78870856353589
26.482857142857142,91.9187085635359
26.482857142857142,92.04870856353591
26.612857142857145,92.17870856353592
26.612857142857145,92.3087085635359
26.612857142857145,92.4387085635359
26.612857142857145,92.5687085635359
26.612857142857145,92.6987085635359
26.612857142857145,92.82870856353591
26.612857142857145,92.95870856353591
26.612857142857145,93.08870856353592
26.612857142857145,93.2187085635359
26.612857142857145,93.34870856353591
26.612857142857145,93.47870856353592
26.612857142857145,93.60870856353591
26.742857142857144,93.7387085635359
26.742857142857144,93.8687085635359
26.742857142857144,93.99870856353593
26.742857142857144,94.12870856353591
26.742857142857144,94.2587085635359
26.742857142857144,94.38870856353591
26.742857142857144,94.51870856353591
26.742857142857144,94.64870856353589
26.612857142857145,94.77870856353591
26.612857142857145,94.90870856353591
26.612857142857145,95.0387085635359
26.612857142857145,95.1687085635359
26.742857142857144,95.2987085635359
26.742857142857144,95.42870856353592
26.742857142857144,95.5587085635359
26.742857142857144,95.68870856353591
26.742857142857144,95.8187085635359
26.742857142857144,95.94870856353589
26.742857142857144,96.07870856353591
26.742857142857144,96.20870856353591
26.742857142857144,96.33870856353592
26.742857142857144,96.4687085635359
26.742857142857144,96.59870856353591
26.742857142857144,96.7287085635359
26.872857142857143,96.85870856353593
26.872857142857143,96.98870856353591
26.872857142857143,97.1187085635359
26.872857142857143,97.24870856353591
26.872857142857143,97.3787085635359
26.872857142857143,97.50870856353592
26.872857142857143,97.63870856353591
26.872857142857143,97.76870856353591
26.872857142857143,97.8987085635359
26.872857142857143,98.0287085635359
26.872857142857143,98.15870856353592
26.872857142857143,98.2887085635359
27.00285714285714,98.4187085635359
26.872857142857143,98.54870856353591
26.872857142857143,98.6787085635359
26.872857142857143,98.80870856353589
26.872857142857143,98.93870856353591
26.872857142857143,99.0687085635359
26.872857142857143,99.1987085635359
26.872857142857143,99.3287085635359
26.872857142857143,99.45870856353591
26.872857142857143,99.58870856353592
26.872857142857143,99.7187085635359
26.872857142857143,99.84870856353591
27.00285714285714,99.9787085635359
27.00285714285714,100.10870856353591
27.00285714285714,100.23870856353591
27.00285714285714,100.36870856353592
27.00285714285714,100.49870856353591
27.00285714285714,100.6287085635359
27.00285714285714,100.7587085635359
27.00285714285714,100.88870856353591
27.00285714285714,101.01870856353592
27.00285714285714,101.1487085635359
27.00285714285714,101.2787085635359
27.00285714285714,101.40870856353591
27.13285714285714,101.53870856353589
27.13285714285714,101.66870856353592
27.13285714285714,101.79870856353591
27.13285714285714,101.92870856353592
27.13285714285714,102.0587085635359
27.13285714285714,102.1887085635359
27.00285714285714,102.31870856353592
27.00285714285714,102.4487085635359
27.00285714285714,102.5787085635359
27.00285714285714,102.70870856353591
27.00285714285714,102.8387085635359
27.00285714285714,102.96870856353591
27.13285714285714,103.09870856353591
27.13285714285714,103.22870856353592
27.13285714285714,103.35870856353591
27.13285714285714,103.4887085635359
27.13285714285714,103.6187085635359
27.13285714285714,103.74870856353591
27.13285714285714,103.87870856353591
27.13285714285714,104.0087085635359
27.13285714285714,104.1387085635359
27.13285714285714,104.26870856353591
27.13285714285714,104.3987085635359
27.262857142857143,104.52870856353591
27.262857142857143,104.65870856353591
27.262857142857143,104.78870856353589
27.262857142857143,104.9187085635359
27.262857142857143,105.04870856353591
27.392857142857146,105.17870856353592
27.392857142857146,105.3087085635359
27.392857142857146,105.43870856353591
27.392857142857146,105.5687085635359
27.392857142857146,105.69870856353589
27.522857142857145,105.82870856353591
27.392857142857146,105.95870856353591
27.392857142857146,106.08870856353592
27.392857142857146,106.2187085635359
27.522857142857145,106.3487085635359
27.522857142857145,106.47870856353592
27.522857142857145,106.60870856353591
27.522857142857145,106.73870856353591
27.522857142857145,106.8687085635359
27.652857142857144,106.9987085635359
27.652857142857144,107.12870856353591
27.652857142857144,107.2587085635359
27.652857142857144,107.38870856353591
27.652857142857144,107.51870856353591
27.782857142857146,107.64870856353589
27.782857142857146,107.77870856353591
27.782857142857146,107.90870856353591
27.782857142857146,108.0387085635359
27.912857142857145,108.1687085635359
27.912857142857145,108.29870856353591
27.912857142857145,108.4287085635359
27.912857142857145,108.5587085635359
27.912857142857145,108.68870856353591
28.042857142857144,108.8187085635359
28.042857142857144,108.9487085635359
28.042857142857144,109.0787085635359
28.042857142857144,109.20870856353592
28.042857142857144,109.33870856353592
28.17285714285714,109.4687085635359
28.17285714285714,109.59870856353591
28.042857142857144,109.7287085635359
28.042857142857144,109.85870856353593
28.042857142857144,109.98870856353591
28.17285714285714,110.1187085635359
28.17285714285714,110.24870856353591
28.17285714285714,110.3787085635359
28.17285714285714,110.50870856353592
28.302857142857142,110.63870856353591
28.302857142857142,110.76870856353592
28.302857142857142,110.8987085635359
28.302857142857142,111.0287085635359
28.302857142857142,111.15870856353591
28.432857142857145,111.2887085635359
28.432857142857145,111.4187085635359
28.432857142857145,111.54870856353591
28.432857142857145,111.6787085635359
28.432857142857145,111.8087085635359
28.562857142857144,111.93870856353591
28.562857142857144,112.06870856353592
28.562857142857144,112.1987085635359
28.562857142857144,112.3287085635359
28.692857142857143,112.45870856353591
28.692857142857143,112.58870856353592
28.692857142857143,112.71870856353591
28.692857142857143,112.84870856353591
28.692857142857143,112.9787085635359
28.822857142857146,113.10870856353591
28.822857142857146,113.2387085635359
28.822857142857146,113.36870856353592
28.692857142857143,113.49870856353591
28.692857142857143,113.6287085635359
28.822857142857146,113.7587085635359
28.822857142857146,113.8887085635359
28.822857142857146,114.01870856353592
28.822857142857146,114.1487085635359
28.822857142857146,114.27870856353591
28.952857142857145,114.40870856353591
28.952857142857145,114.53870856353589
28.952857142857145,114.66870856353592
28.952857142857145,114.79870856353591
29.082857142857144,114.92870856353592
29.082857142857144,115.0587085635359
29.082857142857144,115.1887085635359
29.082857142857144,115.31870856353592
29.082857142857144,115.4487085635359
29.21285714285714,115.57870856353591
29.21285714285714,115.70870856353591
29.21285714285714,115.8387085635359
29.21285714285714,115.9687085635359
29.21285714285714,116.09870856353591
29.34285714285714,116.22870856353592
29.34285714285714,116.35870856353591
29.34285714285714,116.4887085635359
29.34285714285714,116.6187085635359
29.472857142857144,116.74870856353591
29.472857142857144,116.87870856353591
29.472857142857144,117.0087085635359
29.472857142857144,117.13870856353591
29.34285714285714,117.26870856353591
29.472857142857144,117.3987085635359
29.472857142857144,117.52870856353591
29.472857142857144,117.65870856353591
29.602857142857147,117.78870856353589
29.602857142857147,117.9187085635359
29.602857142857147,118.0487085635359
29.732857142857142,118.17870856353592
29.732857142857142,118.3087085635359
29.732857142857142,118.43870856353591
29.732857142857142,118.5687085635359
29.862857142857145,118.69870856353589
29.862857142857145,118.82870856353591
29.862857142857145,118.95870856353591
29.992857142857147,119.08870856353592
29.992857142857147,119.2187085635359
29.992857142857147,119.3487085635359
30.122857142857143,119.47870856353592
30.122857142857143,119.60870856353591
30.122857142857143,119.73870856353591
30.122857142857143,119.8687085635359
30.252857142857142,119.99870856353591
30.252857142857142,120.1287085635359
30.252857142857142,120.2587085635359
30.38285714285714,120.38870856353591
30.38285714285714,120.51870856353591
30.38285714285714,120.6487085635359
30.512857142857143,120.7787085635359
30.38285714285714,120.90870856353592
30.38285714285714,121.0387085635359
30.38285714285714,121.1687085635359
30.512857142857143,121.29870856353591
30.512857142857143,121.4287085635359
30.512857142857143,121.55870856353592
30.642857142857146,121.68870856353591
30.642857142857146,121.8187085635359
30.642857142857146,121.9487085635359
30.642857142857146,122.0787085635359
30.77285714285714,122.20870856353592
30.77285714285714,122.33870856353592
30.77285714285714,122.4687085635359
30.77285714285714,122.59870856353591
30.902857142857144,122.7287085635359
30.902857142857144,122.85870856353591
30.902857142857144,122.98870856353591
31.032857142857146,123.1187085635359
31.032857142857146,123.24870856353591
31.032857142857146,123.3787085635359
31.162857142857145,123.5087085635359
31.162857142857145,123.63870856353591
31.162857142857145,123.76870856353592
31.162857142857145,123.8987085635359
31.29285714285714,124.0287085635359
31.29285714285714,124.15870856353591
31.29285714285714,124.2887085635359
31.42285714285714,124.41870856353592
31.42285714285714,124.54870856353591
31.29285714285714,124.6787085635359
31.42285714285714,124.8087085635359
31.42285714285714,124.9387085635359
31.42285714285714,125.06870856353592
31.42285714285714,125.1987085635359
31.42285714285714,125.3287085635359
31.29285714285714,125.45870856353591
31.29285714285714,125.5887085635359
31.29285714285714,125.71870856353591
31.162857142857145,125.84870856353591
31.162857142857145,125.97870856353592
31.162857142857145,126.10870856353591
31.162857142857145,126.2387085635359
31.032857142857146,126.36870856353592
31.032857142857146,126.49870856353591
31.032857142857146,126.6287085635359
30.902857142857144,126.7587085635359
30.902857142857144,126.8887085635359
30.902857142857144,127.01870856353592
30.77285714285714,127.1487085635359
30.77285714285714,127.27870856353591
30.77285714285714,127.40870856353591
30.642857142857146,127.53870856353589
30.642857142857146,127.6687085635359
30.642857142857146,127.79870856353591
30.512857142857143,127.92870856353592
30.512857142857143,128.0587085635359
30.512857142857143,128.1887085635359
30.38285714285714,128.3187085635359
30.252857142857142,128.44870856353592
30.252857142857142,128.5787085635359
30.122857142857143,128.7087085635359
30.122857142857143,128.8387085635359
30.122857142857143,128.9687085635359
29.992857142857147,129.09870856353592
29.992857142857147,129.22870856353592
29.992857142857147,129.3587085635359
29.862857142857145,129.4887085635359
29.862857142857145,129.6187085635359
29.862857142857145,129.74870856353593
29.732857142857142,129.8787085635359
29.732857142857142,130.00870856353592
29.732857142857142,130.1387085635359
29.602857142857147,130.2687085635359
29.602857142857147,130.3987085635359
29.602857142857147,130.5287085635359
29.602857142857147,130.65870856353592
29.472857142857144,130.7887085635359
29.472857142857144,130.91870856353592
29.472857142857144,131.0487085635359
29.34285714285714,131.17870856353593
29.34285714285714,131.3087085635359
29.34285714285714,131.4387085635359
29.21285714285714,131.56870856353592
29.21285714285714,131.6987085635359
29.21285714285714,131.8287085635359
29.082857142857144,131.9587085635359
28.952857142857145,132.0887085635359
28.952857142857145,132.2187085635359
28.822857142857146,132.3487085635359
28.822857142857146,132.47870856353592
28.822857142857146,132.6087085635359
28.822857142857146,132.7387085635359
28.692857142857143,132.8687085635359
28.692857142857143,132.9987085635359
28.692857142857143,133.1287085635359
28.562857142857144,133.25870856353592
28.562857142857144,133.3887085635359
28.562857142857144,133.5187085635359
28.432857142857145,133.6487085635359
28.432857142857145,133.7787085635359
28.432857142857145,133.90870856353592
28.302857142857142,134.0387085635359
28.302857142857142,134.16870856353592
28.302857142857142,134.2987085635359
28.17285714285714,134.4287085635359
28.17285714285714,134.5587085635359
28.17285714285714,134.68870856353593
28.17285714285714,134.81870856353592
28.042857142857144,134.9487085635359
28.042857142857144,135.0787085635359
28.042857142857144,135.2087085635359
27.912857142857145,135.33870856353593
27.912857142857145,135.4687085635359
27.912857142857145,135.5987085635359
27.782857142857146,135.72870856353592
27.652857142857144,135.8587085635359
27.652857142857144,135.9887085635359
27.522857142857145,136.1187085635359
27.522857142857145,136.24870856353593
27.522857142857145,136.3787085635359
27.392857142857146,136.5087085635359
27.392857142857146,136.6387085635359
27.392857142857146,136.7687085635359
27.392857142857146,136.8987085635359
27.262857142857143,137.0287085635359
27.262857142857143,137.1587085635359
27.262857142857143,137.2887085635359
27.13285714285714,137.41870856353592
27.13285714285714,137.5487085635359
27.13285714285714,137.6787085635359
27.00285714285714,137.8087085635359
27.00285714285714,137.9387085635359
27.00285714285714,138.06870856353592
26.872857142857143,138.19870856353592
26.872857142857143,138.3287085635359
26.872857142857143,138.4587085635359
26.742857142857144,138.5887085635359
26.742857142857144,138.7187085635359
26.742857142857144,138.84870856353592
26.742857142857144,138.97870856353592
26.612857142857145,139.1087085635359
26.612857142857145,139.2387085635359
26.482857142857142,139.3687085635359
26.352857142857143,139.49870856353593
26.352857142857143,139.6287085635359
26.222857142857144,139.75870856353592
26.222857142857144,139.8887085635359
26.222857142857144,140.0187085635359
26.09285714285714,140.1487085635359
26.09285714285714,140.2787085635359
26.09285714285714,140.40870856353592
25.96285714285714,140.5387085635359
25.96285714285714,140.6687085635359
25.96285714285714,140.7987085635359
25.96285714285714,140.9287085635359
25.832857142857144,141.0587085635359
25.832857142857144,141.1887085635359
25.832857142857144,141.31870856353592
25.702857142857145,141.4487085635359
25.702857142857145,141.5787085635359
25.702857142857145,141.7087085635359
25.572857142857146,141.8387085635359
25.572857142857146,141.9687085635359
25.572857142857146,142.0987085635359
25.442857142857143,142.22870856353592
25.442857142857143,142.3587085635359
25.442857142857143,142.4887085635359
25.312857142857144,142.6187085635359
25.312857142857144,142.7487085635359
25.312857142857144,142.8787085635359
25.312857142857144,143.00870856353592
25.182857142857145,143.1387085635359
25.052857142857142,143.2687085635359
25.052857142857142,143.3987085635359
24.92285714285714,143.52870856353593
24.92285714285714,143.65870856353592
24.792857142857144,143.7887085635359
24.792857142857144,143.91870856353592
24.792857142857144,144.0487085635359
24.662857142857145,144.1787085635359
24.662857142857145,144.3087085635359
24.532857142857143,144.4387085635359
24.532857142857143,144.56870856353592
24.532857142857143,144.6987085635359
24.402857142857144,144.8287085635359
24.402857142857144,144.9587085635359
24.272857142857145,145.08870856353593
24.272857142857145,145.2187085635359
24.272857142857145,145.3487085635359
24.142857142857142,145.47870856353592
24.142857142857142,145.6087085635359
24.012857142857143,145.7387085635359
24.012857142857143,145.8687085635359
24.012857142857143,145.9987085635359
23.88285714285714,146.1287085635359
23.88285714285714,146.2587085635359
23.752857142857145,146.3887085635359
23.752857142857145,146.5187085635359
23.752857142857145,146.6487085635359
23.622857142857143,146.7787085635359
23.492857142857144,146.9087085635359
23.362857142857145,147.03870856353592
23.362857142857145,147.16870856353592
23.362857142857145,147.2987085635359
23.232857142857146,147.4287085635359
23.232857142857146,147.5587085635359
23.102857142857143,147.68870856353593
23.102857142857143,147.81870856353592
23.102857142857143,147.9487085635359
22.972857142857144,148.0787085635359
22.972857142857144,148.2087085635359
22.84285714285714,148.33870856353593
22.84285714285714,148.4687085635359
22.84285714285714,148.59870856353592
22.712857142857143,148.72870856353592
22.582857142857144,148.8587085635359
22.582857142857144,148.9887085635359
22.582857142857144,149.1187085635359
22.452857142857145,149.24870856353593
22.452857142857145,149.3787085635359
22.452857142857145,149.5087085635359
22.452857142857145,149.6387085635359
22.322857142857142,149.7687085635359
22.322857142857142,149.8987085635359
22.322857142857142,150.0287085635359
22.322857142857142,150.15870856353592
22.192857142857147,150.2887085635359
22.192857142857147,150.41870856353592
22.062857142857144,150.5487085635359
22.062857142857144,150.6787085635359
21.93285714285714,150.8087085635359
21.93285714285714,150.9387085635359
21.93285714285714,151.06870856353592
21.93285714285714,151.19870856353592
21.802857142857142,151.3287085635359
21.802857142857142,151.4587085635359
21.802857142857142,151.5887085635359
21.802857142857142,151.7187085635359
21.67285714285714,151.84870856353592
21.67285714285714,151.97870856353592
21.67285714285714,152.1087085635359
21.67285714285714,152.2387085635359
21.542857142857144,152.3687085635359
21.542857142857144,152.49870856353593
21.542857142857144,152.6287085635359
21.542857142857144,152.7587085635359
21.542857142857144,152.8887085635359
21.412857142857145,153.01870856353594
21.412857142857145,153.1487085635359
21.412857142857145,153.2787085635359
21.412857142857145,153.40870856353592
21.282857142857143,153.5387085635359
21.282857142857143,153.66870856353592
21.282857142857143,153.7987085635359
21.282857142857143,153.92870856353593
21.152857142857144,154.0587085635359
21.152857142857144,154.18870856353593
21.022857142857145,154.31870856353592
21.022857142857145,154.4487085635359
20.892857142857142,154.5787085635359
20.892857142857142,154.7087085635359
20.892857142857142,154.8387085635359
20.892857142857142,154.9687085635359
20.762857142857143,155.09870856353592
20.762857142857143,155.2287085635359
20.762857142857143,155.3587085635359
20.762857142857143,155.4887085635359
20.63285714285714,155.61870856353593
20.63285714285714,155.7487085635359
20.63285714285714,155.8787085635359
20.63285714285714,156.00870856353592
20.502857142857142,156.13870856353589
20.502857142857142,156.2687085635359
20.502857142857142,156.3987085635359
20.502857142857142,156.52870856353593
20.502857142857142,156.6587085635359
20.372857142857143,156.7887085635359
20.372857142857143,156.91870856353592
20.372857142857143,157.0487085635359
20.372857142857143,157.1787085635359
20.242857142857144,157.3087085635359
20.242857142857144,157.43870856353593
20.242857142857144,157.5687085635359
20.242857142857144,157.69870856353592
20.11285714285714,157.8287085635359
20.11285714285714,157.9587085635359
19.982857142857146,158.0887085635359
19.982857142857146,158.2187085635359
19.852857142857143,158.3487085635359
19.852857142857143,158.4787085635359
19.852857142857143,158.6087085635359
19.852857142857143,158.73870856353588
19.72285714285714,158.86870856353588
19.72285714285714,158.99870856353593
19.72285714285714,159.12870856353592
19.72285714285714,159.25870856353595
19.59285714285714,159.3887085635359
19.59285714285714,159.5187085635359
19.59285714285714,159.64870856353593
19.59285714285714,159.7787085635359
19.59285714285714,159.9087085635359
19.462857142857143,160.03870856353592
19.462857142857143,160.1687085635359
19.462857142857143,160.29870856353588
19.462857142857143,160.42870856353593
19.332857142857144,160.5587085635359
19.332857142857144,160.68870856353593
19.332857142857144,160.81870856353592
19.332857142857144,160.94870856353592
19.202857142857145,161.0787085635359
19.202857142857145,161.2087085635359
19.202857142857145,161.3387085635359
19.202857142857145,161.4687085635359
19.072857142857142,161.5987085635359
18.942857142857143,161.7287085635359
18.942857142857143,161.85870856353594
18.942857142857143,161.9887085635359
18.812857142857144,162.1187085635359
18.812857142857144,162.24870856353593
18.812857142857144,162.3787085635359
18.812857142857144,162.50870856353592
18.68285714285714,162.6387085635359
18.68285714285714,162.76870856353588
18.68285714285714,162.8987085635359
18.552857142857142,163.0287085635359
18.552857142857142,163.15870856353592
18.552857142857142,163.28870856353592
18.552857142857142,163.41870856353592
18.552857142857142,163.5487085635359
18.422857142857143,163.6787085635359
18.422857142857143,163.8087085635359
18.422857142857143,163.93870856353593
18.422857142857143,164.0687085635359
18.292857142857144,164.1987085635359
18.292857142857144,164.3287085635359
18.292857142857144,164.4587085635359
18.292857142857144,164.5887085635359
18.162857142857142,164.71870856353593
18.162857142857142,164.84870856353592
18.162857142857142,164.9787085635359
18.162857142857142,165.1087085635359
18.032857142857143,165.2387085635359
18.032857142857143,165.36870856353588
17.902857142857144,165.4987085635359
17.902857142857144,165.6287085635359
17.772857142857145,165.75870856353592
17.772857142857145,165.8887085635359
17.772857142857145,166.0187085635359
17.772857142857145,166.14870856353593
17.642857142857142,166.27870856353593
17.642857142857142,166.4087085635359
17.642857142857142,166.53870856353592
17.642857142857142,166.66870856353592
17.642857142857142,166.79870856353588
17.512857142857143,166.9287085635359
17.512857142857143,167.0587085635359
17.512857142857143,167.1887085635359
17.512857142857143,167.31870856353592
17.38285714285714,167.44870856353592
17.38285714285714,167.57870856353594
17.38285714285714,167.7087085635359
17.38285714285714,167.8387085635359
17.252857142857145,167.96870856353593
17.252857142857145,168.0987085635359
17.252857142857145,168.2287085635359
17.252857142857145,168.3587085635359
17.122857142857143,168.48870856353588
17.122857142857143,168.61870856353588
17.122857142857143,168.74870856353593
17.122857142857143,168.87870856353592
16.992857142857144,169.00870856353592
16.86285714285714,169.1387085635359
16.86285714285714,169.2687085635359
16.86285714285714,169.3987085635359
16.732857142857146,169.5287085635359
16.732857142857146,169.6587085635359
16.732857142857146,169.78870856353592
16.732857142857146,169.9187085635359
16.602857142857143,170.0487085635359
16.602857142857143,170.17870856353593
16.472857142857144,170.3087085635359
16.34285714285714,170.43870856353593
16.212857142857146,170.56870856353592
16.082857142857144,170.6987085635359
15.952857142857143,170.8287085635359
15.822857142857142,170.9587085635359
15.692857142857143,171.08870856353587
15.562857142857144,171.2187085635359
15.432857142857141,171.3487085635359
15.302857142857142,171.47870856353592
15.172857142857143,171.60870856353594
15.042857142857144,171.60870856353594
14.912857142857142,171.7387085635359
14.782857142857143,171.7387085635359
14.652857142857144,171.8687085635359
14.522857142857145,171.99870856353593
14.392857142857142,172.1287085635359
14.262857142857143,172.25870856353592
14.13285714285714,172.3887085635359
14.002857142857144,172.51870856353588
13.872857142857143,172.6487085635359
13.742857142857144,172.6487085635359
13.612857142857141,172.77870856353593
13.482857142857144,172.9087085635359
13.352857142857143,173.03870856353592
13.222857142857144,173.03870856353592
13.092857142857142,173.16870856353592
12.962857142857144,173.2987085635359
12.832857142857144,173.4287085635359
12.702857142857143,173.5587085635359
12.572857142857142,173.68870856353593
12.442857142857145,173.8187085635359
12.312857142857144,173.9487085635359
12.182857142857143,174.0787085635359
12.052857142857142,174.20870856353594
11.922857142857145,174.3387085635359
11.792857142857143,174.46870856353593
11.662857142857144,174.59870856353592
11.532857142857143,174.7287085635359
11.402857142857146,174.7287085635359
11.272857142857143,174.8587085635359
11.142857142857142,174.9887085635359
11.012857142857143,174.9887085635359
10.88285714285714,175.11870856353588
10.752857142857144,175.2487085635359
10.622857142857143,175.3787085635359
10.492857142857142,175.50870856353595
10.362857142857141,175.6387085635359
10.232857142857144,175.7687085635359
10.102857142857143,175.89870856353593
9.972857142857142,176.0287085635359
9.842857142857143,176.1587085635359
9.712857142857143,176.1587085635359
9.582857142857142,176.28870856353592
9.452857142857143,176.28870856353592
9.322857142857144,176.4187085635359
9.192857142857143,176.54870856353588
9.062857142857144,176.6787085635359
8.932857142857143,176.8087085635359
8.802857142857144,176.93870856353595
8.672857142857143,177.06870856353592
8.542857142857144,177.19870856353592
8.412857142857142,177.32870856353594
8.282857142857143,177.4587085635359
8.152857142857142,177.5887085635359
8.022857142857143,177.71870856353593
7.892857142857142,177.8487085635359
7.7628571428571425,177.8487085635359
7.632857142857143,177.9787085635359
7.502857142857143,178.1087085635359
7.372857142857143,178.23870856353588
7.242857142857142,178.23870856353588
7.112857142857143,178.3687085635359
6.982857142857142,178.49870856353593
6.852857142857143,178.62870856353592
6.722857142857142,178.75870856353592
6.592857142857143,178.8887085635359
6.462857142857143,179.0187085635359
6.332857142857144,179.1487085635359
6.202857142857143,179.2787085635359
6.072857142857143,179.2787085635359
5.942857142857143,179.4087085635359
5.812857142857143,179.5387085635359
5.682857142857143,179.66870856353592
5.552857142857143,179.7987085635359
5.422857142857143,179.92870856353593
5.292857142857144,179.92870856353593
5.162857142857143,180.0587085635359
5.032857142857144,180.18870856353593
4.902857142857143,180.31870856353592
4.772857142857142,180.4487085635359
4.642857142857143,180.5787085635359
4.5128571428571425,180.5787085635359
4.382857142857143,180.7087085635359
4.252857142857143,180.83870856353587
4.122857142857143,180.96870856353593
3.992857142857143,181.09870856353592
3.862857142857143,181.22870856353592
3.732857142857143,181.3587085635359
3.602857142857143,181.4887085635359
3.4728571428571433,181.4887085635359
3.342857142857143,181.6187085635359
3.212857142857143,181.6187085635359
3.082857142857143,181.7487085635359
2.952857142857143,181.8787085635359
2.822857142857143,182.00870856353592
2.692857142857143,182.1387085635359
2.5628571428571427,182.26870856353588
2.432857142857143,182.39870856353593
2.302857142857143,182.52870856353593
2.1728571428571426,182.6587085635359
2.0428571428571427,182.78870856353592
1.9128571428571428,182.91870856353592
1.782857142857143,182.91870856353592
1.652857142857143,183.04870856353588
1.522857142857143,183.1787085635359
1.3928571428571428,183.3087085635359
1.262857142857143,183.43870856353593
1.132857142857143,183.5687085635359
1.002857142857143,183.6987085635359
0.8728571428571428,183.6987085635359
0.7428571428571429,183.82870856353594
0.6128571428571429,183.95870856353594
0.4828571428571429,184.0887085635359
0.35285714285714287,184.0887085635359
0.22285714285714286,184.21870856353593
0.09285714285714286,184.34870856353592
