X,Y
0.10714285714285714,-225.29847694840853
0.2571428571428571,-225.14847694840856
0.4071428571428571,-224.99847694840855
0.557142857142857,-224.99847694840855
0.557142857142857,-224.84847694840855
0.7071428571428571,-224.69847694840854
0.8571428571428571,-224.69847694840854
1.0071428571428571,-224.5484769484086
1.157142857142857,-224.5484769484086
1.157142857142857,-224.39847694840853
1.3071428571428572,-224.24847694840858
1.457142857142857,-224.24847694840858
1.457142857142857,-224.0984769484086
1.607142857142857,-223.94847694840857
1.7571428571428571,-223.94847694840857
1.907142857142857,-223.7984769484086
2.057142857142857,-223.64847694840856
2.207142857142857,-223.64847694840856
2.207142857142857,-223.49847694840858
2.3571428571428568,-223.34847694840857
2.507142857142857,-223.34847694840857
2.6571428571428575,-223.19847694840857
2.8071428571428574,-223.04847694840856
2.8071428571428574,-222.8984769484086
2.9571428571428564,-222.74847694840855
3.1071428571428568,-222.8984769484086
3.1071428571428568,-222.74847694840855
3.2571428571428567,-222.59847694840857
3.4071428571428566,-222.59847694840857
3.557142857142857,-222.44847694840857
3.7071428571428573,-222.29847694840856
3.857142857142857,-222.14847694840856
4.007142857142857,-221.99847694840855
4.1571428571428575,-221.84847694840855
4.307142857142857,-221.69847694840857
4.457142857142856,-221.69847694840857
4.457142857142856,-221.54847694840853
4.607142857142858,-221.39847694840856
4.757142857142857,-221.39847694840856
4.907142857142857,-221.24847694840858
5.057142857142857,-221.09847694840855
5.207142857142856,-220.94847694840857
5.357142857142857,-220.79847694840856
5.507142857142856,-220.64847694840856
5.657142857142857,-220.64847694840856
5.807142857142857,-220.49847694840855
5.957142857142856,-220.3484769484086
6.107142857142857,-220.3484769484086
6.107142857142857,-220.19847694840854
6.257142857142856,-220.0484769484086
6.4071428571428575,-220.0484769484086
6.557142857142857,-219.89847694840853
6.707142857142857,-219.74847694840858
6.707142857142857,-219.59847694840857
6.857142857142857,-219.44847694840857
7.007142857142857,-219.44847694840857
7.157142857142857,-219.29847694840856
7.307142857142857,-219.1484769484086
7.457142857142856,-219.1484769484086
7.457142857142856,-218.99847694840855
7.607142857142857,-218.84847694840857
7.757142857142856,-218.84847694840857
7.9071428571428575,-218.6984769484086
8.057142857142857,-218.6984769484086
8.057142857142857,-218.54847694840856
8.207142857142857,-218.3984769484086
8.357142857142856,-218.3984769484086
8.357142857142856,-218.24847694840855
8.507142857142856,-218.09847694840857
8.657142857142857,-218.09847694840857
8.807142857142857,-217.94847694840857
8.957142857142856,-217.79847694840856
9.107142857142856,-217.64847694840856
9.257142857142856,-217.49847694840858
9.407142857142857,-217.49847694840858
9.407142857142857,-217.34847694840855
9.557142857142857,-217.19847694840857
9.707142857142857,-217.19847694840857
9.707142857142857,-217.04847694840856
9.857142857142856,-216.89847694840856
10.007142857142856,-216.89847694840856
10.157142857142857,-216.74847694840855
10.307142857142857,-216.74847694840855
10.307142857142857,-216.59847694840857
10.457142857142857,-216.44847694840854
10.607142857142858,-216.44847694840854
10.607142857142858,-216.29847694840856
10.757142857142856,-216.14847694840853
10.907142857142857,-216.14847694840853
11.057142857142857,-215.99847694840855
11.207142857142857,-215.84847694840857
11.357142857142856,-215.84847694840857
11.357142857142856,-215.69847694840854
11.507142857142856,-215.54847694840856
11.657142857142857,-215.54847694840856
11.807142857142859,-215.39847694840856
11.957142857142856,-215.24847694840855
11.957142857142856,-215.09847694840855
12.107142857142858,-214.9484769484086
12.257142857142856,-214.9484769484086
12.407142857142858,-214.79847694840853
12.557142857142855,-214.6484769484086
12.707142857142857,-214.6484769484086
12.857142857142856,-214.49847694840852
13.007142857142858,-214.34847694840857
13.157142857142858,-214.19847694840857
13.307142857142855,-214.19847694840857
13.307142857142855,-214.04847694840856
13.457142857142857,-213.89847694840856
13.607142857142856,-213.89847694840856
13.607142857142856,-213.74847694840858
13.757142857142858,-213.59847694840855
13.907142857142855,-213.59847694840855
14.057142857142857,-213.44847694840857
14.207142857142856,-213.2984769484086
14.357142857142858,-213.14847694840856
14.507142857142854,-212.99847694840858
14.657142857142857,-212.99847694840858
14.657142857142857,-212.84847694840857
14.807142857142857,-212.69847694840857
14.957142857142857,-212.69847694840857
15.107142857142856,-212.54847694840856
15.257142857142856,-212.54847694840856
15.257142857142856,-212.39847694840856
15.407142857142857,-212.24847694840855
15.557142857142857,-212.24847694840855
15.707142857142856,-212.09847694840857
15.857142857142856,-211.94847694840854
16.007142857142856,-211.79847694840856
16.15714285714286,-211.64847694840856
16.307142857142857,-211.49847694840855
16.457142857142856,-211.34847694840855
16.607142857142858,-211.34847694840855
16.607142857142858,-211.19847694840857
16.757142857142856,-211.04847694840853
16.90714285714286,-211.04847694840853
17.057142857142857,-210.89847694840856
17.207142857142856,-210.89847694840856
17.207142857142856,-210.74847694840852
17.357142857142858,-210.59847694840855
17.507142857142856,-210.59847694840855
17.507142857142856,-210.4484769484086
17.657142857142855,-210.29847694840853
17.807142857142853,-210.29847694840853
17.957142857142856,-210.1484769484086
18.107142857142858,-209.99847694840858
18.257142857142856,-209.84847694840857
18.40714285714286,-209.69847694840857
18.557142857142857,-209.69847694840857
18.557142857142857,-209.5484769484086
18.70714285714286,-209.39847694840856
18.857142857142854,-209.39847694840856
18.857142857142854,-209.24847694840858
19.007142857142856,-209.09847694840857
19.157142857142855,-209.09847694840857
19.307142857142857,-208.94847694840857
19.457142857142856,-208.79847694840856
19.607142857142854,-208.79847694840856
19.757142857142856,-208.64847694840856
19.90714285714286,-208.49847694840855
20.057142857142857,-208.34847694840857
20.207142857142856,-208.19847694840854
20.357142857142854,-208.04847694840856
20.507142857142856,-208.04847694840856
20.507142857142856,-207.8984769484086
20.65714285714286,-207.74847694840855
20.807142857142853,-207.74847694840855
20.957142857142856,-207.59847694840857
21.107142857142858,-207.44847694840857
21.25714285714286,-207.29847694840856
21.407142857142855,-207.14847694840856
21.557142857142857,-206.99847694840855
21.707142857142856,-206.84847694840855
21.857142857142858,-206.84847694840855
21.857142857142858,-206.69847694840857
22.007142857142853,-206.54847694840853
22.157142857142855,-206.54847694840853
22.307142857142857,-206.39847694840856
22.45714285714286,-206.39847694840856
22.45714285714286,-206.24847694840855
22.607142857142854,-206.09847694840855
22.757142857142856,-206.09847694840855
22.757142857142856,-205.94847694840854
22.90714285714286,-205.7984769484086
23.057142857142857,-205.7984769484086
23.207142857142856,-205.64847694840853
23.357142857142858,-205.49847694840858
23.507142857142856,-205.3484769484086
23.65714285714285,-205.19847694840857
23.807142857142853,-205.19847694840857
23.957142857142856,-205.19847694840857
24.107142857142858,-205.0484769484086
24.25714285714286,-205.0484769484086
24.407142857142855,-205.0484769484086
24.557142857142857,-204.89847694840856
24.70714285714286,-204.89847694840856
24.857142857142854,-204.89847694840856
25.007142857142853,-204.74847694840858
25.157142857142855,-204.89847694840856
25.307142857142857,-204.74847694840858
25.45714285714286,-204.74847694840858
25.607142857142858,-204.59847694840857
25.757142857142856,-204.59847694840857
25.90714285714286,-204.59847694840857
26.057142857142853,-204.59847694840857
26.207142857142856,-204.59847694840857
26.357142857142854,-204.44847694840857
26.507142857142856,-204.44847694840857
26.657142857142855,-204.44847694840857
26.807142857142857,-204.29847694840856
26.95714285714286,-204.44847694840857
27.107142857142858,-204.29847694840856
27.257142857142853,-204.29847694840856
27.407142857142855,-204.29847694840856
27.557142857142857,-204.1484769484086
27.707142857142856,-204.1484769484086
27.857142857142854,-204.1484769484086
28.007142857142856,-204.1484769484086
28.15714285714286,-204.1484769484086
28.30714285714286,-203.99847694840855
28.457142857142856,-203.99847694840855
28.607142857142854,-203.84847694840857
28.757142857142856,-203.84847694840857
28.90714285714286,-203.84847694840857
29.057142857142853,-203.84847694840857
29.207142857142856,-203.84847694840857
29.357142857142858,-203.69847694840857
29.50714285714286,-203.69847694840857
29.65714285714286,-203.69847694840857
29.807142857142853,-203.54847694840856
29.957142857142856,-203.54847694840856
30.107142857142854,-203.54847694840856
30.257142857142856,-203.54847694840856
30.407142857142855,-203.54847694840856
30.557142857142857,-203.39847694840856
30.70714285714286,-203.39847694840856
30.857142857142858,-203.24847694840855
31.007142857142853,-203.24847694840855
31.157142857142855,-203.39847694840856
31.307142857142853,-203.24847694840855
31.457142857142856,-203.24847694840855
31.607142857142858,-203.09847694840855
31.757142857142856,-203.09847694840855
31.907142857142855,-203.09847694840855
32.05714285714286,-202.94847694840857
32.20714285714286,-203.09847694840855
32.357142857142854,-202.94847694840857
32.50714285714285,-202.94847694840857
32.65714285714286,-202.94847694840857
32.80714285714286,-202.79847694840853
32.957142857142856,-202.79847694840853
33.107142857142854,-202.79847694840853
33.25714285714286,-202.79847694840853
33.40714285714286,-202.79847694840853
33.55714285714286,-202.64847694840856
33.707142857142856,-202.64847694840856
33.857142857142854,-202.64847694840856
34.00714285714285,-202.49847694840858
34.15714285714286,-202.49847694840858
34.30714285714286,-202.49847694840858
34.457142857142856,-202.49847694840858
34.607142857142854,-202.34847694840855
34.75714285714285,-202.34847694840855
34.90714285714285,-202.34847694840855
35.05714285714285,-202.19847694840857
35.207142857142856,-202.34847694840855
35.357142857142854,-202.19847694840857
35.50714285714286,-202.19847694840857
35.65714285714285,-202.19847694840857
35.80714285714286,-202.04847694840856
35.957142857142856,-202.04847694840856
36.107142857142854,-202.04847694840856
36.25714285714285,-201.89847694840856
36.40714285714285,-201.89847694840856
36.55714285714286,-201.74847694840855
36.707142857142856,-201.74847694840855
36.85714285714286,-201.5984769484086
37.00714285714285,-201.44847694840854
37.15714285714286,-201.5984769484086
37.30714285714286,-201.44847694840854
37.457142857142856,-201.2984769484086
37.607142857142854,-201.2984769484086
37.75714285714285,-201.14847694840853
37.90714285714286,-201.14847694840853
38.05714285714286,-200.99847694840858
38.207142857142856,-200.84847694840857
38.357142857142854,-200.84847694840857
38.50714285714285,-200.84847694840857
38.65714285714285,-200.84847694840857
38.65714285714285,-200.69847694840857
38.80714285714286,-200.54847694840856
38.957142857142856,-200.54847694840856
39.10714285714286,-200.54847694840856
39.25714285714285,-200.3984769484086
39.40714285714285,-200.24847694840855
39.55714285714286,-200.24847694840855
39.707142857142856,-200.09847694840857
39.857142857142854,-200.09847694840857
40.00714285714285,-200.09847694840857
40.00714285714285,-199.9484769484086
40.15714285714286,-199.79847694840856
40.30714285714285,-199.79847694840856
40.457142857142856,-199.79847694840856
40.607142857142854,-199.6484769484086
40.75714285714285,-199.49847694840855
40.90714285714286,-199.49847694840855
41.05714285714286,-199.34847694840857
41.207142857142856,-199.34847694840857
41.357142857142854,-199.19847694840857
41.50714285714286,-199.19847694840857
41.65714285714285,-199.04847694840856
41.80714285714286,-199.04847694840856
41.957142857142856,-198.89847694840856
42.107142857142854,-198.74847694840858
42.25714285714285,-198.74847694840858
42.40714285714286,-198.74847694840858
42.55714285714286,-198.59847694840855
42.70714285714285,-198.59847694840855
42.857142857142854,-198.44847694840857
43.00714285714285,-198.29847694840856
43.15714285714286,-198.29847694840856
43.30714285714286,-198.14847694840856
43.457142857142856,-197.99847694840855
43.607142857142854,-197.99847694840855
43.75714285714286,-197.99847694840855
43.90714285714285,-197.84847694840857
44.05714285714285,-197.84847694840857
44.207142857142856,-197.69847694840854
44.357142857142854,-197.69847694840854
44.50714285714286,-197.54847694840856
44.65714285714286,-197.39847694840853
44.80714285714286,-197.39847694840853
44.95714285714285,-197.24847694840855
45.107142857142854,-197.39847694840853
45.107142857142854,-197.24847694840855
45.25714285714285,-197.09847694840857
45.40714285714285,-197.09847694840857
45.55714285714286,-197.09847694840857
45.707142857142856,-196.94847694840854
45.85714285714286,-196.79847694840856
46.00714285714285,-196.79847694840856
46.15714285714286,-196.64847694840856
46.30714285714285,-196.64847694840856
46.457142857142856,-196.64847694840856
46.457142857142856,-196.49847694840855
46.607142857142854,-196.34847694840855
46.75714285714285,-196.34847694840855
46.90714285714286,-196.34847694840855
47.05714285714286,-196.34847694840855
47.05714285714286,-196.1984769484086
47.20714285714286,-196.04847694840853
47.35714285714285,-196.04847694840853
47.50714285714285,-196.04847694840853
47.65714285714285,-195.8984769484086
47.80714285714286,-195.8984769484086
47.957142857142856,-195.74847694840852
48.107142857142854,-195.59847694840857
48.25714285714286,-195.59847694840857
48.40714285714286,-195.59847694840857
48.40714285714286,-195.44847694840857
48.557142857142864,-195.29847694840856
48.70714285714285,-195.29847694840856
48.857142857142854,-195.29847694840856
48.857142857142854,-195.14847694840856
49.00714285714285,-194.99847694840858
49.15714285714285,-194.99847694840858
49.30714285714286,-194.99847694840858
49.457142857142856,-194.84847694840855
49.60714285714286,-194.84847694840855
49.75714285714285,-194.69847694840857
49.90714285714286,-194.69847694840857
50.05714285714285,-194.5484769484086
50.207142857142856,-194.5484769484086
50.357142857142854,-194.39847694840856
50.50714285714285,-194.24847694840858
50.65714285714286,-194.39847694840856
50.80714285714286,-194.24847694840858
50.95714285714286,-194.09847694840857
51.107142857142854,-194.09847694840857
51.25714285714286,-193.94847694840857
51.40714285714285,-193.79847694840856
51.55714285714286,-193.79847694840856
51.707142857142856,-193.64847694840856
51.857142857142854,-193.49847694840855
52.00714285714286,-193.64847694840856
52.15714285714285,-193.49847694840855
52.30714285714286,-193.34847694840857
52.457142857142856,-193.34847694840857
52.60714285714286,-193.19847694840854
52.75714285714285,-193.19847694840854
52.90714285714285,-193.04847694840856
53.05714285714286,-192.89847694840856
53.20714285714285,-192.89847694840856
53.357142857142854,-192.89847694840856
53.50714285714285,-192.89847694840856
53.50714285714285,-192.74847694840855
53.65714285714286,-192.59847694840855
53.80714285714286,-192.59847694840855
53.95714285714286,-192.59847694840855
54.107142857142854,-192.44847694840857
54.257142857142846,-192.29847694840853
54.40714285714285,-192.29847694840853
54.55714285714285,-192.14847694840856
54.707142857142856,-192.14847694840856
54.857142857142854,-192.14847694840856
54.857142857142854,-191.99847694840852
55.00714285714286,-191.84847694840855
55.15714285714286,-191.84847694840855
55.307142857142864,-191.84847694840855
55.457142857142856,-191.84847694840855
55.457142857142856,-191.6984769484086
55.60714285714285,-191.54847694840853
55.75714285714285,-191.54847694840853
55.90714285714285,-191.54847694840853
56.05714285714286,-191.3984769484086
56.207142857142856,-191.3984769484086
56.35714285714286,-191.24847694840858
56.50714285714286,-191.09847694840857
56.657142857142844,-191.09847694840857
56.80714285714285,-190.94847694840857
56.95714285714285,-190.7984769484086
57.107142857142854,-190.7984769484086
57.25714285714285,-190.7984769484086
57.40714285714286,-190.64847694840856
57.55714285714286,-190.64847694840856
57.70714285714286,-190.49847694840858
57.85714285714286,-190.34847694840857
58.007142857142846,-190.34847694840857
58.15714285714285,-190.19847694840857
58.30714285714285,-190.19847694840857
58.457142857142856,-190.04847694840856
58.607142857142854,-190.04847694840856
58.75714285714286,-189.89847694840856
58.90714285714286,-189.89847694840856
59.057142857142864,-189.74847694840855
59.207142857142856,-189.74847694840855
59.35714285714285,-189.59847694840857
59.50714285714285,-189.59847694840857
59.50714285714285,-189.44847694840854
59.65714285714285,-189.29847694840856
59.65714285714285,-189.1484769484086
59.80714285714286,-188.99847694840855
59.80714285714286,-188.84847694840857
59.957142857142856,-188.69847694840857
60.10714285714286,-188.69847694840857
60.10714285714286,-188.54847694840856
60.25714285714285,-188.39847694840856
60.25714285714285,-188.24847694840855
60.40714285714285,-188.09847694840855
60.55714285714286,-188.09847694840855
60.55714285714286,-187.94847694840857
60.70714285714285,-187.79847694840853
60.70714285714285,-187.64847694840856
60.857142857142854,-187.49847694840855
61.00714285714285,-187.49847694840855
61.00714285714285,-187.34847694840855
61.15714285714286,-187.19847694840854
61.15714285714286,-187.0484769484086
61.30714285714286,-186.89847694840853
61.45714285714286,-186.74847694840858
61.607142857142854,-186.5984769484086
61.607142857142854,-186.44847694840857
61.75714285714285,-186.2984769484086
61.75714285714285,-186.14847694840856
61.90714285714286,-185.99847694840858
62.05714285714285,-185.99847694840858
62.05714285714285,-185.84847694840857
62.207142857142856,-185.69847694840857
62.207142857142856,-185.54847694840856
62.357142857142854,-185.3984769484086
62.50714285714286,-185.3984769484086
62.50714285714286,-185.24847694840855
62.65714285714285,-185.09847694840857
62.65714285714285,-184.94847694840857
62.80714285714286,-184.79847694840856
62.957142857142856,-184.64847694840856
63.107142857142854,-184.49847694840855
63.107142857142854,-184.34847694840855
63.25714285714286,-184.19847694840857
63.40714285714285,-184.04847694840853
63.55714285714286,-183.89847694840856
63.55714285714286,-183.74847694840858
63.70714285714285,-183.59847694840855
63.857142857142854,-183.44847694840857
64.00714285714285,-183.29847694840856
64.00714285714285,-183.14847694840856
64.15714285714286,-182.99847694840855
64.15714285714286,-182.84847694840855
64.30714285714286,-182.69847694840854
64.45714285714286,-182.69847694840854
64.45714285714286,-182.5484769484086
64.45714285714286,-182.3984769484086
64.60714285714286,-182.24847694840858
64.75714285714285,-182.09847694840857
64.90714285714286,-182.09847694840857
64.90714285714286,-181.94847694840857
64.90714285714286,-181.79847694840856
65.05714285714285,-181.64847694840856
65.05714285714285,-181.49847694840858
65.20714285714286,-181.34847694840857
65.35714285714286,-181.34847694840857
65.35714285714286,-181.19847694840857
65.50714285714285,-181.04847694840856
65.50714285714285,-180.8984769484086
65.65714285714286,-180.74847694840858
65.80714285714285,-180.74847694840858
65.80714285714285,-180.59847694840857
65.95714285714286,-180.44847694840857
65.95714285714286,-180.29847694840856
66.10714285714285,-180.14847694840856
66.25714285714285,-179.99847694840855
66.40714285714286,-179.84847694840857
66.40714285714286,-179.69847694840857
66.55714285714286,-179.54847694840856
66.70714285714286,-179.39847694840856
66.85714285714285,-179.24847694840855
66.85714285714285,-179.09847694840855
67.00714285714285,-178.94847694840854
67.00714285714285,-178.79847694840856
67.15714285714286,-178.64847694840856
67.30714285714286,-178.64847694840856
67.30714285714286,-178.49847694840855
67.45714285714286,-178.34847694840855
67.45714285714286,-178.19847694840857
67.60714285714286,-178.04847694840856
67.75714285714285,-178.04847694840856
67.75714285714285,-177.89847694840856
67.90714285714284,-177.74847694840855
67.90714285714284,-177.59847694840855
68.05714285714285,-177.44847694840854
68.05714285714285,-177.29847694840853
68.20714285714286,-177.1484769484086
68.35714285714286,-177.1484769484086
68.35714285714286,-176.99847694840858
68.50714285714285,-176.84847694840857
68.50714285714285,-176.69847694840857
68.65714285714286,-176.54847694840856
68.80714285714285,-176.54847694840856
68.80714285714285,-176.39847694840856
68.95714285714286,-176.24847694840855
68.95714285714286,-176.09847694840857
69.10714285714285,-175.94847694840857
69.25714285714285,-175.94847694840857
69.25714285714285,-175.79847694840856
69.40714285714286,-175.64847694840856
69.40714285714286,-175.49847694840858
69.55714285714285,-175.34847694840857
69.70714285714286,-175.19847694840857
69.85714285714285,-175.04847694840856
69.85714285714285,-174.89847694840856
70.00714285714285,-174.74847694840855
70.00714285714285,-174.59847694840855
70.15714285714284,-174.44847694840857
70.30714285714285,-174.44847694840857
70.30714285714285,-174.29847694840856
70.45714285714286,-174.14847694840856
70.45714285714286,-173.99847694840855
70.60714285714285,-173.84847694840855
70.75714285714285,-173.84847694840855
70.75714285714285,-173.69847694840854
70.90714285714286,-173.54847694840853
70.90714285714286,-173.39847694840856
71.05714285714286,-173.24847694840855
71.20714285714284,-173.09847694840855
71.35714285714285,-172.9484769484086
71.35714285714285,-172.7984769484086
71.50714285714285,-172.6484769484086
71.65714285714284,-172.49847694840858
71.80714285714285,-172.34847694840857
71.80714285714285,-172.19847694840857
71.95714285714286,-172.04847694840856
71.95714285714286,-171.89847694840856
72.10714285714286,-171.74847694840858
72.25714285714285,-171.74847694840858
72.25714285714285,-171.59847694840857
72.40714285714286,-171.44847694840857
72.40714285714286,-171.29847694840856
72.55714285714285,-171.14847694840856
72.70714285714286,-171.14847694840856
72.70714285714286,-170.99847694840855
72.85714285714285,-170.84847694840855
72.85714285714285,-170.69847694840857
72.85714285714285,-170.54847694840856
73.00714285714285,-170.39847694840856
73.15714285714286,-170.39847694840856
73.30714285714285,-170.24847694840858
73.30714285714285,-170.09847694840857
73.30714285714285,-169.94847694840857
73.45714285714286,-169.79847694840856
73.60714285714286,-169.79847694840856
73.60714285714286,-169.64847694840856
73.75714285714287,-169.49847694840855
73.75714285714287,-169.34847694840855
73.90714285714284,-169.19847694840857
74.05714285714285,-169.04847694840856
74.20714285714286,-168.89847694840856
74.20714285714286,-168.74847694840855
74.35714285714285,-168.59847694840855
74.50714285714285,-168.44847694840854
74.65714285714286,-168.29847694840853
74.65714285714286,-168.14847694840853
74.80714285714286,-167.99847694840858
74.80714285714286,-167.84847694840857
74.95714285714286,-167.69847694840857
75.10714285714286,-167.69847694840857
75.10714285714286,-167.5484769484086
75.25714285714285,-167.3984769484086
75.25714285714285,-167.24847694840858
75.40714285714284,-167.09847694840857
75.55714285714285,-167.09847694840857
75.55714285714285,-166.94847694840857
75.70714285714286,-166.79847694840856
75.70714285714286,-166.64847694840856
75.85714285714286,-166.49847694840858
76.00714285714285,-166.34847694840857
76.15714285714286,-166.19847694840857
76.15714285714286,-166.04847694840856
76.30714285714285,-165.89847694840856
76.45714285714286,-165.74847694840855
76.60714285714285,-165.59847694840855
76.60714285714285,-165.44847694840857
76.75714285714285,-165.29847694840856
76.75714285714285,-165.14847694840856
76.90714285714286,-164.99847694840855
76.90714285714286,-164.84847694840857
77.05714285714285,-164.69847694840857
77.05714285714285,-164.54847694840856
77.20714285714286,-164.39847694840856
77.35714285714285,-164.39847694840856
77.35714285714285,-164.24847694840855
77.50714285714285,-164.09847694840855
77.50714285714285,-163.94847694840854
77.65714285714286,-163.7984769484086
77.65714285714286,-163.6484769484086
77.80714285714286,-163.49847694840858
77.80714285714286,-163.34847694840857
77.80714285714286,-163.19847694840857
77.95714285714286,-163.04847694840856
77.95714285714286,-162.89847694840856
78.10714285714286,-162.74847694840858
78.10714285714286,-162.59847694840857
78.25714285714287,-162.44847694840857
78.25714285714287,-162.29847694840856
78.40714285714284,-162.1484769484086
78.40714285714284,-161.99847694840858
78.55714285714285,-161.84847694840857
78.55714285714285,-161.69847694840857
78.70714285714284,-161.54847694840856
78.70714285714284,-161.39847694840856
78.85714285714285,-161.24847694840855
78.85714285714285,-161.09847694840857
79.00714285714285,-160.94847694840857
79.00714285714285,-160.79847694840856
79.00714285714285,-160.64847694840856
79.15714285714284,-160.49847694840855
79.15714285714284,-160.34847694840855
79.30714285714285,-160.19847694840854
79.30714285714285,-160.04847694840856
79.45714285714286,-159.89847694840856
79.45714285714286,-159.74847694840855
79.60714285714286,-159.59847694840855
79.60714285714286,-159.44847694840857
79.75714285714285,-159.29847694840856
79.75714285714285,-159.14847694840856
79.90714285714286,-158.99847694840855
79.90714285714286,-158.84847694840855
80.05714285714285,-158.69847694840854
80.05714285714285,-158.54847694840853
80.20714285714286,-158.3984769484086
80.20714285714286,-158.24847694840858
80.20714285714286,-158.09847694840857
80.35714285714286,-157.94847694840857
80.35714285714286,-157.79847694840856
80.50714285714284,-157.64847694840856
80.65714285714284,-157.49847694840855
80.80714285714285,-157.34847694840857
80.80714285714285,-157.19847694840857
80.95714285714286,-157.04847694840856
80.95714285714286,-156.89847694840856
81.10714285714285,-156.74847694840858
81.10714285714285,-156.59847694840857
81.25714285714285,-156.44847694840857
81.25714285714285,-156.29847694840856
81.40714285714284,-156.14847694840856
81.40714285714284,-155.99847694840855
81.55714285714285,-155.84847694840855
81.55714285714285,-155.69847694840857
81.70714285714286,-155.54847694840856
81.70714285714286,-155.39847694840856
81.85714285714285,-155.24847694840855
81.85714285714285,-155.09847694840855
81.85714285714285,-154.94847694840854
82.00714285714285,-154.79847694840853
82.00714285714285,-154.64847694840856
82.15714285714286,-154.49847694840855
82.15714285714286,-154.34847694840855
82.30714285714286,-154.1984769484086
82.30714285714286,-154.0484769484086
82.45714285714286,-153.8984769484086
82.45714285714286,-153.74847694840858
82.60714285714286,-153.59847694840857
82.60714285714286,-153.44847694840857
82.75714285714285,-153.29847694840856
82.75714285714285,-153.14847694840856
82.90714285714286,-152.99847694840858
82.90714285714286,-152.84847694840857
83.05714285714286,-152.69847694840857
83.05714285714286,-152.54847694840856
83.05714285714286,-152.39847694840856
83.20714285714284,-152.24847694840855
83.20714285714284,-152.09847694840855
83.35714285714285,-151.94847694840857
83.35714285714285,-151.79847694840856
83.50714285714285,-151.64847694840856
83.50714285714285,-151.49847694840858
83.65714285714286,-151.34847694840857
83.65714285714286,-151.19847694840857
83.80714285714285,-151.04847694840856
83.80714285714285,-150.89847694840856
83.95714285714286,-150.74847694840855
84.10714285714285,-150.74847694840855
84.10714285714285,-150.59847694840855
84.25714285714285,-150.44847694840857
84.25714285714285,-150.29847694840856
84.40714285714286,-150.14847694840856
84.40714285714286,-149.99847694840855
84.55714285714285,-149.84847694840857
84.55714285714285,-149.69847694840857
84.55714285714285,-149.54847694840856
84.70714285714286,-149.39847694840856
84.70714285714286,-149.24847694840858
84.85714285714286,-149.09847694840857
84.85714285714286,-148.94847694840857
85.00714285714287,-148.79847694840856
85.00714285714287,-148.64847694840856
85.15714285714286,-148.49847694840855
85.15714285714286,-148.34847694840855
85.30714285714286,-148.19847694840857
85.30714285714286,-148.04847694840856
85.45714285714284,-147.89847694840856
85.45714285714284,-147.74847694840858
85.60714285714285,-147.59847694840857
85.60714285714285,-147.44847694840857
85.75714285714285,-147.29847694840856
85.75714285714285,-147.1484769484086
85.75714285714285,-146.99847694840858
85.90714285714284,-146.84847694840857
85.90714285714284,-146.69847694840857
86.05714285714285,-146.54847694840856
86.05714285714285,-146.39847694840856
86.20714285714286,-146.24847694840855
86.20714285714286,-146.09847694840857
86.35714285714286,-145.94847694840857
86.35714285714286,-145.79847694840856
86.50714285714285,-145.64847694840856
86.50714285714285,-145.49847694840855
86.65714285714284,-145.34847694840855
86.65714285714284,-145.19847694840854
86.80714285714285,-145.0484769484086
86.80714285714285,-144.8984769484086
86.95714285714286,-144.74847694840858
86.95714285714286,-144.59847694840857
86.95714285714286,-144.44847694840857
87.10714285714286,-144.29847694840856
87.25714285714285,-144.44847694840857
87.25714285714285,-144.29847694840856
87.40714285714286,-144.14847694840856
87.55714285714286,-143.99847694840858
87.70714285714287,-143.84847694840857
87.85714285714285,-143.84847694840857
87.85714285714285,-143.69847694840857
88.00714285714284,-143.54847694840856
88.15714285714284,-143.54847694840856
88.15714285714284,-143.39847694840856
88.30714285714285,-143.24847694840855
88.45714285714286,-143.09847694840855
88.60714285714285,-142.94847694840857
88.75714285714285,-142.79847694840856
88.90714285714286,-142.64847694840856
89.05714285714286,-142.49847694840855
89.20714285714286,-142.34847694840857
89.20714285714286,-142.19847694840857
89.35714285714285,-142.04847694840856
89.50714285714285,-142.04847694840856
89.50714285714285,-141.89847694840856
89.65714285714286,-141.74847694840858
89.80714285714286,-141.74847694840858
89.80714285714286,-141.59847694840857
89.95714285714284,-141.44847694840857
90.10714285714285,-141.44847694840857
90.10714285714285,-141.29847694840856
90.25714285714285,-141.14847694840856
90.40714285714284,-141.14847694840856
90.40714285714284,-140.99847694840855
90.55714285714285,-140.84847694840855
90.70714285714284,-140.69847694840857
90.85714285714285,-140.69847694840857
90.85714285714285,-140.54847694840856
91.00714285714285,-140.39847694840856
91.15714285714286,-140.39847694840856
91.30714285714285,-140.24847694840855
91.45714285714286,-140.09847694840855
91.45714285714286,-139.94847694840854
91.60714285714286,-139.79847694840853
91.75714285714287,-139.79847694840853
91.75714285714287,-139.6484769484086
91.90714285714284,-139.49847694840858
92.05714285714285,-139.49847694840858
92.05714285714285,-139.34847694840857
92.20714285714286,-139.19847694840857
92.35714285714286,-139.19847694840857
92.35714285714286,-139.04847694840856
92.50714285714284,-138.89847694840856
92.65714285714284,-138.89847694840856
92.65714285714284,-138.74847694840855
92.80714285714285,-138.59847694840857
92.95714285714284,-138.44847694840857
93.10714285714285,-138.29847694840856
93.25714285714285,-138.14847694840856
93.40714285714286,-137.99847694840855
93.40714285714286,-137.84847694840855
93.55714285714285,-137.69847694840854
93.70714285714286,-137.69847694840854
93.70714285714286,-137.54847694840856
93.85714285714286,-137.39847694840856
94.00714285714287,-137.39847694840856
94.00714285714287,-137.24847694840855
94.15714285714286,-137.09847694840857
94.30714285714286,-137.09847694840857
94.30714285714286,-136.94847694840857
94.45714285714287,-136.79847694840856
94.60714285714283,-136.79847694840856
94.60714285714283,-136.64847694840856
94.75714285714284,-136.49847694840858
94.90714285714284,-136.34847694840857
95.05714285714285,-136.34847694840857
95.20714285714284,-136.19847694840857
95.35714285714285,-136.04847694840856
95.50714285714285,-135.89847694840856
95.65714285714284,-135.74847694840855
95.65714285714284,-135.59847694840855
95.80714285714285,-135.44847694840857
95.95714285714286,-135.44847694840857
95.95714285714286,-135.29847694840856
96.10714285714286,-135.14847694840856
96.25714285714285,-135.14847694840856
96.25714285714285,-134.99847694840855
96.40714285714286,-134.84847694840857
96.55714285714286,-134.84847694840857
96.55714285714286,-134.69847694840857
96.70714285714286,-134.54847694840856
96.85714285714286,-134.54847694840856
96.85714285714286,-134.39847694840856
97.00714285714287,-134.24847694840858
97.15714285714287,-134.09847694840857
97.30714285714284,-133.94847694840857
97.45714285714284,-133.79847694840856
97.60714285714285,-133.64847694840856
97.75714285714285,-133.49847694840855
97.90714285714284,-133.34847694840855
97.90714285714284,-133.19847694840857
98.05714285714285,-133.04847694840856
98.20714285714286,-133.04847694840856
98.20714285714286,-132.89847694840856
98.35714285714285,-132.74847694840858
98.50714285714285,-132.74847694840858
98.65714285714286,-132.59847694840857
98.80714285714286,-132.59847694840857
98.80714285714286,-132.44847694840857
98.80714285714286,-132.29847694840856
98.95714285714286,-132.1484769484086
99.10714285714286,-132.29847694840856
99.10714285714286,-132.1484769484086
99.25714285714287,-131.99847694840858
99.40714285714284,-131.84847694840857
99.55714285714285,-131.69847694840857
99.70714285714286,-131.54847694840856
99.85714285714286,-131.39847694840856
100.00714285714284,-131.24847694840855
100.15714285714284,-131.09847694840857
100.15714285714284,-130.94847694840857
100.30714285714285,-130.79847694840856
100.45714285714284,-130.79847694840856
100.45714285714284,-130.64847694840856
100.60714285714285,-130.49847694840858
100.75714285714285,-130.49847694840858
100.75714285714285,-130.34847694840857
100.90714285714286,-130.19847694840857
101.05714285714285,-130.19847694840857
101.05714285714285,-130.04847694840856
101.20714285714286,-129.89847694840856
101.35714285714286,-129.89847694840856
101.35714285714286,-129.74847694840855
101.50714285714287,-129.59847694840855
101.65714285714286,-129.44847694840857
101.80714285714286,-129.29847694840856
101.95714285714287,-129.14847694840856
102.10714285714285,-128.99847694840858
102.10714285714285,-128.84847694840857
102.25714285714285,-128.69847694840857
102.40714285714286,-128.69847694840857
102.55714285714286,-128.54847694840856
102.70714285714284,-128.54847694840856
102.70714285714284,-128.3984769484086
102.85714285714285,-128.24847694840858
103.00714285714285,-128.24847694840858
103.00714285714285,-128.09847694840857
103.15714285714284,-127.94847694840857
103.30714285714285,-127.94847694840857
103.30714285714285,-127.79847694840856
103.45714285714286,-127.64847694840856
103.60714285714286,-127.49847694840855
103.75714285714285,-127.34847694840856
103.90714285714286,-127.19847694840855
104.05714285714286,-127.04847694840855
104.20714285714284,-126.89847694840854
104.35714285714285,-126.74847694840858
104.35714285714285,-126.59847694840857
104.50714285714285,-126.44847694840857
104.65714285714286,-126.44847694840857
104.65714285714286,-126.29847694840858
104.80714285714285,-126.14847694840857
104.95714285714286,-126.14847694840857
104.95714285714286,-125.99847694840857
105.10714285714286,-125.84847694840856
105.25714285714287,-125.84847694840856
105.25714285714287,-125.69847694840857
105.40714285714284,-125.54847694840856
105.55714285714285,-125.54847694840856
105.55714285714285,-125.39847694840856
105.70714285714286,-125.24847694840857
105.85714285714285,-125.09847694840856
106.00714285714285,-124.94847694840855
106.15714285714286,-124.79847694840855
106.30714285714286,-124.64847694840857
106.45714285714284,-124.64847694840857
106.45714285714284,-124.49847694840857
106.60714285714285,-124.34847694840856
106.75714285714285,-124.19847694840858
106.90714285714284,-124.19847694840858
106.90714285714284,-124.04847694840858
107.05714285714285,-123.89847694840857
107.20714285714286,-123.89847694840857
107.20714285714286,-123.74847694840857
107.35714285714286,-123.59847694840857
107.50714285714285,-123.59847694840857
107.50714285714285,-123.44847694840857
107.65714285714286,-123.29847694840856
107.80714285714286,-123.29847694840856
107.80714285714286,-123.14847694840856
107.95714285714284,-122.99847694840857
108.10714285714285,-122.84847694840856
108.25714285714285,-122.69847694840855
108.40714285714286,-122.54847694840858
108.55714285714284,-122.39847694840857
108.70714285714284,-122.24847694840857
108.85714285714285,-122.09847694840856
108.85714285714285,-121.94847694840857
109.00714285714285,-121.79847694840856
109.15714285714284,-121.79847694840856
109.15714285714284,-121.64847694840856
109.30714285714285,-121.49847694840858
109.45714285714286,-121.49847694840858
109.45714285714286,-121.34847694840857
109.60714285714285,-121.19847694840857
109.75714285714285,-121.19847694840857
109.75714285714285,-121.04847694840856
109.90714285714286,-120.89847694840857
110.05714285714286,-120.89847694840857
110.05714285714286,-120.74847694840857
110.20714285714286,-120.59847694840856
110.35714285714286,-120.44847694840858
110.50714285714287,-120.29847694840858
110.50714285714287,-120.14847694840857
110.65714285714284,-119.99847694840857
110.65714285714284,-119.84847694840857
110.80714285714285,-119.69847694840857
110.80714285714285,-119.54847694840856
110.95714285714286,-119.39847694840856
110.95714285714286,-119.24847694840857
111.10714285714286,-119.09847694840856
111.25714285714284,-118.94847694840855
111.40714285714284,-118.79847694840858
111.40714285714284,-118.64847694840857
111.55714285714285,-118.49847694840857
111.55714285714285,-118.34847694840856
111.70714285714284,-118.19847694840857
111.70714285714284,-118.04847694840856
111.85714285714285,-117.89847694840856
111.85714285714285,-117.74847694840858
112.00714285714285,-117.59847694840857
112.15714285714286,-117.44847694840857
112.30714285714285,-117.29847694840856
112.30714285714285,-117.14847694840857
112.30714285714285,-116.99847694840857
112.45714285714286,-116.84847694840856
112.45714285714286,-116.69847694840857
112.60714285714286,-116.54847694840856
112.60714285714286,-116.39847694840856
112.75714285714287,-116.24847694840855
112.75714285714287,-116.09847694840857
112.90714285714286,-115.94847694840857
113.05714285714286,-115.94847694840857
113.05714285714286,-115.79847694840856
113.20714285714287,-115.64847694840856
113.20714285714287,-115.49847694840858
113.35714285714283,-115.34847694840857
113.35714285714283,-115.19847694840857
113.50714285714284,-115.04847694840858
113.50714285714284,-114.89847694840857
113.65714285714284,-114.74847694840857
113.65714285714284,-114.59847694840856
113.80714285714285,-114.44847694840857
113.95714285714284,-114.44847694840857
113.95714285714284,-114.29847694840856
114.10714285714285,-114.14847694840856
114.10714285714285,-113.99847694840857
114.25714285714285,-113.84847694840856
114.25714285714285,-113.69847694840855
114.40714285714284,-113.54847694840855
114.40714285714284,-113.39847694840859
114.40714285714284,-113.24847694840858
114.55714285714285,-113.09847694840857
114.70714285714286,-112.94847694840858
114.85714285714286,-112.94847694840858
114.85714285714286,-112.79847694840858
114.85714285714286,-112.64847694840857
115.00714285714285,-112.49847694840857
115.00714285714285,-112.34847694840857
115.15714285714286,-112.19847694840857
115.15714285714286,-112.04847694840856
115.30714285714286,-111.89847694840856
115.30714285714286,-111.74847694840857
115.45714285714286,-111.59847694840856
115.60714285714286,-111.44847694840855
115.75714285714287,-111.29847694840856
115.75714285714287,-111.14847694840856
115.90714285714287,-110.99847694840855
115.90714285714287,-110.84847694840855
116.05714285714284,-110.69847694840858
116.05714285714284,-110.54847694840858
116.20714285714284,-110.39847694840857
116.20714285714284,-110.24847694840858
116.35714285714285,-110.09847694840857
116.50714285714285,-109.94847694840857
116.65714285714284,-109.79847694840856
116.65714285714284,-109.64847694840857
116.80714285714285,-109.49847694840857
116.80714285714285,-109.34847694840856
116.80714285714285,-109.19847694840857
116.95714285714286,-109.04847694840856
116.95714285714286,-108.89847694840856
117.10714285714285,-108.74847694840855
117.10714285714285,-108.59847694840857
117.25714285714285,-108.44847694840857
117.40714285714286,-108.44847694840857
117.40714285714286,-108.29847694840856
117.55714285714286,-108.14847694840856
117.55714285714286,-107.99847694840858
117.70714285714286,-107.84847694840857
117.70714285714286,-107.69847694840857
117.85714285714286,-107.54847694840858
117.85714285714286,-107.39847694840857
118.00714285714287,-107.24847694840857
118.00714285714287,-107.09847694840856
118.15714285714284,-106.94847694840857
118.30714285714285,-106.94847694840857
118.30714285714285,-106.79847694840856
118.45714285714286,-106.64847694840856
118.45714285714286,-106.49847694840857
118.60714285714286,-106.34847694840856
118.60714285714286,-106.19847694840855
118.75714285714284,-106.04847694840855
118.75714285714284,-105.89847694840857
118.90714285714284,-105.74847694840857
118.90714285714284,-105.59847694840856
119.05714285714285,-105.44847694840858
119.20714285714284,-105.44847694840858
119.20714285714284,-105.29847694840858
119.35714285714285,-105.14847694840857
119.35714285714285,-104.99847694840857
119.35714285714285,-104.84847694840857
119.50714285714285,-104.69847694840857
119.50714285714285,-104.54847694840856
119.65714285714286,-104.39847694840856
119.65714285714286,-104.24847694840857
119.80714285714285,-104.09847694840856
119.95714285714286,-103.94847694840855
120.10714285714286,-103.79847694840858
120.10714285714286,-103.64847694840857
120.25714285714287,-103.49847694840857
120.25714285714287,-103.34847694840856
120.40714285714284,-103.19847694840857
120.40714285714284,-103.04847694840856
120.55714285714285,-102.89847694840856
120.55714285714285,-102.74847694840858
120.70714285714286,-102.59847694840857
120.85714285714285,-102.59847694840857
120.85714285714285,-102.44847694840857
121.00714285714285,-102.29847694840856
121.00714285714285,-102.14847694840857
121.15714285714286,-101.99847694840857
121.15714285714286,-101.84847694840856
121.30714285714286,-101.69847694840858
121.30714285714286,-101.54847694840858
121.30714285714286,-101.39847694840857
121.45714285714284,-101.24847694840857
121.45714285714284,-101.09847694840857
121.60714285714285,-100.94847694840857
121.75714285714285,-100.94847694840857
121.75714285714285,-100.79847694840856
121.90714285714284,-100.64847694840856
121.90714285714284,-100.49847694840857
122.05714285714285,-100.34847694840856
122.05714285714285,-100.19847694840855
122.20714285714286,-100.04847694840858
122.20714285714286,-99.89847694840857
122.35714285714286,-99.74847694840857
122.35714285714286,-99.59847694840856
122.50714285714285,-99.44847694840858
122.65714285714286,-99.44847694840858
122.65714285714286,-99.29847694840858
122.80714285714286,-99.14847694840857
122.80714285714286,-98.99847694840858
122.95714285714284,-98.84847694840857
122.95714285714284,-98.69847694840857
123.10714285714285,-98.54847694840856
123.10714285714285,-98.39847694840857
123.25714285714285,-98.24847694840857
123.25714285714285,-98.09847694840856
123.40714285714286,-97.94847694840857
123.55714285714285,-97.94847694840857
123.55714285714285,-97.79847694840856
123.70714285714286,-97.64847694840856
123.70714285714286,-97.49847694840855
123.85714285714286,-97.34847694840857
123.85714285714286,-97.19847694840857
123.85714285714286,-97.04847694840856
124.00714285714287,-96.89847694840856
124.00714285714287,-96.74847694840858
124.15714285714284,-96.59847694840857
124.30714285714285,-96.59847694840857
124.30714285714285,-96.44847694840857
124.45714285714286,-96.29847694840858
124.45714285714286,-96.14847694840857
124.60714285714285,-95.99847694840857
124.60714285714285,-95.84847694840856
124.75714285714285,-95.69847694840857
124.75714285714285,-95.54847694840856
124.90714285714286,-95.39847694840856
124.90714285714286,-95.24847694840857
125.05714285714286,-95.09847694840856
125.20714285714284,-94.94847694840855
125.35714285714285,-94.79847694840855
125.35714285714285,-94.64847694840859
125.50714285714285,-94.49847694840858
125.50714285714285,-94.34847694840857
125.65714285714284,-94.19847694840858
125.65714285714284,-94.04847694840858
125.80714285714285,-93.89847694840857
125.80714285714285,-93.74847694840857
125.80714285714285,-93.59847694840857
125.95714285714286,-93.44847694840857
126.10714285714286,-93.59847694840857
126.10714285714286,-93.44847694840857
126.25714285714285,-93.29847694840856
126.25714285714285,-93.14847694840856
126.25714285714285,-92.99847694840857
126.40714285714286,-92.84847694840856
126.40714285714286,-92.69847694840855
126.55714285714286,-92.54847694840856
126.55714285714286,-92.39847694840856
126.70714285714284,-92.24847694840855
126.70714285714284,-92.09847694840855
126.85714285714285,-91.94847694840858
127.00714285714285,-91.94847694840858
127.00714285714285,-91.79847694840858
127.15714285714286,-91.64847694840857
127.15714285714286,-91.49847694840858
127.30714285714284,-91.34847694840857
127.30714285714284,-91.19847694840857
127.45714285714284,-91.04847694840856
127.45714285714284,-90.89847694840856
127.60714285714285,-90.74847694840857
127.75714285714285,-90.59847694840856
127.90714285714284,-90.44847694840857
127.90714285714284,-90.29847694840856
128.05714285714285,-90.14847694840856
128.05714285714285,-89.99847694840858
128.20714285714286,-89.84847694840857
128.20714285714286,-89.69847694840857
128.20714285714286,-89.54847694840856
128.35714285714286,-89.39847694840857
128.35714285714286,-89.24847694840858
128.50714285714287,-89.09847694840857
128.65714285714287,-88.94847694840857
128.80714285714288,-88.79847694840856
128.80714285714288,-88.64847694840857
128.95714285714286,-88.49847694840857
128.95714285714286,-88.34847694840856
129.10714285714286,-88.19847694840855
129.10714285714286,-88.04847694840856
129.25714285714287,-87.89847694840857
129.25714285714287,-87.74847694840857
129.40714285714284,-87.59847694840856
129.55714285714285,-87.59847694840856
129.55714285714285,-87.44847694840855
129.70714285714286,-87.29847694840858
129.70714285714286,-87.14847694840857
129.85714285714286,-86.99847694840857
129.85714285714286,-86.84847694840856
130.00714285714284,-86.69847694840857
130.00714285714284,-86.54847694840858
130.15714285714284,-86.39847694840857
130.15714285714284,-86.24847694840857
130.30714285714285,-86.09847694840856
130.45714285714286,-85.94847694840857
130.60714285714286,-85.79847694840856
130.60714285714286,-85.64847694840856
130.75714285714287,-85.49847694840857
130.75714285714287,-85.34847694840856
130.75714285714287,-85.19847694840858
130.90714285714287,-85.04847694840858
130.90714285714287,-84.89847694840857
131.05714285714285,-84.74847694840857
131.05714285714285,-84.59847694840857
131.20714285714286,-84.44847694840857
131.20714285714286,-84.29847694840856
131.35714285714286,-84.14847694840857
131.20714285714286,-83.99847694840857
131.35714285714286,-83.84847694840857
131.35714285714286,-83.69847694840857
131.50714285714287,-83.54847694840856
131.50714285714287,-83.39847694840856
131.50714285714287,-83.24847694840857
131.50714285714287,-83.09847694840856
131.50714285714287,-82.94847694840855
131.65714285714284,-82.79847694840858
131.65714285714284,-82.64847694840857
131.80714285714285,-82.49847694840858
131.65714285714284,-82.34847694840857
131.80714285714285,-82.19847694840857
131.80714285714285,-82.04847694840856
131.80714285714285,-81.89847694840857
131.95714285714286,-81.74847694840857
131.95714285714286,-81.59847694840856
131.95714285714286,-81.44847694840857
131.95714285714286,-81.29847694840856
132.10714285714283,-81.14847694840857
132.10714285714283,-80.99847694840857
132.25714285714284,-80.84847694840856
132.10714285714283,-80.69847694840855
132.25714285714284,-80.54847694840858
132.25714285714284,-80.39847694840857
132.25714285714284,-80.24847694840857
132.40714285714284,-80.09847694840857
132.40714285714284,-79.94847694840857
132.40714285714284,-79.79847694840858
132.40714285714284,-79.64847694840857
132.55714285714285,-79.49847694840857
132.55714285714285,-79.34847694840856
132.70714285714286,-79.19847694840857
132.70714285714286,-79.04847694840856
132.55714285714285,-78.89847694840856
132.70714285714286,-78.74847694840857
132.70714285714286,-78.59847694840856
132.85714285714286,-78.44847694840857
132.85714285714286,-78.29847694840856
132.85714285714286,-78.14847694840856
132.85714285714286,-77.99847694840858
133.00714285714287,-77.84847694840857
133.00714285714287,-77.69847694840857
133.15714285714284,-77.54847694840856
133.15714285714284,-77.39847694840857
133.00714285714287,-77.24847694840857
133.15714285714284,-77.09847694840857
133.15714285714284,-76.94847694840857
133.30714285714285,-76.79847694840856
133.30714285714285,-76.64847694840857
133.30714285714285,-76.49847694840857
133.30714285714285,-76.34847694840856
133.45714285714286,-76.19847694840855
133.45714285714286,-76.04847694840856
133.60714285714286,-75.89847694840856
133.45714285714286,-75.74847694840857
133.45714285714286,-75.59847694840856
133.60714285714286,-75.44847694840857
133.60714285714286,-75.29847694840858
133.75714285714284,-75.14847694840857
133.60714285714286,-74.99847694840857
133.75714285714284,-74.84847694840856
133.75714285714284,-74.69847694840857
133.90714285714284,-74.54847694840856
133.90714285714284,-74.39847694840857
134.05714285714285,-74.24847694840857
133.90714285714284,-74.09847694840856
133.90714285714284,-73.94847694840857
134.05714285714285,-73.79847694840856
134.05714285714285,-73.64847694840857
134.20714285714286,-73.49847694840857
134.05714285714285,-73.34847694840857
134.20714285714286,-73.19847694840857
134.20714285714286,-73.04847694840856
134.35714285714286,-72.89847694840857
134.35714285714286,-72.74847694840857
134.50714285714287,-72.59847694840857
134.35714285714286,-72.44847694840857
134.35714285714286,-72.29847694840858
134.50714285714287,-72.14847694840857
134.50714285714287,-71.99847694840857
134.65714285714287,-71.84847694840856
134.65714285714287,-71.69847694840857
134.65714285714287,-71.54847694840785
134.65714285714287,-71.3984769484082
134.80714285714285,-71.24847694840822
134.80714285714285,-71.09847694840822
134.80714285714285,-70.94847694840821
134.80714285714285,-70.79847694840821
134.80714285714285,-70.64847694840822
134.95714285714286,-70.49847694840821
134.95714285714286,-70.3484769484082
135.10714285714286,-70.1984769484082
135.10714285714286,-70.04847694840821
135.10714285714286,-69.89847694840822
135.10714285714286,-69.74847694840821
135.25714285714287,-69.59847694840822
135.25714285714287,-69.44847694840821
135.25714285714287,-69.29847694840821
135.25714285714287,-69.1484769484082
135.25714285714287,-68.99847694840821
135.40714285714284,-68.8484769484082
135.40714285714284,-68.6984769484082
135.55714285714285,-68.54847694840822
135.40714285714284,-68.39847694840822
135.55714285714285,-68.24847694840821
135.55714285714285,-68.0984769484082
135.55714285714285,-67.94847694840821
135.70714285714286,-67.79847694840821
135.55714285714285,-67.6484769484082
135.70714285714286,-67.49847694840822
135.70714285714286,-67.34847694840822
135.85714285714283,-67.19847694840821
135.85714285714283,-67.04847694840821
136.00714285714284,-66.89847694840822
135.85714285714283,-66.74847694840821
135.85714285714283,-66.5984769484082
136.00714285714284,-66.4484769484082
136.00714285714284,-66.29847694840821
136.15714285714284,-66.14847694840822
136.15714285714284,-65.99847694840821
136.15714285714284,-65.84847694840822
136.15714285714284,-65.69847694840821
136.30714285714285,-65.54847694840821
136.30714285714285,-65.3984769484082
136.45714285714286,-65.24847694840821
136.30714285714285,-65.09847694840822
136.30714285714285,-64.94847694840821
136.45714285714286,-64.79847694840822
136.45714285714286,-64.64847694840822
136.60714285714286,-64.49847694840821
136.60714285714286,-64.3484769484082
136.60714285714286,-64.19847694840821
136.60714285714286,-64.04847694840821
136.75714285714287,-63.89847694840821
136.75714285714287,-63.74847694840821
136.90714285714284,-63.598476948408205
136.75714285714287,-63.44847694840822
136.75714285714287,-63.298476948408215
136.90714285714284,-63.14847694840822
136.90714285714284,-62.99847694840821
137.05714285714285,-62.84847694840821
137.05714285714285,-62.69847694840821
137.05714285714285,-62.54847694840821
137.05714285714285,-62.39847694840821
137.20714285714286,-62.248476948408204
137.20714285714286,-62.09847694840822
137.20714285714286,-61.948476948408214
137.20714285714286,-61.798476948408215
137.20714285714286,-61.64847694840821
137.35714285714286,-61.49847694840821
137.35714285714286,-61.34847694840821
137.50714285714284,-61.19847694840821
137.50714285714284,-61.048476948408215
137.50714285714284,-60.89847694840821
137.50714285714284,-60.74847694840822
137.65714285714284,-60.59847694840821
137.65714285714284,-60.448476948408214
137.80714285714285,-60.29847694840821
137.65714285714284,-60.14847694840821
137.65714285714284,-59.99847694840822
137.80714285714285,-59.84847694840821
137.80714285714285,-59.698476948408214
137.95714285714283,-59.54847694840821
137.80714285714285,-59.39847694840822
137.95714285714283,-59.24847694840821
137.95714285714283,-59.09847694840821
138.10714285714283,-58.94847694840821
138.10714285714283,-58.798476948408215
138.10714285714283,-58.64847694840822
138.10714285714283,-58.49847694840821
138.10714285714283,-58.34847694840821
138.25714285714284,-58.19847694840821
138.25714285714284,-58.048476948408215
138.40714285714284,-57.89847694840821
138.25714285714284,-57.74847694840821
138.40714285714284,-57.59847694840822
138.40714285714284,-57.448476948408214
138.55714285714285,-57.298476948408215
138.55714285714285,-57.14847694840821
138.55714285714285,-56.99847694840821
138.55714285714285,-56.848476948408205
138.55714285714285,-56.698476948408214
138.70714285714286,-56.54847694840821
138.70714285714286,-56.39847694840822
138.85714285714286,-56.24847694840822
138.70714285714286,-56.09847694840821
138.85714285714286,-55.948476948408214
138.85714285714286,-55.79847694840821
138.85714285714286,-55.64847694840821
139.00714285714287,-55.498476948408204
139.00714285714287,-55.34847694840822
139.00714285714287,-55.198476948408214
139.00714285714287,-55.048476948408215
139.15714285714284,-54.89847694840822
139.15714285714284,-54.74847694840821
139.30714285714285,-54.59847694840821
139.30714285714285,-54.44847694840821
139.30714285714285,-54.29847694840821
139.30714285714285,-54.1484769484082
139.30714285714285,-53.99847694840822
139.45714285714286,-53.84847694840822
139.45714285714286,-53.698476948408214
139.45714285714286,-53.548476948408215
139.45714285714286,-53.39847694840821
139.60714285714283,-53.24847694840821
139.60714285714283,-53.098476948408205
139.75714285714284,-52.948476948408214
139.60714285714283,-52.79847694840821
139.60714285714283,-52.64847694840822
139.75714285714284,-52.49847694840822
139.75714285714284,-52.34847694840821
139.90714285714284,-52.198476948408214
139.75714285714284,-52.04847694840821
139.90714285714284,-51.89847694840821
139.90714285714284,-51.748476948408204
140.05714285714285,-51.59847694840821
140.05714285714285,-51.44847694840821
140.20714285714283,-51.298476948408215
140.05714285714285,-51.14847694840822
140.05714285714285,-50.99847694840821
140.20714285714283,-50.84847694840821
140.20714285714283,-50.69847694840821
140.35714285714283,-50.548476948408215
140.20714285714283,-50.39847694840821
140.35714285714283,-50.24847694840821
140.50714285714284,-50.24847694840821
140.50714285714284,-50.09847694840822
140.65714285714284,-49.948476948408214
140.80714285714285,-49.948476948408214
140.80714285714285,-49.798476948408215
140.95714285714286,-49.64847694840821
141.10714285714286,-49.49847694840822
141.25714285714284,-49.34847694840821
141.40714285714284,-49.34847694840821
141.40714285714284,-49.198476948408214
141.55714285714285,-49.04847694840821
141.70714285714286,-49.04847694840821
141.70714285714286,-48.89847694840821
141.85714285714286,-48.74847694840822
142.00714285714287,-48.59847694840821
142.15714285714287,-48.44847694840822
142.30714285714282,-48.298476948408215
142.45714285714283,-48.298476948408215
142.45714285714283,-48.14847694840822
142.60714285714283,-47.99847694840821
142.75714285714284,-47.99847694840821
142.75714285714284,-47.84847694840821
142.90714285714284,-47.69847694840821
143.05714285714285,-47.69847694840821
143.05714285714285,-47.54847694840821
143.20714285714286,-47.39847694840822
143.35714285714283,-47.39847694840822
143.35714285714283,-47.24847694840821
143.50714285714284,-47.09847694840822
143.65714285714284,-47.09847694840822
143.65714285714284,-46.948476948408214
143.80714285714285,-46.798476948408215
143.95714285714286,-46.798476948408215
143.95714285714286,-46.64847694840821
144.10714285714286,-46.49847694840821
144.25714285714287,-46.34847694840821
144.40714285714284,-46.19847694840821
144.55714285714285,-46.04847694840822
144.70714285714286,-45.89847694840822
144.85714285714286,-45.74847694840822
145.00714285714284,-45.59847694840821
145.15714285714284,-45.448476948408214
145.30714285714285,-45.298476948408215
145.45714285714283,-45.14847694840821
145.60714285714283,-44.99847694840821
145.75714285714284,-44.848476948408205
145.90714285714284,-44.848476948408205
145.90714285714284,-44.698476948408214
145.90714285714284,-44.548476948408215
146.05714285714285,-44.39847694840822
146.20714285714286,-44.548476948408215
146.20714285714286,-44.39847694840822
146.35714285714286,-44.24847694840821
146.50714285714287,-44.09847694840821
146.65714285714284,-43.948476948408214
146.80714285714285,-43.948476948408214
146.80714285714285,-43.79847694840821
146.95714285714286,-43.64847694840822
147.10714285714286,-43.64847694840822
147.10714285714286,-43.49847694840821
147.25714285714287,-43.34847694840821
147.40714285714287,-43.198476948408214
147.55714285714288,-43.048476948408215
147.70714285714283,-42.89847694840821
147.85714285714283,-42.74847694840821
148.00714285714284,-42.59847694840821
148.15714285714284,-42.44847694840821
148.15714285714284,-42.298476948408215
148.30714285714285,-42.14847694840821
148.45714285714286,-42.14847694840821
148.60714285714286,-41.99847694840821
148.75714285714284,-41.84847694840821
148.90714285714284,-41.698476948408214
149.05714285714285,-41.54847694840821
149.05714285714285,-41.39847694840821
149.20714285714286,-41.24847694840822
149.35714285714286,-41.24847694840822
149.35714285714286,-41.09847694840821
149.50714285714287,-40.948476948408214
149.65714285714287,-40.948476948408214
149.65714285714287,-40.79847694840821
149.80714285714285,-40.64847694840822
149.95714285714286,-40.64847694840822
150.10714285714286,-40.49847694840821
150.10714285714286,-40.34847694840821
150.25714285714287,-40.19847694840821
150.40714285714284,-40.19847694840821
150.55714285714285,-40.048476948408215
150.70714285714286,-39.89847694840822
150.85714285714283,-39.74847694840821
151.00714285714284,-39.59847694840821
151.00714285714284,-39.448476948408214
151.15714285714284,-39.298476948408215
151.30714285714285,-39.298476948408215
151.30714285714285,-39.14847694840821
151.45714285714286,-38.99847694840822
151.60714285714286,-38.99847694840822
151.60714285714286,-38.84847694840821
151.75714285714287,-38.698476948408214
151.90714285714284,-38.698476948408214
151.90714285714284,-38.548476948408215
152.05714285714285,-38.39847694840821
152.20714285714286,-38.39847694840821
152.20714285714286,-38.24847694840821
152.35714285714286,-38.09847694840821
152.50714285714284,-38.09847694840821
152.50714285714284,-37.948476948408214
152.65714285714284,-37.79847694840821
152.80714285714285,-37.79847694840821
152.80714285714285,-37.64847694840822
152.95714285714283,-37.49847694840821
153.10714285714283,-37.49847694840821
153.10714285714283,-37.34847694840821
153.25714285714284,-37.19847694840821
153.40714285714284,-37.04847694840821
153.55714285714285,-37.04847694840821
153.55714285714285,-36.89847694840822
153.70714285714286,-36.74847694840821
153.85714285714286,-36.74847694840821
154.00714285714287,-36.59847694840821
154.15714285714284,-36.448476948408214
154.15714285714284,-36.298476948408215
154.30714285714285,-36.14847694840821
154.45714285714286,-36.14847694840821
154.45714285714286,-35.99847694840821
154.60714285714283,-35.84847694840821
154.75714285714284,-35.84847694840821
154.75714285714284,-35.698476948408214
154.90714285714284,-35.548476948408215
155.05714285714285,-35.548476948408215
155.05714285714285,-35.39847694840822
155.20714285714286,-35.24847694840821
155.35714285714286,-35.24847694840821
155.35714285714286,-35.09847694840821
155.50714285714287,-34.948476948408214
155.65714285714284,-34.798476948408215
155.80714285714285,-34.64847694840821
155.95714285714286,-34.64847694840821
155.95714285714286,-34.49847694840821
156.10714285714286,-34.34847694840822
156.25714285714287,-34.34847694840822
156.25714285714287,-34.198476948408214
156.40714285714287,-34.048476948408215
156.40714285714287,-33.89847694840821
156.55714285714288,-33.74847694840822
156.55714285714288,-33.59847694840821
156.70714285714283,-33.448476948408214
156.70714285714283,-33.29847694840821
156.85714285714283,-33.14847694840822
156.85714285714283,-32.99847694840822
157.00714285714284,-32.84847694840821
157.00714285714284,-32.698476948408214
157.15714285714284,-32.54847694840821
157.15714285714284,-32.39847694840822
157.30714285714282,-32.24847694840821
157.30714285714282,-32.09847694840821
157.30714285714282,-31.948476948408214
157.45714285714283,-31.798476948408215
157.45714285714283,-31.648476948408216
157.60714285714283,-31.498476948408214
157.60714285714283,-31.348476948408212
157.75714285714284,-31.19847694840821
157.75714285714284,-31.048476948408215
157.90714285714284,-30.898476948408213
157.90714285714284,-30.74847694840821
158.05714285714285,-30.598476948408212
158.05714285714285,-30.448476948408217
158.20714285714286,-30.298476948408215
158.20714285714286,-30.148476948408213
158.35714285714283,-29.99847694840821
158.35714285714283,-29.84847694840821
158.50714285714284,-29.698476948408214
158.50714285714284,-29.54847694840821
158.50714285714284,-29.398476948408213
158.65714285714284,-29.248476948408214
158.65714285714284,-29.098476948408216
158.80714285714285,-28.948476948408214
158.80714285714285,-28.79847694840821
158.95714285714286,-28.648476948408213
158.95714285714286,-28.49847694840821
159.10714285714286,-28.348476948408212
159.10714285714286,-28.198476948408217
159.25714285714287,-28.048476948408215
159.25714285714287,-27.898476948408213
159.40714285714284,-27.748476948408214
159.40714285714284,-27.598476948408216
159.55714285714285,-27.448476948408214
159.55714285714285,-27.29847694840821
159.70714285714286,-27.14847694840821
159.70714285714286,-26.99847694840821
159.70714285714286,-26.848476948408216
159.85714285714286,-26.698476948408214
159.85714285714286,-26.54847694840821
160.00714285714284,-26.398476948408216
160.00714285714284,-26.248476948408214
160.15714285714284,-26.098476948408212
160.15714285714284,-25.94847694840821
160.30714285714285,-25.798476948408208
160.30714285714285,-25.648476948408216
160.45714285714286,-25.498476948408214
160.45714285714286,-25.348476948408212
160.60714285714286,-25.198476948408214
160.60714285714286,-25.048476948408215
160.75714285714287,-24.898476948408213
160.60714285714286,-24.898476948408213
160.45714285714286,-24.74847694840821
160.45714285714286,-24.59847694840821
160.45714285714286,-24.448476948408217
160.30714285714285,-24.298476948408215
160.15714285714284,-24.148476948408213
160.15714285714284,-23.998476948408214
160.00714285714284,-23.848476948408212
159.85714285714286,-23.698476948408214
159.85714285714286,-23.54847694840821
159.70714285714286,-23.398476948408213
159.70714285714286,-23.24847694840821
159.70714285714286,-23.098476948408216
159.55714285714285,-22.948476948408217
159.40714285714284,-22.798476948408215
159.40714285714284,-22.648476948408213
159.40714285714284,-22.49847694840821
159.25714285714287,-22.49847694840821
159.10714285714286,-22.348476948408212
159.10714285714286,-22.198476948408214
159.10714285714286,-22.048476948408215
158.95714285714286,-21.898476948408213
158.95714285714286,-21.74847694840821
158.80714285714285,-21.598476948408216
158.65714285714284,-21.448476948408214
158.65714285714284,-21.29847694840821
158.65714285714284,-21.14847694840821
158.50714285714284,-21.14847694840821
158.35714285714283,-20.998476948408214
158.35714285714283,-20.848476948408212
158.35714285714283,-20.698476948408214
158.20714285714286,-20.548476948408215
158.20714285714286,-20.398476948408216
158.05714285714285,-20.248476948408214
157.90714285714284,-20.098476948408212
157.90714285714284,-19.94847694840821
157.90714285714284,-19.798476948408215
157.75714285714284,-19.648476948408213
157.60714285714283,-19.49847694840821
157.60714285714283,-19.348476948408216
157.60714285714283,-19.198476948408214
157.45714285714283,-19.048476948408215
157.45714285714283,-18.898476948408213
157.30714285714282,-18.748476948408214
157.15714285714284,-18.598476948408212
157.15714285714284,-18.448476948408214
157.00714285714284,-18.29847694840821
156.85714285714283,-18.148476948408213
157.00714285714284,-17.99847694840821
156.85714285714283,-17.848476948408216
156.70714285714283,-17.698476948408214
156.70714285714283,-17.548476948408215
156.55714285714288,-17.398476948408213
156.55714285714288,-17.248476948408214
156.40714285714287,-17.098476948408212
156.25714285714287,-16.948476948408214
156.25714285714287,-16.79847694840821
156.25714285714287,-16.648476948408216
156.25714285714287,-16.498476948408214
156.10714285714286,-16.498476948408214
155.95714285714286,-16.348476948408212
155.95714285714286,-16.198476948408214
155.95714285714286,-16.048476948408215
155.80714285714285,-15.898476948408215
155.65714285714284,-15.748476948408213
155.65714285714284,-15.598476948408214
155.50714285714287,-15.448476948408212
155.50714285714287,-15.298476948408215
155.50714285714287,-15.148476948408215
155.35714285714286,-14.998476948408213
155.35714285714286,-14.848476948408212
155.35714285714286,-14.698476948408214
155.35714285714286,-14.548476948408215
155.35714285714286,-14.398476948408213
155.35714285714286,-14.248476948408214
155.35714285714286,-14.098476948408214
155.35714285714286,-13.948476948408215
155.35714285714286,-13.798476948408213
155.35714285714286,-13.648476948408213
155.20714285714286,-13.498476948408214
155.35714285714286,-13.348476948408214
155.20714285714286,-13.198476948408214
155.20714285714286,-13.048476948408213
155.20714285714286,-12.898476948408215
155.35714285714286,-12.748476948408214
155.20714285714286,-12.598476948408214
155.20714285714286,-12.448476948408214
155.20714285714286,-12.298476948408215
155.20714285714286,-12.148476948408215
155.20714285714286,-11.998476948408213
155.20714285714286,-11.848476948408214
155.20714285714286,-11.698476948408212
155.20714285714286,-11.548476948408215
155.20714285714286,-11.398476948408213
155.20714285714286,-11.248476948408214
155.05714285714285,-11.098476948408214
155.20714285714286,-10.948476948408214
155.05714285714285,-10.798476948408213
155.05714285714285,-10.648476948408213
155.05714285714285,-10.498476948408213
155.05714285714285,-10.348476948408214
155.20714285714286,-10.198476948408215
155.05714285714285,-10.048476948408213
155.20714285714286,-9.898476948408213
155.05714285714285,-9.748476948408214
155.05714285714285,-9.598476948408216
155.05714285714285,-9.448476948408214
155.05714285714285,-9.298476948408215
155.05714285714285,-9.148476948408215
155.05714285714285,-8.998476948408214
155.05714285714285,-8.848476948408214
155.05714285714285,-8.698476948408215
154.90714285714284,-8.548476948408215
155.05714285714285,-8.398476948408213
154.90714285714284,-8.248476948408214
155.05714285714285,-8.098476948408214
154.90714285714284,-7.948476948408214
154.90714285714284,-7.798476948408213
155.05714285714285,-7.648476948408214
154.90714285714284,-7.498476948408213
154.90714285714284,-7.348476948408214
154.90714285714284,-7.198476948408214
154.90714285714284,-7.048476948408185
154.90714285714284,-6.898476948408185
154.90714285714284,-6.748476948408185
154.90714285714284,-6.598476948408186
154.90714285714284,-6.448476948408185
154.90714285714284,-6.298476948408187
154.90714285714284,-6.1484769484081845
154.90714285714284,-5.998476948408186
154.90714285714284,-5.848476948408185
154.75714285714284,-5.698476948408186
154.75714285714284,-5.548476948408186
154.75714285714284,-5.398476948408185
154.90714285714284,-5.248476948408186
154.75714285714284,-5.0984769484081855
154.75714285714284,-4.948476948408186
154.75714285714284,-4.798476948408186
154.75714285714284,-4.648476948408185
154.75714285714284,-4.498476948408186
154.75714285714284,-4.3484769484081855
154.75714285714284,-4.198476948408185
154.75714285714284,-4.048476948408186
154.75714285714284,-3.898476948408186
154.75714285714284,-3.748476948408186
154.60714285714283,-3.598476948408186
154.75714285714284,-3.4484769484081856
154.60714285714283,-3.2984769484081857
154.60714285714283,-3.148476948408186
154.60714285714283,-2.9984769484081855
154.60714285714283,-2.8484769484081855
154.75714285714284,-2.6984769484081856
154.60714285714283,-2.5484769484081857
154.75714285714284,-2.3984769484081854
154.60714285714283,-2.2484769484081855
154.60714285714283,-2.0984769484081855
154.60714285714283,-1.9484769484081856
154.60714285714283,-1.7984769484081855
154.60714285714283,-1.6484769484081856
154.60714285714283,-1.4984769484081855
154.60714285714283,-1.3484769484081855
154.60714285714283,-1.1984769484081856
154.45714285714286,-1.0484769484081857
154.60714285714283,-0.8984769484081857
154.45714285714286,-0.7484769484081786
154.60714285714283,-0.5984769484081822
154.45714285714286,-0.4484769484081822
154.45714285714286,-0.2984769484081821
154.60714285714283,-0.14847694840818215
154.45714285714286,0.001523051591818143
154.45714285714286,0.15152305159181786
154.45714285714286,0.3015230515918178
154.45714285714286,0.4515230515918178
154.45714285714286,0.6015230515918172
154.45714285714286,0.7515230515918142
154.45714285714286,0.9015230515918142
154.45714285714286,1.0515230515918144
154.45714285714286,1.2015230515918143
154.45714285714286,1.3515230515918144
154.45714285714286,1.501523051591814
154.45714285714286,1.6515230515918142
154.30714285714285,1.8015230515918141
154.30714285714285,1.9515230515918143
154.30714285714285,2.101523051591814
154.45714285714286,2.251523051591814
154.30714285714285,2.401523051591814
154.30714285714285,2.5515230515918144
154.30714285714285,2.7015230515918143
154.30714285714285,2.851523051591814
154.30714285714285,3.001523051591814
154.30714285714285,3.151523051591814
154.30714285714285,3.3015230515918144
154.30714285714285,3.4515230515918143
154.30714285714285,3.601523051591814
154.30714285714285,3.7515230515918137
154.15714285714284,3.9015230515918136
154.30714285714285,4.051523051591814
154.15714285714284,4.201523051591814
154.30714285714285,4.351523051591814
154.15714285714284,4.501523051591814
154.15714285714284,4.6515230515918145
154.30714285714285,4.801523051591815
154.15714285714284,4.951523051591814
154.30714285714285,5.101523051591815
154.15714285714284,5.251523051591815
154.15714285714284,5.401523051591814
154.15714285714284,5.551523051591815
154.15714285714284,5.701523051591813
154.15714285714284,5.851523051591813
154.15714285714284,6.001523051591814
154.15714285714284,6.151523051591814
154.15714285714284,6.301523051591814
154.00714285714287,6.451523051591814
154.15714285714284,6.601523051591814
154.00714285714287,6.751523051591814
154.15714285714284,6.901523051591814
154.15714285714284,7.0515230515918
154.00714285714287,7.201523051591786
154.15714285714284,7.351523051591785
154.00714285714287,7.501523051591786
154.00714285714287,7.651523051591785
154.00714285714287,7.8015230515917855
154.00714285714287,7.951523051591785
154.00714285714287,8.101523051591787
154.00714285714287,8.251523051591786
154.00714285714287,8.401523051591786
154.00714285714287,8.551523051591785
154.00714285714287,8.701523051591785
154.00714285714287,8.851523051591785
154.00714285714287,9.001523051591786
154.00714285714287,9.151523051591784
153.85714285714286,9.301523051591785
153.85714285714286,9.451523051591785
153.85714285714286,9.601523051591785
154.00714285714287,9.751523051591784
153.85714285714286,9.901523051591786
153.85714285714286,10.051523051591785
153.85714285714286,10.201523051591785
153.85714285714286,10.351523051591785
153.85714285714286,10.501523051591786
153.85714285714286,10.651523051591786
153.85714285714286,10.801523051591786
153.85714285714286,10.951523051591785
153.85714285714286,11.101523051591785
153.85714285714286,11.251523051591786
153.70714285714286,11.401523051591786
153.85714285714286,11.551523051591785
153.70714285714286,11.701523051591785
153.85714285714286,11.851523051591785
153.85714285714286,12.001523051591787
153.70714285714286,12.151523051591784
153.85714285714286,12.301523051591786
153.70714285714286,12.451523051591785
153.85714285714286,12.601523051591787
153.70714285714286,12.751523051591784
153.70714285714286,12.901523051591786
153.70714285714286,13.051523051591785
153.70714285714286,13.201523051591787
153.70714285714286,13.351523051591784
153.70714285714286,13.501523051591784
153.70714285714286,13.651523051591786
153.70714285714286,13.801523051591785
153.55714285714285,13.951523051591785
153.70714285714286,14.101523051591784
153.55714285714285,14.251523051591786
153.70714285714286,14.401523051591784
153.70714285714286,14.551523051591786
153.55714285714285,14.701523051591783
153.70714285714286,14.851523051591785
153.55714285714285,15.001523051591786
153.55714285714285,15.151523051591786
153.55714285714285,15.301523051591785
153.55714285714285,15.451523051591785
153.55714285714285,15.601523051591785
153.55714285714285,15.751523051591786
153.55714285714285,15.901523051591784
153.55714285714285,16.051523051591783
153.55714285714285,16.201523051591785
153.55714285714285,16.351523051591787
153.55714285714285,16.501523051591786
153.55714285714285,16.651523051591784
153.40714285714284,16.801523051591786
153.55714285714285,16.951523051591785
153.40714285714284,17.101523051591784
153.55714285714285,17.251523051591786
153.40714285714284,17.401523051591784
153.40714285714284,17.551523051591786
153.40714285714284,17.70152305159178
153.40714285714284,17.851523051591784
153.40714285714284,18.001523051591782
153.40714285714284,18.151523051591784
153.40714285714284,18.301523051591786
153.40714285714284,18.451523051591785
153.40714285714284,18.601523051591787
153.40714285714284,18.751523051591786
153.25714285714284,18.901523051591788
153.40714285714284,19.051523051591786
153.25714285714284,19.20152305159178
153.40714285714284,19.351523051591784
153.40714285714284,19.501523051591786
153.25714285714284,19.651523051591784
153.40714285714284,19.801523051591783
153.25714285714284,19.951523051591785
153.40714285714284,20.101523051591787
153.25714285714284,20.251523051591786
153.25714285714284,20.401523051591784
153.25714285714284,20.551523051591783
153.25714285714284,20.701523051591785
153.25714285714284,20.851523051591784
153.25714285714284,21.001523051591782
153.25714285714284,21.151523051591784
153.25714285714284,21.301523051591786
153.10714285714283,21.451523051591785
153.25714285714284,21.601523051591784
153.10714285714283,21.751523051591786
153.25714285714284,21.901523051591784
153.25714285714284,22.051523051591786
153.25714285714284,22.20152305159178
153.25714285714284,22.351523051591784
153.10714285714283,22.501523051591786
153.10714285714283,22.651523051591788
153.10714285714283,22.801523051591783
153.10714285714283,22.951523051591785
153.10714285714283,23.101523051591784
153.10714285714283,23.251523051591786
153.10714285714283,23.401523051591784
153.10714285714283,23.551523051591783
153.10714285714283,23.701523051591785
153.10714285714283,23.851523051591787
153.10714285714283,24.001523051591786
153.10714285714283,24.151523051591788
152.95714285714283,24.301523051591783
153.10714285714283,24.45152305159178
152.95714285714283,24.601523051591784
152.95714285714283,24.751523051591786
152.95714285714283,24.901523051591784
152.80714285714285,25.051523051591783
152.80714285714285,25.201523051591785
152.80714285714285,25.351523051591787
152.80714285714285,25.50152305159179
152.65714285714284,25.65152305159178
152.65714285714284,25.801523051591783
152.65714285714284,25.951523051591785
152.65714285714284,26.101523051591787
152.65714285714284,26.251523051591782
152.50714285714284,26.401523051591784
152.50714285714284,26.551523051591786
152.50714285714284,26.70152305159179
152.50714285714284,26.85152305159178
152.50714285714284,27.001523051591782
152.35714285714286,27.151523051591784
152.50714285714284,27.301523051591786
152.35714285714286,27.451523051591785
152.35714285714286,27.601523051591784
152.35714285714286,27.751523051591786
152.20714285714286,27.901523051591788
152.35714285714286,28.051523051591783
152.20714285714286,28.20152305159178
152.20714285714286,28.351523051591784
152.20714285714286,28.501523051591786
152.05714285714285,28.651523051591784
152.20714285714286,28.801523051591786
152.05714285714285,28.951523051591785
151.90714285714284,29.101523051591787
152.05714285714285,29.251523051591786
151.90714285714284,29.401523051591784
151.90714285714284,29.551523051591783
151.90714285714284,29.70152305159178
151.75714285714287,29.851523051591784
151.75714285714287,30.001523051591786
151.75714285714287,30.151523051591788
151.75714285714287,30.301523051591783
151.75714285714287,30.451523051591785
151.60714285714286,30.601523051591784
151.60714285714286,30.751523051591786
151.60714285714286,30.90152305159178
151.60714285714286,31.051523051591783
151.60714285714286,31.201523051591785
151.45714285714286,31.351523051591787
151.45714285714286,31.50152305159179
151.45714285714286,31.651523051591784
151.45714285714286,31.801523051591783
151.45714285714286,31.951523051591785
151.30714285714285,32.10152305159178
151.30714285714285,32.25152305159178
151.30714285714285,32.40152305159178
151.30714285714285,32.551523051591786
151.30714285714285,32.701523051591785
151.15714285714284,32.85152305159179
151.15714285714284,33.00152305159178
151.15714285714284,33.15152305159178
151.15714285714284,33.301523051591786
151.00714285714284,33.451523051591785
151.15714285714284,33.60152305159178
151.00714285714284,33.75152305159178
150.85714285714283,33.90152305159179
151.00714285714284,34.051523051591786
150.85714285714283,34.20152305159179
151.00714285714284,34.35152305159178
150.85714285714283,34.50152305159178
150.70714285714286,34.65152305159179
150.70714285714286,34.80152305159178
150.70714285714286,34.951523051591785
150.85714285714283,35.10152305159178
150.70714285714286,35.25152305159179
150.55714285714285,35.40152305159179
150.55714285714285,35.55152305159178
150.55714285714285,35.701523051591785
150.70714285714286,35.85152305159178
150.55714285714285,36.00152305159178
150.40714285714284,36.15152305159178
150.40714285714284,36.301523051591786
150.40714285714284,36.451523051591785
150.40714285714284,36.60152305159178
150.40714285714284,36.75152305159179
150.25714285714287,36.90152305159178
150.25714285714287,37.05152305159178
150.25714285714287,37.201523051591785
150.25714285714287,37.35152305159178
150.25714285714287,37.50152305159178
150.10714285714286,37.65152305159178
150.10714285714286,37.801523051591786
150.10714285714286,37.951523051591785
150.10714285714286,38.101523051591776
150.10714285714286,38.25152305159178
149.95714285714286,38.40152305159178
149.95714285714286,38.55152305159178
149.95714285714286,38.701523051591785
149.95714285714286,38.85152305159178
149.95714285714286,39.00152305159179
149.95714285714286,39.15152305159179
149.80714285714285,39.301523051591786
149.65714285714287,39.45152305159178
149.80714285714285,39.60152305159178
149.80714285714285,39.75152305159178
149.80714285714285,39.90152305159178
149.65714285714287,40.051523051591786
149.50714285714287,40.201523051591785
149.65714285714287,40.35152305159179
149.65714285714287,40.50152305159179
149.65714285714287,40.65152305159178
149.50714285714287,40.80152305159178
149.35714285714286,40.951523051591785
149.35714285714286,41.10152305159178
149.35714285714286,41.25152305159178
149.50714285714287,41.40152305159179
149.35714285714286,41.551523051591786
149.20714285714286,41.70152305159179
149.20714285714286,41.851523051591776
149.20714285714286,42.00152305159178
149.20714285714286,42.15152305159178
149.20714285714286,42.301523051591786
149.05714285714285,42.451523051591785
149.05714285714285,42.60152305159178
149.05714285714285,42.75152305159179
149.05714285714285,42.90152305159178
149.05714285714285,43.05152305159178
148.90714285714284,43.20152305159178
148.90714285714284,43.35152305159178
148.90714285714284,43.50152305159178
148.90714285714284,43.65152305159179
148.90714285714284,43.801523051591786
148.75714285714284,43.951523051591785
148.75714285714284,44.10152305159179
148.75714285714284,44.25152305159178
148.75714285714284,44.40152305159178
148.75714285714284,44.55152305159178
148.75714285714284,44.701523051591785
148.60714285714286,44.85152305159178
148.45714285714286,45.00152305159179
148.60714285714286,45.15152305159179
148.60714285714286,45.30152305159178
148.60714285714286,45.451523051591785
148.45714285714286,45.60152305159178
148.30714285714285,45.75152305159179
148.45714285714286,45.90152305159178
148.30714285714285,46.051523051591786
148.45714285714286,46.201523051591785
148.30714285714285,46.351523051591776
148.15714285714284,46.50152305159178
148.30714285714285,46.65152305159178
148.15714285714284,46.801523051591786
148.15714285714284,46.951523051591785
148.15714285714284,47.10152305159179
148.00714285714284,47.25152305159178
148.15714285714284,47.401523051591774
148.00714285714284,47.55152305159178
148.00714285714284,47.70152305159178
148.00714285714284,47.85152305159178
147.85714285714283,48.00152305159178
148.00714285714284,48.15152305159179
147.85714285714283,48.301523051591786
147.85714285714283,48.45152305159179
147.85714285714283,48.60152305159178
147.70714285714283,48.751523051591775
147.70714285714283,48.90152305159178
147.70714285714283,49.05152305159178
147.70714285714283,49.201523051591785
147.70714285714283,49.35152305159178
147.55714285714288,49.50152305159179
147.55714285714288,49.65152305159179
147.55714285714288,49.80152305159179
147.55714285714288,49.95152305159178
147.55714285714288,50.101523051591776
147.55714285714288,50.25152305159178
147.40714285714287,50.40152305159178
147.40714285714287,50.551523051591786
147.40714285714287,50.701523051591785
147.25714285714287,50.85152305159179
147.40714285714287,51.00152305159179
147.25714285714287,51.151523051591774
147.25714285714287,51.30152305159178
147.25714285714287,51.45152305159178
147.10714285714286,51.60152305159178
147.10714285714286,51.75152305159178
147.10714285714286,51.90152305159179
147.10714285714286,52.051523051591786
147.10714285714286,52.20152305159179
146.95714285714286,52.35152305159178
146.95714285714286,52.501523051591775
146.95714285714286,52.65152305159178
146.80714285714285,52.80152305159178
146.95714285714286,52.951523051591785
146.80714285714285,53.10152305159178
146.80714285714285,53.25152305159179
146.80714285714285,53.40152305159179
146.65714285714284,53.55152305159179
146.80714285714285,53.701523051591785
146.65714285714284,53.851523051591776
146.65714285714284,54.00152305159178
146.65714285714284,54.15152305159178
146.50714285714287,54.301523051591786
146.65714285714284,54.451523051591785
146.50714285714287,54.60152305159179
146.50714285714287,54.75152305159178
146.50714285714287,54.90152305159178
146.35714285714286,55.051523051591786
146.50714285714287,55.20152305159178
146.35714285714286,55.35152305159178
146.35714285714286,55.50152305159178
146.20714285714286,55.65152305159179
146.20714285714286,55.80152305159178
146.35714285714286,55.951523051591785
146.20714285714286,56.10152305159178
146.20714285714286,56.25152305159178
146.05714285714285,56.40152305159179
146.20714285714286,56.55152305159178
146.20714285714286,56.701523051591785
146.05714285714285,56.851523051591776
146.05714285714285,57.00152305159178
145.90714285714284,57.15152305159178
145.90714285714284,57.301523051591786
145.90714285714284,57.451523051591785
145.90714285714284,57.60152305159178
145.90714285714284,57.75152305159179
145.75714285714284,57.901523051591774
145.75714285714284,58.05152305159178
145.75714285714284,58.20152305159178
145.75714285714284,58.35152305159178
145.75714285714284,58.50152305159178
145.60714285714283,58.65152305159178
145.60714285714283,58.801523051591786
145.60714285714283,58.951523051591785
145.60714285714283,59.10152305159179
145.60714285714283,59.251523051591775
145.45714285714283,59.251523051591775
145.30714285714285,59.40152305159178
145.45714285714283,59.55152305159178
145.30714285714285,59.701523051591785
145.15714285714284,59.85152305159178
145.15714285714284,60.00152305159178
145.15714285714284,60.15152305159179
145.15714285714284,60.301523051591786
145.00714285714284,60.45152305159179
144.85714285714286,60.601523051591776
145.00714285714284,60.75152305159178
144.85714285714286,60.90152305159178
144.70714285714286,61.051523051591786
144.70714285714286,61.201523051591785
144.70714285714286,61.35152305159178
144.70714285714286,61.50152305159179
144.55714285714285,61.65152305159178
144.55714285714285,61.801523051591786
144.40714285714284,61.95152305159178
144.25714285714287,62.10152305159178
144.25714285714287,62.25152305159178
144.25714285714287,62.40152305159178
144.10714285714286,62.551523051591786
144.10714285714286,62.70152305159178
143.95714285714286,62.85152305159178
144.10714285714286,63.00152305159178
143.95714285714286,63.15152305159179
143.80714285714285,63.30152305159178
143.80714285714285,63.451523051591785
143.80714285714285,63.60152305159178
143.65714285714284,63.75152305159178
143.65714285714284,63.90152305159179
143.50714285714284,64.05152305159179
143.65714285714284,64.20152305159179
143.50714285714284,64.20152305159179
143.35714285714283,64.35152305159178
143.35714285714283,64.50152305159179
143.35714285714283,64.65152305159178
143.20714285714286,64.80152305159179
143.05714285714285,64.95152305159178
143.05714285714285,65.10152305159178
143.05714285714285,65.25152305159179
143.05714285714285,65.40152305159178
142.90714285714284,65.55152305159179
142.90714285714284,65.70152305159179
142.90714285714284,65.8515230515918
142.75714285714284,66.00152305159178
142.75714285714284,66.15152305159178
142.60714285714283,66.30152305159179
142.60714285714283,66.45152305159178
142.60714285714283,66.60152305159178
142.45714285714283,66.75152305159179
142.45714285714283,66.9015230515918
142.30714285714282,67.05152305159179
142.15714285714287,67.20152305159179
142.15714285714287,67.35152305159178
142.15714285714287,67.50152305159178
142.00714285714287,67.65152305159178
142.00714285714287,67.80152305159179
142.00714285714287,67.95152305159179
142.00714285714287,68.10152305159178
141.85714285714286,68.25152305159179
141.70714285714286,68.40152305159178
141.70714285714286,68.55152305159179
141.70714285714286,68.70152305159178
141.70714285714286,68.85152305159178
141.55714285714285,69.00152305159179
141.55714285714285,69.15152305159178
141.40714285714284,69.30152305159179
141.25714285714284,69.45152305159178
141.25714285714284,69.60152305159178
141.25714285714284,69.75152305159178
141.10714285714286,69.90152305159178
141.10714285714286,70.05152305159179
141.10714285714286,70.20152305159178
140.95714285714286,70.35152305159178
140.95714285714286,70.50152305159178
140.80714285714285,70.65152305159178
140.80714285714285,70.80152305159179
140.80714285714285,70.95152305159179
140.65714285714284,71.10152305159178
140.65714285714284,71.25152305159178
140.65714285714284,71.40152305159164
140.65714285714284,71.55152305159142
140.50714285714284,71.55152305159142
140.35714285714283,71.70152305159142
140.35714285714283,71.85152305159143
140.35714285714283,72.00152305159142
140.20714285714283,72.15152305159143
140.20714285714283,72.30152305159142
140.20714285714283,72.45152305159142
140.05714285714285,72.60152305159141
140.05714285714285,72.75152305159142
139.90714285714284,72.90152305159143
139.90714285714284,73.05152305159143
139.90714285714284,73.20152305159142
139.75714285714284,73.35152305159143
139.75714285714284,73.50152305159143
139.75714285714284,73.65152305159141
139.60714285714283,73.80152305159142
139.60714285714283,73.95152305159142
139.45714285714286,74.10152305159143
139.30714285714285,74.25152305159142
139.30714285714285,74.40152305159143
139.15714285714284,74.55152305159143
139.30714285714285,74.70152305159142
139.15714285714284,74.85152305159143
139.00714285714287,75.00152305159142
139.00714285714287,75.15152305159143
139.00714285714287,75.30152305159142
139.00714285714287,75.45152305159142
138.85714285714286,75.60152305159143
138.85714285714286,75.75152305159142
138.85714285714286,75.90152305159143
138.70714285714286,76.05152305159143
138.70714285714286,76.20152305159144
138.55714285714285,76.35152305159141
138.55714285714285,76.50152305159142
138.40714285714284,76.65152305159143
138.25714285714284,76.80152305159143
138.25714285714284,76.95152305159142
138.25714285714284,77.10152305159141
138.10714285714283,77.25152305159142
138.10714285714283,77.40152305159143
138.10714285714283,77.55152305159143
137.95714285714283,77.70152305159142
137.95714285714283,77.85152305159143
137.95714285714283,78.00152305159143
137.95714285714283,78.15152305159144
137.80714285714285,78.30152305159143
137.65714285714284,78.45152305159141
137.65714285714284,78.60152305159141
137.65714285714284,78.75152305159142
137.65714285714284,78.90152305159143
137.50714285714284,78.90152305159143
137.35714285714286,79.05152305159142
137.35714285714286,79.20152305159142
137.35714285714286,79.35152305159143
137.20714285714286,79.50152305159142
137.20714285714286,79.65152305159143
137.20714285714286,79.80152305159142
137.05714285714285,79.95152305159142
137.05714285714285,80.10152305159143
137.05714285714285,80.25152305159143
136.90714285714284,80.40152305159143
136.90714285714284,80.55152305159143
136.75714285714287,80.70152305159144
136.75714285714287,80.85152305159141
136.75714285714287,81.00152305159142
136.60714285714286,81.15152305159141
136.60714285714286,81.30152305159142
136.60714285714286,81.45152305159142
136.45714285714286,81.45152305159142
136.30714285714285,81.60152305159143
136.30714285714285,81.75152305159142
136.30714285714285,81.90152305159143
136.30714285714285,82.05152305159143
136.15714285714284,82.20152305159142
136.00714285714284,82.35152305159143
136.00714285714284,82.50152305159142
136.00714285714284,82.65152305159143
136.00714285714284,82.80152305159143
135.85714285714283,82.95152305159144
135.85714285714283,83.10152305159141
135.85714285714283,83.25152305159142
135.70714285714286,83.40152305159143
135.70714285714286,83.55152305159142
135.70714285714286,83.70152305159142
135.55714285714285,83.85152305159141
135.40714285714284,84.00152305159142
135.40714285714284,84.15152305159143
135.25714285714287,84.30152305159143
135.25714285714287,84.45152305159142
135.10714285714286,84.60152305159143
135.10714285714286,84.75152305159143
135.10714285714286,84.90152305159143
134.95714285714286,85.05152305159143
134.95714285714286,85.20152305159142
134.95714285714286,85.35152305159143
134.95714285714286,85.50152305159143
134.80714285714285,85.65152305159144
134.65714285714287,85.80152305159142
134.80714285714285,85.95152305159142
134.65714285714287,86.10152305159143
134.65714285714287,86.25152305159142
134.50714285714287,86.40152305159143
134.35714285714286,86.55152305159142
134.35714285714286,86.70152305159142
134.20714285714286,86.85152305159143
134.20714285714286,87.00152305159142
134.20714285714286,87.15152305159143
134.05714285714285,87.30152305159143
134.05714285714285,87.45152305159144
134.05714285714285,87.60152305159143
133.90714285714284,87.75152305159143
133.90714285714284,87.90152305159141
133.75714285714284,88.05152305159142
133.75714285714284,88.20152305159142
133.75714285714284,88.35152305159141
133.60714285714286,88.50152305159142
133.60714285714286,88.65152305159143
133.60714285714286,88.80152305159143
133.45714285714286,88.80152305159143
133.30714285714285,88.95152305159142
133.30714285714285,89.10152305159143
133.30714285714285,89.25152305159142
133.30714285714285,89.40152305159143
133.15714285714284,89.55152305159143
133.15714285714284,89.70152305159142
133.15714285714284,89.85152305159143
133.00714285714287,90.00152305159143
133.00714285714287,90.15152305159144
132.85714285714286,90.30152305159142
132.85714285714286,90.45152305159142
132.85714285714286,90.60152305159141
132.70714285714286,90.75152305159142
132.70714285714286,90.90152305159143
132.70714285714286,91.05152305159142
132.55714285714285,91.20152305159142
132.55714285714285,91.35152305159143
132.40714285714284,91.50152305159143
132.25714285714284,91.65152305159144
132.25714285714284,91.80152305159142
132.25714285714284,91.95152305159142
132.25714285714284,92.10152305159143
132.10714285714283,92.2515230515914
131.95714285714286,92.40152305159141
131.95714285714286,92.55152305159142
131.95714285714286,92.70152305159142
131.95714285714286,92.85152305159141
131.80714285714285,93.00152305159142
131.80714285714285,93.15152305159143
131.80714285714285,93.30152305159142
131.65714285714284,93.45152305159142
131.50714285714287,93.60152305159143
131.50714285714287,93.75152305159143
131.50714285714287,93.90152305159143
131.35714285714286,94.05152305159143
131.35714285714286,94.20152305159144
131.20714285714286,94.35152305159144
131.20714285714286,94.50152305159142
131.05714285714285,94.65152305159143
131.05714285714285,94.80152305159143
130.90714285714287,94.95152305159141
130.75714285714287,95.10152305159141
130.75714285714287,95.25152305159142
130.75714285714287,95.40152305159143
130.60714285714286,95.55152305159142
130.60714285714286,95.70152305159142
130.45714285714286,95.85152305159143
130.45714285714286,96.00152305159142
130.30714285714285,96.15152305159143
130.30714285714285,96.30152305159143
130.15714285714284,96.45152305159144
130.00714285714284,96.60152305159143
130.00714285714284,96.75152305159143
130.00714285714284,96.90152305159144
129.85714285714286,97.0515230515914
129.85714285714286,97.20152305159141
129.70714285714286,97.35152305159141
129.55714285714285,97.50152305159142
129.55714285714285,97.65152305159141
129.55714285714285,97.80152305159142
129.40714285714284,97.95152305159142
129.40714285714284,98.10152305159143
129.25714285714287,98.25152305159142
129.25714285714287,98.40152305159143
129.10714285714286,98.55152305159143
129.10714285714286,98.70152305159142
128.95714285714286,98.85152305159143
128.80714285714288,99.00152305159143
128.80714285714288,99.15152305159144
128.80714285714288,99.30152305159143
128.65714285714287,99.45152305159144
128.65714285714287,99.60152305159144
128.50714285714287,99.7515230515914
128.35714285714286,99.90152305159141
128.35714285714286,100.05152305159142
128.35714285714286,100.20152305159142
128.35714285714286,100.35152305159141
128.20714285714286,100.35152305159141
128.05714285714285,100.50152305159142
128.05714285714285,100.65152305159143
128.05714285714285,100.80152305159142
127.90714285714284,100.95152305159142
127.90714285714284,101.10152305159143
127.75714285714285,101.25152305159143
127.60714285714285,101.40152305159143
127.60714285714285,101.55152305159143
127.60714285714285,101.70152305159144
127.45714285714284,101.85152305159144
127.45714285714284,102.00152305159142
127.30714285714284,102.15152305159143
127.15714285714286,102.30152305159143
127.15714285714286,102.45152305159141
127.15714285714286,102.60152305159141
127.15714285714286,102.75152305159142
127.00714285714285,102.75152305159142
126.85714285714285,102.90152305159143
126.85714285714285,103.05152305159142
126.85714285714285,103.20152305159142
126.70714285714284,103.35152305159143
126.70714285714284,103.50152305159142
126.55714285714286,103.65152305159143
126.40714285714286,103.80152305159143
126.40714285714286,103.95152305159144
126.40714285714286,104.10152305159143
126.25714285714285,104.25152305159143
126.10714285714286,104.40152305159144
126.10714285714286,104.55152305159142
125.95714285714286,104.70152305159142
125.95714285714286,104.85152305159143
125.95714285714286,105.00152305159143
125.95714285714286,105.15152305159141
125.80714285714285,105.15152305159141
125.65714285714284,105.30152305159142
125.65714285714284,105.45152305159142
125.65714285714284,105.60152305159143
125.50714285714285,105.75152305159142
125.50714285714285,105.90152305159143
125.35714285714285,106.05152305159143
125.20714285714284,106.20152305159142
125.20714285714284,106.35152305159143
125.20714285714284,106.50152305159143
125.05714285714286,106.65152305159144
124.90714285714286,106.80152305159142
124.90714285714286,106.95152305159142
124.90714285714286,107.10152305159143
124.75714285714285,107.25152305159142
124.75714285714285,107.40152305159143
124.75714285714285,107.55152305159143
124.60714285714285,107.55152305159143
124.45714285714286,107.70152305159144
124.45714285714286,107.85152305159141
124.45714285714286,108.00152305159142
124.30714285714285,108.15152305159143
124.15714285714284,108.30152305159142
124.15714285714284,108.45152305159142
124.00714285714287,108.60152305159143
124.00714285714287,108.75152305159143
124.00714285714287,108.90152305159141
123.85714285714286,109.05152305159142
123.70714285714286,109.20152305159142
123.70714285714286,109.35152305159143
123.70714285714286,109.50152305159142
123.55714285714285,109.65152305159143
123.55714285714285,109.80152305159143
123.55714285714285,109.95152305159142
123.40714285714286,109.95152305159142
123.25714285714285,110.10152305159143
123.25714285714285,110.25152305159143
123.25714285714285,110.40152305159144
123.10714285714285,110.55152305159142
122.95714285714284,110.70152305159142
122.95714285714284,110.85152305159143
122.80714285714286,111.0015230515914
122.80714285714286,111.15152305159141
122.80714285714286,111.30152305159142
122.80714285714286,111.45152305159142
122.65714285714286,111.45152305159142
122.50714285714285,111.60152305159141
122.50714285714285,111.75152305159142
122.50714285714285,111.90152305159143
122.35714285714286,112.05152305159142
122.35714285714286,112.20152305159142
122.35714285714286,112.35152305159143
122.20714285714286,112.35152305159143
122.05714285714285,112.50152305159143
122.05714285714285,112.65152305159143
122.05714285714285,112.80152305159143
121.90714285714284,112.95152305159144
121.75714285714285,113.10152305159144
121.75714285714285,113.25152305159142
121.60714285714285,113.40152305159143
121.60714285714285,113.55152305159143
121.60714285714285,113.70152305159141
121.60714285714285,113.85152305159141
121.45714285714284,113.85152305159141
121.30714285714286,114.00152305159142
121.30714285714286,114.15152305159143
121.30714285714286,114.30152305159142
121.15714285714286,114.45152305159142
121.00714285714285,114.60152305159143
121.15714285714286,114.75152305159142
121.00714285714285,114.75152305159142
120.85714285714285,114.90152305159143
120.85714285714285,115.05152305159143
120.85714285714285,115.20152305159144
120.70714285714286,115.35152305159143
120.55714285714285,115.50152305159143
120.55714285714285,115.65152305159144
120.40714285714284,115.65152305159144
120.25714285714287,115.8015230515914
120.25714285714287,115.95152305159141
120.10714285714286,115.95152305159141
119.95714285714286,116.10152305159141
119.95714285714286,116.25152305159142
119.80714285714285,116.25152305159142
119.65714285714286,116.40152305159141
119.50714285714285,116.55152305159142
119.35714285714285,116.70152305159142
119.20714285714284,116.85152305159143
119.05714285714285,117.00152305159142
118.90714285714284,117.00152305159142
118.75714285714284,117.15152305159143
118.90714285714284,117.30152305159143
118.75714285714284,117.30152305159143
118.60714285714286,117.30152305159143
118.45714285714286,117.45152305159142
118.45714285714286,117.60152305159143
118.30714285714285,117.75152305159143
118.15714285714284,117.75152305159143
118.00714285714287,117.90152305159144
118.00714285714287,118.05152305159143
117.85714285714286,118.05152305159143
117.70714285714286,118.20152305159144
117.70714285714286,118.35152305159144
117.55714285714286,118.35152305159144
117.40714285714286,118.5015230515914
117.40714285714286,118.65152305159141
117.25714285714285,118.65152305159141
117.10714285714285,118.80152305159142
116.95714285714286,118.95152305159142
116.80714285714285,119.10152305159141
116.65714285714284,119.10152305159141
116.50714285714285,119.25152305159142
116.50714285714285,119.40152305159143
116.35714285714285,119.40152305159143
116.20714285714284,119.55152305159142
116.20714285714284,119.70152305159142
116.05714285714284,119.70152305159142
115.90714285714287,119.85152305159143
115.75714285714287,120.00152305159143
115.60714285714286,120.15152305159143
115.45714285714286,120.30152305159143
115.30714285714286,120.45152305159144
115.15714285714286,120.45152305159144
115.00714285714285,120.60152305159144
115.00714285714285,120.75152305159142
114.85714285714286,120.75152305159142
114.70714285714286,120.90152305159143
114.70714285714286,121.05152305159143
114.55714285714285,121.05152305159143
114.40714285714284,121.20152305159141
114.25714285714285,121.35152305159141
114.10714285714285,121.50152305159142
113.95714285714284,121.65152305159143
113.80714285714285,121.80152305159142
113.65714285714284,121.80152305159142
113.50714285714284,121.95152305159142
113.50714285714284,122.10152305159143
113.35714285714283,122.10152305159143
113.20714285714287,122.25152305159142
113.20714285714287,122.40152305159143
113.05714285714286,122.40152305159143
112.90714285714286,122.55152305159143
112.75714285714287,122.70152305159144
112.75714285714287,122.85152305159141
112.60714285714286,122.85152305159141
112.45714285714286,123.00152305159142
112.45714285714286,123.15152305159143
112.30714285714285,123.15152305159143
112.15714285714286,123.15152305159143
112.00714285714285,123.30152305159142
112.00714285714285,123.45152305159142
111.85714285714285,123.60152305159143
111.70714285714284,123.60152305159143
111.55714285714285,123.75152305159143
111.55714285714285,123.90152305159141
111.40714285714284,123.90152305159141
111.25714285714284,124.05152305159142
111.25714285714284,124.20152305159142
111.10714285714286,124.20152305159142
110.95714285714286,124.35152305159143
110.95714285714286,124.50152305159142
110.80714285714285,124.50152305159142
110.65714285714284,124.65152305159143
110.50714285714287,124.80152305159143
110.35714285714286,124.95152305159142
110.20714285714286,124.95152305159142
110.05714285714286,125.10152305159143
110.05714285714286,125.25152305159143
109.90714285714286,125.25152305159143
109.75714285714285,125.40152305159144
109.75714285714285,125.55152305159142
109.60714285714285,125.55152305159142
109.45714285714286,125.70152305159142
109.45714285714286,125.85152305159143
109.30714285714285,125.85152305159143
109.15714285714284,126.00152305159142
109.00714285714285,126.00152305159142
108.85714285714285,126.15152305159143
108.85714285714285,126.30152305159143
108.70714285714284,126.30152305159143
108.55714285714284,126.45152305159144
108.55714285714284,126.60152305159141
108.40714285714286,126.60152305159141
108.25714285714285,126.75152305159142
108.25714285714285,126.90152305159143
108.10714285714285,126.90152305159143
107.95714285714284,127.05152305159142
107.95714285714284,127.20152305159142
107.80714285714286,127.20152305159142
107.65714285714286,127.35152305159143
107.50714285714285,127.35152305159143
107.35714285714286,127.50152305159143
107.35714285714286,127.65152305159141
107.20714285714286,127.65152305159141
107.05714285714285,127.80152305159142
107.05714285714285,127.95152305159142
106.90714285714284,127.95152305159142
106.75714285714285,128.10152305159144
106.75714285714285,128.25152305159142
106.60714285714285,128.25152305159142
106.45714285714284,128.40152305159143
106.45714285714284,128.55152305159143
106.30714285714286,128.70152305159144
106.15714285714286,128.70152305159144
106.00714285714285,128.70152305159144
105.85714285714285,128.85152305159144
106.00714285714285,129.00152305159145
105.85714285714285,129.00152305159145
105.70714285714286,129.15152305159145
105.55714285714285,129.3015230515914
105.40714285714284,129.4515230515914
105.25714285714287,129.6015230515914
105.10714285714286,129.75152305159142
104.95714285714286,129.90152305159143
104.80714285714285,130.05152305159143
104.65714285714286,130.05152305159143
104.50714285714285,130.20152305159144
104.50714285714285,130.3515230515914
104.35714285714285,130.3515230515914
104.20714285714284,130.50152305159142
104.05714285714286,130.65152305159143
103.90714285714286,130.80152305159143
103.75714285714285,130.95152305159144
103.60714285714286,131.10152305159144
103.45714285714286,131.10152305159144
103.30714285714285,131.25152305159145
103.30714285714285,131.40152305159143
103.15714285714284,131.40152305159143
103.00714285714285,131.55152305159143
102.85714285714285,131.70152305159144
102.70714285714284,131.85152305159144
102.55714285714286,132.00152305159142
102.40714285714286,132.15152305159143
102.25714285714285,132.30152305159143
102.10714285714285,132.4515230515914
101.95714285714287,132.4515230515914
101.80714285714286,132.6015230515914
101.80714285714286,132.75152305159142
101.65714285714286,132.75152305159142
101.50714285714287,132.90152305159143
101.35714285714286,133.05152305159143
101.20714285714286,133.20152305159144
101.05714285714285,133.35152305159144
100.90714285714286,133.50152305159142
100.75714285714285,133.65152305159143
100.75714285714285,133.80152305159143
100.60714285714285,133.80152305159143
100.45714285714284,133.80152305159143
100.30714285714285,133.95152305159144
100.45714285714284,134.1015230515914
100.30714285714285,134.1015230515914
100.15714285714284,134.25152305159142
100.00714285714284,134.25152305159142
99.85714285714286,134.40152305159143
99.85714285714286,134.5515230515914
99.70714285714286,134.5515230515914
99.55714285714285,134.7015230515914
99.55714285714285,134.8515230515914
99.40714285714284,134.8515230515914
99.25714285714287,135.00152305159142
99.25714285714287,135.15152305159143
99.10714285714286,135.15152305159143
98.95714285714286,135.30152305159143
98.95714285714286,135.45152305159144
98.80714285714286,135.45152305159144
98.65714285714286,135.60152305159144
98.50714285714285,135.60152305159144
98.35714285714285,135.75152305159142
98.35714285714285,135.90152305159143
98.20714285714286,135.90152305159143
98.05714285714285,136.05152305159143
98.05714285714285,136.2015230515914
97.90714285714284,136.2015230515914
97.75714285714285,136.3515230515914
97.75714285714285,136.50152305159142
97.60714285714285,136.50152305159142
97.45714285714284,136.65152305159143
97.30714285714284,136.80152305159143
97.15714285714287,136.95152305159144
97.00714285714287,136.95152305159144
96.85714285714286,137.10152305159144
96.85714285714286,137.25152305159142
96.70714285714286,137.25152305159142
96.55714285714286,137.40152305159143
96.55714285714286,137.55152305159143
96.40714285714286,137.55152305159143
96.25714285714285,137.70152305159144
96.25714285714285,137.8515230515914
96.10714285714286,137.8515230515914
95.95714285714286,138.00152305159142
95.80714285714285,138.15152305159143
95.65714285714284,138.3015230515914
95.50714285714285,138.4515230515914
95.35714285714285,138.6015230515914
95.20714285714284,138.6015230515914
95.05714285714285,138.75152305159142
95.05714285714285,138.90152305159143
94.90714285714284,138.90152305159143
94.75714285714284,139.05152305159143
94.60714285714283,139.20152305159144
94.45714285714287,139.35152305159144
94.30714285714286,139.50152305159142
94.30714285714286,139.65152305159143
94.15714285714286,139.65152305159143
94.00714285714287,139.80152305159143
94.00714285714287,139.9515230515914
93.85714285714286,139.9515230515914
93.70714285714286,140.1015230515914
93.55714285714285,140.25152305159142
93.40714285714286,140.40152305159143
93.25714285714285,140.5515230515914
93.25714285714285,140.7015230515914
93.10714285714285,140.8515230515914
93.10714285714285,141.00152305159142
92.95714285714284,141.00152305159142
92.80714285714285,141.15152305159143
92.80714285714285,141.30152305159143
92.80714285714285,141.45152305159144
92.65714285714284,141.45152305159144
92.50714285714284,141.6015230515914
92.50714285714284,141.75152305159142
92.35714285714286,141.90152305159143
92.35714285714286,142.0515230515914
92.20714285714286,142.2015230515914
92.05714285714285,142.3515230515914
92.05714285714285,142.50152305159142
92.05714285714285,142.6515230515914
91.90714285714284,142.6515230515914
91.75714285714287,142.8015230515914
91.75714285714287,142.9515230515914
91.60714285714286,143.1015230515914
91.45714285714286,143.25152305159142
91.45714285714286,143.40152305159143
91.30714285714285,143.55152305159143
91.30714285714285,143.7015230515914
91.15714285714286,143.7015230515914
91.00714285714285,143.8515230515914
91.00714285714285,144.00152305159142
91.00714285714285,144.15152305159143
90.85714285714285,144.15152305159143
90.70714285714284,144.30152305159143
90.70714285714284,144.45152305159144
90.55714285714285,144.60152305159144
90.55714285714285,144.7515230515914
90.55714285714285,144.9015230515914
90.40714285714284,144.9015230515914
90.25714285714285,145.0515230515914
90.25714285714285,145.2015230515914
90.25714285714285,145.3515230515914
90.10714285714285,145.3515230515914
89.95714285714284,145.50152305159142
89.95714285714284,145.65152305159143
89.80714285714286,145.8015230515914
89.80714285714286,145.9515230515914
89.65714285714286,146.1015230515914
89.50714285714285,146.25152305159142
89.35714285714285,146.40152305159143
89.35714285714285,146.55152305159143
89.20714285714286,146.70152305159144
89.20714285714286,146.85152305159144
89.05714285714286,147.00152305159142
88.90714285714286,147.15152305159143
88.90714285714286,147.30152305159143
88.75714285714285,147.4515230515914
88.60714285714285,147.6015230515914
88.60714285714285,147.75152305159142
88.45714285714286,147.90152305159143
88.30714285714285,148.0515230515914
88.30714285714285,148.2015230515914
88.15714285714284,148.3515230515914
88.15714285714284,148.50152305159142
88.00714285714284,148.65152305159143
87.85714285714285,148.80152305159143
87.85714285714285,148.95152305159144
87.70714285714287,149.1015230515914
87.55714285714286,149.25152305159142
87.55714285714286,149.40152305159143
87.40714285714286,149.40152305159143
87.25714285714285,149.55152305159143
87.40714285714286,149.70152305159144
87.25714285714285,149.85152305159144
87.10714285714286,150.00152305159145
87.10714285714286,150.1515230515914
86.95714285714286,150.1515230515914
86.80714285714285,150.3015230515914
86.80714285714285,150.4515230515914
86.80714285714285,150.6015230515914
86.65714285714284,150.6015230515914
86.50714285714285,150.75152305159142
86.50714285714285,150.90152305159143
86.50714285714285,151.05152305159143
86.35714285714286,151.05152305159143
86.20714285714286,151.2015230515914
86.35714285714286,151.3515230515914
86.20714285714286,151.3515230515914
86.05714285714285,151.50152305159142
86.05714285714285,151.65152305159143
86.05714285714285,151.80152305159143
85.90714285714284,151.80152305159143
85.75714285714285,151.95152305159144
85.75714285714285,152.10152305159144
85.60714285714285,152.25152305159142
85.45714285714284,152.40152305159143
85.45714285714284,152.55152305159143
85.30714285714286,152.70152305159144
85.15714285714286,152.8515230515914
85.30714285714286,153.00152305159142
85.15714285714286,153.00152305159142
85.00714285714287,153.15152305159143
85.00714285714287,153.30152305159143
84.85714285714286,153.45152305159144
84.70714285714286,153.60152305159144
84.70714285714286,153.75152305159145
84.55714285714285,153.90152305159143
84.40714285714286,154.05152305159143
84.25714285714285,154.05152305159143
84.10714285714285,154.20152305159144
84.10714285714285,154.35152305159144
83.95714285714286,154.35152305159144
83.80714285714285,154.5015230515914
83.65714285714286,154.5015230515914
83.50714285714285,154.6515230515914
83.50714285714285,154.8015230515914
83.35714285714285,154.8015230515914
83.20714285714284,154.9515230515914
83.05714285714286,154.9515230515914
82.90714285714286,155.1015230515914
82.75714285714285,155.1015230515914
82.60714285714286,155.25152305159142
82.60714285714286,155.40152305159143
82.45714285714286,155.40152305159143
82.30714285714286,155.5515230515914
82.15714285714286,155.5515230515914
82.00714285714285,155.7015230515914
82.00714285714285,155.8515230515914
81.85714285714285,155.8515230515914
81.70714285714286,156.00152305159142
81.55714285714285,156.00152305159142
81.40714285714284,156.15152305159143
81.40714285714284,156.30152305159143
81.25714285714285,156.30152305159143
81.10714285714285,156.45152305159144
80.95714285714286,156.45152305159144
80.80714285714285,156.6015230515914
80.80714285714285,156.75152305159142
80.65714285714284,156.75152305159142
80.50714285714284,156.90152305159143
80.35714285714286,156.90152305159143
80.20714285714286,157.0515230515914
80.20714285714286,157.2015230515914
80.05714285714285,157.2015230515914
79.90714285714286,157.3515230515914
79.75714285714285,157.3515230515914
79.60714285714286,157.50152305159142
79.45714285714286,157.65152305159143
79.30714285714285,157.80152305159143
79.15714285714284,157.80152305159143
79.00714285714285,157.95152305159144
78.85714285714285,158.10152305159144
78.70714285714284,158.25152305159142
78.55714285714285,158.25152305159142
78.40714285714284,158.40152305159143
78.25714285714287,158.55152305159143
78.10714285714286,158.70152305159144
77.95714285714286,158.70152305159144
77.80714285714286,158.85152305159144
77.65714285714286,159.00152305159145
77.50714285714285,159.15152305159145
77.35714285714285,159.15152305159145
77.20714285714286,159.3015230515914
77.05714285714285,159.3015230515914
76.90714285714286,159.4515230515914
76.90714285714286,159.6015230515914
76.75714285714285,159.6015230515914
76.60714285714285,159.7515230515914
76.45714285714286,159.7515230515914
76.30714285714285,159.9015230515914
76.30714285714285,160.0515230515914
76.15714285714286,160.0515230515914
76.00714285714285,160.2015230515914
75.85714285714286,160.2015230515914
75.70714285714286,160.2015230515914
75.55714285714285,160.3515230515914
75.70714285714286,160.50152305159142
75.55714285714285,160.50152305159142
75.40714285714284,160.65152305159143
75.25714285714285,160.65152305159143
75.10714285714286,160.65152305159143
74.95714285714286,160.8015230515914
75.10714285714286,160.9515230515914
74.95714285714286,160.9515230515914
74.80714285714286,160.9515230515914
74.65714285714286,161.1015230515914
74.50714285714285,161.1015230515914
74.35714285714285,161.25152305159142
74.50714285714285,161.40152305159143
74.35714285714285,161.40152305159143
74.20714285714286,161.40152305159143
74.05714285714285,161.55152305159143
73.90714285714284,161.55152305159143
73.75714285714287,161.70152305159144
73.60714285714286,161.85152305159144
73.45714285714286,162.00152305159142
73.30714285714285,162.00152305159142
73.15714285714286,162.15152305159143
73.00714285714285,162.30152305159143
72.85714285714285,162.4515230515914
72.70714285714286,162.4515230515914
72.55714285714285,162.6015230515914
72.40714285714286,162.75152305159142
72.25714285714285,162.90152305159143
72.10714285714286,162.90152305159143
71.95714285714286,163.05152305159143
71.80714285714285,163.20152305159144
71.65714285714284,163.35152305159144
71.50714285714285,163.35152305159144
71.35714285714285,163.5015230515914
71.20714285714284,163.5015230515914
71.05714285714286,163.6515230515914
71.05714285714286,163.8015230515914
70.90714285714286,163.8015230515914
70.75714285714285,163.9515230515914
70.60714285714285,163.9515230515914
70.45714285714286,164.1015230515914
70.45714285714286,164.25152305159142
70.30714285714285,164.25152305159142
70.15714285714284,164.40152305159143
70.00714285714285,164.40152305159143
69.85714285714285,164.5515230515914
69.85714285714285,164.7015230515914
69.70714285714286,164.7015230515914
69.55714285714285,164.8515230515914
69.40714285714286,164.8515230515914
69.25714285714285,165.00152305159142
69.25714285714285,165.1515230515914
69.10714285714285,165.1515230515914
68.95714285714286,165.3015230515914
68.80714285714285,165.3015230515914
68.65714285714286,165.4515230515914
68.65714285714286,165.6015230515914
68.50714285714285,165.6015230515914
68.35714285714286,165.75152305159142
68.20714285714286,165.75152305159142
68.05714285714285,165.90152305159143
67.90714285714284,166.05152305159143
67.75714285714285,166.2015230515914
67.60714285714286,166.2015230515914
67.45714285714286,166.3515230515914
67.30714285714286,166.50152305159142
67.15714285714286,166.65152305159143
67.00714285714285,166.65152305159143
66.85714285714285,166.80152305159143
66.85714285714285,166.95152305159144
66.70714285714286,167.10152305159144
66.55714285714286,167.25152305159142
66.40714285714286,167.40152305159143
66.25714285714285,167.55152305159143
66.10714285714285,167.70152305159144
65.95714285714286,167.8515230515914
65.95714285714286,168.00152305159142
65.80714285714285,168.15152305159143
65.80714285714285,168.30152305159143
65.65714285714286,168.30152305159143
65.50714285714285,168.45152305159144
65.35714285714286,168.60152305159144
65.20714285714286,168.75152305159145
65.20714285714286,168.9015230515914
65.05714285714285,168.9015230515914
64.90714285714286,169.0515230515914
64.90714285714286,169.2015230515914
64.75714285714285,169.3515230515914
64.60714285714286,169.50152305159142
64.45714285714286,169.65152305159143
64.30714285714286,169.80152305159143
64.15714285714286,169.9515230515914
64.00714285714285,170.1015230515914
64.00714285714285,170.25152305159142
63.857142857142854,170.25152305159142
63.70714285714285,170.40152305159143
63.857142857142854,170.5515230515914
63.70714285714285,170.5515230515914
63.55714285714286,170.7015230515914
63.55714285714286,170.8515230515914
63.40714285714285,170.8515230515914
63.25714285714286,171.00152305159142
63.25714285714286,171.15152305159143
63.107142857142854,171.30152305159143
62.957142857142856,171.45152305159144
62.80714285714286,171.6015230515914
62.65714285714285,171.75152305159142
62.50714285714286,171.90152305159143
62.357142857142854,172.05152305159143
62.357142857142854,172.20152305159144
62.207142857142856,172.20152305159144
62.05714285714285,172.35152305159144
62.05714285714285,172.50152305159145
61.90714285714286,172.65152305159143
61.90714285714286,172.80152305159143
61.75714285714285,172.80152305159143
61.607142857142854,172.80152305159143
61.45714285714286,172.95152305159144
61.607142857142854,173.10152305159144
61.45714285714286,173.10152305159144
61.30714285714286,173.2515230515914
61.30714285714286,173.4015230515914
61.15714285714286,173.5515230515914
61.00714285714285,173.7015230515914
60.857142857142854,173.8515230515914
60.70714285714285,174.00152305159142
60.55714285714286,174.15152305159143
60.40714285714285,174.3015230515914
60.40714285714285,174.4515230515914
60.25714285714285,174.4515230515914
60.10714285714286,174.6015230515914
60.10714285714286,174.75152305159142
59.957142857142856,174.90152305159143
59.957142857142856,175.05152305159143
59.80714285714286,175.05152305159143
59.65714285714285,175.05152305159143
59.50714285714285,175.20152305159144
59.65714285714285,175.3515230515914
59.50714285714285,175.3515230515914
59.35714285714285,175.50152305159142
59.35714285714285,175.65152305159143
59.207142857142856,175.8015230515914
59.057142857142864,175.9515230515914
59.057142857142864,176.1015230515914
58.90714285714286,176.1015230515914
58.75714285714286,176.25152305159142
58.607142857142854,176.40152305159143
58.457142857142856,176.55152305159143
58.457142857142856,176.70152305159144
58.30714285714285,176.70152305159144
58.15714285714285,176.85152305159144
58.15714285714285,177.00152305159142
58.007142857142846,177.15152305159143
57.85714285714286,177.30152305159143
57.70714285714286,177.45152305159144
57.70714285714286,177.60152305159144
57.55714285714286,177.60152305159144
57.40714285714286,177.75152305159145
57.40714285714286,177.90152305159145
57.25714285714285,178.0515230515914
57.107142857142854,178.2015230515914
57.107142857142854,178.3515230515914
56.95714285714285,178.3515230515914
56.80714285714285,178.5015230515914
56.657142857142844,178.6515230515914
56.50714285714286,178.8015230515914
56.50714285714286,178.9515230515914
56.35714285714286,178.9515230515914
56.207142857142856,179.1015230515914
56.207142857142856,179.25152305159142
56.05714285714286,179.40152305159143
55.90714285714285,179.5515230515914
55.75714285714285,179.7015230515914
55.60714285714285,179.8515230515914
55.457142857142856,180.00152305159142
55.457142857142856,180.15152305159143
55.307142857142864,180.30152305159143
55.15714285714286,180.45152305159144
55.15714285714286,180.60152305159144
55.00714285714286,180.60152305159144
54.857142857142854,180.75152305159142
54.857142857142854,180.90152305159143
54.707142857142856,180.90152305159143
54.55714285714285,181.05152305159143
54.55714285714285,181.2015230515914
54.40714285714285,181.3515230515914
54.257142857142846,181.50152305159142
54.107142857142854,181.65152305159143
53.95714285714286,181.80152305159143
53.80714285714286,181.95152305159144
53.65714285714286,182.10152305159144
53.65714285714286,182.2515230515914
53.50714285714285,182.2515230515914
53.357142857142854,182.4015230515914
53.357142857142854,182.5515230515914
53.20714285714285,182.7015230515914
53.20714285714285,182.8515230515914
53.05714285714286,182.8515230515914
52.90714285714285,183.00152305159142
52.90714285714285,183.15152305159143
52.75714285714285,183.15152305159143
52.60714285714286,183.3015230515914
52.60714285714286,183.45152305159144
52.457142857142856,183.6015230515914
52.30714285714286,183.7515230515914
52.15714285714285,183.90152305159143
52.00714285714286,184.0515230515914
51.857142857142854,184.2015230515914
51.707142857142856,184.3515230515914
51.707142857142856,184.50152305159142
51.55714285714286,184.50152305159142
51.40714285714285,184.6515230515914
51.55714285714286,184.80152305159143
51.40714285714285,184.80152305159143
51.25714285714286,184.9515230515914
51.25714285714286,185.10152305159144
51.107142857142854,185.10152305159144
50.95714285714286,185.25152305159142
50.95714285714286,185.40152305159143
50.80714285714286,185.40152305159143
50.65714285714286,185.55152305159143
50.65714285714286,185.70152305159144
50.50714285714285,185.8515230515914
50.357142857142854,186.00152305159145
50.357142857142854,186.15152305159143
50.207142857142856,186.15152305159143
50.05714285714285,186.3015230515914
49.90714285714286,186.45152305159144
49.75714285714285,186.6015230515914
49.75714285714285,186.75152305159145
49.60714285714286,186.75152305159145
49.457142857142856,186.90152305159143
49.457142857142856,187.05152305159143
49.30714285714286,187.20152305159144
49.30714285714286,187.35152305159144
49.15714285714285,187.35152305159144
49.00714285714285,187.5015230515914
49.00714285714285,187.65152305159145
48.857142857142854,187.65152305159145
48.70714285714285,187.8015230515914
48.70714285714285,187.9515230515914
48.557142857142864,188.1015230515914
48.40714285714286,188.25152305159142
48.40714285714286,188.4015230515914
48.25714285714286,188.4015230515914
48.107142857142854,188.55152305159143
47.957142857142856,188.7015230515914
47.80714285714286,188.85152305159144
47.80714285714286,189.00152305159142
47.65714285714285,189.00152305159142
47.50714285714285,189.1515230515914
47.50714285714285,189.30152305159143
47.35714285714285,189.4515230515914
47.20714285714286,189.6015230515914
47.05714285714286,189.75152305159142
47.05714285714286,189.90152305159143
46.90714285714286,189.90152305159143
46.75714285714285,190.0515230515914
46.75714285714285,190.20152305159144
46.607142857142854,190.3515230515914
46.457142857142856,190.50152305159145
46.457142857142856,190.65152305159143
46.30714285714285,190.65152305159143
46.15714285714286,190.80152305159143
46.15714285714286,190.95152305159144
46.00714285714285,190.95152305159144
45.85714285714286,191.10152305159144
45.85714285714286,191.25152305159142
45.707142857142856,191.40152305159145
45.55714285714286,191.55152305159143
45.40714285714285,191.70152305159138
45.25714285714285,191.85152305159144
45.107142857142854,192.0015230515914
45.107142857142854,192.1515230515914
44.95714285714285,192.3015230515914
44.80714285714286,192.4515230515914
44.65714285714286,192.6015230515914
44.50714285714286,192.75152305159142
44.50714285714286,192.9015230515914
44.357142857142854,192.9015230515914
44.207142857142856,193.05152305159143
44.207142857142856,193.2015230515914
44.05714285714285,193.2015230515914
43.90714285714285,193.3515230515914
43.90714285714285,193.50152305159142
43.75714285714286,193.65152305159143
43.607142857142854,193.8015230515914
43.457142857142856,193.95152305159144
43.30714285714286,194.1015230515914
43.15714285714286,194.25152305159145
43.00714285714285,194.40152305159143
43.00714285714285,194.5515230515914
42.857142857142854,194.70152305159144
42.857142857142854,194.8515230515914
42.70714285714285,194.8515230515914
42.55714285714286,195.00152305159142
42.55714285714286,195.15152305159143
42.40714285714286,195.15152305159143
42.25714285714285,195.30152305159143
42.25714285714285,195.4515230515914
42.107142857142854,195.4515230515914
41.957142857142856,195.60152305159144
41.957142857142856,195.75152305159142
41.80714285714286,195.90152305159143
41.65714285714285,196.05152305159143
41.65714285714285,196.20152305159144
41.50714285714286,196.20152305159144
41.357142857142854,196.35152305159144
41.207142857142856,196.50152305159145
41.05714285714286,196.6515230515914
41.05714285714286,196.80152305159146
40.90714285714286,196.80152305159146
40.75714285714285,196.9515230515914
40.90714285714286,197.10152305159139
40.75714285714285,197.10152305159139
40.607142857142854,197.25152305159142
40.607142857142854,197.4015230515914
40.457142857142856,197.4015230515914
40.30714285714285,197.5515230515914
40.30714285714285,197.7015230515914
40.15714285714286,197.7015230515914
40.00714285714285,197.8515230515914
40.00714285714285,198.00152305159142
39.857142857142854,198.15152305159143
39.707142857142856,198.3015230515914
39.707142857142856,198.45152305159144
39.55714285714286,198.45152305159144
39.40714285714285,198.6015230515914
39.25714285714285,198.75152305159142
39.10714285714286,198.90152305159143
39.10714285714286,199.05152305159143
38.957142857142856,199.05152305159143
38.80714285714286,199.2015230515914
38.957142857142856,199.35152305159144
38.80714285714286,199.35152305159144
38.65714285714285,199.35152305159144
38.50714285714285,199.50152305159142
38.50714285714285,199.6515230515914
38.357142857142854,199.80152305159143
38.357142857142854,199.9515230515914
38.207142857142856,199.9515230515914
38.05714285714286,200.10152305159144
38.05714285714286,200.25152305159142
37.90714285714286,200.40152305159143
37.75714285714285,200.55152305159143
37.607142857142854,200.70152305159144
37.457142857142856,200.85152305159139
37.457142857142856,201.00152305159145
37.30714285714286,201.00152305159145
37.15714285714286,201.1515230515914
37.15714285714286,201.3015230515914
37.00714285714285,201.4515230515914
36.85714285714286,201.6015230515914
36.707142857142856,201.6015230515914
36.55714285714286,201.75152305159142
36.707142857142856,201.90152305159143
36.55714285714286,201.90152305159143
36.40714285714285,202.0515230515914
36.40714285714285,202.20152305159144
36.25714285714285,202.3515230515914
36.107142857142854,202.5015230515914
35.957142857142856,202.65152305159143
35.80714285714286,202.8015230515914
35.65714285714285,202.9515230515914
35.50714285714286,203.1015230515914
35.50714285714286,203.25152305159142
35.357142857142854,203.25152305159142
35.207142857142856,203.4015230515914
35.207142857142856,203.55152305159143
35.05714285714285,203.7015230515914
34.90714285714285,203.85152305159144
34.75714285714285,203.85152305159144
34.607142857142854,204.00152305159142
34.607142857142854,204.15152305159143
34.457142857142856,204.30152305159143
34.457142857142856,204.45152305159144
34.30714285714286,204.6015230515914
34.15714285714286,204.75152305159145
34.15714285714286,204.90152305159143
34.00714285714285,204.90152305159143
33.857142857142854,205.0515230515914
33.707142857142856,205.20152305159144
33.55714285714286,205.3515230515914
33.55714285714286,205.50152305159145
33.40714285714286,205.50152305159145
33.25714285714286,205.65152305159143
33.25714285714286,205.80152305159143
33.107142857142854,205.95152305159144
32.957142857142856,206.10152305159144
32.80714285714286,206.2515230515914
32.65714285714286,206.40152305159145
32.50714285714285,206.5515230515914
32.50714285714285,206.7015230515914
32.357142857142854,206.8515230515914
32.20714285714286,207.00152305159142
32.20714285714286,207.1515230515914
32.05714285714286,207.1515230515914
31.907142857142855,207.30152305159143
31.757142857142856,207.4515230515914
31.607142857142858,207.60152305159144
31.607142857142858,207.75152305159142
31.457142857142856,207.75152305159142
31.307142857142853,207.9015230515914
31.307142857142853,208.05152305159143
31.157142857142855,208.2015230515914
31.007142857142853,208.3515230515914
30.857142857142858,208.50152305159142
30.70714285714286,208.65152305159143
30.557142857142857,208.8015230515914
30.407142857142855,208.95152305159144
30.407142857142855,209.1015230515914
30.257142857142856,209.25152305159145
30.257142857142856,209.40152305159143
30.107142857142854,209.40152305159143
29.957142857142856,209.55152305159143
29.807142857142853,209.70152305159144
29.65714285714286,209.85152305159144
29.65714285714286,210.00152305159142
29.50714285714286,210.00152305159142
29.357142857142858,210.15152305159145
29.357142857142858,210.30152305159143
29.207142857142856,210.45152305159138
29.057142857142853,210.60152305159144
28.90714285714286,210.7515230515914
28.757142857142856,210.9015230515914
28.757142857142856,211.0515230515914
28.607142857142854,211.0515230515914
28.457142857142856,211.2015230515914
28.457142857142856,211.3515230515914
28.30714285714286,211.50152305159142
28.30714285714286,211.6515230515914
28.15714285714286,211.6515230515914
28.007142857142856,211.80152305159143
28.007142857142856,211.9515230515914
27.857142857142854,211.9515230515914
27.707142857142856,212.1015230515914
27.707142857142856,212.25152305159142
27.557142857142857,212.40152305159143
27.407142857142855,212.5515230515914
27.257142857142853,212.70152305159144
27.107142857142858,212.8515230515914
26.95714285714286,213.00152305159145
26.807142857142857,213.15152305159143
26.807142857142857,213.3015230515914
26.657142857142855,213.3015230515914
26.507142857142856,213.45152305159144
26.507142857142856,213.6015230515914
26.357142857142854,213.45152305159144
26.207142857142856,213.6015230515914
26.057142857142853,213.6015230515914
25.90714285714286,213.75152305159142
25.757142857142856,213.75152305159142
25.607142857142858,213.90152305159143
25.45714285714286,213.90152305159143
25.307142857142857,214.05152305159143
25.157142857142855,214.05152305159143
25.007142857142853,214.2015230515914
24.857142857142854,214.2015230515914
24.70714285714286,214.05152305159143
24.557142857142857,214.2015230515914
24.407142857142855,214.2015230515914
24.25714285714286,214.35152305159144
24.107142857142858,214.35152305159144
23.957142857142856,214.50152305159142
23.807142857142853,214.50152305159142
23.65714285714285,214.65152305159143
23.507142857142856,214.65152305159143
23.357142857142858,214.80152305159143
23.207142857142856,214.80152305159143
23.057142857142857,214.65152305159143
22.90714285714286,214.80152305159143
22.757142857142856,214.80152305159143
22.607142857142854,214.95152305159144
22.45714285714286,214.95152305159144
22.307142857142857,215.10152305159144
22.157142857142855,215.10152305159144
22.007142857142853,215.25152305159145
21.857142857142858,215.25152305159145
21.707142857142856,215.4015230515914
21.557142857142857,215.4015230515914
21.407142857142855,215.4015230515914
21.25714285714286,215.4015230515914
21.107142857142858,215.4015230515914
20.957142857142856,215.55152305159146
20.807142857142853,215.55152305159146
20.65714285714286,215.7015230515914
20.507142857142856,215.7015230515914
20.357142857142854,215.85152305159139
20.207142857142856,215.85152305159139
20.057142857142857,216.00152305159142
19.90714285714286,216.00152305159142
19.757142857142856,216.1515230515914
19.607142857142854,216.00152305159142
19.457142857142856,216.1515230515914
19.307142857142857,216.1515230515914
19.157142857142855,216.1515230515914
19.007142857142856,216.3015230515914
18.857142857142854,216.3015230515914
18.70714285714286,216.4515230515914
18.557142857142857,216.4515230515914
18.40714285714286,216.6015230515914
18.257142857142856,216.6015230515914
18.107142857142858,216.6015230515914
17.957142857142856,216.6015230515914
17.807142857142853,216.75152305159142
17.657142857142855,216.75152305159142
17.507142857142856,216.90152305159143
17.357142857142858,216.90152305159143
17.207142857142856,216.90152305159143
17.057142857142857,217.0515230515914
16.90714285714286,217.0515230515914
16.757142857142856,217.20152305159144
16.607142857142858,217.20152305159144
16.457142857142856,217.20152305159144
16.307142857142857,217.20152305159144
16.15714285714286,217.3515230515914
16.007142857142856,217.3515230515914
15.857142857142856,217.50152305159142
15.707142857142856,217.50152305159142
15.557142857142857,217.65152305159143
15.407142857142857,217.65152305159143
15.257142857142856,217.80152305159143
15.107142857142856,217.80152305159143
14.957142857142857,217.80152305159143
14.807142857142857,217.9515230515914
14.657142857142857,217.80152305159143
14.507142857142854,217.9515230515914
14.357142857142858,217.9515230515914
14.207142857142856,218.10152305159144
14.057142857142857,218.10152305159144
13.907142857142855,218.25152305159142
13.757142857142858,218.25152305159142
13.607142857142856,218.4015230515914
13.457142857142857,218.4015230515914
13.307142857142855,218.55152305159143
13.157142857142858,218.55152305159143
13.007142857142858,218.4015230515914
12.857142857142856,218.55152305159143
12.707142857142857,218.55152305159143
12.557142857142855,218.7015230515914
12.407142857142858,218.7015230515914
12.257142857142856,218.85152305159144
12.107142857142858,218.85152305159144
11.957142857142856,219.00152305159142
11.807142857142859,219.00152305159142
11.657142857142857,219.15152305159143
11.507142857142856,219.15152305159143
11.357142857142856,219.00152305159142
11.207142857142857,219.15152305159143
11.057142857142857,219.15152305159143
10.907142857142857,219.30152305159143
10.757142857142856,219.30152305159143
10.607142857142858,219.45152305159144
10.457142857142857,219.45152305159144
10.307142857142857,219.60152305159139
10.157142857142857,219.60152305159139
10.007142857142856,219.75152305159145
9.857142857142856,219.75152305159145
9.707142857142857,219.60152305159139
9.557142857142857,219.75152305159145
9.407142857142857,219.75152305159145
9.257142857142856,219.9015230515914
9.107142857142856,219.9015230515914
8.957142857142856,220.0515230515914
8.807142857142857,220.0515230515914
8.657142857142857,220.2015230515914
8.507142857142856,220.2015230515914
8.357142857142856,220.3515230515914
8.207142857142857,220.3515230515914
8.057142857142857,220.3515230515914
7.9071428571428575,220.3515230515914
7.757142857142856,220.50152305159142
7.607142857142857,220.50152305159142
7.457142857142856,220.50152305159142
7.307142857142857,220.65152305159143
7.157142857142857,220.65152305159143
7.007142857142857,220.8015230515914
6.857142857142857,220.8015230515914
6.707142857142857,220.95152305159144
6.557142857142857,220.95152305159144
6.4071428571428575,220.95152305159144
6.257142857142856,220.95152305159144
6.107142857142857,221.1015230515914
5.957142857142856,221.1015230515914
5.807142857142857,221.2515230515914
5.657142857142857,221.2515230515914
5.507142857142856,221.2515230515914
5.357142857142857,221.40152305159143
5.207142857142856,221.40152305159143
5.057142857142857,221.5515230515914
4.907142857142857,221.5515230515914
4.757142857142857,221.5515230515914
4.607142857142858,221.5515230515914
4.457142857142856,221.7015230515914
4.307142857142857,221.7015230515914
4.1571428571428575,221.8515230515914
4.007142857142857,221.8515230515914
3.857142857142857,222.00152305159142
3.7071428571428573,222.00152305159142
3.557142857142857,222.00152305159142
3.4071428571428566,222.1515230515914
3.2571428571428567,222.1515230515914
3.1071428571428568,222.30152305159143
2.9571428571428564,222.1515230515914
2.8071428571428574,222.30152305159143
2.6571428571428575,222.30152305159143
2.507142857142857,222.4515230515914
2.3571428571428568,222.4515230515914
2.207142857142857,222.60152305159144
2.057142857142857,222.60152305159144
1.907142857142857,222.75152305159142
1.7571428571428571,222.75152305159142
1.607142857142857,222.75152305159142
1.457142857142857,222.75152305159142
1.3071428571428572,222.75152305159142
1.157142857142857,222.90152305159143
1.0071428571428571,222.90152305159143
0.8571428571428571,223.05152305159143
0.7071428571428571,223.05152305159143
0.557142857142857,223.20152305159144
0.4071428571428571,223.20152305159144
0.2571428571428571,223.3515230515914
0.10714285714285714,223.3515230515914
