X,Y
0.15,-328.486851890537
0.36,-328.276851890537
0.57,-328.276851890537
0.78,-328.276851890537
0.99,-328.276851890537
1.2,-328.066851890537
1.41,-328.066851890537
1.62,-328.066851890537
1.83,-327.856851890537
2.04,-327.856851890537
2.25,-327.856851890537
2.46,-327.856851890537
2.67,-327.646851890537
2.88,-327.436851890537
3.09,-327.436851890537
3.3,-327.436851890537
3.51,-327.436851890537
3.72,-327.436851890537
3.93,-327.226851890537
4.14,-327.226851890537
4.35,-327.226851890537
4.56,-327.016851890537
4.77,-327.016851890537
4.98,-326.806851890537
5.19,-327.016851890537
5.4,-326.806851890537
5.61,-326.596851890537
5.82,-326.806851890537
6.03,-326.596851890537
6.24,-326.596851890537
6.45,-326.386851890537
6.66,-326.386851890537
6.87,-326.386851890537
7.08,-326.176851890537
7.29,-326.176851890537
7.5,-325.966851890537
7.71,-325.966851890537
7.92,-326.176851890537
8.13,-325.966851890537
8.34,-325.756851890537
8.55,-325.756851890537
8.76,-325.756851890537
8.97,-325.546851890537
9.18,-325.546851890537
9.39,-325.546851890537
9.6,-325.546851890537
9.81,-325.336851890537
10.02,-325.126851890537
10.23,-325.336851890537
10.44,-325.126851890537
10.65,-325.126851890537
10.86,-325.126851890537
11.07,-324.916851890537
11.28,-324.916851890537
11.49,-324.706851890537
11.7,-324.706851890537
11.91,-324.706851890537
12.12,-324.496851890537
12.33,-324.706851890537
12.54,-324.496851890537
12.75,-324.286851890537
12.96,-324.496851890537
13.17,-324.286851890537
13.38,-324.286851890537
13.59,-324.076851890537
13.8,-324.076851890537
14.01,-324.076851890537
14.22,-323.866851890537
14.43,-323.866851890537
14.64,-323.866851890537
14.85,-323.866851890537
15.06,-323.866851890537
15.27,-323.656851890537
15.48,-323.446851890537
15.69,-323.446851890537
15.9,-323.446851890537
16.11,-323.236851890537
16.32,-323.236851890537
16.53,-323.236851890537
16.74,-323.236851890537
16.95,-323.026851890537
17.16,-322.816851890537
17.37,-323.026851890537
17.58,-322.816851890537
17.79,-322.816851890537
18,-322.816851890537
18.21,-322.606851890537
18.42,-322.606851890537
18.63,-322.396851890537
18.84,-322.396851890537
19.05,-322.396851890537
19.26,-322.396851890537
19.47,-322.396851890537
19.68,-322.186851890537
19.89,-321.976851890537
20.1,-322.186851890537
20.31,-321.976851890537
20.52,-321.976851890537
20.73,-321.766851890537
20.94,-321.766851890537
21.15,-321.766851890537
21.36,-321.556851890537
21.57,-321.556851890537
21.78,-321.556851890537
21.99,-321.556851890537
22.2,-321.346851890537
22.41,-321.346851890537
22.62,-321.136851890537
22.83,-321.136851890537
23.04,-321.136851890537
23.25,-321.136851890537
23.46,-320.926851890537
23.67,-321.136851890537
23.88,-320.926851890537
24.09,-320.716851890537
24.3,-320.506851890537
24.51,-320.716851890537
24.72,-320.506851890537
24.93,-320.506851890537
25.14,-320.506851890537
25.35,-320.296851890537
25.56,-320.296851890537
25.77,-320.086851890537
25.98,-320.086851890537
26.19,-320.086851890537
26.4,-320.086851890537
26.61,-320.086851890537
26.82,-319.876851890537
27.03,-319.666851890537
27.24,-319.666851890537
27.45,-319.666851890537
27.66,-319.666851890537
27.87,-319.456851890537
28.08,-319.666851890537
28.29,-319.456851890537
28.5,-319.246851890537
28.71,-319.246851890537
28.92,-319.246851890537
29.13,-319.246851890537
29.34,-319.036851890537
29.55,-319.036851890537
29.76,-318.826851890537
29.97,-318.826851890537
30.18,-318.826851890537
30.39,-318.826851890537
30.6,-318.616851890537
30.81,-318.826851890537
31.02,-318.616851890537
31.23,-318.406851890537
31.44,-318.196851890537
31.65,-318.406851890537
31.86,-318.406851890537
32.07,-318.196851890537
32.28,-318.196851890537
32.49,-317.986851890537
32.7,-317.986851890537
32.91,-317.776851890537
33.12,-317.776851890537
33.33,-317.776851890537
33.54,-317.566851890537
33.75,-317.776851890537
33.96,-317.566851890537
34.17,-317.356851890537
34.38,-317.356851890537
34.59,-317.356851890537
34.8,-317.356851890537
35.01,-317.146851890537
35.22,-317.146851890537
35.43,-316.936851890537
35.64,-316.936851890537
35.85,-316.936851890537
36.06,-316.936851890537
36.27,-316.726851890537
36.48,-316.516851890537
36.69,-316.726851890537
36.9,-316.516851890537
37.11,-316.516851890537
37.32,-316.516851890537
37.53,-316.306851890537
37.74,-316.306851890537
37.95,-316.096851890537
38.16,-316.096851890537
38.37,-315.886851890537
38.58,-315.886851890537
38.79,-316.096851890537
39,-315.886851890537
39.21,-315.676851890537
39.42,-315.676851890537
39.63,-315.676851890537
39.84,-315.466851890537
40.05,-315.466851890537
40.26,-315.466851890537
40.47,-315.466851890537
40.68,-315.256851890537
40.89,-315.256851890537
41.1,-315.046851890537
41.31,-315.046851890537
41.52,-315.046851890537
41.73,-315.046851890537
41.94,-314.836851890537
42.15,-314.626851890537
42.36,-314.836851890537
42.57,-314.626851890537
42.78,-314.626851890537
42.99,-314.416851890537
43.2,-314.416851890537
43.41,-314.416851890537
43.62,-314.206851890537
43.83,-314.206851890537
44.04,-314.206851890537
44.25,-313.996851890537
44.46,-314.206851890537
44.67,-313.996851890537
44.88,-313.786851890537
45.09,-313.576851890537
45.3,-313.786851890537
45.51,-313.786851890537
45.72,-313.576851890537
45.93,-313.576851890537
46.14,-313.366851890537
46.35,-313.366851890537
46.56,-313.156851890537
46.77,-313.156851890537
46.98,-313.156851890537
47.19,-312.946851890537
47.4,-313.156851890537
47.61,-312.946851890537
47.82,-312.736851890537
48.03,-312.736851890537
48.24,-312.736851890537
48.45,-312.736851890537
48.66,-312.526851890537
48.87,-312.526851890537
49.08,-312.316851890537
49.29,-312.316851890537
49.5,-312.316851890537
49.71,-312.316851890537
49.92,-312.106851890537
50.13,-311.896851890537
50.34,-312.106851890537
50.55,-311.896851890537
50.76,-311.896851890537
50.97,-311.896851890537
51.18,-311.686851890537
51.39,-311.686851890537
51.6,-311.476851890537
51.81,-311.476851890537
52.02,-311.266851890537
52.23,-311.266851890537
52.44,-311.476851890537
52.65,-311.266851890537
52.86,-311.056851890537
53.07,-310.846851890537
53.28,-310.846851890537
53.49,-310.846851890537
53.7,-310.636851890537
53.91,-310.636851890537
54.12,-310.426851890537
54.33,-310.426851890537
54.54,-310.216851890537
54.75,-310.216851890537
54.96,-310.006851890537
55.17,-309.796851890537
55.38,-309.796851890537
55.59,-309.796851890537
55.8,-309.586851890537
56.01,-309.376851890537
56.22,-309.376851890537
56.43,-309.376851890537
56.64,-309.166851890537
56.85,-308.956851890537
57.06,-308.746851890537
57.27,-308.746851890537
57.48,-308.536851890537
57.69,-308.536851890537
57.9,-308.326851890537
58.11,-308.116851890537
58.32,-308.326851890537
58.53,-308.116851890537
58.74,-307.906851890537
58.95,-307.696851890537
59.16,-307.696851890537
59.37,-307.696851890537
59.58,-307.486851890537
59.79,-307.486851890537
60,-307.276851890537
60.21,-307.276851890537
60.42,-307.066851890537
60.63,-307.066851890537
60.63,-306.856851890537
60.84,-306.646851890537
61.05,-306.646851890537
61.26,-306.436851890537
61.47,-306.436851890537
61.68,-306.226851890537
61.89,-306.016851890537
62.1,-306.226851890537
62.31,-306.016851890537
62.52,-305.806851890537
62.73,-305.596851890537
62.94,-305.596851890537
63.15,-305.596851890537
63.36,-305.386851890537
63.57,-305.386851890537
63.78,-305.176851890537
63.99,-305.176851890537
64.2,-304.966851890537
64.41,-304.966851890537
64.62,-304.756851890537
64.83,-304.546851890537
65.04,-304.546851890537
65.25,-304.336851890537
65.46,-304.126851890537
65.67,-303.916851890537
65.88,-303.916851890537
66.09,-303.916851890537
66.3,-303.706851890537
66.51,-303.706851890537
66.72,-303.496851890537
66.93,-303.496851890537
67.14,-303.286851890537
67.35,-303.286851890537
67.56,-303.076851890537
67.77,-302.866851890537
67.98,-303.076851890537
68.19,-302.866851890537
68.4,-302.656851890537
68.61,-302.446851890537
68.82,-302.446851890537
69.03,-302.236851890537
69.24,-302.026851890537
69.45,-301.816851890537
69.66,-301.816851890537
69.87,-301.816851890537
70.08,-301.606851890537
70.29,-301.606851890537
70.5,-301.396851890537
70.71,-301.396851890537
70.92,-301.186851890537
71.13,-301.186851890537
71.34,-300.976851890537
71.55,-300.766851890537
71.76,-300.766851890537
71.97,-300.766851890537
72.18,-300.556851890537
72.39,-300.346851890537
72.6,-300.346851890537
72.81,-300.346851890537
72.81,-300.136851890537
73.02,-299.926851890537
73.23,-299.926851890537
73.44,-299.716851890537
73.65,-299.716851890537
73.86,-299.506851890537
74.07,-299.506851890537
74.28,-299.296851890537
74.49,-299.296851890537
74.7,-299.296851890537
74.91,-299.086851890537
74.91,-298.876851890537
75.12,-298.666851890537
75.33,-298.456851890537
75.33,-298.246851890537
75.54,-298.036851890537
75.75,-298.036851890537
75.75,-297.826851890537
75.96,-297.616851890537
76.17,-297.406851890537
76.38,-297.196851890537
76.38,-296.986851890537
76.59,-296.776851890537
76.8,-296.776851890537
76.8,-296.566851890537
77.01,-296.356851890537
77.22,-296.356851890537
77.22,-296.146851890537
77.22,-295.936851890537
77.43,-295.726851890537
77.64,-295.726851890537
77.64,-295.516851890537
77.85,-295.306851890537
78.06,-295.096851890537
78.27,-294.886851890537
78.27,-294.676851890537
78.48,-294.466851890537
78.69,-294.466851890537
78.69,-294.256851890537
78.69,-294.046851890537
78.9,-293.836851890537
79.11,-293.836851890537
79.11,-293.626851890537
79.32,-293.416851890537
79.53,-293.206851890537
79.74,-293.206851890537
79.74,-292.996851890537
79.74,-292.786851890537
79.95,-292.576851890537
80.16,-292.576851890537
80.16,-292.366851890537
80.37,-292.156851890537
80.58,-292.156851890537
80.58,-291.946851890537
80.79,-291.736851890537
81,-291.526851890537
81,-291.316851890537
81.21,-291.106851890537
81.42,-290.896851890537
81.63,-290.896851890537
81.63,-290.686851890537
81.63,-290.476851890537
81.84,-290.266851890537
82.05,-290.266851890537
82.26,-290.056851890537
82.26,-289.846851890537
82.47,-289.636851890537
82.68,-289.426851890537
82.68,-289.216851890537
82.89,-289.006851890537
83.1,-289.006851890537
83.1,-288.796851890537
83.31,-288.586851890537
83.52,-288.376851890537
83.52,-288.166851890537
83.73,-287.956851890537
83.94,-287.746851890537
84.15,-287.746851890537
84.15,-287.536851890537
84.36,-287.326851890537
84.57,-287.116851890537
84.57,-286.906851890537
84.78,-286.696851890537
84.99,-286.696851890537
84.99,-286.486851890537
85.2,-286.276851890537
85.41,-286.066851890537
85.62,-286.066851890537
85.83,-286.066851890537
86.04,-285.856851890537
86.25,-285.646851890537
86.46,-285.436851890537
86.67,-285.436851890537
86.88,-285.226851890537
87.09,-285.016851890537
87.3,-285.016851890537
87.51,-285.016851890537
87.51,-284.806851890537
87.72,-284.596851890537
87.93,-284.596851890537
88.14,-284.386851890537
88.35,-284.386851890537
88.56,-284.176851890537
88.77,-284.176851890537
88.98,-283.966851890537
89.19,-283.756851890537
89.4,-283.756851890537
89.61,-283.546851890537
89.82,-283.336851890537
90.03,-283.336851890537
90.24,-283.126851890537
90.45,-282.916851890537
90.66,-282.706851890537
90.87,-282.916851890537
91.08,-282.706851890537
91.08,-282.496851890537
91.29,-282.286851890537
91.5,-282.286851890537
91.71,-282.286851890537
91.92,-282.076851890537
92.13,-281.866851890537
92.34,-281.656851890537
92.55,-281.656851890537
92.76,-281.446851890537
92.97,-281.236851890537
93.18,-281.236851890537
93.39,-281.236851890537
93.6,-281.026851890537
93.6,-280.816851890537
93.81,-280.606851890537
94.02,-280.606851890537
94.23,-280.606851890537
94.44,-280.396851890537
94.65,-280.186851890537
94.86,-280.186851890537
95.07,-280.186851890537
95.07,-279.976851890537
95.28,-279.766851890537
95.49,-279.766851890537
95.7,-279.556851890537
95.91,-279.556851890537
96.12,-279.346851890537
96.33,-279.136851890537
96.54,-278.926851890537
96.75,-278.926851890537
96.96,-278.926851890537
97.17,-278.716851890537
97.38,-278.506851890537
97.59,-278.296851890537
97.8,-278.296851890537
98.01,-278.086851890537
98.22,-277.876851890537
98.43,-277.876851890537
98.64,-277.876851890537
98.64,-277.666851890537
98.85,-277.456851890537
99.06,-277.246851890537
99.27,-277.456851890537
99.48,-277.246851890537
99.69,-277.036851890537
99.9,-276.826851890537
100.11,-276.826851890537
100.32,-276.616851890537
100.53,-276.406851890537
100.74,-276.406851890537
100.95,-276.196851890537
101.16,-275.986851890537
101.37,-275.776851890537
101.58,-275.776851890537
101.79,-275.776851890537
102,-275.566851890537
102.21,-275.356851890537
102.42,-275.146851890537
102.63,-275.146851890537
102.84,-274.936851890537
103.05,-274.936851890537
103.26,-274.726851890537
103.47,-274.726851890537
103.47,-274.516851890537
103.68,-274.306851890537
103.89,-274.306851890537
104.1,-274.096851890537
104.31,-274.096851890537
104.31,-273.886851890537
104.52,-273.676851890537
104.73,-273.676851890537
104.94,-273.466851890537
105.15,-273.256851890537
105.36,-273.046851890537
105.57,-272.836851890537
105.78,-272.836851890537
105.78,-272.626851890537
105.99,-272.416851890537
106.2,-272.416851890537
106.41,-272.416851890537
106.41,-272.206851890537
106.62,-271.996851890537
106.83,-271.786851890537
107.04,-271.786851890537
107.25,-271.576851890537
107.25,-271.366851890537
107.46,-271.156851890537
107.67,-271.156851890537
107.88,-270.946851890537
108.09,-270.736851890537
108.3,-270.736851890537
108.51,-270.526851890537
108.72,-270.316851890537
108.93,-270.106851890537
109.14,-269.896851890537
109.35,-269.686851890537
109.56,-269.476851890537
109.77,-269.476851890537
109.77,-269.266851890537
109.98,-269.056851890537
110.19,-268.846851890537
110.4,-268.846851890537
110.61,-268.636851890537
110.61,-268.426851890537
110.82,-268.216851890537
111.03,-268.426851890537
111.24,-268.216851890537
111.24,-268.006851890537
111.45,-267.796851890537
111.66,-267.796851890537
111.87,-267.586851890537
112.08,-267.376851890537
112.29,-267.166851890537
112.5,-267.166851890537
112.71,-266.956851890537
112.71,-266.746851890537
112.92,-266.536851890537
113.13,-266.746851890537
113.13,-266.536851890537
113.34,-266.326851890537
113.55,-266.116851890537
113.76,-266.116851890537
113.97,-265.906851890537
113.97,-265.696851890537
114.18,-265.486851890537
114.39,-265.486851890537
114.6,-265.276851890537
114.81,-265.066851890537
115.02,-264.856851890537
115.23,-264.646851890537
115.23,-264.436851890537
115.44,-264.226851890537
115.65,-264.226851890537
115.65,-264.016851890537
115.86,-263.806851890537
116.07,-263.806851890537
116.07,-263.596851890537
116.28,-263.386851890537
116.49,-263.176851890537
116.7,-262.966851890537
116.7,-262.756851890537
116.91,-262.546851890537
117.12,-262.546851890537
117.12,-262.336851890537
117.33,-262.126851890537
117.54,-261.916851890537
117.75,-261.706851890537
117.75,-261.496851890537
117.96,-261.286851890537
118.17,-261.286851890537
118.17,-261.076851890537
118.38,-260.866851890537
118.59,-260.656851890537
118.59,-260.446851890537
118.8,-260.236851890537
119.01,-260.026851890537
119.22,-260.026851890537
119.22,-259.816851890537
119.22,-259.606851890537
119.43,-259.396851890537
119.64,-259.396851890537
119.85,-259.186851890537
120.06,-258.976851890537
120.06,-258.766851890537
120.27,-258.556851890537
120.48,-258.346851890537
120.69,-258.346851890537
120.69,-258.136851890537
120.69,-257.926851890537
120.9,-257.716851890537
121.11,-257.716851890537
121.11,-257.506851890537
121.32,-257.296851890537
121.53,-257.086851890537
121.74,-256.876851890537
121.74,-256.666851890537
121.95,-256.456851890537
122.16,-256.456851890537
122.16,-256.246851890537
122.37,-256.036851890537
122.58,-255.826851890537
122.79,-255.616851890537
122.79,-255.406851890537
123,-255.196851890537
123.21,-255.196851890537
123.21,-254.986851890537
123.42,-254.776851890537
123.63,-254.776851890537
123.63,-254.566851890537
123.63,-254.356851890537
123.84,-254.146851890537
124.05,-254.146851890537
124.26,-253.936851890537
124.26,-253.726851890537
124.47,-253.516851890537
124.68,-253.306851890537
124.89,-253.096851890537
125.1,-252.886851890537
125.1,-252.676851890537
125.31,-252.466851890537
125.52,-252.256851890537
125.73,-252.256851890537
125.73,-252.046851890537
125.73,-251.836851890537
125.94,-251.626851890537
126.15,-251.626851890537
126.15,-251.416851890537
126.36,-251.206851890537
126.57,-251.206851890537
126.57,-250.996851890537
126.78,-250.786851890537
126.99,-250.576851890537
127.2,-250.366851890537
127.2,-250.156851890537
127.41,-249.946851890537
127.62,-249.946851890537
127.62,-249.736851890537
127.83,-249.526851890537
128.04,-249.316851890537
128.25,-249.106851890537
128.25,-248.896851890537
128.46,-248.686851890537
128.67,-248.686851890537
128.67,-248.476851890537
128.67,-248.266851890537
128.88,-248.056851890537
129.09,-248.056851890537
129.3,-247.846851890537
129.3,-247.636851890537
129.51,-247.426851890537
129.72,-247.216851890537
129.93,-247.006851890537
130.14,-247.006851890537
130.14,-246.796851890537
130.14,-246.586851890537
130.35,-246.376851890537
130.56,-246.376851890537
130.77,-246.166851890537
130.77,-245.956851890537
130.98,-245.746851890537
131.19,-245.536851890537
131.19,-245.326851890537
131.4,-245.116851890537
131.61,-245.116851890537
131.61,-244.906851890537
131.82,-244.696851890537
132.03,-244.486851890537
132.24,-244.276851890537
132.24,-244.066851890537
132.45,-243.856851890537
132.66,-243.856851890537
132.66,-243.646851890537
132.87,-243.436851890537
133.08,-243.226851890537
133.29,-243.016851890537
133.29,-242.806851890537
133.5,-242.596851890537
133.71,-242.596851890537
133.71,-242.386851890537
133.92,-242.176851890537
134.13,-242.176851890537
134.34,-241.966851890537
134.34,-241.756851890537
134.55,-241.546851890537
134.76,-241.546851890537
134.97,-241.336851890537
134.97,-241.126851890537
135.18,-240.916851890537
135.39,-240.916851890537
135.39,-240.706851890537
135.6,-240.496851890537
135.81,-240.286851890537
136.02,-240.286851890537
136.02,-240.076851890537
136.23,-239.866851890537
136.44,-239.656851890537
136.65,-239.656851890537
136.65,-239.446851890537
136.86,-239.236851890537
137.07,-239.236851890537
137.28,-239.026851890537
137.28,-238.816851890537
137.49,-238.606851890537
137.7,-238.396851890537
137.7,-238.186851890537
137.91,-237.976851890537
138.12,-237.976851890537
138.33,-237.766851890537
138.33,-237.556851890537
138.54,-237.346851890537
138.75,-237.346851890537
138.96,-237.136851890537
138.96,-236.926851890537
139.17,-236.716851890537
139.38,-236.716851890537
139.38,-236.506851890537
139.59,-236.296851890537
139.8,-236.296851890537
140.01,-236.086851890537
140.01,-235.876851890537
140.22,-235.666851890537
140.43,-235.666851890537
140.64,-235.456851890537
140.64,-235.246851890537
140.85,-235.036851890537
141.06,-235.036851890537
141.06,-234.826851890537
141.27,-234.616851890537
141.48,-234.406851890537
141.69,-234.406851890537
141.69,-234.196851890537
141.9,-233.986851890537
142.11,-233.776851890537
142.32,-233.776851890537
142.32,-233.566851890537
142.53,-233.356851890537
142.74,-233.356851890537
142.95,-233.146851890537
142.95,-232.936851890537
143.16,-232.726851890537
143.37,-232.516851890537
143.37,-232.306851890537
143.58,-232.096851890537
143.79,-232.096851890537
144,-231.886851890537
144,-231.676851890537
144.21,-231.466851890537
144.42,-231.466851890537
144.42,-231.256851890537
144.63,-231.046851890537
144.84,-230.836851890537
144.84,-230.626851890537
145.05,-230.416851890537
145.26,-230.206851890537
145.47,-229.996851890537
145.47,-229.786851890537
145.68,-229.576851890537
145.89,-229.366851890537
146.1,-229.156851890537
146.1,-228.946851890537
146.1,-228.736851890537
146.31,-228.526851890537
146.52,-228.526851890537
146.52,-228.316851890537
146.73,-228.106851890537
146.94,-227.896851890537
146.94,-227.686851890537
147.15,-227.476851890537
147.36,-227.266851890537
147.57,-227.056851890537
147.57,-226.846851890537
147.78,-226.636851890537
147.99,-226.426851890537
147.99,-226.216851890537
148.2,-226.006851890537
148.41,-226.006851890537
148.41,-225.796851890537
148.41,-225.586851890537
148.62,-225.376851890537
148.83,-225.166851890537
148.83,-224.956851890537
149.04,-224.746851890537
149.25,-224.746851890537
149.25,-224.536851890537
149.25,-224.326851890537
149.46,-224.116851890537
149.67,-224.116851890537
149.67,-223.906851890537
149.88,-223.696851890537
150.09,-223.486851890537
150.09,-223.276851890537
150.3,-223.066851890537
150.51,-222.856851890537
150.72,-222.646851890537
150.93,-222.436851890537
150.93,-222.226851890537
150.93,-222.016851890537
151.14,-221.806851890537
151.35,-221.806851890537
151.35,-221.596851890537
151.35,-221.386851890537
151.56,-221.176851890537
151.77,-221.176851890537
151.77,-220.966851890537
151.98,-220.756851890537
152.19,-220.546851890537
152.19,-220.336851890537
152.4,-220.126851890537
152.61,-219.916851890537
152.82,-219.706851890537
152.82,-219.496851890537
153.03,-219.286851890537
153.24,-219.076851890537
153.24,-218.866851890537
153.45,-218.656851890537
153.66,-218.446851890537
153.66,-218.236851890537
153.87,-218.026851890537
154.08,-217.816851890537
154.08,-217.606851890537
154.29,-217.396851890537
154.5,-217.396851890537
154.5,-217.186851890537
154.5,-216.976851890537
154.71,-216.766851890537
154.92,-216.766851890537
154.92,-216.556851890537
155.13,-216.346851890537
155.34,-216.346851890537
155.34,-216.136851890537
155.34,-215.926851890537
155.55,-215.716851890537
155.76,-215.716851890537
155.76,-215.506851890537
155.76,-215.296851890537
155.97,-215.086851890537
156.18,-215.086851890537
156.18,-214.876851890537
156.18,-214.666851890537
156.39,-214.456851890537
156.6,-214.456851890537
156.6,-214.246851890537
156.6,-214.036851890537
156.81,-213.826851890537
157.02,-213.826851890537
157.02,-213.616851890537
157.23,-213.406851890537
157.44,-213.196851890537
157.44,-212.986851890537
157.65,-212.776851890537
157.86,-212.566851890537
158.07,-212.356851890537
158.07,-212.146851890537
158.28,-211.936851890537
158.28,-211.726851890537
158.49,-211.516851890537
158.7,-211.306851890537
158.91,-211.096851890537
158.91,-210.886851890537
159.12,-210.676851890537
159.33,-210.466851890537
159.54,-210.256851890537
159.75,-210.046851890537
159.75,-209.836851890537
159.96,-209.626851890537
160.17,-209.626851890537
160.17,-209.416851890537
160.38,-209.206851890537
160.59,-208.996851890537
160.8,-208.786851890537
160.8,-208.576851890537
161.01,-208.366851890537
161.22,-208.366851890537
161.22,-208.156851890537
161.22,-207.946851890537
161.43,-207.736851890537
161.64,-207.736851890537
161.64,-207.526851890537
161.85,-207.316851890537
162.06,-207.106851890537
162.27,-206.896851890537
162.27,-206.686851890537
162.48,-206.476851890537
162.69,-206.266851890537
162.69,-206.056851890537
162.9,-205.846851890537
163.11,-205.846851890537
163.11,-205.636851890537
163.32,-205.426851890537
163.53,-205.216851890537
163.74,-205.006851890537
163.95,-204.796851890537
163.95,-204.586851890537
164.16,-204.376851890537
164.37,-204.166851890537
164.58,-204.166851890537
164.58,-203.956851890537
164.58,-203.746851890537
164.79,-203.536851890537
165,-203.536851890537
165,-203.326851890537
165,-203.116851890537
165.21,-202.906851890537
165.42,-202.906851890537
165.63,-202.696851890537
165.63,-202.486851890537
165.84,-202.276851890537
166.05,-202.066851890537
166.05,-201.856851890537
166.26,-201.646851890537
166.47,-201.646851890537
166.47,-201.436851890537
166.47,-201.226851890537
166.68,-201.016851890537
166.89,-201.016851890537
167.1,-200.806851890537
167.1,-200.596851890537
167.31,-200.386851890537
167.52,-200.176851890537
167.52,-199.966851890537
167.73,-199.756851890537
167.94,-199.756851890537
167.94,-199.546851890537
168.15,-199.336851890537
168.36,-199.336851890537
168.36,-199.126851890537
168.36,-198.916851890537
168.57,-198.706851890537
168.78,-198.706851890537
168.78,-198.496851890537
168.99,-198.286851890537
169.2,-198.076851890537
169.41,-197.866851890537
169.41,-197.656851890537
169.62,-197.446851890537
169.83,-197.446851890537
169.83,-197.236851890537
169.83,-197.026851890537
170.04,-196.816851890537
170.25,-196.816851890537
170.25,-196.606851890537
170.25,-196.396851890537
170.46,-196.186851890537
170.67,-196.186851890537
170.67,-195.976851890537
170.67,-195.766851890537
170.88,-195.556851890537
171.09,-195.556851890537
171.09,-195.346851890537
171.09,-195.136851890537
171.3,-194.926851890537
171.51,-194.926851890537
171.51,-194.716851890537
171.51,-194.506851890537
171.72,-194.296851890537
171.93,-194.296851890537
171.93,-194.086851890537
171.93,-193.876851890537
172.14,-193.666851890537
172.35,-193.666851890537
172.35,-193.456851890537
172.56,-193.246851890537
172.77,-193.036851890537
172.77,-192.826851890537
172.98,-192.616851890537
173.19,-192.406851890537
173.19,-192.196851890537
173.4,-191.986851890537
173.4,-191.776851890537
173.61,-191.566851890537
173.82,-191.356851890537
173.61,-191.146851890537
173.61,-190.936851890537
173.82,-190.726851890537
173.82,-190.516851890537
173.82,-190.306851890537
173.82,-190.096851890537
173.82,-189.886851890537
173.82,-189.676851890537
173.82,-189.466851890537
174.03,-189.256851890537
174.03,-189.046851890537
173.82,-188.836851890537
174.03,-188.626851890537
174.03,-188.416851890537
174.03,-188.206851890537
174.24,-187.996851890537
174.03,-187.786851890537
174.03,-187.576851890537
174.24,-187.366851890537
174.24,-187.156851890537
174.24,-186.946851890537
174.45,-186.736851890537
174.24,-186.526851890537
174.24,-186.316851890537
174.24,-186.106851890537
174.45,-185.896851890537
174.45,-185.686851890537
174.24,-185.476851890537
174.45,-185.266851890537
174.45,-185.056851890537
174.45,-184.846851890537
174.66,-184.636851890537
174.45,-184.426851890537
174.45,-184.216851890537
174.66,-184.006851890537
174.66,-183.796851890537
174.66,-183.586851890537
174.87,-183.376851890537
174.66,-183.166851890537
174.66,-182.956851890537
174.87,-182.746851890537
174.87,-182.536851890537
174.87,-182.326851890537
174.66,-182.116851890537
174.87,-181.906851890537
174.87,-181.696851890537
174.87,-181.486851890537
175.08,-181.276851890537
174.87,-181.066851890537
174.87,-180.856851890537
175.08,-180.646851890537
175.08,-180.436851890537
175.08,-180.226851890537
175.29,-180.016851890537
175.08,-179.806851890537
175.08,-179.596851890537
175.29,-179.386851890537
175.29,-179.176851890537
175.29,-178.966851890537
175.29,-178.756851890537
175.29,-178.546851890537
175.29,-178.336851890537
175.29,-178.126851890537
175.5,-177.916851890537
175.5,-177.706851890537
175.5,-177.496851890537
175.5,-177.286851890537
175.5,-177.076851890537
175.5,-176.866851890537
175.71,-176.656851890537
175.71,-176.446851890537
175.71,-176.236851890537
175.71,-176.026851890537
175.71,-175.816851890537
175.71,-175.606851890537
175.92,-175.396851890537
175.92,-175.186851890537
175.92,-174.976851890537
175.92,-174.766851890537
175.92,-174.556851890537
175.92,-174.346851890537
175.92,-174.136851890537
176.13,-173.926851890537
176.13,-173.716851890537
176.13,-173.506851890537
176.13,-173.296851890537
176.13,-173.086851890537
176.13,-172.876851890537
176.34,-172.666851890537
176.34,-172.456851890537
176.34,-172.246851890537
176.34,-172.036851890537
176.34,-171.826851890537
176.55,-171.616851890537
176.76,-171.616851890537
176.97,-171.616851890537
177.18,-171.826851890537
177.39,-171.826851890537
177.6,-171.826851890537
177.81,-172.036851890537
178.02,-172.036851890537
178.23,-172.036851890537
178.44,-172.246851890537
178.65,-172.246851890537
178.86,-172.246851890537
179.07,-172.246851890537
179.28,-172.246851890537
179.49,-172.246851890537
179.7,-172.246851890537
179.91,-172.456851890537
180.12,-172.456851890537
180.33,-172.456851890537
180.54,-172.666851890537
180.75,-172.666851890537
180.96,-172.666851890537
181.17,-172.876851890537
181.38,-172.876851890537
181.59,-172.876851890537
181.8,-173.086851890537
182.01,-173.086851890537
182.22,-173.086851890537
182.43,-173.296851890537
182.64,-173.296851890537
182.85,-173.296851890537
183.06,-173.506851890537
183.27,-173.506851890537
183.48,-173.296851890537
183.69,-173.296851890537
183.9,-173.296851890537
184.11,-173.296851890537
184.32,-173.086851890537
184.53,-173.086851890537
184.74,-173.086851890537
184.95,-172.876851890537
185.16,-173.086851890537
185.37,-172.876851890537
185.58,-172.876851890537
185.79,-172.876851890537
186,-172.876851890537
186.21,-172.666851890537
186.42,-172.666851890537
186.63,-172.666851890537
186.84,-172.456851890537
187.05,-172.456851890537
187.26,-172.456851890537
187.47,-172.456851890537
187.68,-172.246851890537
187.89,-172.456851890537
188.1,-172.246851890537
188.31,-172.246851890537
188.52,-172.036851890537
188.73,-172.036851890537
188.94,-172.036851890537
189.15,-172.036851890537
189.36,-172.036851890537
189.57,-172.036851890537
189.78,-171.826851890537
189.99,-171.616851890537
190.2,-171.826851890537
190.41,-171.616851890537
190.41,-171.406851890537
190.41,-171.196851890537
190.62,-170.986851890537
190.83,-170.986851890537
190.83,-170.776851890537
190.83,-170.566851890537
191.04,-170.356851890537
191.04,-170.146851890537
191.25,-169.936851890537
191.46,-169.726851890537
191.46,-169.516851890537
191.46,-169.306851890537
191.67,-169.096851890537
191.88,-168.886851890537
191.88,-168.676851890537
192.09,-168.466851890537
192.09,-168.256851890537
192.09,-168.046851890537
192.3,-167.836851890537
192.51,-167.626851890537
192.51,-167.416851890537
192.72,-167.206851890537
192.51,-166.996851890537
192.51,-166.786851890537
192.51,-166.576851890537
192.72,-166.366851890537
192.72,-166.156851890537
192.72,-165.946851890537
192.72,-165.736851890537
192.72,-165.526851890537
192.72,-165.316851890537
192.93,-165.106851890537
192.93,-164.896851890537
192.72,-164.686851890537
192.93,-164.476851890537
192.93,-164.266851890537
192.93,-164.056851890537
193.14,-163.846851890537
192.93,-163.636851890537
192.93,-163.426851890537
192.93,-163.216851890537
193.14,-163.006851890537
193.14,-162.796851890537
193.14,-162.586851890537
193.14,-162.376851890537
193.14,-162.166851890537
193.14,-161.956851890537
193.35,-161.746851890537
193.35,-161.536851890537
193.14,-161.326851890537
193.35,-161.116851890537
193.35,-160.906851890537
193.35,-160.696851890537
193.56,-160.486851890537
193.35,-160.276851890537
193.35,-160.066851890537
193.56,-159.856851890537
193.77,-159.856851890537
193.77,-159.646851890537
193.77,-159.436851890537
193.98,-159.226851890537
194.19,-159.226851890537
194.4,-159.016851890537
194.4,-158.806851890537
194.61,-158.596851890537
194.82,-158.596851890537
195.03,-158.386851890537
195.03,-158.176851890537
195.24,-157.966851890537
195.45,-157.966851890537
195.45,-157.756851890537
195.45,-157.546851890537
195.66,-157.336851890537
195.87,-157.336851890537
196.08,-157.126851890537
196.29,-156.916851890537
196.5,-156.916851890537
196.5,-156.706851890537
196.71,-156.496851890537
196.92,-156.286851890537
196.92,-156.076851890537
197.13,-155.866851890537
197.34,-155.656851890537
197.55,-155.656851890537
197.55,-155.446851890537
197.76,-155.236851890537
197.97,-155.026851890537
198.18,-155.026851890537
198.18,-154.816851890537
198.39,-154.606851890537
198.6,-154.396851890537
198.6,-154.186851890537
198.81,-153.976851890537
199.02,-153.766851890537
199.23,-153.766851890537
199.23,-153.556851890537
199.44,-153.346851890537
199.65,-153.346851890537
199.86,-153.136851890537
199.86,-152.926851890537
200.07,-152.716851890537
200.28,-152.716851890537
200.28,-152.506851890537
200.28,-152.296851890537
200.49,-152.086851890537
200.7,-152.086851890537
200.91,-152.086851890537
201.12,-152.086851890537
201.33,-152.086851890537
201.54,-151.876851890537
201.75,-151.666851890537
201.96,-151.666851890537
202.17,-151.666851890537
202.38,-151.666851890537
202.59,-151.456851890537
202.8,-151.456851890537
203.01,-151.246851890537
203.22,-151.246851890537
203.43,-151.246851890537
203.64,-151.246851890537
203.85,-151.036851890537
204.06,-150.826851890537
204.27,-151.036851890537
204.48,-150.826851890537
204.69,-150.616851890537
204.9,-150.616851890537
205.11,-150.616851890537
205.32,-150.616851890537
205.53,-150.406851890537
205.74,-150.406851890537
205.95,-150.196851890537
206.16,-150.196851890537
206.37,-150.196851890537
206.58,-150.196851890537
206.79,-149.986851890537
207,-149.776851890537
207.21,-149.776851890537
207.42,-149.776851890537
207.63,-149.776851890537
207.84,-149.776851890537
208.05,-149.566851890537
208.26,-149.356851890537
208.47,-149.356851890537
208.68,-149.356851890537
208.89,-149.356851890537
209.1,-149.146851890537
209.31,-149.146851890537
209.52,-148.936851890537
209.73,-148.936851890537
209.94,-148.936851890537
210.15,-148.726851890537
210.36,-148.726851890537
210.57,-148.516851890537
210.78,-148.726851890537
210.99,-148.516851890537
211.2,-148.306851890537
211.41,-148.516851890537
211.62,-148.516851890537
211.83,-148.516851890537
212.04,-148.726851890537
212.25,-148.726851890537
212.46,-148.726851890537
212.67,-148.936851890537
212.88,-148.936851890537
213.09,-148.936851890537
213.3,-148.936851890537
213.51,-149.146851890537
213.72,-149.146851890537
213.93,-149.146851890537
214.14,-149.356851890537
213.93,-149.566851890537
214.14,-149.356851890537
214.35,-149.356851890537
214.56,-149.146851890537
214.77,-149.146851890537
214.98,-148.936851890537
215.19,-148.936851890537
215.19,-148.726851890537
215.4,-148.516851890537
215.61,-148.516851890537
215.82,-148.306851890537
216.03,-148.306851890537
216.24,-148.306851890537
216.45,-148.096851890537
216.66,-147.886851890537
216.87,-147.886851890537
217.08,-147.886851890537
217.29,-147.676851890537
217.29,-147.466851890537
217.5,-147.256851890537
217.71,-147.256851890537
217.92,-147.256851890537
218.13,-147.046851890537
218.34,-146.836851890537
218.55,-146.836851890537
218.76,-146.836851890537
218.97,-146.626851890537
219.18,-146.626851890537
219.39,-146.416851890537
219.6,-146.206851890537
219.81,-145.996851890537
220.02,-145.996851890537
220.23,-145.786851890537
220.44,-145.786851890537
220.65,-145.786851890537
220.86,-145.576851890537
221.07,-145.366851890537
221.28,-145.156851890537
221.49,-145.156851890537
221.7,-145.156851890537
221.7,-144.946851890537
221.91,-144.736851890537
222.12,-144.526851890537
222.33,-144.526851890537
222.54,-144.526851890537
222.75,-144.316851890537
222.96,-144.316851890537
223.17,-144.106851890537
223.38,-144.106851890537
223.59,-143.896851890537
223.8,-143.896851890537
224.01,-143.686851890537
224.22,-143.476851890537
224.43,-143.476851890537
224.64,-143.266851890537
224.85,-143.056851890537
225.06,-143.056851890537
225.27,-143.056851890537
225.48,-142.846851890537
225.69,-142.636851890537
225.9,-142.636851890537
226.11,-142.426851890537
226.32,-142.426851890537
226.32,-142.216851890537
226.53,-142.006851890537
226.74,-142.006851890537
226.95,-142.006851890537
227.16,-141.796851890537
227.37,-141.586851890537
227.58,-141.586851890537
227.79,-141.376851890537
228,-141.376851890537
228.21,-141.376851890537
228.42,-141.166851890537
228.63,-140.956851890537
228.84,-140.746851890537
229.05,-140.746851890537
229.26,-140.536851890537
229.47,-140.326851890537
229.68,-140.326851890537
229.89,-140.326851890537
230.1,-140.116851890537
230.31,-139.906851890537
230.52,-139.906851890537
230.73,-139.906851890537
230.73,-139.696851890537
230.94,-139.486851890537
231.15,-139.486851890537
231.36,-139.276851890537
231.57,-139.276851890537
231.57,-139.066851890537
231.57,-138.856851890537
231.78,-138.646851890537
231.99,-138.646851890537
231.99,-138.436851890537
231.99,-138.226851890537
232.2,-138.016851890537
232.41,-137.806851890537
232.41,-137.596851890537
232.62,-137.386851890537
232.62,-137.176851890537
232.62,-136.966851890537
232.83,-136.756851890537
233.04,-136.756851890537
233.04,-136.546851890537
233.04,-136.336851890537
233.25,-136.126851890537
233.46,-136.126851890537
233.46,-135.916851890537
233.46,-135.706851890537
233.67,-135.496851890537
233.88,-135.286851890537
233.88,-135.076851890537
234.09,-134.866851890537
234.3,-134.866851890537
234.51,-134.656851890537
234.72,-134.866851890537
234.93,-134.866851890537
235.14,-134.656851890537
235.35,-134.866851890537
235.56,-134.656851890537
235.77,-134.656851890537
235.98,-134.866851890537
236.19,-134.656851890537
236.4,-134.656851890537
236.61,-134.656851890537
236.82,-134.656851890537
237.03,-134.656851890537
237.24,-134.656851890537
237.45,-134.656851890537
237.66,-134.656851890537
237.87,-134.446851890537
238.08,-134.656851890537
238.29,-134.656851890537
238.5,-134.446851890537
238.71,-134.656851890537
238.92,-134.446851890537
239.13,-134.446851890537
239.34,-134.446851890537
239.55,-134.446851890537
239.76,-134.236851890537
239.97,-134.026851890537
240.18,-133.816851890537
240.39,-133.816851890537
240.6,-133.606851890537
240.6,-133.396851890537
240.81,-133.186851890537
241.02,-133.396851890537
241.23,-133.186851890537
241.44,-132.976851890537
241.65,-132.766851890537
241.86,-132.766851890537
242.07,-132.556851890537
242.07,-132.346851890537
242.28,-132.136851890537
242.49,-132.136851890537
242.7,-132.136851890537
242.91,-131.926851890537
243.12,-131.716851890537
243.33,-131.716851890537
243.54,-131.506851890537
243.54,-131.296851890537
243.75,-131.086851890537
243.96,-131.086851890537
244.17,-131.086851890537
244.38,-130.876851890537
244.38,-130.666851890537
244.59,-130.456851890537
244.8,-130.456851890537
245.01,-130.456851890537
245.22,-130.246851890537
245.43,-130.036851890537
245.64,-130.036851890537
245.85,-129.826851890537
245.85,-129.616851890537
246.06,-129.406851890537
246.27,-129.406851890537
246.48,-129.406851890537
246.69,-129.196851890537
246.69,-128.986851890537
246.9,-128.776851890537
247.11,-128.776851890537
247.32,-128.776851890537
247.32,-128.566851890537
247.53,-128.356851890537
247.74,-128.356851890537
247.95,-128.356851890537
248.16,-128.146851890537
248.16,-127.936851890537
248.37,-127.726851890537
248.58,-127.726851890537
248.79,-127.726851890537
248.79,-127.516851890537
249,-127.306851890537
249.21,-127.096851890537
249.42,-127.096851890537
249.63,-127.096851890537
249.63,-126.886851890537
249.84,-126.676851890537
250.05,-126.676851890537
250.26,-126.676851890537
250.47,-126.466851890537
250.47,-126.256851890537
250.68,-126.046851890537
250.89,-126.046851890537
251.1,-126.046851890537
251.1,-125.836851890537
251.31,-125.626851890537
251.52,-125.416851890537
251.73,-125.416851890537
251.94,-125.416851890537
251.94,-125.206851890537
252.15,-124.996851890537
252.36,-124.996851890537
252.57,-124.996851890537
252.57,-124.786851890537
252.78,-124.576851890537
252.99,-124.366851890537
253.2,-124.366851890537
253.41,-124.366851890537
253.41,-124.156851890537
253.62,-123.946851890537
253.83,-123.736851890537
254.04,-123.736851890537
254.25,-123.736851890537
254.25,-123.526851890537
254.46,-123.316851890537
254.67,-123.316851890537
254.88,-123.316851890537
254.88,-123.106851890537
255.09,-122.896851890537
255.3,-122.686851890537
255.51,-122.686851890537
255.72,-122.686851890537
255.72,-122.476851890537
255.93,-122.266851890537
256.14,-122.056851890537
256.35,-122.056851890537
256.56,-121.846851890537
256.77,-121.636851890537
256.98,-121.636851890537
257.19,-121.636851890537
257.19,-121.426851890537
257.4,-121.216851890537
257.61,-121.006851890537
257.82,-121.006851890537
258.03,-120.796851890537
258.24,-120.586851890537
258.45,-120.376851890537
258.66,-120.586851890537
258.66,-120.376851890537
258.87,-120.166851890537
259.08,-119.956851890537
259.29,-119.956851890537
259.5,-119.956851890537
259.5,-119.746851890537
259.71,-119.536851890537
259.92,-119.326851890537
260.13,-119.326851890537
260.34,-119.326851890537
260.55,-119.116851890537
260.76,-119.116851890537
260.97,-119.116851890537
261.18,-118.906851890537
261.39,-118.906851890537
261.6,-118.906851890537
261.81,-118.906851890537
262.02,-118.696851890537
262.02,-118.486851890537
262.23,-118.276851890537
262.23,-118.066851890537
262.23,-117.856851890537
262.23,-117.646851890537
262.23,-117.436851890537
262.23,-117.226851890537
262.44,-117.016851890537
262.23,-116.806851890537
262.23,-116.596851890537
262.44,-116.386851890537
262.23,-116.176851890537
262.23,-115.966851890537
262.02,-115.756851890537
262.23,-115.546851890537
262.02,-115.336851890537
262.02,-115.126851890537
262.02,-114.916851890537
262.02,-114.706851890537
261.81,-114.496851890537
262.02,-114.286851890537
261.81,-114.076851890537
261.6,-113.866851890537
261.6,-113.656851890537
261.6,-113.446851890537
261.6,-113.236851890537
261.6,-113.026851890537
261.6,-112.816851890537
261.39,-112.606851890537
261.39,-112.396851890537
261.18,-112.186851890537
261.39,-111.976851890537
261.6,-111.976851890537
261.81,-111.976851890537
262.02,-111.976851890537
262.23,-111.976851890537
262.44,-111.976851890537
262.65,-112.186851890537
262.86,-112.186851890537
263.07,-112.186851890537
263.28,-112.186851890537
263.49,-112.186851890537
263.7,-111.976851890537
263.91,-111.976851890537
264.12,-111.976851890537
264.33,-111.766851890537
264.54,-111.766851890537
264.75,-111.976851890537
264.96,-111.766851890537
265.17,-111.556851890537
265.38,-111.556851890537
265.59,-111.556851890537
265.8,-111.346851890537
266.01,-111.346851890537
266.22,-111.556851890537
266.43,-111.346851890537
266.64,-111.136851890537
266.85,-111.136851890537
267.06,-111.136851890537
267.27,-110.926851890537
267.48,-110.926851890537
267.69,-111.136851890537
267.9,-110.926851890537
268.11,-110.716851890537
268.32,-110.926851890537
268.53,-110.716851890537
268.74,-110.506851890537
268.95,-110.506851890537
269.16,-110.506851890537
269.37,-110.506851890537
269.58,-110.296851890537
269.79,-110.506851890537
270,-110.296851890537
270.21,-110.296851890537
270.42,-110.086851890537
270.63,-110.296851890537
270.84,-110.086851890537
271.05,-110.086851890537
271.26,-110.296851890537
271.47,-110.086851890537
271.68,-110.086851890537
271.89,-110.086851890537
272.1,-109.876851890537
272.31,-109.876851890537
272.52,-109.666851890537
272.73,-109.876851890537
272.94,-109.876851890537
273.15,-109.666851890537
273.36,-109.876851890537
273.57,-109.666851890537
273.78,-109.666851890537
273.99,-109.666851890537
274.2,-109.666851890537
274.41,-109.456851890537
274.62,-109.666851890537
274.83,-109.456851890537
275.04,-109.456851890537
275.25,-109.456851890537
275.46,-109.456851890537
275.67,-109.456851890537
275.88,-109.246851890537
276.09,-109.456851890537
276.3,-109.246851890537
276.51,-109.246851890537
276.72,-109.246851890537
276.93,-109.246851890537
277.14,-109.036851890537
277.35,-109.036851890537
277.56,-109.246851890537
277.77,-109.036851890537
277.98,-109.036851890537
278.19,-109.036851890537
278.4,-109.036851890537
278.61,-108.826851890537
278.82,-109.036851890537
279.03,-108.826851890537
279.24,-108.826851890537
279.45,-108.826851890537
279.66,-108.826851890537
279.87,-108.826851890537
280.08,-108.616851890537
280.29,-108.826851890537
280.5,-108.826851890537
280.71,-108.616851890537
280.92,-108.826851890537
281.13,-108.826851890537
281.34,-108.616851890537
281.55,-108.826851890537
281.76,-108.826851890537
281.97,-108.826851890537
282.18,-108.616851890537
282.39,-108.826851890537
282.6,-108.826851890537
282.81,-108.826851890537
283.02,-108.826851890537
283.23,-108.826851890537
283.44,-108.826851890537
283.65,-108.826851890537
283.86,-108.826851890537
284.07,-108.826851890537
284.28,-109.036851890537
284.49,-109.036851890537
284.7,-108.826851890537
284.91,-109.036851890537
285.12,-109.036851890537
285.33,-109.036851890537
285.54,-108.826851890537
285.75,-109.036851890537
285.96,-109.036851890537
286.17,-108.826851890537
286.38,-109.036851890537
286.59,-109.036851890537
286.8,-109.036851890537
287.01,-109.036851890537
287.22,-109.036851890537
287.43,-109.036851890537
287.64,-109.036851890537
287.85,-109.036851890537
288.06,-109.036851890537
288.27,-109.246851890537
288.48,-109.036851890537
288.69,-109.036851890537
288.9,-109.036851890537
289.11,-109.246851890537
289.32,-109.036851890537
289.53,-109.036851890537
289.74,-109.246851890537
289.95,-109.036851890537
290.16,-109.036851890537
290.37,-109.246851890537
290.58,-109.246851890537
290.79,-109.246851890537
291,-109.246851890537
291.21,-109.036851890537
291.42,-108.826851890537
291.63,-108.616851890537
291.84,-108.616851890537
291.84,-108.406851890537
292.05,-108.196851890537
292.26,-108.196851890537
292.26,-107.986851890537
292.47,-107.776851890537
292.68,-107.566851890537
292.89,-107.566851890537
293.1,-107.356851890537
293.1,-107.146851890537
293.31,-106.936851890537
293.52,-106.936851890537
293.73,-106.726851890537
293.73,-106.516851890537
293.94,-106.306851890537
294.15,-106.306851890537
294.36,-106.096851890537
294.57,-105.886851890537
294.78,-105.886851890537
294.99,-105.676851890537
294.99,-105.466851890537
295.2,-105.256851890537
295.41,-105.256851890537
295.41,-105.046851890537
295.41,-104.836851890537
295.62,-104.626851890537
295.62,-104.416851890537
295.62,-104.206851890537
295.83,-103.996851890537
296.04,-103.996851890537
296.04,-103.786851890537
296.04,-103.576851890537
296.25,-103.366851890537
296.25,-103.156851890537
296.25,-102.946851890537
296.46,-102.736851890537
296.46,-102.526851890537
296.67,-102.316851890537
296.88,-102.106851890537
296.88,-101.896851890537
297.09,-101.686851890537
297.3,-101.476851890537
297.51,-101.476851890537
297.72,-101.476851890537
297.93,-101.266851890537
298.14,-101.056851890537
298.35,-100.846851890537
298.56,-101.056851890537
298.77,-100.846851890537
298.98,-100.636851890537
299.19,-100.636851890537
299.4,-100.636851890537
299.61,-100.426851890537
299.82,-100.426851890537
300.03,-100.426851890537
300.24,-100.216851890537
300.45,-100.006851890537
300.66,-100.006851890537
300.87,-100.006851890537
301.08,-99.7968518905369
301.29,-99.5868518905369
301.5,-99.5868518905369
301.71,-99.3768518905369
301.92,-99.3768518905369
302.13,-99.3768518905369
302.34,-99.1668518905369
302.55,-98.9568518905369
302.76,-98.9568518905369
302.97,-98.9568518905369
302.97,-98.7468518905369
303.18,-98.5368518905369
303.39,-98.3268518905369
303.39,-98.1168518905369
303.6,-97.9068518905369
303.81,-97.6968518905369
304.02,-97.6968518905369
304.02,-97.4868518905369
304.02,-97.2768518905369
304.23,-97.0668518905369
304.44,-97.0668518905369
304.65,-96.8568518905369
304.65,-96.6468518905369
304.86,-96.4368518905369
305.07,-96.2268518905369
305.28,-96.0168518905369
305.49,-95.8068518905369
305.49,-95.5968518905369
305.7,-95.3868518905369
305.91,-95.3868518905369
305.91,-95.1768518905369
305.91,-94.9668518905369
306.12,-94.7568518905369
306.33,-94.7568518905369
306.54,-94.5468518905369
306.54,-94.3368518905369
306.75,-94.1268518905369
306.96,-93.9168518905369
307.17,-93.7068518905369
307.38,-93.4968518905369
307.38,-93.2868518905369
307.59,-93.0768518905369
307.8,-92.8668518905369
308.01,-92.6568518905369
308.01,-92.4468518905369
308.22,-92.2368518905369
308.43,-92.2368518905369
308.43,-92.0268518905369
308.43,-91.8168518905369
308.64,-91.6068518905369
308.85,-91.8168518905369
308.85,-91.6068518905369
308.85,-91.3968518905369
309.06,-91.1868518905369
309.27,-91.1868518905369
309.27,-90.9768518905369
309.27,-90.7668518905369
309.48,-90.5568518905369
309.69,-90.5568518905369
309.69,-90.3468518905369
309.9,-90.1368518905369
310.11,-89.9268518905369
310.11,-89.7168518905369
310.32,-89.5068518905366
310.53,-89.2968518905366
310.74,-89.0868518905366
310.74,-88.8768518905366
310.95,-88.6668518905366
311.16,-88.4568518905366
311.16,-88.2468518905366
311.37,-88.0368518905366
311.58,-88.0368518905366
311.58,-87.8268518905366
311.58,-87.6168518905366
311.79,-87.4068518905366
312,-87.1968518905366
312,-86.9868518905366
312.21,-86.7768518905366
312.42,-86.7768518905366
312.42,-86.5668518905366
312.42,-86.3568518905366
312.63,-86.1468518905366
312.84,-86.1468518905366
312.84,-85.9368518905366
312.84,-85.7268518905366
313.05,-85.5168518905366
313.26,-85.7268518905366
313.26,-85.5168518905366
313.26,-85.3068518905366
313.47,-85.0968518905366
313.68,-85.0968518905366
313.68,-84.8868518905366
313.68,-84.6768518905366
313.89,-84.4668518905366
314.1,-84.4668518905366
314.1,-84.2568518905366
314.31,-84.0468518905366
314.52,-83.8368518905366
314.52,-83.6268518905366
314.73,-83.4168518905366
314.94,-83.2068518905366
315.15,-82.9968518905366
315.15,-82.7868518905366
315.36,-82.5768518905366
315.36,-82.3668518905366
315.57,-82.1568518905366
315.78,-81.9468518905366
315.99,-81.7368518905366
315.99,-81.5268518905366
316.2,-81.3168518905366
316.41,-81.1068518905366
316.41,-80.8968518905366
316.62,-80.6868518905366
316.83,-80.6868518905366
316.83,-80.4768518905366
316.83,-80.2668518905366
317.04,-80.0568518905366
317.25,-80.0568518905366
317.25,-79.8468518905366
317.46,-79.6368518905366
317.67,-79.6368518905366
317.67,-79.4268518905366
317.67,-79.2168518905366
317.88,-79.0068518905366
318.09,-79.0068518905366
318.09,-78.7968518905366
318.3,-78.5868518905366
318.51,-78.3768518905366
318.51,-78.1668518905366
318.51,-77.9568518905366
318.72,-77.7468518905366
318.93,-77.7468518905366
318.93,-77.5368518905366
319.14,-77.3268518905366
319.35,-77.1168518905366
319.35,-76.9068518905366
319.56,-76.6968518905366
319.77,-76.4868518905366
319.77,-76.2768518905366
319.98,-76.0668518905366
320.19,-75.8568518905366
320.4,-75.6468518905366
320.4,-75.4368518905366
320.61,-75.2268518905366
320.82,-75.0168518905366
320.82,-74.8068518905366
321.03,-74.5968518905366
321.24,-74.5968518905366
321.24,-74.3868518905366
321.24,-74.1768518905366
321.45,-73.9668518905366
321.66,-73.9668518905366
321.66,-73.7568518905366
321.87,-73.5468518905366
322.08,-73.5468518905366
322.08,-73.3368518905366
322.08,-73.1268518905366
322.08,-72.9168518905366
322.29,-72.7068518905366
322.5,-72.7068518905366
322.5,-72.4968518905366
322.71,-72.2868518905366
322.92,-72.2868518905366
322.92,-72.0768518905366
322.92,-71.8668518905366
323.13,-71.6568518905366
323.34,-71.6568518905366
323.34,-71.4468518905366
323.55,-71.2368518905366
323.76,-71.0268518905366
323.76,-70.8168518905366
323.97,-70.6068518905366
324.18,-70.3968518905366
324.39,-70.1868518905366
324.39,-69.9768518905366
324.6,-69.7668518905366
324.81,-69.5568518905366
324.81,-69.3468518905366
325.02,-69.1368518905366
325.23,-69.1368518905366
325.23,-68.9268518905366
325.23,-68.7168518905366
325.44,-68.5068518905366
325.65,-68.2968518905366
325.65,-68.0868518905366
325.86,-67.8768518905366
325.86,-67.6668518905366
325.86,-67.4568518905366
326.07,-67.2468518905366
326.07,-67.0368518905366
326.07,-66.8268518905366
326.28,-66.6168518905366
326.28,-66.4068518905366
326.07,-66.1968518905366
326.28,-65.9868518905366
326.28,-65.7768518905366
326.28,-65.5668518905366
326.49,-65.3568518905366
326.49,-65.1468518905366
326.49,-64.9368518905366
326.7,-64.7268518905366
326.7,-64.5168518905366
326.7,-64.3068518905366
326.91,-64.0968518905366
326.7,-63.8868518905366
326.7,-63.6768518905366
326.7,-63.4668518905366
326.91,-63.2568518905366
326.91,-63.0468518905366
326.91,-62.8368518905366
327.12,-62.6268518905366
327.12,-62.4168518905366
327.12,-62.2068518905366
327.33,-61.9968518905366
327.33,-61.7868518905366
327.33,-61.5768518905366
327.33,-61.3668518905366
327.33,-61.1568518905366
327.54,-60.9468518905366
327.75,-60.7368518905366
327.75,-60.5268518905366
327.75,-60.3168518905366
327.96,-60.1068518905366
327.96,-59.8968518905366
328.17,-59.6868518905366
328.38,-59.4768518905366
328.38,-59.2668518905366
328.38,-59.0568518905366
328.59,-58.8468518905366
328.59,-58.6368518905366
328.59,-58.4268518905366
328.8,-58.2168518905366
329.01,-58.2168518905366
329.01,-58.0068518905366
329.01,-57.7968518905366
329.22,-57.5868518905366
329.22,-57.3768518905366
329.22,-57.1668518905366
329.43,-56.9568518905366
329.64,-56.9568518905366
329.64,-56.7468518905366
329.64,-56.5368518905366
329.85,-56.3268518905366
329.85,-56.1168518905366
329.85,-55.9068518905366
330.06,-55.6968518905366
330.27,-55.6968518905366
330.27,-55.4868518905366
330.27,-55.2768518905366
330.48,-55.0668518905366
330.48,-54.8568518905366
330.48,-54.6468518905366
330.69,-54.4368518905366
330.9,-54.4368518905366
330.9,-54.2268518905366
330.9,-54.0168518905366
331.11,-53.8068518905366
330.9,-53.5968518905366
330.9,-53.3868518905366
330.9,-53.1768518905366
330.69,-52.9668518905366
330.69,-52.7568518905366
330.48,-52.5468518905366
330.48,-52.3368518905366
330.48,-52.1268518905366
330.27,-51.9168518905366
330.48,-51.7068518905366
330.27,-51.4968518905366
330.06,-51.2868518905366
330.06,-51.0768518905366
330.06,-50.8668518905366
329.85,-50.6568518905366
329.85,-50.4468518905366
329.85,-50.2368518905366
329.64,-50.0268518905366
329.43,-49.8168518905366
329.43,-49.6068518905366
329.64,-49.3968518905366
329.43,-49.1868518905366
329.22,-48.9768518905366
329.22,-48.7668518905366
329.22,-48.5568518905366
329.01,-48.3468518905366
329.01,-48.1368518905366
329.01,-47.9268518905366
328.8,-47.7168518905366
328.59,-47.5068518905366
328.8,-47.2968518905366
328.59,-47.0868518905366
328.59,-46.8768518905366
328.8,-46.6668518905366
328.8,-46.4568518905366
328.8,-46.2468518905366
329.01,-46.0368518905366
329.22,-45.8268518905366
329.22,-45.6168518905366
329.43,-45.4068518905366
329.43,-45.1968518905366
329.43,-44.9868518905366
329.64,-44.7768518905366
329.64,-44.5668518905366
329.64,-44.3568518905366
329.85,-44.1468518905366
330.06,-44.1468518905366
330.06,-43.9368518905366
330.06,-43.7268518905366
330.27,-43.5168518905366
330.27,-43.3068518905366
330.27,-43.0968518905366
330.48,-42.8868518905366
330.48,-42.6768518905366
330.69,-42.4668518905366
330.9,-42.2568518905366
330.9,-42.0468518905366
330.9,-41.8368518905366
331.11,-41.6268518905366
331.11,-41.4168518905366
331.11,-41.2068518905366
331.32,-40.9968518905366
331.53,-40.9968518905366
331.53,-40.7868518905366
331.53,-40.5768518905366
331.74,-40.3668518905366
331.74,-40.1568518905366
331.74,-39.9468518905366
331.95,-39.7368518905366
332.16,-39.5268518905366
332.16,-39.3168518905366
332.37,-39.1068518905366
332.37,-38.8968518905366
332.37,-38.6868518905366
332.58,-38.4768518905366
332.58,-38.2668518905366
332.58,-38.0568518905366
332.79,-37.8468518905366
333,-37.8468518905366
333,-37.6368518905366
333.21,-37.4268518905366
333.42,-37.2168518905366
333.63,-37.0068518905366
333.63,-36.7968518905366
333.84,-36.5868518905366
334.05,-36.5868518905366
334.05,-36.3768518905366
334.05,-36.1668518905366
334.26,-35.9568518905366
334.47,-35.9568518905366
334.68,-35.7468518905366
334.68,-35.5368518905366
334.89,-35.3268518905366
335.1,-35.1168518905366
335.1,-34.9068518905366
335.31,-34.6968518905366
335.52,-34.6968518905366
335.52,-34.4868518905366
335.73,-34.2768518905366
335.94,-34.2768518905366
335.94,-34.0668518905366
335.94,-33.8568518905366
336.15,-33.6468518905366
336.36,-33.6468518905366
336.57,-33.4368518905366
336.57,-33.2268518905366
336.78,-33.0168518905366
336.99,-32.8068518905366
337.2,-32.5968518905366
337.41,-32.3868518905366
337.41,-32.1768518905366
337.62,-31.9668518905366
337.83,-31.7568518905366
338.04,-31.5468518905366
338.04,-31.3368518905366
338.25,-31.1268518905366
338.46,-31.1268518905366
338.46,-30.9168518905366
338.46,-30.7068518905366
338.67,-30.4968518905366
338.88,-30.4968518905366
338.88,-30.2868518905366
339.09,-30.0768518905366
339.3,-29.8668518905366
339.51,-29.6568518905366
339.72,-29.4468518905366
339.72,-29.2368518905366
339.72,-29.0268518905366
339.93,-28.8168518905366
340.14,-28.8168518905366
340.14,-28.6068518905366
340.14,-28.3968518905366
340.35,-28.1868518905366
340.56,-27.9768518905366
340.56,-27.7668518905366
340.77,-27.5568518905366
340.77,-27.3468518905366
340.77,-27.1368518905366
340.98,-26.9268518905366
341.19,-26.7168518905366
341.19,-26.5068518905366
341.4,-26.2968518905366
341.4,-26.0868518905366
341.61,-25.8768518905366
341.82,-25.6668518905366
341.82,-25.4568518905366
341.82,-25.2468518905366
342.03,-25.0368518905366
342.24,-24.8268518905366
342.24,-24.6168518905366
342.45,-24.4068518905366
342.45,-24.1968518905366
342.45,-23.9868518905366
342.66,-23.7768518905366
342.87,-23.7768518905366
342.87,-23.5668518905366
342.87,-23.3568518905366
343.08,-23.1468518905366
343.08,-22.9368518905366
343.29,-22.7268518905366
343.5,-22.5168518905366
343.5,-22.3068518905366
343.5,-22.0968518905366
343.71,-21.8868518905366
343.92,-21.6768518905366
343.92,-21.4668518905366
344.13,-21.2568518905366
344.13,-21.0468518905366
344.13,-20.8368518905366
344.34,-20.6268518905366
344.55,-20.6268518905366
344.55,-20.4168518905366
344.55,-20.2068518905366
344.76,-19.9968518905366
344.97,-19.7868518905366
344.97,-19.5768518905366
345.18,-19.3668518905366
345.18,-19.1568518905366
345.18,-18.9468518905366
345.39,-18.7368518905366
345.6,-18.7368518905366
345.6,-18.5268518905366
345.6,-18.3168518905366
345.81,-18.1068518905366
345.81,-17.8968518905366
346.02,-17.6868518905366
346.23,-17.4768518905366
346.23,-17.2668518905366
346.23,-17.0568518905366
346.44,-16.8468518905366
346.65,-16.6368518905366
346.65,-16.4268518905366
346.86,-16.2168518905366
346.86,-16.0068518905366
346.86,-15.7968518905366
347.07,-15.5868518905366
347.07,-15.3768518905366
347.07,-15.1668518905366
347.28,-14.9568518905366
347.28,-14.7468518905366
347.07,-14.5368518905366
347.28,-14.3268518905366
347.28,-14.1168518905366
347.28,-13.9068518905366
347.07,-13.6968518905366
347.28,-13.4868518905366
347.28,-13.2768518905366
347.28,-13.0668518905366
347.28,-12.8568518905366
347.28,-12.6468518905366
347.28,-12.4368518905366
347.28,-12.2268518905366
347.28,-12.0168518905366
347.28,-11.8068518905366
347.49,-11.5968518905366
347.28,-11.3868518905366
347.28,-11.1768518905366
347.49,-10.9668518905366
347.49,-10.7568518905366
347.28,-10.5468518905366
347.28,-10.3368518905366
347.49,-10.1268518905366
347.49,-9.91685189053658
347.49,-9.70685189053658
347.49,-9.49685189053658
347.49,-9.28685189053658
347.49,-9.07685189053658
347.49,-8.86685189053658
347.49,-8.65685189053658
347.49,-8.44685189053658
347.7,-8.23685189053658
347.49,-8.02685189053658
347.49,-7.81685189053658
347.7,-7.60685189053658
347.7,-7.39685189053658
347.7,-7.18685189053658
347.7,-6.97685189053658
347.91,-6.76685189053658
347.91,-6.55685189053658
347.91,-6.34685189053658
348.12,-6.13685189053658
348.12,-5.92685189053658
348.12,-5.71685189053658
348.33,-5.50685189053658
348.33,-5.29685189053658
348.33,-5.08685189053658
348.54,-4.87685189053658
348.54,-4.66685189053658
348.54,-4.45685189053658
348.75,-4.24685189053658
348.75,-4.03685189053658
348.75,-3.82685189053658
348.96,-3.61685189053658
349.17,-3.61685189053658
349.17,-3.40685189053658
349.17,-3.19685189053658
349.38,-2.98685189053658
349.38,-2.77685189053658
349.38,-2.56685189053658
349.59,-2.35685189053658
349.59,-2.14685189053658
349.59,-1.93685189053658
349.8,-1.72685189053658
349.8,-1.51685189053658
349.8,-1.30685189053658
350.01,-1.09685189053658
350.01,-0.886851890536583
350.01,-0.676851890536582
350.22,-0.466851890536583
350.22,-0.256851890536582
350.43,-0.0468518905365833
350.64,0.163148109463418
350.64,0.373148109463408
350.64,0.583148109463407
350.85,0.793148109463408
350.85,1.00314810946341
350.85,1.21314810946341
351.06,1.42314810946341
351.06,1.63314810946341
351.06,1.84314810946341
351.27,2.05314810946341
351.27,2.26314810946341
351.27,2.47314810946341
351.48,2.68314810946341
351.48,2.89314810946341
351.48,3.10314810946341
351.69,3.31314810946341
351.69,3.52314810946341
351.69,3.73314810946341
351.9,3.94314810946341
352.11,3.94314810946341
352.11,4.15314810946341
352.11,4.36314810946341
352.32,4.57314810946341
352.32,4.78314810946341
352.32,4.99314810946341
352.32,5.20314810946341
352.53,5.41314810946341
352.53,5.62314810946341
352.53,5.83314810946341
352.74,6.04314810946341
352.74,6.25314810946341
352.74,6.46314810946341
352.95,6.67314810946341
352.74,6.88314810946341
352.74,7.09314810946341
352.74,7.30314810946341
352.74,7.51314810946341
352.53,7.72314810946341
352.32,7.93314810946341
352.53,8.14314810946341
352.32,8.35314810946341
352.32,8.56314810946341
352.32,8.77314810946341
352.11,8.98314810946341
352.11,9.19314810946341
352.11,9.40314810946341
351.9,9.61314810946341
351.9,9.82314810946341
351.9,10.0331481094634
351.9,10.2431481094634
351.69,10.4531481094634
351.48,10.6631481094634
351.69,10.8731481094634
351.48,11.0831481094634
351.48,11.2931481094634
351.48,11.5031481094634
351.48,11.7131481094634
351.48,11.9231481094634
351.69,12.1331481094634
351.9,12.1331481094634
351.9,12.3431481094634
351.9,12.5531481094634
352.11,12.7631481094634
352.11,12.9731481094634
352.11,13.1831481094634
352.11,13.3931481094634
352.32,13.6031481094634
352.32,13.8131481094634
352.32,14.0231481094634
352.32,14.2331481094634
352.32,14.4431481094634
352.11,14.6531481094634
352.11,14.8631481094634
352.11,15.0731481094634
352.11,15.2831481094634
352.11,15.4931481094634
352.11,15.7031481094634
351.9,15.9131481094634
351.9,16.1231481094634
351.9,16.3331481094634
351.9,16.5431481094634
351.69,16.7531481094634
351.69,16.9631481094634
351.69,17.1731481094634
351.69,17.3831481094634
351.69,17.5931481094634
351.69,17.8031481094634
351.48,18.0131481094634
351.48,18.2231481094634
351.48,18.4331481094634
351.48,18.6431481094634
351.27,18.8531481094634
351.27,19.0631481094634
351.27,19.2731481094634
351.27,19.4831481094634
351.27,19.6931481094634
351.27,19.9031481094634
351.06,20.1131481094634
351.27,20.3231481094634
351.48,20.5331481094634
351.48,20.7431481094634
351.48,20.9531481094634
351.69,21.1631481094634
351.9,20.9531481094634
351.9,21.1631481094634
351.9,21.3731481094634
351.9,21.5831481094634
352.11,21.7931481094634
352.32,22.0031481094634
352.53,22.2131481094634
352.53,22.4231481094634
352.74,22.6331481094634
352.95,22.8431481094634
352.95,23.0531481094634
352.95,23.2631481094634
353.16,23.4731481094634
353.37,23.6831481094634
353.37,23.8931481094634
353.58,24.1031481094634
353.58,24.3131481094634
353.79,24.5231481094634
354,24.7331481094634
354,24.9431481094634
354,25.1531481094634
354.21,25.3631481094634
354.42,25.3631481094634
354.42,25.5731481094634
354.42,25.7831481094634
354.63,25.9931481094634
354.84,26.2031481094634
354.84,26.4131481094634
355.05,26.6231481094634
355.05,26.8331481094634
355.05,27.0431481094634
355.26,27.2531481094634
355.47,27.2531481094634
355.47,27.4631481094634
355.47,27.6731481094634
355.68,27.8831481094634
355.89,27.8831481094634
355.89,28.0931481094634
355.89,28.3031481094634
356.1,28.5131481094634
356.31,28.5131481094634
356.31,28.7231481094634
356.31,28.9331481094634
356.52,29.1431481094634
356.52,29.3531481094634
356.73,29.5631481094634
356.94,29.7731481094634
356.94,29.9831481094634
356.94,30.1931481094634
357.15,30.4031481094634
357.36,30.4031481094634
357.36,30.6131481094634
357.36,30.8231481094634
357.57,31.0331481094634
357.78,31.0331481094634
357.78,31.2431481094634
357.78,31.4531481094634
357.99,31.6631481094634
358.2,31.6631481094634
358.2,31.8731481094634
358.2,32.0831481094634
358.41,32.2931481094634
358.62,32.5031481094634
358.62,32.7131481094634
358.83,32.9231481094634
358.83,33.1331481094634
359.04,33.3431481094634
359.25,33.5531481094634
359.04,33.7631481094634
359.04,33.9731481094634
359.04,34.1831481094634
359.04,34.3931481094634
359.04,34.6031481094634
359.04,34.8131481094634
359.04,35.0231481094634
358.83,35.2331481094634
358.83,35.4431481094634
358.83,35.6531481094634
358.83,35.8631481094634
358.83,36.0731481094634
358.83,36.2831481094634
358.83,36.4931481094634
358.62,36.7031481094634
358.83,36.9131481094634
358.62,37.1231481094634
358.62,37.3331481094634
358.41,37.5431481094634
358.62,37.7531481094634
358.41,37.9631481094634
358.41,38.1731481094634
358.41,38.3831481094634
358.41,38.5931481094634
358.41,38.8031481094634
358.41,39.0131481094634
358.41,39.2231481094634
358.2,39.4331481094634
358.41,39.6431481094634
358.2,39.8531481094634
358.2,40.0631481094634
357.99,40.2731481094634
358.2,40.4831481094634
358.2,40.6931481094634
357.99,40.9031481094634
357.99,41.1131481094634
357.99,41.3231481094634
357.78,41.5331481094634
357.99,41.7431481094634
357.78,41.9531481094634
357.78,42.1631481094634
357.78,42.3731481094634
357.78,42.5831481094634
357.78,42.7931481094634
357.57,43.0031481094634
357.78,43.2131481094634
357.57,43.4231481094634
357.57,43.6331481094634
357.57,43.8431481094634
357.57,44.0531481094634
357.36,44.2631481094634
357.36,44.4731481094634
357.36,44.6831481094634
357.36,44.8931481094634
357.36,45.1031481094634
357.36,45.3131481094634
357.36,45.5231481094634
357.15,45.7331481094634
357.36,45.9431481094634
357.15,46.1531481094634
357.15,46.3631481094634
356.94,46.5731481094634
357.15,46.7831481094634
357.15,46.9931481094634
356.94,47.2031481094634
357.15,47.4131481094634
356.94,47.6231481094634
356.94,47.8331481094634
356.94,48.0431481094634
356.94,48.2531481094634
356.73,48.4631481094634
356.73,48.6731481094634
356.73,48.8831481094634
356.73,49.0931481094634
356.73,49.3031481094634
356.73,49.5131481094634
356.73,49.7231481094634
356.52,49.9331481094634
356.52,50.1431481094634
356.52,50.3531481094634
356.31,50.5631481094634
356.31,50.7731481094634
356.31,50.9831481094634
356.31,51.1931481094634
356.31,51.4031481094634
356.31,51.6131481094634
356.31,51.8231481094634
356.1,52.0331481094634
356.31,52.2431481094634
356.1,52.4531481094634
356.1,52.6631481094634
355.89,52.8731481094634
356.1,53.0831481094634
356.1,53.2931481094634
355.89,53.5031481094634
356.1,53.7131481094634
355.89,53.9231481094634
355.89,54.1331481094634
355.89,54.3431481094634
355.89,54.5531481094634
355.68,54.7631481094634
355.68,54.9731481094634
355.68,55.1831481094634
355.68,55.3931481094634
355.68,55.6031481094634
355.68,55.8131481094634
355.68,56.0231481094634
355.47,56.2331481094634
355.68,56.4431481094634
355.47,56.6531481094634
355.47,56.8631481094634
355.26,57.0731481094634
355.47,57.2831481094634
355.26,57.4931481094634
355.05,57.4931481094634
354.84,57.4931481094634
354.63,57.7031481094634
354.63,57.9131481094634
354.42,57.9131481094634
354.21,57.9131481094634
354,58.1231481094634
353.79,58.1231481094634
353.58,58.3331481094634
353.37,58.5431481094634
353.16,58.5431481094634
352.95,58.5431481094634
352.74,58.7531481094634
352.53,58.9631481094634
352.32,58.9631481094634
352.11,59.1731481094634
351.9,59.1731481094634
351.69,59.1731481094634
351.48,59.3831481094634
351.27,59.5931481094634
351.06,59.5931481094634
350.85,59.8031481094634
350.64,59.8031481094634
350.43,59.8031481094634
350.22,60.0131481094634
350.22,60.2231481094634
350.01,60.2231481094634
349.8,60.2231481094634
349.59,60.4331481094634
349.38,60.4331481094634
349.17,60.6431481094634
349.17,60.8531481094634
349.17,61.0631481094634
349.17,61.2731481094634
349.17,61.4831481094634
349.17,61.6931481094634
348.96,61.9031481094634
348.75,62.1131481094634
348.96,62.3231481094634
348.75,62.5331481094634
348.75,62.7431481094634
348.75,62.9531481094634
348.75,63.1631481094634
348.54,63.3731481094634
348.75,63.5831481094634
348.54,63.7931481094634
348.33,64.0031481094634
348.33,64.2131481094634
348.33,64.4231481094634
348.33,64.6331481094634
348.12,64.8431481094634
348.33,65.0531481094634
348.12,65.2631481094634
348.12,65.4731481094634
347.91,65.6831481094634
347.91,65.8931481094634
347.91,66.1031481094634
347.91,66.3131481094634
347.91,66.5231481094634
347.91,66.7331481094634
347.7,66.9431481094634
347.7,67.1531481094634
347.7,67.3631481094634
347.49,67.5731481094634
347.49,67.7831481094634
347.49,67.9931481094634
347.49,68.2031481094634
347.28,68.4131481094634
347.49,68.6231481094634
347.28,68.8331481094634
347.07,69.0431481094634
347.28,69.2531481094634
347.07,69.4631481094634
347.07,69.6731481094634
346.86,69.8831481094634
347.07,70.0931481094634
346.86,70.3031481094634
346.86,70.5131481094634
346.86,70.7231481094634
346.65,70.9331481094634
346.65,71.1431481094634
346.65,71.3531481094634
346.65,71.5631481094634
346.65,71.7731481094634
346.44,71.9831481094634
346.44,72.1931481094634
346.44,72.4031481094634
346.23,72.6131481094634
346.23,72.8231481094634
346.23,73.0331481094634
346.23,73.2431481094634
346.02,73.4531481094634
346.23,73.6631481094634
346.02,73.8731481094634
345.81,74.0831481094634
346.02,74.2931481094634
345.81,74.5031481094634
345.81,74.7131481094634
345.81,74.9231481094634
345.81,75.1331481094634
345.6,75.3431481094634
345.6,75.5531481094634
345.81,75.7631481094634
345.81,75.9731481094634
345.81,76.1831481094634
345.81,76.3931481094634
345.81,76.6031481094634
345.81,76.8131481094634
346.02,77.0231481094634
345.81,77.2331481094634
345.81,77.4431481094634
346.02,77.6531481094634
346.02,77.8631481094634
345.81,78.0731481094634
345.81,78.2831481094634
346.02,78.4931481094634
346.02,78.7031481094634
345.81,78.9131481094634
346.02,79.1231481094634
346.02,79.3331481094634
346.02,79.5431481094634
346.02,79.7531481094634
346.02,79.9631481094634
346.02,80.1731481094634
346.23,80.3831481094634
346.02,80.5931481094634
346.02,80.8031481094634
346.23,81.0131481094634
346.02,81.2231481094634
345.81,81.4331481094634
345.6,81.6431481094634
345.6,81.8531481094634
345.6,82.0631481094634
345.39,82.2731481094634
345.39,82.4831481094634
345.18,82.6931481094634
345.18,82.9031481094634
344.97,83.1131481094634
344.97,83.3231481094634
344.76,83.3231481094634
344.55,83.5331481094634
344.55,83.7431481094634
344.55,83.9531481094634
344.34,84.1631481094634
344.13,84.3731481094634
343.92,84.5831481094634
344.13,84.7931481094634
343.92,85.0031481094634
343.71,85.2131481094634
343.5,85.4231481094634
343.5,85.6331481094634
343.5,85.8431481094634
343.29,86.0531481094634
343.29,86.2631481094634
343.29,86.4731481094634
343.29,86.6831481094634
343.5,86.8931481094634
343.29,87.1031481094634
343.29,87.3131481094634
343.5,87.5231481094634
343.5,87.7331481094634
343.5,87.9431481094634
343.5,88.1531481094634
343.71,88.3631481094634
343.71,88.5731481094634
343.5,88.7831481094634
343.71,88.9931481094634
343.71,89.2031481094634
343.71,89.4131481094634
343.92,89.6231481094634
343.92,89.8331481094634
343.92,90.0431481094634
343.92,90.2531481094634
343.92,90.4631481094634
343.92,90.6731481094634
344.13,90.8831481094634
344.13,91.0931481094634
344.13,91.3031481094634
344.34,91.5131481094634
344.34,91.7231481094634
344.13,91.9331481094634
344.34,92.1431481094634
344.34,92.3531481094634
344.34,92.5631481094634
344.34,92.7731481094634
344.55,92.9831481094634
344.55,93.1931481094634
344.34,93.4031481094634
344.55,93.6131481094634
344.55,93.8231481094634
344.55,94.0331481094634
344.76,94.2431481094634
344.76,94.4531481094634
344.76,94.6631481094634
344.97,94.8731481094634
344.76,95.0831481094634
344.76,95.2931481094634
344.76,95.5031481094634
344.76,95.7131481094634
344.55,95.9231481094634
344.55,96.1331481094634
344.55,96.3431481094634
344.55,96.5531481094634
344.34,96.7631481094634
344.34,96.9731481094634
344.34,97.1831481094634
344.13,97.3931481094634
344.34,97.6031481094634
344.13,97.8131481094634
344.13,98.0231481094634
343.92,98.2331481094634
344.13,98.4431481094634
343.92,98.6531481094634
343.71,98.8631481094634
343.92,99.0731481094634
343.71,99.2831481094634
343.71,99.4931481094634
343.71,99.7031481094634
343.71,99.9131481094634
343.5,100.123148109463
343.5,100.333148109463
343.5,100.543148109463
343.29,100.753148109463
343.29,100.963148109463
343.29,101.173148109463
343.29,101.383148109463
343.29,101.593148109463
343.08,101.803148109463
343.08,102.013148109463
343.08,102.223148109463
342.87,102.433148109463
342.87,102.643148109463
342.87,102.853148109463
342.87,103.063148109463
342.87,103.273148109463
342.87,103.483148109463
342.66,103.693148109463
342.45,103.903148109463
342.66,104.113148109463
342.45,104.323148109463
342.45,104.533148109463
342.45,104.743148109463
342.45,104.953148109463
342.24,105.163148109463
342.45,105.373148109463
342.24,105.583148109463
342.03,105.793148109463
342.03,106.003148109463
342.03,106.213148109463
342.03,106.423148109463
341.82,106.633148109463
342.03,106.843148109463
341.82,107.053148109463
341.61,107.263148109463
341.61,107.473148109463
341.61,107.683148109463
341.61,107.893148109463
341.61,108.103148109463
341.61,108.313148109463
341.4,108.523148109463
341.4,108.733148109463
341.4,108.943148109463
341.19,109.153148109463
341.19,109.363148109463
341.19,109.573148109463
341.19,109.783148109463
341.19,109.993148109463
340.98,110.203148109463
340.98,110.413148109463
340.98,110.623148109463
340.77,110.833148109463
340.77,111.043148109463
340.77,111.253148109463
340.77,111.463148109463
340.56,111.673148109463
340.77,111.883148109463
340.56,112.093148109463
340.35,112.303148109463
340.56,112.513148109463
340.35,112.723148109463
340.35,112.933148109463
340.14,113.143148109463
340.35,113.353148109463
340.14,113.563148109463
340.14,113.773148109463
340.14,113.983148109463
339.93,114.193148109463
339.93,114.403148109463
339.93,114.613148109463
339.93,114.823148109463
339.72,115.033148109463
339.72,115.243148109463
339.72,115.453148109463
339.51,115.663148109463
339.51,115.873148109463
339.51,116.083148109463
339.51,116.293148109463
339.51,116.503148109463
339.51,116.713148109463
339.3,116.923148109463
339.3,117.133148109463
339.09,117.343148109463
339.09,117.553148109463
339.09,117.763148109463
338.88,117.763148109463
338.67,117.763148109463
338.46,117.973148109463
338.46,118.183148109463
338.25,118.183148109463
338.04,118.183148109463
337.83,118.393148109463
337.62,118.393148109463
337.41,118.603148109463
337.2,118.813148109463
336.99,118.813148109463
336.78,118.813148109463
336.57,119.023148109463
336.57,119.233148109463
336.36,119.233148109463
336.15,119.233148109463
335.94,119.443148109463
335.73,119.443148109463
335.52,119.443148109463
335.31,119.653148109463
335.31,119.863148109463
335.1,119.863148109463
334.89,119.863148109463
334.68,120.073148109463
334.47,120.283148109463
334.26,120.283148109463
334.05,120.493148109463
333.84,120.493148109463
333.63,120.493148109463
333.42,120.703148109463
333.42,120.913148109463
333.42,121.123148109463
333.21,121.333148109463
333.21,121.543148109463
333,121.753148109463
333,121.963148109463
333,122.173148109463
333,122.383148109463
333,122.593148109463
332.79,122.803148109463
332.58,123.013148109463
332.79,123.223148109463
332.58,123.433148109463
332.58,123.643148109463
332.37,123.853148109463
332.58,124.063148109463
332.37,124.273148109463
332.16,124.483148109463
332.16,124.693148109463
332.16,124.903148109463
332.16,125.113148109463
331.95,125.323148109463
331.74,125.323148109463
331.53,125.533148109463
331.53,125.743148109463
331.32,125.743148109463
331.11,125.743148109463
330.9,125.953148109463
330.69,125.953148109463
330.48,126.163148109463
330.27,126.373148109463
330.06,126.373148109463
329.85,126.373148109463
329.64,126.583148109463
329.64,126.793148109463
329.43,126.793148109463
329.22,126.793148109463
329.01,127.003148109463
329.01,127.213148109463
328.8,127.213148109463
328.59,127.213148109463
328.38,127.423148109463
328.17,127.423148109463
327.96,127.633148109463
327.75,127.843148109463
327.54,127.843148109463
327.33,127.843148109463
327.12,128.053148109463
327.12,128.263148109463
326.91,128.263148109463
326.7,128.263148109463
326.49,128.473148109463
326.28,128.683148109463
326.07,128.683148109463
325.86,128.893148109463
325.65,128.893148109463
325.44,128.893148109463
325.23,129.103148109463
325.23,129.313148109463
325.02,129.313148109463
324.81,129.313148109463
324.6,129.523148109463
324.6,129.733148109463
324.39,129.733148109463
324.18,129.733148109463
323.97,129.943148109463
323.76,130.153148109463
323.55,130.153148109463
323.34,130.363148109463
323.13,130.363148109463
322.92,130.363148109463
322.71,130.573148109463
322.71,130.783148109463
322.5,130.783148109463
322.29,130.783148109463
322.08,130.993148109463
322.08,131.203148109463
321.87,131.203148109463
321.66,131.203148109463
321.45,131.413148109463
321.24,131.413148109463
321.03,131.623148109463
320.82,131.833148109463
320.61,131.833148109463
320.4,131.833148109463
320.19,132.043148109463
320.19,132.253148109463
319.98,132.253148109463
319.77,132.253148109463
319.56,132.463148109463
319.35,132.463148109463
319.14,132.253148109463
318.93,132.463148109463
318.72,132.463148109463
318.51,132.463148109463
318.3,132.673148109463
318.09,132.673148109463
317.88,132.673148109463
317.67,132.883148109463
317.46,132.883148109463
317.25,132.883148109463
317.04,133.093148109463
316.83,133.093148109463
316.62,132.883148109463
316.41,133.093148109463
316.2,133.093148109463
315.99,133.093148109463
315.78,133.303148109463
315.57,133.303148109463
315.36,133.303148109463
315.15,133.513148109463
314.94,133.723148109463
314.73,133.933148109463
314.52,134.143148109463
314.52,134.353148109463
314.31,134.563148109463
314.1,134.563148109463
313.89,134.773148109463
313.89,134.983148109463
313.89,135.193148109463
313.68,135.193148109463
313.47,135.403148109463
313.26,135.613148109463
313.47,135.823148109463
313.26,135.823148109463
313.05,136.033148109463
312.84,136.243148109463
312.84,136.453148109463
312.63,136.663148109463
312.42,136.873148109463
312.21,137.083148109463
312,137.293148109463
312,137.503148109463
311.79,137.503148109463
311.58,137.713148109463
311.58,137.923148109463
311.58,138.133148109463
311.37,138.133148109463
311.16,138.343148109463
311.16,138.553148109463
310.95,138.763148109463
310.74,138.973148109463
310.53,139.183148109463
310.53,139.393148109463
310.32,139.393148109463
310.11,139.603148109463
310.11,139.813148109463
309.9,140.023148109463
309.69,140.233148109463
309.69,140.443148109463
309.48,140.653148109463
309.27,140.863148109463
309.06,141.073148109463
308.85,141.283148109463
308.85,141.493148109463
308.64,141.703148109463
308.43,141.703148109463
308.22,141.913148109463
308.22,142.123148109463
308.22,142.333148109463
308.01,142.333148109463
307.8,142.543148109463
307.59,142.753148109463
307.8,142.963148109463
307.59,142.963148109463
307.38,143.173148109463
307.17,143.383148109463
307.17,143.593148109463
306.96,143.803148109463
306.75,144.013148109463
306.54,144.223148109463
306.54,144.433148109463
306.33,144.643148109463
306.12,144.643148109463
305.91,144.853148109463
305.91,145.063148109463
305.91,145.273148109463
305.7,145.273148109463
305.49,145.483148109463
305.49,145.693148109463
305.49,145.903148109463
305.28,145.903148109463
305.07,146.113148109463
304.86,146.323148109463
304.86,146.533148109463
304.65,146.743148109463
304.44,146.953148109463
304.23,147.163148109463
304.02,147.373148109463
304.02,147.583148109463
303.81,147.793148109463
303.6,148.003148109463
303.6,148.213148109463
303.39,148.213148109463
303.18,148.423148109463
303.18,148.633148109463
302.97,148.843148109463
302.76,149.053148109463
302.55,149.263148109463
302.55,149.473148109463
302.34,149.473148109463
302.13,149.683148109463
302.13,149.893148109463
302.13,150.103148109463
301.92,150.103148109463
301.71,150.313148109463
301.5,150.523148109463
301.5,150.733148109463
301.29,150.943148109463
301.08,151.153148109463
300.87,151.363148109463
300.87,151.573148109463
300.66,151.783148109463
300.66,151.993148109463
300.66,152.203148109463
300.45,152.413148109463
300.45,152.623148109463
300.45,152.833148109463
300.45,153.043148109463
300.45,153.253148109463
300.45,153.463148109463
300.24,153.673148109463
300.24,153.883148109463
300.03,154.093148109463
300.24,154.303148109463
300.03,154.513148109463
300.03,154.723148109463
300.03,154.933148109463
300.03,155.143148109463
299.82,155.353148109463
299.82,155.563148109463
299.82,155.773148109463
299.61,155.983148109463
299.61,156.193148109463
299.61,156.403148109463
299.61,156.613148109463
299.61,156.823148109463
299.61,157.033148109463
299.61,157.243148109463
299.4,157.453148109463
299.19,157.663148109463
299.4,157.873148109463
299.19,158.083148109463
299.19,158.293148109463
298.98,158.503148109463
298.77,158.713148109463
298.77,158.923148109463
298.56,158.923148109463
298.35,159.133148109463
298.14,159.343148109463
298.14,159.553148109463
297.93,159.553148109463
297.72,159.763148109463
297.51,159.973148109463
297.51,160.183148109463
297.3,160.393148109463
297.09,160.393148109463
296.88,160.603148109463
296.88,160.813148109463
296.67,161.023148109463
296.46,161.023148109463
296.25,161.233148109463
296.25,161.443148109463
296.04,161.653148109463
295.83,161.863148109463
295.83,162.073148109463
295.62,162.073148109463
295.41,162.283148109463
295.2,162.493148109463
295.2,162.703148109463
294.99,162.703148109463
294.78,162.913148109463
294.57,163.123148109463
294.57,163.333148109463
294.36,163.543148109463
294.15,163.543148109463
293.94,163.753148109463
293.94,163.963148109463
293.73,164.173148109463
293.52,164.383148109463
293.31,164.593148109463
293.31,164.803148109463
293.1,164.803148109463
292.89,165.013148109463
292.89,165.223148109463
292.68,165.223148109463
292.47,165.433148109463
292.26,165.643148109463
292.26,165.853148109463
292.05,165.853148109463
291.84,166.063148109463
291.63,166.273148109463
291.63,166.483148109463
291.42,166.693148109463
291.21,166.903148109463
291,166.903148109463
290.79,167.113148109463
290.58,167.323148109463
290.37,167.323148109463
290.16,167.323148109463
289.95,167.533148109463
289.74,167.533148109463
289.53,167.533148109463
289.32,167.533148109463
289.11,167.743148109463
289.11,167.953148109463
288.9,167.953148109463
288.69,168.163148109463
288.48,168.163148109463
288.27,168.163148109463
288.06,168.163148109463
287.85,168.373148109463
287.64,168.373148109463
287.43,168.583148109463
287.43,168.793148109463
287.22,168.793148109463
287.01,168.793148109463
286.8,168.793148109463
286.59,169.003148109463
286.38,169.003148109463
286.17,169.003148109463
285.96,169.213148109463
285.75,169.423148109463
285.54,169.423148109463
285.33,169.633148109463
285.12,169.633148109463
284.91,169.633148109463
284.7,169.843148109463
284.49,169.843148109463
284.28,169.843148109463
284.07,170.053148109463
283.86,170.263148109463
283.65,170.263148109463
283.44,170.473148109463
283.23,170.473148109463
283.02,170.473148109463
282.81,170.683148109463
282.6,170.683148109463
282.39,170.683148109463
282.18,170.893148109463
282.18,171.103148109463
281.97,171.103148109463
281.76,171.103148109463
281.55,171.313148109463
281.34,171.313148109463
281.13,171.313148109463
280.92,171.523148109463
280.71,171.523148109463
280.5,171.733148109463
280.29,171.943148109463
280.08,171.943148109463
279.87,171.943148109463
279.66,172.153148109463
279.45,172.153148109463
279.24,172.153148109463
279.03,172.363148109463
278.82,172.363148109463
278.61,172.573148109463
278.4,172.783148109463
278.19,172.993148109463
277.98,173.203148109463
278.19,173.413148109463
278.19,173.623148109463
278.19,173.833148109463
278.4,174.043148109463
278.4,174.253148109463
278.4,174.463148109463
278.4,174.673148109463
278.4,174.883148109463
278.4,175.093148109463
278.61,175.303148109463
278.61,175.513148109463
278.61,175.723148109463
278.4,175.933148109463
278.61,176.143148109463
278.61,176.353148109463
278.61,176.563148109463
278.82,176.773148109463
278.61,176.773148109463
278.4,176.983148109463
278.19,176.983148109463
277.98,176.983148109463
277.77,177.193148109463
277.56,177.193148109463
277.35,177.193148109463
277.14,177.403148109463
276.93,177.403148109463
276.72,177.193148109463
276.51,177.403148109463
276.3,177.403148109463
276.09,177.403148109463
275.88,177.613148109463
275.67,177.613148109463
275.46,177.613148109463
275.25,177.823148109463
275.04,177.823148109463
274.83,177.823148109463
274.62,178.033148109463
274.41,178.033148109463
274.2,177.823148109463
273.99,177.823148109463
273.78,178.033148109463
273.57,178.033148109463
273.36,178.033148109463
273.15,178.243148109463
272.94,178.243148109463
272.73,178.243148109463
272.52,178.453148109463
272.31,178.453148109463
272.1,178.453148109463
271.89,178.663148109463
271.68,178.663148109463
271.47,178.663148109463
271.26,178.663148109463
271.05,178.663148109463
270.84,178.663148109463
270.63,178.873148109463
270.42,178.873148109463
270.21,178.873148109463
270,179.083148109463
269.79,179.083148109463
269.58,179.083148109463
269.37,179.293148109463
269.16,179.293148109463
268.95,179.293148109463
268.74,179.503148109463
268.53,179.503148109463
268.32,179.293148109463
268.11,179.293148109463
267.9,179.503148109463
267.69,179.503148109463
267.48,179.503148109463
267.27,179.713148109463
267.06,179.713148109463
266.85,179.713148109463
266.64,179.923148109463
266.43,179.923148109463
266.22,179.923148109463
266.01,180.133148109463
265.8,180.133148109463
265.59,179.923148109463
265.38,180.133148109463
265.17,180.133148109463
264.96,180.133148109463
264.75,180.343148109463
264.54,180.343148109463
264.33,180.343148109463
264.12,180.553148109463
263.91,180.553148109463
263.7,180.553148109463
263.49,180.763148109463
263.28,180.763148109463
263.07,180.763148109463
262.86,180.553148109463
262.65,180.763148109463
262.44,180.763148109463
262.23,180.763148109463
262.02,180.973148109463
261.81,180.973148109463
261.6,180.973148109463
261.39,181.183148109463
261.18,181.183148109463
260.97,181.183148109463
260.76,181.393148109463
260.55,181.393148109463
260.34,181.393148109463
260.13,181.393148109463
259.92,181.393148109463
259.71,181.393148109463
259.5,181.603148109463
259.29,181.603148109463
259.08,181.603148109463
258.87,181.813148109463
258.66,181.813148109463
258.45,181.813148109463
258.24,182.023148109463
258.03,182.023148109463
257.82,182.023148109463
257.61,182.233148109463
257.4,182.233148109463
257.19,182.023148109463
256.98,182.023148109463
256.77,182.233148109463
256.56,182.233148109463
256.35,182.233148109463
256.14,182.443148109463
255.93,182.443148109463
255.72,182.233148109463
255.51,182.233148109463
255.3,182.233148109463
255.3,182.023148109463
255.09,181.813148109463
254.88,181.603148109463
254.67,181.603148109463
254.46,181.603148109463
254.46,181.393148109463
254.25,181.183148109463
254.04,181.183148109463
253.83,181.183148109463
253.62,180.973148109463
253.62,180.763148109463
253.41,180.553148109463
253.2,180.553148109463
252.99,180.553148109463
252.78,180.343148109463
252.57,180.553148109463
252.36,180.553148109463
252.15,180.763148109463
251.94,180.973148109463
251.94,181.183148109463
251.73,181.183148109463
251.52,181.393148109463
251.31,181.603148109463
251.31,181.813148109463
251.1,181.813148109463
250.89,182.023148109463
250.68,182.233148109463
250.68,182.443148109463
250.47,182.443148109463
250.26,182.653148109463
250.05,182.863148109463
249.84,183.073148109463
249.84,183.283148109463
249.63,183.493148109463
249.42,183.703148109463
249.21,183.703148109463
249,183.913148109463
249,184.123148109463
248.79,184.333148109463
248.58,184.333148109463
248.37,184.543148109463
248.37,184.753148109463
248.16,184.963148109463
247.95,184.963148109463
247.74,185.173148109463
247.74,185.383148109463
247.53,185.383148109463
247.32,185.593148109463
247.32,185.803148109463
247.11,186.013148109463
246.9,186.013148109463
246.69,186.223148109463
246.69,186.433148109463
246.48,186.433148109463
246.27,186.433148109463
246.06,186.643148109463
245.85,186.643148109463
245.64,186.643148109463
245.43,186.853148109463
245.22,186.643148109463
245.01,186.643148109463
244.8,186.643148109463
244.59,186.853148109463
244.38,186.853148109463
244.17,186.643148109463
243.96,186.853148109463
243.75,186.853148109463
243.54,186.853148109463
243.33,187.063148109463
243.12,187.063148109463
242.91,186.853148109463
242.7,187.063148109463
242.49,187.063148109463
242.28,187.063148109463
242.07,187.273148109463
241.86,187.063148109463
241.65,187.063148109463
241.44,187.273148109463
241.23,187.273148109463
241.02,187.273148109463
240.81,187.273148109463
240.6,187.273148109463
240.39,187.273148109463
240.18,187.273148109463
239.97,187.483148109463
239.76,187.483148109463
239.55,187.483148109463
239.34,187.693148109463
239.13,187.693148109463
238.92,187.693148109463
238.71,187.903148109463
238.71,188.113148109463
238.5,188.113148109463
238.29,188.113148109463
238.08,188.323148109463
237.87,188.323148109463
237.66,188.323148109463
237.45,188.533148109463
237.24,188.533148109463
237.03,188.533148109463
236.82,188.743148109463
236.61,188.743148109463
236.4,188.953148109463
236.19,189.163148109463
235.98,189.163148109463
235.77,189.163148109463
235.56,189.373148109463
235.35,189.373148109463
235.14,189.373148109463
234.93,189.583148109463
234.72,189.583148109463
234.51,189.583148109463
234.3,189.793148109463
234.09,189.793148109463
233.88,190.003148109463
233.67,190.213148109463
233.46,190.213148109463
233.25,190.213148109463
233.04,190.423148109463
232.83,190.423148109463
232.62,190.423148109463
232.41,190.633148109463
232.2,190.633148109463
231.99,190.633148109463
231.78,190.843148109463
231.57,190.843148109463
231.36,191.053148109463
231.15,191.263148109463
230.94,191.263148109463
230.73,191.263148109463
230.52,191.473148109463
230.31,191.473148109463
230.1,191.473148109463
229.89,191.683148109463
229.68,191.683148109463
229.47,191.683148109463
229.26,191.893148109463
229.05,191.893148109463
228.84,192.103148109463
228.63,192.313148109463
228.42,192.313148109463
228.21,192.313148109463
228,192.523148109463
227.79,192.523148109463
227.58,192.523148109463
227.37,192.523148109463
227.16,192.733148109463
226.95,192.733148109463
226.74,192.733148109463
226.53,192.943148109463
226.32,193.153148109463
226.11,193.153148109463
225.9,193.363148109463
225.9,193.573148109463
226.11,193.783148109463
226.11,193.993148109463
225.9,194.203148109463
225.9,194.413148109463
226.11,194.623148109463
225.9,194.833148109463
225.9,195.043148109463
226.11,195.253148109463
225.9,195.463148109463
225.9,195.673148109463
225.9,195.883148109463
225.9,196.093148109463
225.9,196.303148109463
225.9,196.513148109463
225.9,196.723148109463
225.9,196.933148109463
225.9,197.143148109463
225.9,197.353148109463
225.9,197.563148109463
225.9,197.773148109463
225.9,197.983148109463
225.9,198.193148109463
225.9,198.403148109463
225.9,198.613148109463
225.9,198.823148109463
225.9,199.033148109463
225.69,199.243148109463
225.9,199.453148109463
225.9,199.663148109463
225.69,199.873148109463
225.9,200.083148109463
225.69,200.293148109463
225.48,200.083148109463
225.27,200.083148109463
225.06,200.083148109463
224.85,200.083148109463
224.64,200.083148109463
224.43,200.083148109463
224.22,200.083148109463
224.01,200.083148109463
223.8,199.873148109463
223.59,200.083148109463
223.38,199.873148109463
223.17,199.873148109463
222.96,200.083148109463
222.75,199.873148109463
222.54,199.873148109463
222.33,199.873148109463
222.12,199.873148109463
221.91,199.873148109463
221.7,199.873148109463
221.49,199.873148109463
221.28,199.873148109463
221.07,199.663148109463
220.86,199.873148109463
220.65,199.873148109463
220.44,199.663148109463
220.23,199.873148109463
220.02,199.663148109463
219.81,199.663148109463
219.6,199.873148109463
219.39,199.663148109463
219.18,199.663148109463
218.97,199.453148109463
218.76,199.663148109463
218.55,199.663148109463
218.34,199.663148109463
218.13,199.663148109463
217.92,199.663148109463
217.71,199.453148109463
217.5,199.663148109463
217.29,199.663148109463
217.08,199.453148109463
216.87,199.663148109463
216.66,199.453148109463
216.45,199.453148109463
216.24,199.453148109463
216.03,199.453148109463
215.82,199.453148109463
215.61,199.453148109463
215.4,199.453148109463
215.19,199.453148109463
214.98,199.453148109463
214.77,199.453148109463
214.56,199.453148109463
214.35,199.243148109463
214.14,199.453148109463
213.93,199.243148109463
213.72,199.243148109463
213.51,199.243148109463
213.3,199.243148109463
213.09,199.243148109463
212.88,199.243148109463
212.67,199.453148109463
212.67,199.663148109463
212.46,199.873148109463
212.25,200.083148109463
212.04,200.293148109463
212.04,200.503148109463
211.83,200.503148109463
211.62,200.713148109463
211.62,200.923148109463
211.62,201.133148109463
211.41,201.133148109463
211.2,201.343148109463
210.99,201.553148109463
210.99,201.763148109463
210.78,201.973148109463
210.57,202.183148109463
210.36,202.393148109463
210.36,202.603148109463
210.15,202.813148109463
209.94,203.023148109463
209.94,203.233148109463
209.73,203.233148109463
209.52,203.233148109463
209.31,203.443148109463
209.1,203.443148109463
208.89,203.443148109463
208.68,203.653148109463
208.47,203.653148109463
208.26,203.653148109463
208.05,203.863148109463
207.84,203.863148109463
207.63,203.863148109463
207.42,203.863148109463
207.21,204.073148109463
207,204.073148109463
206.79,204.073148109463
206.58,204.283148109463
206.37,204.283148109463
206.16,204.283148109463
205.95,204.493148109463
205.74,204.493148109463
205.53,204.493148109463
205.32,204.703148109463
205.11,204.703148109463
204.9,204.703148109463
204.69,204.913148109463
204.48,204.913148109463
204.27,204.913148109463
204.06,205.123148109463
203.85,205.123148109463
203.64,205.123148109463
203.43,205.333148109463
203.22,205.333148109463
203.01,205.333148109463
202.8,205.543148109463
202.59,205.543148109463
202.38,205.543148109463
202.17,205.753148109463
201.96,205.753148109463
201.75,205.753148109463
201.54,205.963148109463
201.33,205.963148109463
201.12,205.963148109463
200.91,206.173148109463
200.7,206.173148109463
200.49,206.173148109463
200.28,205.963148109463
200.07,206.173148109463
199.86,205.963148109463
199.65,205.963148109463
199.44,205.963148109463
199.23,205.963148109463
199.02,205.963148109463
198.81,205.963148109463
198.6,205.963148109463
198.39,205.753148109463
198.18,205.963148109463
197.97,205.753148109463
197.76,205.753148109463
197.55,205.753148109463
197.34,205.753148109463
197.13,205.753148109463
196.92,205.753148109463
196.71,205.753148109463
196.5,205.753148109463
196.29,205.543148109463
196.08,205.753148109463
195.87,205.543148109463
195.66,205.543148109463
195.45,205.333148109463
195.24,205.543148109463
195.03,205.753148109463
194.82,205.963148109463
194.82,206.173148109463
194.82,206.383148109463
194.61,206.593148109463
194.4,206.803148109463
194.4,207.013148109463
194.19,207.223148109463
194.19,207.433148109463
194.19,207.643148109463
194.19,207.853148109463
193.98,208.063148109463
193.77,208.273148109463
193.77,208.483148109463
193.77,208.693148109463
193.56,208.903148109463
193.35,208.903148109463
193.14,209.113148109463
193.14,209.323148109463
193.14,209.533148109463
192.93,209.743148109463
192.72,209.953148109463
192.72,210.163148109463
192.51,210.373148109463
192.3,210.583148109463
192.09,210.793148109463
192.09,211.003148109463
191.88,211.213148109463
191.67,211.213148109463
191.46,211.423148109463
191.46,211.633148109463
191.46,211.843148109463
191.25,212.053148109463
191.04,212.263148109463
191.04,212.473148109463
190.83,212.683148109463
190.62,212.893148109463
190.41,213.103148109463
190.41,213.313148109463
190.2,213.523148109463
189.99,213.733148109463
189.78,213.943148109463
189.78,214.153148109463
189.57,214.363148109463
189.57,214.573148109463
189.36,214.783148109463
189.15,214.993148109463
188.94,215.203148109463
188.94,215.413148109463
188.73,215.623148109463
188.52,215.623148109463
188.31,215.623148109463
188.1,215.833148109463
188.1,216.043148109463
187.89,216.043148109463
187.68,216.043148109463
187.47,216.253148109463
187.26,216.463148109463
187.05,216.463148109463
186.84,216.673148109463
186.63,216.673148109463
186.42,216.883148109463
186.21,217.093148109463
186,217.093148109463
185.79,217.093148109463
185.58,217.303148109463
185.58,217.513148109463
185.37,217.513148109463
185.16,217.513148109463
184.95,217.723148109463
184.74,217.933148109463
184.53,217.933148109463
184.32,218.143148109463
184.11,218.143148109463
183.9,218.353148109463
183.69,218.563148109463
183.48,218.563148109463
183.27,218.563148109463
183.06,218.773148109463
183.06,218.983148109463
182.85,218.983148109463
182.64,218.983148109463
182.43,219.193148109463
182.22,219.403148109463
182.01,219.403148109463
181.8,219.613148109463
181.59,219.613148109463
181.38,219.613148109463
181.17,219.823148109463
181.38,220.033148109463
181.17,220.033148109463
180.96,220.033148109463
180.75,220.033148109463
180.54,220.243148109463
180.33,220.453148109463
180.12,220.663148109463
179.91,220.663148109463
179.7,220.873148109463
179.49,221.083148109463
179.28,221.083148109463
179.07,221.083148109463
178.86,221.293148109463
178.65,221.503148109463
178.44,221.503148109463
178.23,221.713148109463
178.02,221.923148109463
177.81,221.923148109463
177.6,222.133148109463
177.39,222.133148109463
177.18,222.133148109463
176.97,222.343148109463
176.97,222.553148109463
176.76,222.553148109463
176.55,222.553148109463
176.34,222.763148109463
176.13,222.973148109463
175.92,222.973148109463
175.71,223.183148109463
175.5,223.183148109463
175.29,223.393148109463
175.08,223.603148109463
174.87,223.603148109463
174.66,223.603148109463
174.45,223.813148109463
174.45,224.023148109463
174.24,224.023148109463
174.03,224.023148109463
173.82,224.233148109463
173.61,224.233148109463
173.4,224.443148109463
173.19,224.653148109463
172.98,224.653148109463
172.77,224.863148109463
172.56,225.073148109463
172.35,225.073148109463
172.14,225.073148109463
171.93,225.283148109463
171.93,225.493148109463
171.72,225.493148109463
171.51,225.493148109463
171.3,225.703148109463
171.09,225.703148109463
170.88,225.703148109463
170.67,225.913148109463
170.46,225.913148109463
170.25,225.913148109463
170.04,226.123148109463
169.83,226.123148109463
169.62,226.123148109463
169.41,226.333148109463
169.41,226.543148109463
169.2,226.543148109463
168.99,226.543148109463
168.78,226.753148109463
168.57,226.753148109463
168.36,226.753148109463
168.15,226.963148109463
167.94,226.963148109463
167.73,226.963148109463
167.52,227.173148109463
167.31,227.173148109463
167.1,227.173148109463
166.89,227.383148109463
166.68,227.383148109463
166.47,227.383148109463
166.26,227.593148109463
166.05,227.593148109463
165.84,227.593148109463
165.63,227.803148109463
165.42,227.803148109463
165.21,227.803148109463
165,227.803148109463
164.79,228.013148109463
164.58,228.013148109463
164.37,228.013148109463
164.16,228.223148109463
163.95,228.223148109463
163.74,228.223148109463
163.53,228.433148109463
163.32,228.433148109463
163.11,228.643148109463
162.9,228.853148109463
162.69,228.853148109463
162.48,228.853148109463
162.27,229.063148109463
162.06,229.063148109463
161.85,229.063148109463
161.64,229.273148109463
161.43,229.273148109463
161.22,229.273148109463
161.01,229.483148109463
160.8,229.483148109463
160.59,229.483148109463
160.38,229.693148109463
160.17,229.693148109463
159.96,229.693148109463
159.75,229.903148109463
159.54,229.903148109463
159.33,229.903148109463
159.12,230.113148109463
158.91,230.113148109463
158.7,230.113148109463
158.49,230.323148109463
158.28,230.323148109463
158.07,230.323148109463
157.86,230.533148109463
157.65,230.533148109463
157.44,230.533148109463
157.23,230.743148109463
157.02,230.743148109463
156.81,230.953148109463
156.6,231.163148109463
156.39,231.163148109463
156.18,231.163148109463
155.97,231.373148109463
155.76,231.373148109463
155.55,231.373148109463
155.34,231.583148109463
155.13,231.583148109463
154.92,231.583148109463
154.71,231.793148109463
154.5,231.793148109463
154.29,231.793148109463
154.08,231.793148109463
153.87,232.003148109463
153.66,232.003148109463
153.45,232.003148109463
153.24,232.213148109463
153.03,232.213148109463
152.82,232.213148109463
152.61,232.423148109463
152.4,232.423148109463
152.19,232.423148109463
151.98,232.633148109463
151.77,232.633148109463
151.56,232.633148109463
151.35,232.843148109463
151.14,232.843148109463
150.93,232.843148109463
150.72,233.053148109463
150.72,233.263148109463
150.51,233.263148109463
150.3,233.263148109463
150.09,233.473148109463
149.88,233.473148109463
149.67,233.473148109463
149.46,233.683148109463
149.25,233.683148109463
149.04,233.683148109463
148.83,233.893148109463
148.62,233.893148109463
148.41,233.893148109463
148.2,234.103148109463
147.99,234.103148109463
147.78,234.103148109463
147.57,234.313148109463
147.36,234.313148109463
147.15,234.313148109463
146.94,234.523148109463
146.73,234.523148109463
146.52,234.523148109463
146.31,234.733148109463
146.1,234.733148109463
145.89,234.733148109463
145.68,234.943148109463
145.47,234.943148109463
145.26,234.943148109463
145.05,235.153148109463
144.84,235.153148109463
144.63,235.153148109463
144.42,235.363148109463
144.42,235.573148109463
144.21,235.573148109463
144,235.573148109463
143.79,235.783148109463
143.58,235.783148109463
143.37,235.783148109463
143.16,235.783148109463
142.95,235.993148109463
142.74,235.993148109463
142.53,235.993148109463
142.32,236.203148109463
142.11,236.203148109463
141.9,236.203148109463
141.69,236.413148109463
141.48,236.413148109463
141.27,236.413148109463
141.06,236.623148109463
140.85,236.623148109463
140.64,236.623148109463
140.43,236.833148109463
140.22,236.833148109463
140.01,236.833148109463
139.8,237.043148109463
139.59,237.043148109463
139.38,237.043148109463
139.17,237.253148109463
138.96,237.253148109463
138.75,237.253148109463
138.54,237.463148109463
138.33,237.463148109463
138.12,237.463148109463
137.91,237.673148109463
137.7,237.673148109463
137.49,237.673148109463
137.28,237.883148109463
137.07,237.883148109463
136.86,237.883148109463
136.65,238.093148109463
136.44,238.093148109463
136.23,238.093148109463
136.02,238.303148109463
135.81,238.303148109463
135.6,238.093148109463
135.39,238.093148109463
135.18,238.303148109463
134.97,238.303148109463
134.76,238.303148109463
134.55,238.513148109463
134.34,238.513148109463
134.13,238.513148109463
133.92,238.723148109463
133.71,238.723148109463
133.5,238.723148109463
133.29,238.933148109463
133.08,238.933148109463
132.87,238.933148109463
132.66,239.143148109463
132.45,239.143148109463
132.24,239.143148109463
132.03,239.353148109463
131.82,239.353148109463
131.61,239.353148109463
131.4,239.563148109463
131.19,239.563148109463
130.98,239.563148109463
130.77,239.773148109463
130.56,239.773148109463
130.35,239.773148109463
130.14,239.983148109463
129.93,239.983148109463
129.72,239.983148109463
129.51,240.193148109463
129.3,240.193148109463
129.09,240.193148109463
128.88,240.403148109463
128.67,240.403148109463
128.46,240.403148109463
128.25,240.403148109463
128.04,240.613148109463
127.83,240.613148109463
127.62,240.613148109463
127.41,240.823148109463
127.2,240.823148109463
126.99,240.823148109463
126.78,241.033148109463
126.57,241.033148109463
126.36,241.033148109463
126.15,241.243148109463
125.94,241.243148109463
125.73,241.243148109463
125.52,241.453148109463
125.31,241.453148109463
125.1,241.453148109463
124.89,241.663148109463
124.68,241.663148109463
124.47,241.663148109463
124.26,241.873148109463
124.05,241.873148109463
123.84,241.873148109463
123.63,242.083148109463
123.42,242.083148109463
123.21,242.083148109463
123,242.293148109463
122.79,242.293148109463
122.58,242.293148109463
122.37,242.503148109463
122.16,242.503148109463
121.95,242.503148109463
121.74,242.713148109463
121.53,242.713148109463
121.32,242.713148109463
121.11,242.923148109463
120.9,242.923148109463
120.69,242.923148109463
120.48,243.133148109463
120.27,243.133148109463
120.06,243.133148109463
119.85,243.133148109463
119.64,243.343148109463
119.43,243.343148109463
119.22,243.343148109463
119.01,243.553148109463
118.8,243.553148109463
118.59,243.553148109463
118.38,243.763148109463
118.17,243.763148109463
117.96,243.763148109463
117.75,243.973148109463
117.54,243.973148109463
117.33,243.973148109463
117.12,244.183148109463
116.91,244.183148109463
116.7,244.183148109463
116.49,244.393148109463
116.28,244.393148109463
116.07,244.393148109463
115.86,244.603148109463
115.65,244.603148109463
115.44,244.603148109463
115.23,244.813148109463
115.02,244.813148109463
114.81,244.813148109463
114.6,245.023148109463
114.39,245.023148109463
114.18,245.023148109463
113.97,245.233148109463
113.76,245.233148109463
113.55,245.233148109463
113.34,245.443148109463
113.13,245.443148109463
112.92,245.443148109463
112.71,245.653148109463
112.5,245.653148109463
112.29,245.443148109463
112.08,245.443148109463
111.87,245.653148109463
111.66,245.653148109463
111.45,245.653148109463
111.24,245.863148109463
111.03,245.863148109463
110.82,245.863148109463
110.61,246.073148109463
110.4,246.073148109463
110.19,246.073148109463
109.98,246.283148109463
109.77,246.283148109463
109.56,246.283148109463
109.35,246.493148109463
109.14,246.493148109463
108.93,246.493148109463
108.72,246.703148109463
108.51,246.703148109463
108.3,246.703148109463
108.09,246.913148109463
107.88,246.913148109463
107.67,246.913148109463
107.46,247.123148109463
107.25,247.123148109463
107.04,247.123148109463
106.83,247.333148109463
106.62,247.333148109463
106.41,247.333148109463
106.2,247.543148109463
105.99,247.543148109463
105.78,247.543148109463
105.57,247.753148109463
105.36,247.753148109463
105.15,247.753148109463
104.94,247.963148109463
104.73,247.963148109463
104.52,247.963148109463
104.31,247.963148109463
104.1,248.173148109463
103.89,248.173148109463
103.68,248.173148109463
103.47,248.383148109463
103.26,248.383148109463
103.05,248.383148109463
102.84,248.593148109463
102.63,248.593148109463
102.42,248.593148109463
102.21,248.803148109463
102,248.803148109463
101.79,248.803148109463
101.58,249.013148109463
101.37,249.013148109463
101.16,249.013148109463
100.95,249.223148109463
100.74,249.223148109463
100.53,249.223148109463
100.32,249.433148109463
100.11,249.433148109463
99.9,249.433148109463
99.69,249.643148109463
99.48,249.643148109463
99.27,249.643148109463
99.06,249.853148109463
98.85,249.853148109463
98.64,249.853148109463
98.43,250.063148109463
98.22,250.063148109463
98.01,250.063148109463
97.8,250.273148109463
97.59,250.273148109463
97.38,250.273148109463
97.17,250.483148109463
96.96,250.483148109463
96.75,250.483148109463
96.54,250.693148109463
96.33,250.693148109463
96.12,250.693148109463
95.91,250.693148109463
95.7,250.903148109463
95.49,250.903148109463
95.28,250.903148109463
95.07,251.113148109463
94.86,251.113148109463
94.65,251.113148109463
94.44,251.323148109463
94.23,251.323148109463
94.02,251.323148109463
93.81,251.533148109463
93.6,251.533148109463
93.39,251.533148109463
93.18,251.743148109463
92.97,251.743148109463
92.76,251.743148109463
92.55,251.953148109463
92.34,251.953148109463
92.13,251.953148109463
91.92,252.163148109463
91.71,252.163148109463
91.5,252.163148109463
91.29,252.373148109463
91.08,252.373148109463
90.87,252.373148109463
90.66,252.583148109463
90.45,252.583148109463
90.24,252.583148109463
90.03,252.793148109463
89.82,252.793148109463
89.61,252.793148109463
89.4,253.003148109463
89.19,253.003148109463
88.98,252.793148109463
88.77,252.793148109463
88.56,253.003148109463
88.35,253.003148109463
88.14,253.003148109463
87.93,253.213148109463
87.72,253.213148109463
87.51,253.213148109463
87.3,253.423148109463
87.09,253.423148109463
86.88,253.423148109463
86.67,253.633148109463
86.46,253.633148109463
86.25,253.633148109463
86.04,253.843148109463
85.83,253.843148109463
85.62,253.843148109463
85.41,254.053148109463
85.2,254.053148109463
84.99,254.053148109463
84.78,254.263148109463
84.57,254.263148109463
84.36,254.263148109463
84.15,254.473148109463
83.94,254.473148109463
83.73,254.473148109463
83.52,254.683148109463
83.31,254.683148109463
83.1,254.683148109463
82.89,254.893148109463
82.68,254.893148109463
82.47,254.893148109463
82.26,255.103148109463
82.05,255.103148109463
81.84,255.103148109463
81.63,255.313148109463
81.42,255.313148109463
81.21,255.313148109463
81,255.313148109463
80.79,255.523148109463
80.58,255.523148109463
80.37,255.523148109463
80.16,255.733148109463
79.95,255.733148109463
79.74,255.733148109463
79.53,255.943148109463
79.32,255.943148109463
79.11,255.943148109463
78.9,256.153148109463
78.69,256.153148109463
78.48,256.153148109463
78.27,256.363148109463
78.06,256.363148109463
77.85,256.363148109463
77.64,256.573148109463
77.43,256.573148109463
77.22,256.573148109463
77.01,256.783148109463
76.8,256.783148109463
76.59,256.783148109463
76.38,256.993148109463
76.17,256.993148109463
75.96,256.993148109463
75.75,257.203148109463
75.54,257.203148109463
75.33,257.203148109463
75.12,257.413148109463
74.91,257.413148109463
74.7,257.413148109463
74.49,257.623148109463
74.28,257.623148109463
74.07,257.623148109463
73.86,257.833148109463
73.65,257.833148109463
73.44,257.833148109463
73.23,258.043148109463
73.02,258.043148109463
72.81,258.043148109463
72.6,258.043148109463
72.39,258.253148109463
72.18,258.253148109463
71.97,258.463148109463
71.97,258.673148109463
71.76,258.673148109463
71.55,258.673148109463
71.34,258.673148109463
71.13,258.883148109463
70.92,258.883148109463
70.71,259.093148109463
70.71,259.303148109463
70.5,259.303148109463
70.29,259.303148109463
70.08,259.303148109463
69.87,259.513148109463
69.66,259.723148109463
69.45,259.933148109463
69.24,259.933148109463
69.03,259.933148109463
68.82,259.933148109463
68.61,260.143148109463
68.61,260.353148109463
68.4,260.353148109463
68.19,260.563148109463
67.98,260.563148109463
67.77,260.563148109463
67.56,260.563148109463
67.35,260.773148109463
67.35,260.983148109463
67.14,260.983148109463
66.93,261.193148109463
66.72,261.193148109463
66.51,261.193148109463
66.3,261.403148109463
66.3,261.613148109463
66.09,261.613148109463
65.88,261.613148109463
65.67,261.823148109463
65.46,261.823148109463
65.25,261.823148109463
65.04,262.033148109463
65.04,262.243148109463
64.83,262.243148109463
64.62,262.243148109463
64.41,262.453148109463
64.2,262.453148109463
63.99,262.663148109463
63.78,262.873148109463
63.57,262.873148109463
63.36,262.873148109463
63.15,263.083148109463
62.94,263.083148109463
62.73,263.083148109463
62.52,263.293148109463
62.31,263.293148109463
62.1,263.293148109463
61.89,263.293148109463
61.68,263.503148109463
61.47,263.503148109463
61.26,263.503148109463
61.05,263.713148109463
60.84,263.713148109463
60.63,263.713148109463
60.42,263.923148109463
60.21,263.923148109463
60,263.713148109463
59.79,263.923148109463
59.58,263.923148109463
59.37,263.923148109463
59.16,264.133148109463
58.95,264.133148109463
58.74,264.133148109463
58.53,264.343148109463
58.32,264.343148109463
58.11,264.343148109463
57.9,264.553148109463
57.69,264.553148109463
57.48,264.553148109463
57.27,264.763148109463
57.06,264.763148109463
56.85,264.763148109463
56.64,264.973148109463
56.43,264.973148109463
56.22,264.973148109463
56.01,265.183148109463
55.8,265.183148109463
55.59,265.183148109463
55.38,264.973148109463
55.17,265.183148109463
54.96,265.183148109463
54.75,265.183148109463
54.54,265.393148109463
54.33,265.393148109463
54.12,265.393148109463
53.91,265.603148109463
53.7,265.393148109463
53.49,265.393148109463
53.28,265.393148109463
53.07,265.393148109463
52.86,265.183148109463
52.65,265.393148109463
52.44,265.393148109463
52.23,265.183148109463
52.02,265.183148109463
51.81,265.183148109463
51.6,264.973148109463
51.39,264.973148109463
51.18,264.973148109463
50.97,264.973148109463
50.76,264.973148109463
50.55,264.973148109463
50.34,264.973148109463
50.13,264.763148109463
49.92,264.763148109463
49.71,264.763148109463
49.5,264.553148109463
49.29,264.553148109463
49.08,264.553148109463
48.87,264.553148109463
48.66,264.553148109463
48.45,264.553148109463
48.24,264.553148109463
48.03,264.343148109463
47.82,264.343148109463
47.61,264.343148109463
47.4,264.133148109463
47.19,264.133148109463
46.98,264.133148109463
46.77,264.133148109463
46.56,264.133148109463
46.35,263.923148109463
46.14,264.133148109463
45.93,263.923148109463
45.72,263.923148109463
45.51,263.923148109463
45.3,263.923148109463
45.09,263.713148109463
44.88,263.923148109463
44.67,263.713148109463
44.46,263.713148109463
44.25,263.503148109463
44.04,263.713148109463
43.83,263.713148109463
43.62,263.713148109463
43.41,263.923148109463
43.2,263.923148109463
42.99,263.923148109463
42.78,264.133148109463
42.57,264.133148109463
42.36,264.133148109463
42.15,264.343148109463
41.94,264.343148109463
41.73,264.343148109463
41.52,264.553148109463
41.31,264.553148109463
41.1,264.553148109463
40.89,264.763148109463
40.68,264.763148109463
40.47,264.763148109463
40.26,264.973148109463
40.05,264.973148109463
39.84,264.973148109463
39.63,265.183148109463
39.42,264.973148109463
39.21,264.973148109463
39,265.183148109463
38.79,265.183148109463
38.58,265.183148109463
38.37,265.393148109463
38.16,265.393148109463
37.95,265.393148109463
37.74,265.603148109463
37.53,265.603148109463
37.32,265.603148109463
37.11,265.603148109463
36.9,265.813148109463
36.69,265.813148109463
36.48,265.813148109463
36.27,266.023148109463
36.06,266.023148109463
35.85,266.023148109463
35.64,266.233148109463
35.43,266.233148109463
35.22,266.233148109463
35.01,266.443148109463
34.8,266.443148109463
34.59,266.443148109463
34.38,266.653148109463
34.17,266.653148109463
33.96,266.653148109463
33.75,266.863148109463
33.54,266.863148109463
33.33,266.863148109463
33.12,267.073148109463
32.91,267.073148109463
32.7,267.073148109463
32.49,267.073148109463
32.28,267.073148109463
32.07,267.073148109463
31.86,267.283148109463
31.65,267.283148109463
31.44,267.283148109463
31.23,267.493148109463
31.02,267.493148109463
30.81,267.493148109463
30.6,267.703148109463
30.39,267.703148109463
30.18,267.703148109463
29.97,267.703148109463
29.76,267.913148109463
29.55,267.913148109463
29.34,267.913148109463
29.13,268.123148109463
28.92,268.123148109463
28.71,268.123148109463
28.5,268.333148109463
28.29,268.333148109463
28.08,268.333148109463
27.87,268.543148109463
27.66,268.543148109463
27.45,268.543148109463
27.24,268.753148109463
27.03,268.753148109463
26.82,268.753148109463
26.61,268.963148109463
26.4,268.963148109463
26.19,268.963148109463
25.98,268.963148109463
25.77,268.963148109463
25.56,268.963148109463
25.35,269.173148109463
25.14,269.173148109463
24.93,269.173148109463
24.72,269.383148109463
24.51,269.383148109463
24.3,269.383148109463
24.09,269.593148109463
23.88,269.593148109463
23.67,269.593148109463
23.46,269.593148109463
23.25,269.803148109463
23.04,269.803148109463
22.83,269.803148109463
22.62,270.013148109463
22.41,270.013148109463
22.2,270.013148109463
21.99,270.223148109463
21.78,270.223148109463
21.57,270.223148109463
21.36,270.433148109463
21.15,270.433148109463
20.94,270.433148109463
20.73,270.643148109463
20.52,270.643148109463
20.31,270.643148109463
20.1,270.853148109463
19.89,270.853148109463
19.68,270.853148109463
19.47,271.063148109463
19.26,270.853148109463
19.05,270.853148109463
18.84,271.063148109463
18.63,271.063148109463
18.42,271.063148109463
18.21,271.273148109463
18,271.273148109463
17.79,271.273148109463
17.58,271.483148109463
17.37,271.483148109463
17.16,271.483148109463
16.95,271.693148109463
16.74,271.693148109463
16.53,271.693148109463
16.32,271.693148109463
16.11,271.903148109463
15.9,271.903148109463
15.69,271.903148109463
15.48,272.113148109463
15.27,272.113148109463
15.06,272.113148109463
14.85,272.323148109463
14.64,272.323148109463
14.43,272.323148109463
14.22,272.533148109463
14.01,272.533148109463
13.8,272.533148109463
13.59,272.743148109463
13.38,272.743148109463
13.17,272.743148109463
12.96,272.953148109463
12.75,272.953148109463
12.54,272.953148109463
12.33,272.953148109463
12.12,272.953148109463
11.91,272.953148109463
11.7,273.163148109463
11.49,273.163148109463
11.28,273.163148109463
11.07,273.373148109463
10.86,273.373148109463
10.65,273.373148109463
10.44,273.583148109463
10.23,273.583148109463
10.02,273.583148109463
9.81,273.793148109463
9.6,273.793148109463
9.39,273.793148109463
9.18,273.793148109463
8.97,274.003148109463
8.76,274.003148109463
8.55,274.003148109463
8.34,274.213148109463
8.13,274.213148109463
7.92,274.213148109463
7.71,274.423148109463
7.5,274.423148109463
7.29,274.423148109463
7.08,274.633148109463
6.87,274.633148109463
6.66,274.633148109463
6.45,274.843148109463
6.24,274.843148109463
6.03,274.843148109463
5.82,274.843148109463
5.61,274.843148109463
5.4,274.843148109463
5.19,275.053148109463
4.98,275.053148109463
4.77,275.053148109463
4.56,275.263148109463
4.35,275.263148109463
4.14,275.263148109463
3.93,275.473148109463
3.72,275.473148109463
3.51,275.473148109463
3.3,275.683148109463
3.09,275.683148109463
2.88,275.683148109463
2.67,275.893148109463
2.46,275.893148109463
2.25,275.893148109463
2.04,275.893148109463
1.83,276.103148109463
1.62,276.103148109463
1.41,276.103148109463
1.2,276.313148109463
0.99,276.313148109463
0.78,276.313148109463
0.57,276.523148109463
0.36,276.523148109463
0.15,276.523148109463
