source_folder,iteration,particle_idx,error_ctrl,error_c59,error_original,final_cell_count,timestamp,MIGRATION_FRACTION,KDIV,MU_MIGRATION
mu_mig_c59_20260126_134942_ws0127_1358_ws0129_1459,0,0,16.46784791885112,102.13603463059434,102.13603463059434,1762,2026-01-26 14:49:39,0.5598095384149514,0.30823905023419196,0.45359649554299974
mu_mig_c59_20260126_134942_ws0127_1358_ws0129_1459,0,1,64.55930979397971,51.771060617684626,51.771060617684626,1189,2026-01-26 14:44:40,0.4233983317693192,0.21965401483346902,0.323800368469195
mu_mig_c59_20260126_134942_ws0127_1358_ws0129_1459,0,2,18.740875364394064,96.0664739395681,96.0664739395681,1161,2026-01-26 14:45:56,0.5850699825533195,0.21880577722806788,0.4986730637301761
mu_mig_c59_20260126_134942_ws0127_1358_ws0129_1459,0,3,65.75788324658993,52.64128051586667,52.64128051586667,1402,2026-01-26 14:48:00,0.35086059858554836,0.24510422861094877,0.37876700130459395
mu_mig_c59_20260126_134942_ws0127_1358_ws0129_1459,0,4,22.841419349217016,93.04644144285153,93.04644144285153,1374,2026-01-26 14:48:59,0.6308062311507625,0.2496490822362231,0.3980034581831912
mu_mig_c59_20260126_134942_ws0127_1358_ws0129_1459,0,5,40.27501495853876,76.38848593029034,76.38848593029034,1313,2026-01-26 14:48:22,0.5391642293439275,0.23062051639835654,0.38387428349545305
mu_mig_c59_20260126_134942_ws0127_1358_ws0129_1459,0,6,25.646234109558893,90.88922768133902,90.88922768133902,1873,2026-01-26 14:50:40,0.5934434056583892,0.31721919219937694,0.3398893558181618
mu_mig_c59_20260126_134942_ws0127_1358_ws0129_1459,0,7,28.57122109561258,87.63741089975217,87.63741089975217,1678,2026-01-26 14:51:21,0.48526987572915264,0.2936287519568009,0.4210979678077426
mu_mig_c59_20260126_134942_ws0127_1358_ws0129_1459,0,8,56.90734693519831,59.04985846830288,59.04985846830288,1256,2026-01-26 14:45:58,0.2978498119042331,0.23853905780934154,0.47458932798515485
mu_mig_c59_20260126_134942_ws0127_1358_ws0129_1459,0,9,39.804407283363865,76.4910005639311,76.4910005639311,1708,2026-01-26 14:50:03,0.4998121529348754,0.2868451762727462,0.35338849146431695
mu_mig_c59_20260126_134942_ws0127_1358_ws0129_1459,0,10,57.50495369489271,58.74918566463701,58.74918566463701,993,2026-01-26 14:42:28,0.4783410565711702,0.18566883933325368,0.387340169432831
mu_mig_c59_20260126_134942_ws0127_1358_ws0129_1459,0,11,49.76036123588735,66.27776796435812,66.27776796435812,1337,2026-01-26 14:48:32,0.4307641749122328,0.24421668926693857,0.37192689756789943
mu_mig_c59_20260126_134942_ws0127_1358_ws0129_1459,0,12,61.423870904164374,56.029515676678734,56.029515676678734,1079,2026-01-26 14:46:55,0.4724939081901714,0.19990790537278763,0.3622295222756236
mu_mig_c59_20260126_134942_ws0127_1358_ws0129_1459,0,13,71.07005711874953,45.415218866296925,45.415218866296925,1010,2026-01-26 14:45:40,0.476404359451228,0.18989032889549806,0.3552305844804664
mu_mig_c59_20260126_134942_ws0127_1358_ws0129_1459,0,14,13.747751144988863,121.2248672615407,121.2248672615407,2722,2026-01-26 14:53:18,0.46072724637462353,0.38612091274925897,0.46287694907237664
mu_mig_c59_20260126_134942_ws0127_1358_ws0129_1459,0,15,12.69572854904086,105.46853757917742,105.46853757917742,2013,2026-01-26 14:51:57,0.6145863463207734,0.32427173450944813,0.37001873343210157
mu_mig_c59_20260126_134942_ws0127_1358_ws0129_1459,0,16,55.99656170329064,61.232200149648456,61.232200149648456,1759,2026-01-26 14:51:13,0.35462986950969133,0.30218197879075837,0.3532686404459472
mu_mig_c59_20260126_134942_ws0127_1358_ws0129_1459,0,17,50.533392549457645,65.66669891657746,65.66669891657746,1226,2026-01-26 14:48:02,0.5000895116099543,0.2283284954628707,0.4093536485309345
mu_mig_c59_20260126_134942_ws0127_1358_ws0129_1459,0,18,59.3959583656024,56.94379304485247,56.94379304485247,1166,2026-01-26 14:46:27,0.45711624836019166,0.21285881515429123,0.34532936625611266
mu_mig_c59_20260126_134942_ws0127_1358_ws0129_1459,0,19,102.38872999294752,22.346548531847542,22.346548531847542,1056,2026-01-26 14:44:27,0.3183292975084611,0.19497700818698238,0.2512373524431304
mu_mig_c59_20260126_134942_ws0127_1358_ws0129_1459,0,20,46.51460397092061,70.12540936320039,70.12540936320039,1222,2026-01-26 15:34:48,0.6633567733564072,0.22520346769557334,0.32205833615129636
mu_mig_c59_20260126_134942_ws0127_1358_ws0129_1459,0,21,48.68003612317984,67.37531968246704,67.37531968246704,1072,2026-01-26 15:34:15,0.5892730345612509,0.18626734008837592,0.3473417675796023
mu_mig_c59_20260126_134942_ws0127_1358_ws0129_1459,0,22,52.391433973370994,63.9624246494781,63.9624246494781,1097,2026-01-26 15:36:06,0.48425099121906945,0.2055142774029935,0.3670406983456666
mu_mig_c59_20260126_134942_ws0127_1358_ws0129_1459,0,23,76.80487770305919,39.327092506302186,39.327092506302186,869,2026-01-26 15:37:34,0.35445834040059654,0.1505009052941019,0.34934542854210016
mu_mig_c59_20260126_134942_ws0127_1358_ws0129_1459,0,24,70.79628603926294,47.76572545559579,47.76572545559579,1323,2026-01-26 15:39:19,0.4183973913631943,0.23604477776722257,0.32837154290007403
mu_mig_c59_20260126_134942_ws0127_1358_ws0129_1459,1,0,15.796218232729128,106.039676847503,106.039676847503,2248,2026-01-26 16:30:53,0.5730626263340615,0.34880559079177287,0.3858831503855119
mu_mig_c59_20260126_134942_ws0127_1358_ws0129_1459,1,1,68.85502045177664,50.56495438742763,50.56495438742763,1501,2026-01-26 16:25:48,0.3836900928692054,0.2607057985600598,0.3270452476634232
mu_mig_c59_20260126_134942_ws0127_1358_ws0129_1459,1,2,63.108909108705085,54.598639825183504,54.598639825183504,1025,2026-01-26 16:20:54,0.42640375739656755,0.20153168548813122,0.4214353942217736
mu_mig_c59_20260126_134942_ws0127_1358_ws0129_1459,1,3,73.65618440324201,45.118175086875176,45.118175086875176,1211,2026-01-26 16:22:38,0.3200341959773524,0.2219068753291582,0.3903405971306805
mu_mig_c59_20260126_134942_ws0127_1358_ws0129_1459,1,4,58.12938776590853,57.69226600138947,57.69226600138947,1115,2026-01-26 16:22:23,0.508324291677823,0.20797564426817122,0.35266380470626657
mu_mig_c59_20260126_134942_ws0127_1358_ws0129_1459,1,5,44.25926634472378,71.35627994963359,71.35627994963359,1240,2026-01-26 16:22:35,0.47312245598291913,0.21716440904588027,0.44638224987411657
mu_mig_c59_20260126_134942_ws0127_1358_ws0129_1459,1,6,17.546916252318027,102.77982442028178,102.77982442028178,2411,2026-01-26 16:29:15,0.6557215885454858,0.36555315272599326,0.2957106094813924
mu_mig_c59_20260126_134942_ws0127_1358_ws0129_1459,1,7,13.775411721289856,121.66850923664418,121.66850923664418,2999,2026-01-26 16:35:48,0.415008830130731,0.41377026861600785,0.46245801494440253
mu_mig_c59_20260126_134942_ws0127_1358_ws0129_1459,1,8,71.71167196832963,44.92773002374005,44.92773002374005,1195,2026-01-26 16:22:42,0.2700891498203076,0.22842416033155385,0.4310276957189731
mu_mig_c59_20260126_134942_ws0127_1358_ws0129_1459,1,9,50.62063692887844,67.40595262299728,67.40595262299728,1742,2026-01-26 16:27:15,0.42728488572560125,0.29162885104537956,0.30491656312890275
mu_mig_c59_20260126_134942_ws0127_1358_ws0129_1459,1,10,43.71073068338089,74.17845476422592,74.17845476422592,1591,2026-01-26 16:26:41,0.3956378193958975,0.2888785647507838,0.37470157696851397
mu_mig_c59_20260126_134942_ws0127_1358_ws0129_1459,1,11,85.0511508891986,35.57084619260764,35.57084619260764,1176,2026-01-26 16:22:59,0.24676452813934363,0.22005491212941214,0.3767125125967984
mu_mig_c59_20260126_134942_ws0127_1358_ws0129_1459,1,12,42.00519802002629,74.98611067011647,74.98611067011647,1505,2026-01-26 16:26:00,0.5430654292688881,0.26054196721125644,0.3372159884905823
mu_mig_c59_20260126_134942_ws0127_1358_ws0129_1459,1,13,81.82845345712798,37.914517068810554,37.914517068810554,988,2026-01-26 16:23:07,0.6002529566053986,0.1836970789941812,0.2606401641795965
mu_mig_c59_20260126_134942_ws0127_1358_ws0129_1459,1,14,49.46750000586465,161.12310775276197,161.12310775276197,2753,2026-01-26 16:33:38,0.6968610835259709,0.391855282478906,0.45764745867974266
mu_mig_c59_20260126_134942_ws0127_1358_ws0129_1459,1,15,20.768346129491956,131.7390394690983,131.7390394690983,1781,2026-01-26 16:26:58,0.6910917920314218,0.3055793734572819,0.45088475075519613
mu_mig_c59_20260126_134942_ws0127_1358_ws0129_1459,1,16,46.579420814947454,72.79537947386405,72.79537947386405,1826,2026-01-26 16:27:56,0.34825985097694023,0.30485381419365876,0.4396226399569092
mu_mig_c59_20260126_134942_ws0127_1358_ws0129_1459,1,17,41.75562804236326,73.65758882625605,73.65758882625605,1210,2026-01-26 16:22:35,0.4924630833166662,0.22878993781964013,0.4110028551301117
mu_mig_c59_20260126_134942_ws0127_1358_ws0129_1459,1,18,71.43942289325743,45.96118743803756,45.96118743803756,1170,2026-01-26 16:22:14,0.4584485392697791,0.21539460656228016,0.3140876322985424
mu_mig_c59_20260126_134942_ws0127_1358_ws0129_1459,1,19,69.06178260976684,50.659237741171346,50.659237741171346,1856,2026-01-26 16:28:41,0.35493396049864767,0.3095071186370948,0.28112275261249253
mu_mig_c59_20260126_134942_ws0127_1358_ws0129_1459,1,20,36.588108083578724,79.64639208121137,79.64639208121137,1448,2026-01-26 16:56:12,0.7413376531144475,0.27189127977789834,0.2996796494168785
mu_mig_c59_20260126_134942_ws0127_1358_ws0129_1459,1,21,68.99755846363396,47.29076306432066,47.29076306432066,983,2026-01-26 16:55:26,0.40448116937463674,0.17786247609126427,0.37961098248498215
mu_mig_c59_20260126_134942_ws0127_1358_ws0129_1459,1,22,39.80884070049195,76.41188166743336,76.41188166743336,1053,2026-01-26 16:55:47,0.6643069849683453,0.195286296771174,0.3758661755500298
mu_mig_c59_20260126_134942_ws0127_1358_ws0129_1459,1,23,75.29590893324001,40.7405093066549,40.7405093066549,804,2026-01-26 16:54:45,0.44988786958424054,0.14204131362255232,0.3425092518513748
mu_mig_c59_20260126_134942_ws0127_1358_ws0129_1459,1,24,72.35298366520243,47.923079027318764,47.923079027318764,1284,2026-01-26 17:00:05,0.4455672927226252,0.24570580890039526,0.30882879279027275
mu_mig_c59_20260126_134942_ws0127_1358_ws0129_1459,2,0,18.185385636175557,105.10693423953825,105.10693423953825,2504,2026-01-26 17:51:19,0.5823397878774385,0.3772021691820795,0.33848380877527046
mu_mig_c59_20260126_134942_ws0127_1358_ws0129_1459,2,1,57.8693704681072,59.4632074163371,59.4632074163371,1643,2026-01-26 17:47:11,0.3848497911310265,0.28624297069851884,0.31854164827887
mu_mig_c59_20260126_134942_ws0127_1358_ws0129_1459,2,2,84.77994817472425,34.87859713799916,34.87859713799916,1033,2026-01-26 17:40:17,0.31533739978684117,0.18943982127017556,0.3673690255658919
mu_mig_c59_20260126_134942_ws0127_1358_ws0129_1459,2,3,92.11434318435843,30.405658290879956,30.405658290879956,1066,2026-01-26 17:43:22,0.26858404051221807,0.20449354098670905,0.39296293590842357
mu_mig_c59_20260126_134942_ws0127_1358_ws0129_1459,2,4,92.61931384729239,29.58430206437669,29.58430206437669,991,2026-01-26 17:43:49,0.39308306259659165,0.18151186820173537,0.3002647388618358
mu_mig_c59_20260126_134942_ws0127_1358_ws0129_1459,2,5,38.996285462473374,75.84579476261173,75.84579476261173,1026,2026-01-26 17:39:10,0.41605265414827275,0.19607742539330292,0.4863867143183698
mu_mig_c59_20260126_134942_ws0127_1358_ws0129_1459,2,6,15.392927206172777,111.46384782361591,111.46384782361591,2990,2026-01-26 17:55:35,0.6993163165664534,0.3993869250946247,0.2647854870456538
mu_mig_c59_20260126_134942_ws0127_1358_ws0129_1459,2,7,22.864426238868706,130.94289510734032,130.94289510734032,4079,2026-01-26 17:59:34,0.3220508475153194,0.4689506131519138,0.4786460141446047
mu_mig_c59_20260126_134942_ws0127_1358_ws0129_1459,2,8,83.03431214801158,37.18367366512906,37.18367366512906,1240,2026-01-26 17:42:59,0.2506566863615597,0.22134373209710248,0.40053455313264585
mu_mig_c59_20260126_134942_ws0127_1358_ws0129_1459,2,9,61.25006192877028,56.653028663382294,56.653028663382294,1727,2026-01-26 17:48:55,0.36649258390403977,0.2891930429712687,0.2747036166469782
mu_mig_c59_20260126_134942_ws0127_1358_ws0129_1459,2,10,42.9601810960306,75.38164350081372,75.38164350081372,2388,2026-01-26 17:52:02,0.33501095346878806,0.354328024309788,0.34638872103348917
mu_mig_c59_20260126_134942_ws0127_1358_ws0129_1459,2,11,120.76178578043903,20.806450425638268,20.806450425638268,1087,2026-01-26 17:44:50,0.11796477539832123,0.20314166813314363,0.3800624431170277
mu_mig_c59_20260126_134942_ws0127_1358_ws0129_1459,2,12,36.30221191420123,79.35222497321703,79.35222497321703,1537,2026-01-26 17:43:59,0.5842768506331042,0.275523243070143,0.3277010325557487
mu_mig_c59_20260126_134942_ws0127_1358_ws0129_1459,2,13,27.01311089476854,134.70773461589292,134.70773461589292,974,2026-01-26 17:39:17,0.686946974613318,0.17936180406325938,0.6944268699689876
mu_mig_c59_20260126_134942_ws0127_1358_ws0129_1459,2,14,46.94541602473585,158.00889215256134,158.00889215256134,2222,2026-01-26 17:50:43,0.859743018310486,0.33159779236836306,0.45393220546590984
mu_mig_c59_20260126_134942_ws0127_1358_ws0129_1459,2,15,27.085162090210137,138.4116176640021,138.4116176640021,1768,2026-01-26 17:48:22,0.7446456040288757,0.29249472072076554,0.5074909628813623
mu_mig_c59_20260126_134942_ws0127_1358_ws0129_1459,2,16,28.39958805399486,86.41524614338918,86.41524614338918,1839,2026-01-26 17:47:46,0.34380083800401445,0.30672409897568903,0.5000704396145825
mu_mig_c59_20260126_134942_ws0127_1358_ws0129_1459,2,17,45.03089735404524,70.61796604956048,70.61796604956048,1219,2026-01-26 17:44:49,0.48653215434640434,0.22745674661375612,0.42870213736983637
mu_mig_c59_20260126_134942_ws0127_1358_ws0129_1459,2,18,67.47890335231494,49.051465850854875,49.051465850854875,1144,2026-01-26 17:42:57,0.4593811429064903,0.2171696605478724,0.29221841852824326
mu_mig_c59_20260126_134942_ws0127_1358_ws0129_1459,2,19,45.77842855366279,75.15248385670994,75.15248385670994,2659,2026-01-26 17:52:13,0.38055722459177826,0.3896781959521735,0.3020425327310461
mu_mig_c59_20260126_134942_ws0127_1358_ws0129_1459,2,20,24.7510506226855,93.22106398237973,93.22106398237973,1792,2026-01-26 18:15:58,0.7959242689450758,0.3045727482355258,0.28401456870278596
mu_mig_c59_20260126_134942_ws0127_1358_ws0129_1459,2,21,102.054077335322,24.626970039311452,24.626970039311452,944,2026-01-26 18:13:51,0.27512686374400686,0.1719790712932861,0.40219943291874805
mu_mig_c59_20260126_134942_ws0127_1358_ws0129_1459,2,22,30.290788588232367,83.84403516023164,83.84403516023164,1063,2026-01-26 18:16:34,0.7566893964886734,0.19533022285213858,0.3684225549423922
mu_mig_c59_20260126_134942_ws0127_1358_ws0129_1459,2,23,71.77769699811249,45.012410411845096,45.012410411845096,782,2026-01-26 18:17:06,0.5166885400127914,0.13611959945246763,0.3377239281678671
mu_mig_c59_20260126_134942_ws0127_1358_ws0129_1459,2,24,74.73295062731354,44.22089764888555,44.22089764888555,1305,2026-01-26 18:18:43,0.47003703098429134,0.2371071669451869,0.29563593519760273
mu_mig_c59_20260126_134942_ws0127_1358_ws0129_1459,3,0,18.16030822637026,106.39014473295792,106.39014473295792,2829,2026-01-26 19:10:49,0.5888338009578024,0.3970797740552941,0.3053042696481014
mu_mig_c59_20260126_134942_ws0127_1358_ws0129_1459,3,1,65.04867876022617,55.64619750837979,55.64619750837979,1839,2026-01-26 19:08:16,0.3822083682258218,0.3060198739602028,0.27941144723487077
mu_mig_c59_20260126_134942_ws0127_1358_ws0129_1459,3,2,110.37982194541516,24.82191325844133,24.82191325844133,1067,2026-01-26 19:02:24,0.22065775917257113,0.19253533247861707,0.34570812438152293
mu_mig_c59_20260126_134942_ws0127_1358_ws0129_1459,3,3,91.13504215518063,28.77615206673876,28.77615206673876,1024,2026-01-26 19:00:53,0.23256893168662407,0.19230420694699463,0.39479857305284377
mu_mig_c59_20260126_134942_ws0127_1358_ws0129_1459,3,4,113.84239651068499,21.20735318732038,21.20735318732038,898,2026-01-26 19:00:49,0.3124142022397297,0.16298722495523027,0.26358539277073423
mu_mig_c59_20260126_134942_ws0127_1358_ws0129_1459,3,5,44.099431925104284,69.89012439257968,69.89012439257968,1029,2026-01-26 19:00:12,0.39779728171956996,0.20259328638638807,0.5074644257734928
mu_mig_c59_20260126_134942_ws0127_1358_ws0129_1459,3,6,15.564919499507782,119.48868329411717,119.48868329411717,3242,2026-01-26 19:17:00,0.672971435242076,0.41686560563174924,0.26892128810033866
mu_mig_c59_20260126_134942_ws0127_1358_ws0129_1459,3,7,29.932752619893048,88.64930224093594,88.64930224093594,2758,2026-01-26 19:15:16,0.2663235955478227,0.39065900089364713,0.4998341092330887
mu_mig_c59_20260126_134942_ws0127_1358_ws0129_1459,3,8,98.62232782380892,25.700152391890885,25.700152391890885,1069,2026-01-26 19:03:32,0.24706049118845708,0.20631837976203787,0.37827023946821703
mu_mig_c59_20260126_134942_ws0127_1358_ws0129_1459,3,9,79.61890038220724,41.60511316390804,41.60511316390804,1672,2026-01-26 19:05:04,0.32393797262894675,0.2874879773193911,0.253554554109631
mu_mig_c59_20260126_134942_ws0127_1358_ws0129_1459,3,10,40.02172602757846,82.00028670935811,82.00028670935811,3033,2026-01-26 19:15:31,0.3250459316784198,0.40471571216132113,0.3012911859059615
mu_mig_c59_20260126_134942_ws0127_1358_ws0129_1459,3,11,152.18683312977552,43.380127685422686,43.380127685422686,1060,2026-01-26 19:02:09,0.02780494847960556,0.1913023973357557,0.3824073944811882
mu_mig_c59_20260126_134942_ws0127_1358_ws0129_1459,3,12,50.24007634472912,67.68157216638919,67.68157216638919,1537,2026-01-26 19:05:41,0.5833561521402009,0.27447986983432593,0.29787336035691325
mu_mig_c59_20260126_134942_ws0127_1358_ws0129_1459,3,13,28.806547190297035,137.19300607437313,137.19300607437313,922,2026-01-26 18:58:52,0.7476327872188615,0.17632711161161413,0.6480775640215614
mu_mig_c59_20260126_134942_ws0127_1358_ws0129_1459,3,14,39.11954021200556,150.01760233519127,150.01760233519127,1606,2026-01-26 19:06:06,0.9375522350639242,0.27324587808030637,0.4719289587858023
mu_mig_c59_20260126_134942_ws0127_1358_ws0129_1459,3,15,37.60242965369964,148.01382031971121,148.01382031971121,1611,2026-01-26 19:04:58,0.7821332724270934,0.2833354638052041,0.5471153113696786
mu_mig_c59_20260126_134942_ws0127_1358_ws0129_1459,3,16,32.433955385130986,82.91346200961343,82.91346200961343,1283,2026-01-26 19:02:44,0.3758974722582586,0.23192255551904106,0.5338379775352855
mu_mig_c59_20260126_134942_ws0127_1358_ws0129_1459,3,17,33.31368569364799,81.97878149711235,81.97878149711235,1233,2026-01-26 19:01:07,0.48238050406722105,0.2265235127696373,0.44109163493764364
mu_mig_c59_20260126_134942_ws0127_1358_ws0129_1459,3,18,73.48212295501841,46.00748920088796,46.00748920088796,1266,2026-01-26 19:02:45,0.46500258124060934,0.22859223458292707,0.278639098270124
mu_mig_c59_20260126_134942_ws0127_1358_ws0129_1459,3,19,22.796077531762265,100.61328884791233,100.61328884791233,3580,2026-01-26 19:15:10,0.39849350945696965,0.4457979500727286,0.31668637881403355
mu_mig_c59_20260126_134942_ws0127_1358_ws0129_1459,3,20,18.724472791641368,99.74725367382025,99.74725367382025,2062,2026-01-26 19:37:28,0.8341349000265157,0.32744977615586507,0.2730490122029212
mu_mig_c59_20260126_134942_ws0127_1358_ws0129_1459,3,21,98.5961808554629,23.954018632040032,23.954018632040032,900,2026-01-26 19:37:29,0.18457884980256595,0.16786068793470138,0.41801134822238417
mu_mig_c59_20260126_134942_ws0127_1358_ws0129_1459,3,22,16.138829330131156,99.38034975985582,99.38034975985582,1399,2026-01-26 19:37:13,0.7900431222603487,0.25376847242535516,0.3508256642216605
mu_mig_c59_20260126_134942_ws0127_1358_ws0129_1459,3,23,77.06734343254013,40.3211476826592,40.3211476826592,901,2026-01-26 19:38:46,0.5264619808451576,0.16543464867889565,0.30873186288288035
mu_mig_c59_20260126_134942_ws0127_1358_ws0129_1459,3,24,73.92420131738398,45.17987683796295,45.17987683796295,1219,2026-01-26 19:36:02,0.48716584776745764,0.23108811757654107,0.28640093488273377
mu_mig_c59_20260126_134942_ws0127_1358_ws0129_1459,4,0,23.570210998399915,99.92158655867583,99.92158655867583,2976,2026-01-26 20:32:56,0.5933796101140572,0.41099409746654436,0.2820785922590831
mu_mig_c59_20260126_134942_ws0127_1358_ws0129_1459,4,1,23.189602273827337,133.16520951603982,133.16520951603982,1829,2026-01-26 20:24:29,0.3705705689662131,0.31136389835688116,0.7374432123888577
mu_mig_c59_20260126_134942_ws0127_1358_ws0129_1459,4,2,121.1492372095176,21.18903671314138,21.18903671314138,1065,2026-01-26 20:22:08,0.15438201074258212,0.19470219032452613,0.33054549355246465
mu_mig_c59_20260126_134942_ws0127_1358_ws0129_1459,4,3,108.79197179489763,23.973174528721145,23.973174528721145,1023,2026-01-26 20:20:49,0.2121550148408906,0.19278544339599096,0.3853283976173075
mu_mig_c59_20260126_134942_ws0127_1358_ws0129_1459,4,4,37.06859658459035,76.03586004234899,76.03586004234899,795,2026-01-26 20:18:42,0.2559459999899264,0.1500199746826767,0.7379098505069632
mu_mig_c59_20260126_134942_ws0127_1358_ws0129_1459,4,5,30.12962175080618,83.43039808620844,83.43039808620844,1156,2026-01-26 20:19:54,0.385018521019478,0.20715438908154768,0.5222188237920791
mu_mig_c59_20260126_134942_ws0127_1358_ws0129_1459,4,6,16.301758089298776,117.14991919440641,117.14991919440641,3341,2026-01-26 20:37:41,0.6010015947250628,0.42412000522553706,0.2973712472820827
mu_mig_c59_20260126_134942_ws0127_1358_ws0129_1459,4,7,47.399942893115444,70.10203681178857,70.10203681178857,1656,2026-01-26 20:25:05,0.29631784812431844,0.2819041005309788,0.5243639434367477
mu_mig_c59_20260126_134942_ws0127_1358_ws0129_1459,4,8,101.19726950481697,26.416944940584983,26.416944940584983,1089,2026-01-26 20:23:37,0.24454315456728526,0.19580063312749266,0.3626852199031168
mu_mig_c59_20260126_134942_ws0127_1358_ws0129_1459,4,9,5.489988582529524,111.82471119677739,111.82471119677739,1622,2026-01-26 20:26:39,0.2941497447363816,0.28629443136307675,0.738750210333488
mu_mig_c59_20260126_134942_ws0127_1358_ws0129_1459,4,10,35.13572969057443,86.53291744421657,86.53291744421657,3570,2026-01-26 20:35:28,0.318070416425162,0.4399870936573943,0.2697229113166921
mu_mig_c59_20260126_134942_ws0127_1358_ws0129_1459,4,11,13.667194565530036,100.84695640283933,100.84695640283933,904,2026-01-26 20:20:28,0.9971421218923499,0.17094361407631078,0.3887490161949948
mu_mig_c59_20260126_134942_ws0127_1358_ws0129_1459,4,12,50.66329356617845,66.3311568496219,66.3311568496219,1378,2026-01-26 20:24:54,0.5787547597345197,0.2616403001159048,0.27675384743759945
mu_mig_c59_20260126_134942_ws0127_1358_ws0129_1459,4,13,21.64701328675661,130.1872444460748,130.1872444460748,940,2026-01-26 20:20:25,0.790112856042742,0.17420282689546246,0.615633049858363
mu_mig_c59_20260126_134942_ws0127_1358_ws0129_1459,4,14,40.64213984853513,150.90201089960496,150.90201089960496,1384,2026-01-26 20:21:22,0.9436330314771455,0.24001409695744447,0.5324905921833127
mu_mig_c59_20260126_134942_ws0127_1358_ws0129_1459,4,15,51.54372181649834,161.34579087290103,161.34579087290103,1616,2026-01-26 20:24:40,0.8083746403058458,0.27692398396431106,0.5748523553115
mu_mig_c59_20260126_134942_ws0127_1358_ws0129_1459,4,16,38.79488163926637,75.58753503270496,75.58753503270496,916,2026-01-26 20:20:27,0.41053288496901497,0.17352048254174063,0.5554832781126374
mu_mig_c59_20260126_134942_ws0127_1358_ws0129_1459,4,17,34.76317162013481,80.81660721055975,80.81660721055975,1182,2026-01-26 20:21:00,0.44543415850211165,0.22578166454614249,0.4563200847400736
mu_mig_c59_20260126_134942_ws0127_1358_ws0129_1459,4,18,70.84614697514796,46.950368500175465,46.950368500175465,1296,2026-01-26 20:20:38,0.469176614669781,0.23755727998856752,0.2713514579982517
mu_mig_c59_20260126_134942_ws0127_1358_ws0129_1459,4,19,16.204588107247755,111.44871703280259,111.44871703280259,3947,2026-01-26 20:35:22,0.3819001596550104,0.46167784531188194,0.32460538985503484
mu_mig_c59_20260126_134942_ws0127_1358_ws0129_1459,4,20,10.32917165506369,117.41613191196714,117.41613191196714,2122,2026-01-26 20:59:38,0.8506963208349452,0.333956698896799,0.30274861101901035
mu_mig_c59_20260126_134942_ws0127_1358_ws0129_1459,4,21,116.40759525964215,20.03775184313811,20.03775184313811,893,2026-01-26 20:51:26,0.12119524004355732,0.1649778195836921,0.4290796889349294
mu_mig_c59_20260126_134942_ws0127_1358_ws0129_1459,4,22,10.664153756198004,109.9015818450622,109.9015818450622,1730,2026-01-26 20:59:19,0.8133907303005213,0.29467524712660675,0.3385078407171484
mu_mig_c59_20260126_134942_ws0127_1358_ws0129_1459,4,23,78.91147103355468,40.8788589654032,40.8788589654032,1025,2026-01-26 20:54:05,0.533303389427814,0.18595518313739526,0.2884374171833896
mu_mig_c59_20260126_134942_ws0127_1358_ws0129_1459,4,24,69.73678628563032,47.9035110738204,47.9035110738204,1242,2026-01-26 20:57:15,0.49915601951567407,0.22687478301848898,0.2799364346623255
mu_mig_c59_20260126_134942_ws0127_1358_ws0129_1459,5,0,15.537676427127623,111.51980156514453,111.51980156514453,3211,2026-01-26 21:54:39,0.5965616765234355,0.42073412385441955,0.26582061808677027
mu_mig_c59_20260126_134942_ws0127_1358_ws0129_1459,5,1,8.02551103338407,114.15161244120495,114.15161244120495,1881,2026-01-26 21:47:18,0.30866694624888924,0.3070778651206967,0.70812914379212
mu_mig_c59_20260126_134942_ws0127_1358_ws0129_1459,5,2,131.3426206879263,28.666052833382935,28.666052833382935,1096,2026-01-26 21:42:44,0.1079889868415898,0.19621899081666247,0.31993165197212386
mu_mig_c59_20260126_134942_ws0127_1358_ws0129_1459,5,3,102.3917455362513,20.119631608108648,20.119631608108648,977,2026-01-26 21:43:10,0.1978652730488772,0.1931223089102884,0.3786992748124322
mu_mig_c59_20260126_134942_ws0127_1358_ws0129_1459,5,4,54.14762110820214,60.579914982050155,60.579914982050155,825,2026-01-26 21:38:31,0.21641825841506407,0.1409428994918892,0.7199369709223234
mu_mig_c59_20260126_134942_ws0127_1358_ws0129_1459,5,5,38.92949163599934,75.76481631706062,75.76481631706062,1052,2026-01-26 21:42:40,0.37955469245445345,0.19810509175319402,0.5433438651148319
mu_mig_c59_20260126_134942_ws0127_1358_ws0129_1459,5,6,15.358881085685711,119.72578989714313,119.72578989714313,3435,2026-01-26 21:58:22,0.5505379841744065,0.42380905753287546,0.31080309930461625
mu_mig_c59_20260126_134942_ws0127_1358_ws0129_1459,5,7,56.92811005358749,59.77835275865506,59.77835275865506,1120,2026-01-26 21:41:10,0.3173138249278654,0.20577567027711097,0.5415348273793091
mu_mig_c59_20260126_134942_ws0127_1358_ws0129_1459,5,8,104.19253561265046,23.340383476340943,23.340383476340943,1008,2026-01-26 21:42:51,0.22581041725450418,0.18758811931535105,0.35955078570637694
mu_mig_c59_20260126_134942_ws0127_1358_ws0129_1459,5,9,17.065874930686764,96.88415549000622,96.88415549000622,1591,2026-01-26 21:45:26,0.27329798521158605,0.2854589491936567,0.7283871696901879
mu_mig_c59_20260126_134942_ws0127_1358_ws0129_1459,5,10,67.06396568326025,178.6327330931614,178.6327330931614,4267,2026-01-26 22:00:30,0.31318755574788154,0.46467706070464554,0.7476251191042036
mu_mig_c59_20260126_134942_ws0127_1358_ws0129_1459,5,11,19.068422606608664,96.18831209683275,96.18831209683275,902,2026-01-26 21:40:18,0.9756781432812709,0.15669246579469936,0.39318815139465946
mu_mig_c59_20260126_134942_ws0127_1358_ws0129_1459,5,12,73.66951133341827,44.550064161228235,44.550064161228235,1331,2026-01-26 21:44:34,0.5190356618407284,0.23893490722163577,0.2641986598718232
mu_mig_c59_20260126_134942_ws0127_1358_ws0129_1459,5,13,16.621447959902863,124.91774454843815,124.91774454843815,940,2026-01-26 21:42:00,0.8198489042194583,0.17271582759415627,0.5929218899441242
mu_mig_c59_20260126_134942_ws0127_1358_ws0129_1459,5,14,49.215291704960435,158.6360161823045,158.6360161823045,1238,2026-01-26 21:40:00,0.9478895889664005,0.21675185017144113,0.5748837355615699
mu_mig_c59_20260126_134942_ws0127_1358_ws0129_1459,5,15,49.78192607293479,159.48223023619877,159.48223023619877,1361,2026-01-26 21:45:28,0.9186421161843613,0.25873835081908336,0.5605090878106825
mu_mig_c59_20260126_134942_ws0127_1358_ws0129_1459,5,16,31.76969526650442,81.36449488533472,81.36449488533472,769,2026-01-26 21:40:05,0.4347776738665444,0.1326390314576303,0.5706349885167838
mu_mig_c59_20260126_134942_ws0127_1358_ws0129_1459,5,17,48.85094248779839,69.15655296821069,69.15655296821069,1260,2026-01-26 21:42:32,0.4195717166065351,0.2252623707896961,0.4669799996017745
mu_mig_c59_20260126_134942_ws0127_1358_ws0129_1459,5,18,73.49075642947965,44.51427976504906,44.51427976504906,1296,2026-01-26 21:44:48,0.47209843807020113,0.2438328117725158,0.2662501098079411
mu_mig_c59_20260126_134942_ws0127_1358_ws0129_1459,5,19,28.046278956148875,96.93628495100697,96.93628495100697,3726,2026-01-26 21:57:59,0.35514670598221787,0.4558647139533606,0.3092917654192378
mu_mig_c59_20260126_134942_ws0127_1358_ws0129_1459,5,20,14.228490830589912,124.68947438202024,124.68947438202024,2059,2026-01-26 22:18:03,0.8611702119694922,0.3277074861520143,0.34874852837435355
mu_mig_c59_20260126_134942_ws0127_1358_ws0129_1459,5,21,156.45969604299665,46.8716353219524,46.8716353219524,868,2026-01-26 22:14:00,0.07682671321225129,0.16295981173798557,0.43682752743371117
mu_mig_c59_20260126_134942_ws0127_1358_ws0129_1459,5,22,13.879453776744604,113.53147025678763,113.53147025678763,1989,2026-01-26 22:20:02,0.8297340559286422,0.32330998941748285,0.3298853642639899
mu_mig_c59_20260126_134942_ws0127_1358_ws0129_1459,5,23,71.80787659076408,46.65087152209205,46.65087152209205,1046,2026-01-26 22:16:52,0.5380923754356735,0.200319557258345,0.2742313051937461
mu_mig_c59_20260126_134942_ws0127_1358_ws0129_1459,5,24,82.49083547128448,39.7848439922983,39.7848439922983,1270,2026-01-26 22:18:10,0.48411596265651763,0.22965565677734898,0.26884210216195426
mu_mig_c59_20260126_134942_ws0127_1358_ws0129_1459,6,0,18.23824858922125,107.1698105002711,107.1698105002711,3146,2026-01-26 23:14:04,0.5987891230100003,0.4275521423259322,0.2544400361661513
mu_mig_c59_20260126_134942_ws0127_1358_ws0129_1459,6,1,21.423481421476808,93.1277449646317,93.1277449646317,1762,2026-01-26 23:07:45,0.2647491289895562,0.2982562002912172,0.6980658644727554
mu_mig_c59_20260126_134942_ws0127_1358_ws0129_1459,6,2,133.33165230322777,28.959370155812994,28.959370155812994,1089,2026-01-26 23:02:56,0.08985949024335216,0.19659165068101817,0.33305427177746905
mu_mig_c59_20260126_134942_ws0127_1358_ws0129_1459,6,3,117.85727843976352,21.10111121059914,21.10111121059914,1034,2026-01-26 23:06:24,0.18786245379446778,0.1933581147702966,0.37405888884901944
mu_mig_c59_20260126_134942_ws0127_1358_ws0129_1459,6,4,49.430440903541566,63.7038825521304,63.7038825521304,765,2026-01-26 22:59:30,0.18874883931266043,0.13458894685833797,0.7073559552130757
mu_mig_c59_20260126_134942_ws0127_1358_ws0129_1459,6,5,35.648617246864866,77.48455978663607,77.48455978663607,1071,2026-01-26 23:02:20,0.34092289517666147,0.19397375838192563,0.5568052763339868
mu_mig_c59_20260126_134942_ws0127_1358_ws0129_1459,6,6,18.96446493692454,104.906985802407,104.906985802407,3214,2026-01-26 23:17:01,0.5454920896126305,0.42250900411584386,0.28846858813709286
mu_mig_c59_20260126_134942_ws0127_1358_ws0129_1459,6,7,54.23007850072022,60.1503244666536,60.1503244666536,866,2026-01-26 23:00:27,0.33201100869034833,0.15248576909940348,0.5535544461391021
mu_mig_c59_20260126_134942_ws0127_1358_ws0129_1459,6,8,108.5236760248196,20.86945258841989,20.86945258841989,1014,2026-01-26 23:03:07,0.19851496300278526,0.1841361444516233,0.3695013346362131
mu_mig_c59_20260126_134942_ws0127_1358_ws0129_1459,6,9,15.981444968536644,98.04119627192718,98.04119627192718,1646,2026-01-26 23:08:13,0.25870175354422914,0.2848741116750627,0.7211330412398778
mu_mig_c59_20260126_134942_ws0127_1358_ws0129_1459,6,10,39.686013121329154,151.55383009905304,151.55383009905304,3264,2026-01-26 23:17:16,0.3072513020151853,0.4287562220840489,0.7186251211917856
mu_mig_c59_20260126_134942_ws0127_1358_ws0129_1459,6,11,21.033453947820558,93.22957046175506,93.22957046175506,808,2026-01-26 23:01:12,0.9606533582535156,0.14671666199757136,0.39629554603442474
mu_mig_c59_20260126_134942_ws0127_1358_ws0129_1459,6,12,90.2058046776749,32.15782017480793,32.15782017480793,1136,2026-01-26 23:02:30,0.4556526497454667,0.2193969046020745,0.2587321630865157
mu_mig_c59_20260126_134942_ws0127_1358_ws0129_1459,6,13,23.932300311286024,132.82585569351676,132.82585569351676,919,2026-01-26 23:01:33,0.8406641379431598,0.17167492808324195,0.5770240780041569
mu_mig_c59_20260126_134942_ws0127_1358_ws0129_1459,6,14,46.567031054588654,155.18057876414753,155.18057876414753,1071,2026-01-26 23:03:58,0.950869179208879,0.2004682774212388,0.6045589359263499
mu_mig_c59_20260126_134942_ws0127_1358_ws0129_1459,6,15,149.09208667602135,40.978295951502055,40.978295951502055,1184,2026-01-26 23:04:45,0.018344764026974048,0.22497377443503858,0.5509894196967484
mu_mig_c59_20260126_134942_ws0127_1358_ws0129_1459,6,16,34.929511629900716,79.29533125493882,79.29533125493882,767,2026-01-26 23:00:51,0.45158647499524357,0.13161158678673518,0.5785616165047143
mu_mig_c59_20260126_134942_ws0127_1358_ws0129_1459,6,17,45.91895276421333,69.57254404246058,69.57254404246058,1236,2026-01-26 23:05:55,0.4014680072796315,0.22489886516018365,0.4744419400049651
mu_mig_c59_20260126_134942_ws0127_1358_ws0129_1459,6,18,71.46733129601387,46.89845569277356,46.89845569277356,1344,2026-01-26 23:05:33,0.4748499355849949,0.24347986545455644,0.26310143903169486
mu_mig_c59_20260126_134942_ws0127_1358_ws0129_1459,6,19,24.048539259662412,99.83120913909237,99.83120913909237,3799,2026-01-26 23:16:49,0.3364192884112631,0.45179552200239564,0.29857222831417984
mu_mig_c59_20260126_134942_ws0127_1358_ws0129_1459,6,20,19.072646981216465,129.49895618013593,129.49895618013593,2052,2026-01-26 23:40:20,0.8590246515084269,0.3226627596712705,0.3749801783967558
mu_mig_c59_20260126_134942_ws0127_1358_ws0129_1459,6,21,137.61980610637272,31.827341117868993,31.827341117868993,888,2026-01-26 23:34:03,0.09574438642523005,0.16795259820199182,0.4066550278362765
mu_mig_c59_20260126_134942_ws0127_1358_ws0129_1459,6,22,13.632520921333759,118.76162716281678,118.76162716281678,2194,2026-01-26 23:42:40,0.8411743838683269,0.34335430902109615,0.3238496307467789
mu_mig_c59_20260126_134942_ws0127_1358_ws0129_1459,6,23,74.98252200304177,44.470866656075906,44.470866656075906,1157,2026-01-26 23:39:42,0.5272420479872824,0.21227273335436936,0.25999331291570416
mu_mig_c59_20260126_134942_ws0127_1358_ws0129_1459,6,24,75.89657169694497,43.237067343534754,43.237067343534754,1276,2026-01-26 23:37:14,0.4735879228551081,0.23160226840855097,0.2610760694116944
mu_mig_c59_20260126_134942_ws0127_1358_ws0129_1459,7,0,19.114208483431383,108.89677530230408,108.89677530230408,3365,2026-01-27 00:38:13,0.5849024637862359,0.43221008344479,0.25063332336757355
mu_mig_c59_20260126_134942_ws0127_1358_ws0129_1459,7,1,23.443164900670958,90.06286500992238,90.06286500992238,1662,2026-01-27 00:28:06,0.2340066569080231,0.29208103491058157,0.6910215689492002
mu_mig_c59_20260126_134942_ws0127_1358_ws0129_1459,7,2,146.33919590867768,39.838772815501684,39.838772815501684,1023,2026-01-27 00:24:01,0.10702624291586167,0.19567472082740453,0.3513319845485411
mu_mig_c59_20260126_134942_ws0127_1358_ws0129_1459,7,3,108.38207120982881,17.49775420614726,17.49775420614726,1003,2026-01-27 00:26:15,0.18880839158936685,0.19247784536369333,0.36858181930444933
mu_mig_c59_20260126_134942_ws0127_1358_ws0129_1459,7,4,58.97379104562447,54.75167827852598,54.75167827852598,755,2026-01-27 00:22:56,0.1693802459409779,0.1301411800148521,0.6985492442166021
mu_mig_c59_20260126_134942_ws0127_1358_ws0129_1459,7,5,51.370801866237485,64.28020059112525,64.28020059112525,996,2026-01-27 00:26:48,0.3114044677773313,0.18059029908985427,0.5648000188077146
mu_mig_c59_20260126_134942_ws0127_1358_ws0129_1459,7,6,19.809076948870104,103.37760319273343,103.37760319273343,3100,2026-01-27 00:37:12,0.5419599634193873,0.4215989667239217,0.2728344303198265
mu_mig_c59_20260126_134942_ws0127_1358_ws0129_1459,7,7,63.307096057770906,51.59403262789118,51.59403262789118,702,2026-01-27 00:24:00,0.34229903732408634,0.11518283827500825,0.5619681792709572
mu_mig_c59_20260126_134942_ws0127_1358_ws0129_1459,7,8,121.26758775770307,22.497560300469832,22.497560300469832,1017,2026-01-27 00:24:47,0.179408145026582,0.18171976204701387,0.37646671888709843
mu_mig_c59_20260126_134942_ws0127_1358_ws0129_1459,7,9,29.170678392663515,86.09893160378033,86.09893160378033,1661,2026-01-27 00:29:51,0.24849465139024543,0.28571643703941213,0.7069350966087807
mu_mig_c59_20260126_134942_ws0127_1358_ws0129_1459,7,10,10.684580714307687,119.02813491761556,119.02813491761556,2209,2026-01-27 00:32:38,0.29851972258134374,0.34387852958281995,0.684324885706092
mu_mig_c59_20260126_134942_ws0127_1358_ws0129_1459,7,11,20.2732863404199,93.97460117419622,93.97460117419622,823,2026-01-27 00:22:49,0.9501360087340869,0.13973359933958177,0.39847072228226044
mu_mig_c59_20260126_134942_ws0127_1358_ws0129_1459,7,12,95.10710747827034,28.492414529213313,28.492414529213313,1094,2026-01-27 00:26:33,0.41128454127878356,0.20572030276838163,0.25490561533680045
mu_mig_c59_20260126_134942_ws0127_1358_ws0129_1459,7,13,16.34459446771577,125.18410559384955,125.18410559384955,923,2026-01-27 00:24:45,0.8552348015497507,0.1709462984256019,0.5658956096461799
mu_mig_c59_20260126_134942_ws0127_1358_ws0129_1459,7,14,34.57138662607397,143.49612398185442,143.49612398185442,962,2026-01-27 00:22:27,0.9230335701992102,0.1820803615854964,0.6117462011021086
mu_mig_c59_20260126_134942_ws0127_1358_ws0129_1459,7,15,98.69995030203832,24.92287116580677,24.92287116580677,890,2026-01-27 00:22:13,0.1349217433331958,0.17045884184039384,0.5274016379673528
mu_mig_c59_20260126_134942_ws0127_1358_ws0129_1459,7,16,39.41314280222135,75.15084496550662,75.15084496550662,828,2026-01-27 00:25:03,0.3820157206045155,0.13825952880676495,0.577641693739867
mu_mig_c59_20260126_134942_ws0127_1358_ws0129_1459,7,17,49.954279584068914,66.23547755745945,66.23547755745945,1296,2026-01-27 00:28:40,0.388795410750799,0.22464441121952491,0.47966529828719856
mu_mig_c59_20260126_134942_ws0127_1358_ws0129_1459,7,18,88.315074895907,35.73916994219459,35.73916994219459,1317,2026-01-27 00:28:20,0.47583376639583896,0.24113666011929677,0.2605117090528554
mu_mig_c59_20260126_134942_ws0127_1358_ws0129_1459,7,19,33.733398612614735,87.41156392132518,87.41156392132518,3538,2026-01-27 00:38:52,0.3233100961115948,0.4489470876367202,0.29106855234063933
mu_mig_c59_20260126_134942_ws0127_1358_ws0129_1459,7,20,22.272860932950497,133.29783082294114,133.29783082294114,2058,2026-01-27 00:59:55,0.8503357766265391,0.33490142407410844,0.38386233314903695
mu_mig_c59_20260126_134942_ws0127_1358_ws0129_1459,7,21,120.44076491474355,23.851592665719163,23.851592665719163,1053,2026-01-27 00:56:06,0.15209898686853113,0.18227350149721033,0.3771658389375193
mu_mig_c59_20260126_134942_ws0127_1358_ws0129_1459,7,22,14.94652058350919,124.0561036279195,124.0561036279195,2363,2026-01-27 01:01:46,0.8491826134261061,0.35738533274362544,0.31962461728473124
mu_mig_c59_20260126_134942_ws0127_1358_ws0129_1459,7,23,69.49272215305456,48.69904779749734,48.69904779749734,1312,2026-01-27 00:58:58,0.49738354479626307,0.2355669236196392,0.25023626042337815
mu_mig_c59_20260126_134942_ws0127_1358_ws0129_1459,7,24,79.49316492153838,41.56553285171084,41.56553285171084,1276,2026-01-27 00:58:10,0.46621829499412143,0.23296489655039238,0.25563984648651256
mu_mig_c59_20260126_134942_ws0127_1358_ws0129_1459,8,0,18.768540640754797,108.75526597234777,18.768540640754797,3449,2026-01-27 14:54:47,0.5849024637862359,0.43221008344479,0.2506333233675735
mu_mig_c59_20260126_134942_ws0127_1358_ws0129_1459,8,1,25.150581063031332,88.67618731410428,25.150581063031332,1749,2026-01-27 14:45:46,0.2340066569080231,0.2920810349105815,0.6910215689492002
mu_mig_c59_20260126_134942_ws0127_1358_ws0129_1459,8,2,115.17401026090558,17.738457231159284,115.17401026090558,1019,2026-01-27 14:41:30,0.1070262429158616,0.1956747208274045,0.3513319845485411
mu_mig_c59_20260126_134942_ws0127_1358_ws0129_1459,8,3,106.97690686828612,22.240552592933476,106.97690686828612,1062,2026-01-27 14:41:46,0.1888083915893668,0.1924778453636933,0.3685818193044493
mu_mig_c59_20260126_134942_ws0127_1358_ws0129_1459,8,4,64.80404009245075,50.554447850336814,64.80404009245075,753,2026-01-27 14:38:03,0.1693802459409779,0.1301411800148521,0.6985492442166021
mu_mig_c59_20260126_134942_ws0127_1358_ws0129_1459,8,5,48.71440384808364,65.53984052631232,48.71440384808364,985,2026-01-27 14:40:51,0.3114044677773313,0.1805902990898542,0.5648000188077146
mu_mig_c59_20260126_134942_ws0127_1358_ws0129_1459,8,6,17.522520698093878,107.47961253586641,17.522520698093878,3252,2026-01-27 14:54:22,0.5419599634193873,0.4215989667239217,0.2728344303198265
mu_mig_c59_20260126_134942_ws0127_1358_ws0129_1459,8,7,56.47499628923377,57.89479363893505,56.47499628923377,685,2026-01-27 14:39:25,0.3422990373240863,0.1151828382750082,0.5619681792709572
mu_mig_c59_20260126_134942_ws0127_1358_ws0129_1459,8,8,113.04521591030941,21.637845207340455,113.04521591030941,963,2026-01-27 14:41:36,0.179408145026582,0.1817197620470138,0.3764667188870984
mu_mig_c59_20260126_134942_ws0127_1358_ws0129_1459,8,9,15.093399513271494,101.25443987019335,15.093399513271494,1704,2026-01-27 14:44:14,0.2484946513902454,0.2857164370394121,0.7069350966087807
mu_mig_c59_20260126_134942_ws0127_1358_ws0129_1459,8,10,10.458012884433808,121.04439035005547,10.458012884433808,2191,2026-01-27 14:47:46,0.2985197225813437,0.3438785295828199,0.684324885706092
mu_mig_c59_20260126_134942_ws0127_1358_ws0129_1459,8,11,16.01491640918394,98.14952235813645,16.01491640918394,800,2026-01-27 14:39:25,0.9501360087340868,0.1397335993395817,0.3984707222822604
mu_mig_c59_20260126_134942_ws0127_1358_ws0129_1459,8,12,96.21837225186606,28.994484166643133,96.21837225186606,1124,2026-01-27 14:42:42,0.4112845412787835,0.2057203027683816,0.2549056153368004
mu_mig_c59_20260126_134942_ws0127_1358_ws0129_1459,8,13,18.435435451004743,126.734758146403,18.435435451004743,933,2026-01-27 14:41:09,0.8552348015497507,0.1709462984256019,0.5658956096461799
mu_mig_c59_20260126_134942_ws0127_1358_ws0129_1459,8,14,42.22579422347033,151.05108185844992,42.22579422347033,985,2026-01-27 14:39:07,0.9230335701992102,0.1820803615854964,0.6117462011021086
mu_mig_c59_20260126_134942_ws0127_1358_ws0129_1459,8,15,116.70844899188792,18.699524325558773,116.70844899188792,915,2026-01-27 14:41:15,0.1349217433331958,0.1704588418403938,0.5274016379673528
mu_mig_c59_20260126_134942_ws0127_1358_ws0129_1459,8,16,37.63957816654915,76.78774414100909,37.63957816654915,793,2026-01-27 14:40:38,0.3820157206045155,0.1382595288067649,0.577641693739867
mu_mig_c59_20260126_134942_ws0127_1358_ws0129_1459,8,17,44.730865298216216,70.70089309272261,44.730865298216216,1294,2026-01-27 14:44:36,0.388795410750799,0.2246444112195249,0.4796652982871985
mu_mig_c59_20260126_134942_ws0127_1358_ws0129_1459,8,18,75.5729284708707,44.29985622939821,75.5729284708707,1324,2026-01-27 14:42:26,0.4758337663958389,0.2411366601192967,0.2605117090528554
mu_mig_c59_20260126_134942_ws0127_1358_ws0129_1459,8,19,27.760409161367683,96.11463564423389,27.760409161367683,3723,2026-01-27 14:56:54,0.3233100961115948,0.4489470876367202,0.2910685523406393
mu_mig_c59_20260126_134942_ws0127_1358_ws0129_1459,8,20,24.033665380379347,135.34682441604144,24.033665380379347,2095,2026-01-27 15:15:41,0.8503357766265391,0.3349014240741084,0.3838623331490369
mu_mig_c59_20260126_134942_ws0127_1358_ws0129_1459,8,21,130.16408838206087,29.99513044164842,130.16408838206087,1034,2026-01-27 15:13:08,0.1520989868685311,0.1822735014972103,0.3771658389375193
mu_mig_c59_20260126_134942_ws0127_1358_ws0129_1459,8,22,17.701111018077093,128.23528882658505,17.701111018077093,2342,2026-01-27 15:15:53,0.8491826134261061,0.3573853327436254,0.3196246172847312
mu_mig_c59_20260126_134942_ws0127_1358_ws0129_1459,8,23,82.02115918945805,38.657751964769965,82.02115918945805,1234,2026-01-27 15:15:37,0.497383544796263,0.2355669236196392,0.2502362604233781
mu_mig_c59_20260126_134942_ws0127_1358_ws0129_1459,8,24,77.70283121762697,41.39623050329345,77.70283121762697,1297,2026-01-27 15:15:59,0.4662182949941214,0.2329648965503923,0.2556398464865125
mu_mig_c59_20260126_134942_ws0127_1358_ws0129_1459,9,0,24.327949680997673,128.35739953325157,24.327949680997673,4622,2026-01-27 16:17:06,0.5433886161758273,0.49027507231073314,0.252231552985198
mu_mig_c59_20260126_134942_ws0127_1358_ws0129_1459,9,1,15.132004225842026,99.3272682996024,15.132004225842026,2126,2026-01-27 16:06:43,0.22561224827573537,0.34559336644315697,0.6566596695504735
mu_mig_c59_20260126_134942_ws0127_1358_ws0129_1459,9,2,89.43591762766324,27.815420752060415,89.43591762766324,737,2026-01-27 15:55:54,0.27167857343805757,0.1245146756318148,0.4033289637648405
mu_mig_c59_20260126_134942_ws0127_1358_ws0129_1459,9,3,112.98224466146985,18.982974181749448,112.98224466146985,1087,2026-01-27 15:58:33,0.1384782608143923,0.20666615959750814,0.3692827387572818
mu_mig_c59_20260126_134942_ws0127_1358_ws0129_1459,9,4,67.67976701045336,46.890196818719964,67.67976701045336,665,2026-01-27 15:57:07,0.24841339147439526,0.1032563642477014,0.6694344338129211
mu_mig_c59_20260126_134942_ws0127_1358_ws0129_1459,9,5,42.056309401938194,72.24947376987522,42.056309401938194,1298,2026-01-27 15:59:16,0.33872737305894707,0.2321990287614403,0.51248244923523
mu_mig_c59_20260126_134942_ws0127_1358_ws0129_1459,9,6,31.185706884130134,141.1069265984374,31.185706884130134,4460,2026-01-27 16:15:33,0.5759192833199842,0.48280573374676067,0.34423175031274916
mu_mig_c59_20260126_134942_ws0127_1358_ws0129_1459,9,7,68.81780267607303,46.97745108662607,68.81780267607303,586,2026-01-27 16:00:38,0.3790299680203272,0.08422044751065852,0.4737174569871869
mu_mig_c59_20260126_134942_ws0127_1358_ws0129_1459,9,8,156.19032976778615,46.557721805203364,156.19032976778615,728,2026-01-27 15:59:58,0.10868483749207786,0.12483631465963257,0.32047423841127654
mu_mig_c59_20260126_134942_ws0127_1358_ws0129_1459,9,9,10.074732670856646,120.58765179304221,10.074732670856646,2470,2026-01-27 16:06:33,0.2876806438232986,0.36568528998612926,0.69635885626172
mu_mig_c59_20260126_134942_ws0127_1358_ws0129_1459,9,10,12.316743629431567,122.90261326786906,12.316743629431567,1789,2026-01-27 16:02:56,0.4013588537652305,0.3023866975173894,0.6740979419141775
mu_mig_c59_20260126_134942_ws0127_1358_ws0129_1459,9,11,24.080646181719924,90.28159439225684,24.080646181719924,833,2026-01-27 15:57:59,0.8942438044208245,0.1519304062123972,0.41182235646039594
mu_mig_c59_20260126_134942_ws0127_1358_ws0129_1459,9,12,72.92653916159819,44.769594982491704,72.92653916159819,992,2026-01-27 15:57:09,0.41341747201344853,0.19223870687233538,0.3690084547712301
mu_mig_c59_20260126_134942_ws0127_1358_ws0129_1459,9,13,104.50314766886399,24.442213875134872,104.50314766886399,1002,2026-01-27 16:01:27,0.09481181781535764,0.18818088988365536,0.6027883409291146
mu_mig_c59_20260126_134942_ws0127_1358_ws0129_1459,9,14,13.248777774669907,122.33435356053775,13.248777774669907,965,2026-01-27 15:56:35,0.7975255709373972,0.18539341386013303,0.5760464007922886
mu_mig_c59_20260126_134942_ws0127_1358_ws0129_1459,9,15,53.70428258766069,60.39063721708931,53.70428258766069,796,2026-01-27 15:58:07,0.3849217433331958,0.13647746467416255,0.518720239343532
mu_mig_c59_20260126_134942_ws0127_1358_ws0129_1459,9,16,15.195634118844287,103.82953583729477,15.195634118844287,845,2026-01-27 15:57:41,0.40640315672577565,0.1559198805123871,0.6807274063875989
mu_mig_c59_20260126_134942_ws0127_1358_ws0129_1459,9,17,24.209654827074115,91.97635377020299,24.209654827074115,1766,2026-01-27 16:04:24,0.43985395855638476,0.29715333498852414,0.473404710749901
mu_mig_c59_20260126_134942_ws0127_1358_ws0129_1459,9,18,61.776096603495304,56.75564450243095,61.776096603495304,1821,2026-01-27 16:03:09,0.3715836259892,0.3044525502872398,0.25980532917446664
mu_mig_c59_20260126_134942_ws0127_1358_ws0129_1459,9,19,128.99731741927684,25.84857589148336,128.99731741927684,520,2026-01-27 15:53:49,0.3255944793197999,0.045022938018932535,0.25075026680539936
mu_mig_c59_20260126_134942_ws0127_1358_ws0129_1459,9,20,12.11597006516887,106.95014139114575,12.11597006516887,1832,2026-01-27 16:32:33,0.6424737273859558,0.30493417069589585,0.3939367621305702
mu_mig_c59_20260126_134942_ws0127_1358_ws0129_1459,9,21,109.53346694258863,20.053254452267108,109.53346694258863,1033,2026-01-27 16:32:17,0.21336303382318259,0.19629654916897366,0.35165313574973855
mu_mig_c59_20260126_134942_ws0127_1358_ws0129_1459,9,22,66.63690027171505,176.74674158264898,66.63690027171505,1888,2026-01-27 16:34:12,0.7449844576290501,0.30181889446950055,0.7136143107045365
mu_mig_c59_20260126_134942_ws0127_1358_ws0129_1459,9,23,65.57873185539992,53.169824952744335,65.57873185539992,1342,2026-01-27 16:34:01,0.5541362934730222,0.25055712260706425,0.25081782710403655
mu_mig_c59_20260126_134942_ws0127_1358_ws0129_1459,9,24,53.00333899629876,64.42446323033074,53.00333899629876,1434,2026-01-27 16:31:18,0.541140066474696,0.2512750594133285,0.30114461976202833
mu_mig_c59_20260126_134942_ws0127_1358_ws0129_1459,10,0,97.40340111167271,22.921188660048518,97.40340111167271,494,2026-01-27 17:20:25,0.5101775380875004,0.036727063403487636,0.25351013667929767
mu_mig_c59_20260126_134942_ws0127_1358_ws0129_1459,10,1,14.906202716706986,100.34991039567595,14.906202716706986,2544,2026-01-27 17:26:05,0.22582498800419615,0.38887818895510273,0.6411885910277909
mu_mig_c59_20260126_134942_ws0127_1358_ws0129_1459,10,2,69.47141053025582,45.74763241160134,69.47141053025582,565,2026-01-27 17:14:18,0.40340043785581436,0.06758663947534303,0.44492654713788005
mu_mig_c59_20260126_134942_ws0127_1358_ws0129_1459,10,3,112.55539103664132,19.061907529562266,112.55539103664132,1111,2026-01-27 17:15:19,0.1205036334883224,0.2146700593066327,0.3650205596323631
mu_mig_c59_20260126_134942_ws0127_1358_ws0129_1459,10,4,43.29060858824279,69.97968250848992,43.29060858824279,638,2026-01-27 17:13:55,0.3630988912625981,0.0986657195053558,0.6503580879987474
mu_mig_c59_20260126_134942_ws0127_1358_ws0129_1459,10,5,41.86698574349404,73.84741348368077,41.86698574349404,1511,2026-01-27 17:20:30,0.4009117829211122,0.2767007230646013,0.46681365794594876
mu_mig_c59_20260126_134942_ws0127_1358_ws0129_1459,10,6,78.38400373618745,39.33188891835159,78.38400373618745,488,2026-01-27 17:12:23,0.5906016878260574,0.03440847163497163,0.3758891036238154
mu_mig_c59_20260126_134942_ws0127_1358_ws0129_1459,10,7,72.0436825296903,43.34133001467888,72.0436825296903,570,2026-01-27 17:14:06,0.4097247404359527,0.07986816786775985,0.4119276194673771
mu_mig_c59_20260126_134942_ws0127_1358_ws0129_1459,10,8,178.92228479807753,70.59750712143598,178.92228479807753,642,2026-01-27 17:18:00,0.07218465836966201,0.08966146696345124,0.28597274300414904
mu_mig_c59_20260126_134942_ws0127_1358_ws0129_1459,10,9,40.939033404491504,152.84857709002162,40.939033404491504,3410,2026-01-27 17:28:22,0.3190294377697412,0.429660372343503,0.6878978639840714
mu_mig_c59_20260126_134942_ws0127_1358_ws0129_1459,10,10,14.320574335592449,123.44707814577895,14.320574335592449,1583,2026-01-27 17:18:46,0.47890237130911395,0.2822733646396582,0.6694360341149335
mu_mig_c59_20260126_134942_ws0127_1358_ws0129_1459,10,11,10.097543260645446,104.47234995470347,10.097543260645446,949,2026-01-27 17:14:54,0.8177000608445362,0.16782495218863092,0.4696457694084648
mu_mig_c59_20260126_134942_ws0127_1358_ws0129_1459,10,12,46.665057406399434,68.66869071402046,46.665057406399434,976,2026-01-27 17:18:53,0.41512381660118053,0.1814534301554984,0.4602907263187739
mu_mig_c59_20260126_134942_ws0127_1358_ws0129_1459,10,13,48.195472737139845,65.35287953694645,48.195472737139845,987,2026-01-27 17:14:42,0.2898392160441767,0.18197310799429345,0.6438856410222722
mu_mig_c59_20260126_134942_ws0127_1358_ws0129_1459,10,14,13.174243153062532,120.67877367302007,13.174243153062532,1046,2026-01-27 17:15:02,0.6971191715279468,0.18804385567984233,0.5474865605444326
mu_mig_c59_20260126_134942_ws0127_1358_ws0129_1459,10,15,43.42001856956763,70.70997632337728,43.42001856956763,670,2026-01-27 17:19:11,0.5849217433331958,0.10929236294117753,0.5117751204444754
mu_mig_c59_20260126_134942_ws0127_1358_ws0129_1459,10,16,91.27878232397097,27.746647755196093,91.27878232397097,911,2026-01-27 17:19:32,0.4259131056227838,0.17004816187688485,0.2631959765057844
mu_mig_c59_20260126_134942_ws0127_1358_ws0129_1459,10,17,11.714759700597895,120.4400002203463,11.714759700597895,2494,2026-01-27 17:26:16,0.4807007968008534,0.3551604740037236,0.4683962407200629
mu_mig_c59_20260126_134942_ws0127_1358_ws0129_1459,10,18,65.98943353711671,54.80019064391763,65.98943353711671,2337,2026-01-27 17:24:21,0.28818351366388884,0.35510526242159424,0.25924022527175555
mu_mig_c59_20260126_134942_ws0127_1358_ws0129_1459,10,19,35.53424133253251,77.41372512653277,35.53424133253251,733,2026-01-27 17:14:25,0.327421985886364,0.1218836183247024,0.7184956383772074
mu_mig_c59_20260126_134942_ws0127_1358_ws0129_1459,10,20,32.51224590338489,83.75950764588542,32.51224590338489,1671,2026-01-27 17:50:51,0.4761840879934891,0.2809603679933258,0.4019963053157969
mu_mig_c59_20260126_134942_ws0127_1358_ws0129_1459,10,21,102.81727849093573,28.371336303153118,102.81727849093573,1091,2026-01-27 17:49:34,0.2623742713869038,0.20751498730638432,0.331242973199514
mu_mig_c59_20260126_134942_ws0127_1358_ws0129_1459,10,22,28.136952610832918,137.98324774726666,28.136952610832918,1496,2026-01-27 17:51:19,0.6063055928336134,0.25757589037085904,0.6200388322103396
mu_mig_c59_20260126_134942_ws0127_1358_ws0129_1459,10,23,60.549668415279655,57.956544577577176,60.549668415279655,1489,2026-01-27 17:51:12,0.5989840592957595,0.2626541646542477,0.2518074874311625
mu_mig_c59_20260126_134942_ws0127_1358_ws0129_1459,10,24,38.179046115855016,79.27480278079163,38.179046115855016,1494,2026-01-27 17:51:06,0.6010774836591558,0.26592318970367745,0.337548438382441
mu_mig_c59_20260126_134942_ws0127_1358_ws0129_1459,11,0,100.89632379971557,23.21725939535865,100.89632379971557,571,2026-01-27 18:30:03,0.48825390038738153,0.07344647766029119,0.29061875770627804
mu_mig_c59_20260126_134942_ws0127_1358_ws0129_1459,11,1,13.367175283090235,114.21427511474272,13.367175283090235,3376,2026-01-27 18:46:08,0.22599517978696476,0.4235060469646593,0.6288117282096448
mu_mig_c59_20260126_134942_ws0127_1358_ws0129_1459,11,2,56.998667267864796,56.53719596114869,56.998667267864796,488,2026-01-27 18:30:40,0.5087779293900198,0.022044210550165616,0.4782046138363117
mu_mig_c59_20260126_134942_ws0127_1358_ws0129_1459,11,3,118.93242067058885,27.65443711254567,118.93242067058885,1210,2026-01-27 18:35:53,0.13524430822319106,0.2192772797498847,0.3566831615068603
mu_mig_c59_20260126_134942_ws0127_1358_ws0129_1459,11,4,37.777028457668834,78.07674499373017,37.777028457668834,650,2026-01-27 18:30:31,0.4435843352406077,0.10221469235905926,0.6356718969993639
mu_mig_c59_20260126_134942_ws0127_1358_ws0129_1459,11,5,21.609281830507467,94.93897617904739,21.609281830507467,1923,2026-01-27 18:38:55,0.4721564390847517,0.31285646852999793,0.404937278994485
mu_mig_c59_20260126_134942_ws0127_1358_ws0129_1459,11,6,61.65594637230145,53.40149852746226,61.65594637230145,643,2026-01-27 18:29:42,0.559587165239809,0.08791334155178777,0.41186530162205126
mu_mig_c59_20260126_134942_ws0127_1358_ws0129_1459,11,7,81.66153131897039,35.45747547751163,81.66153131897039,582,2026-01-27 18:32:26,0.4332880048810775,0.07234661586845896,0.3721303783318404
mu_mig_c59_20260126_134942_ws0127_1358_ws0129_1459,11,8,185.64155486155033,74.908624373759,185.64155486155033,624,2026-01-27 18:31:17,0.050162051642160824,0.08582763809571331,0.25975639644174164
mu_mig_c59_20260126_134942_ws0127_1358_ws0129_1459,11,9,53.6892584271944,165.47830196752562,53.6892584271944,4118,2026-01-27 18:50:06,0.33632261465592583,0.4743209410129896,0.6797465666759964
mu_mig_c59_20260126_134942_ws0127_1358_ws0129_1459,11,10,20.02848751298732,130.34105171519647,20.02848751298732,1473,2026-01-27 18:36:46,0.5409371853442208,0.2661826983374732,0.6657065078755382
mu_mig_c59_20260126_134942_ws0127_1358_ws0129_1459,11,11,6.952245321162433,112.61415346583631,6.952245321162433,968,2026-01-27 18:34:01,0.7564650659835055,0.1805405889696179,0.51590449976692
mu_mig_c59_20260126_134942_ws0127_1358_ws0129_1459,11,12,35.01958040595272,78.56595799611107,35.01958040595272,1076,2026-01-27 18:34:26,0.41411778143353806,0.2055411866685369,0.5346703279855034
mu_mig_c59_20260126_134942_ws0127_1358_ws0129_1459,11,13,13.554929437215469,102.65722328892876,13.554929437215469,865,2026-01-27 18:32:58,0.46284632245060153,0.16430308906836474,0.6780436270274004
mu_mig_c59_20260126_134942_ws0127_1358_ws0129_1459,11,14,18.79193416656725,95.71413881488137,18.79193416656725,1035,2026-01-27 18:33:33,0.635805937345335,0.18782229317553809,0.5101710181044042
mu_mig_c59_20260126_134942_ws0127_1358_ws0129_1459,11,15,20.999892134474493,93.08361077985728,20.999892134474493,666,2026-01-27 18:31:41,0.7670378790372402,0.09906442353028026,0.5072653113282362
mu_mig_c59_20260126_134942_ws0127_1358_ws0129_1459,11,16,73.30736541908077,43.80139241566013,73.30736541908077,950,2026-01-27 18:33:27,0.44152106474039027,0.18135078696848306,0.32917083260033286
mu_mig_c59_20260126_134942_ws0127_1358_ws0129_1459,11,17,22.16673989610802,133.40467791619716,22.16673989610802,2915,2026-01-27 18:44:15,0.5133782673964283,0.4015661852158831,0.4643894646961925
mu_mig_c59_20260126_134942_ws0127_1358_ws0129_1459,11,18,70.43364440714893,52.362175772747094,70.43364440714893,2745,2026-01-27 18:45:01,0.22146342380363992,0.3956274321290778,0.25878814214958673
mu_mig_c59_20260126_134942_ws0127_1358_ws0129_1459,11,19,23.070717159407902,90.67244413770153,23.070717159407902,990,2026-01-27 18:33:11,0.3288839911396153,0.1833721625693183,0.6926919356346539
mu_mig_c59_20260126_134942_ws0127_1358_ws0129_1459,11,20,53.23155108907363,63.31987379593186,53.23155108907363,1452,2026-01-27 19:07:14,0.34315237647951574,0.2617813258312698,0.4084439398639782
mu_mig_c59_20260126_134942_ws0127_1358_ws0129_1459,11,21,86.03510949580908,34.976530328713594,86.03510949580908,1186,2026-01-27 19:06:19,0.3015832614378807,0.21648973781631287,0.3149148431593343
mu_mig_c59_20260126_134942_ws0127_1358_ws0129_1459,11,22,22.942505654943616,90.67566708755545,22.942505654943616,1196,2026-01-27 19:06:46,0.448999517201479,0.2254384723154073,0.5524343403966187
mu_mig_c59_20260126_134942_ws0127_1358_ws0129_1459,11,23,40.01540475622345,76.60167719421894,40.01540475622345,1589,2026-01-27 19:09:49,0.6356589116184662,0.2729181988976297,0.264085344083128
mu_mig_c59_20260126_134942_ws0127_1358_ws0129_1459,11,24,25.258950456452798,91.8891545017298,25.258950456452798,1539,2026-01-27 19:06:42,0.6490274174067237,0.2776416939359566,0.3666714932787711
mu_mig_c59_20260126_134942_ws0127_1358_ws0129_1459,12,0,93.37515916021731,28.906987844219625,93.37515916021731,684,2026-01-27 19:50:08,0.4688143852794395,0.10281956541471404,0.3235169517039953
mu_mig_c59_20260126_134942_ws0127_1358_ws0129_1459,12,1,18.62059549371271,128.8422560987198,18.62059549371271,3803,2026-01-27 20:08:01,0.22613133321317966,0.4512083333723046,0.618910237955128
mu_mig_c59_20260126_134942_ws0127_1358_ws0129_1459,12,2,74.12330922766172,185.95664338701516,74.12330922766172,4265,2026-01-27 20:08:25,0.5930799226173841,0.48561026741002367,0.504827067195057
mu_mig_c59_20260126_134942_ws0127_1358_ws0129_1459,12,3,108.9850354012469,21.064559135581522,108.9850354012469,1216,2026-01-27 19:51:59,0.1739775093043829,0.2219910264499582,0.3487008468702089
mu_mig_c59_20260126_134942_ws0127_1358_ws0129_1459,12,4,20.002733952973283,93.83259248780136,20.002733952973283,783,2026-01-27 19:50:36,0.510171651584347,0.1262327451221913,0.6317123167058115
mu_mig_c59_20260126_134942_ws0127_1358_ws0129_1459,12,5,17.016420877214898,101.2872349742351,17.016420877214898,2281,2026-01-27 19:59:00,0.5291521640156633,0.34178106490231525,0.355436175833314
mu_mig_c59_20260126_134942_ws0127_1358_ws0129_1459,12,6,48.74053452945704,68.03673865112279,48.74053452945704,738,2026-01-27 19:50:29,0.5347755471708103,0.1307172374852407,0.4406462600206399
mu_mig_c59_20260126_134942_ws0127_1358_ws0129_1459,12,7,86.48211867216581,31.76299131696163,86.48211867216581,559,2026-01-27 19:48:47,0.4846911214049138,0.06710261022218902,0.34562473202221133
mu_mig_c59_20260126_134942_ws0127_1358_ws0129_1459,12,8,177.4440251815018,68.22512612700538,177.4440251815018,660,2026-01-27 19:50:47,0.05869977403548397,0.10386195485501619,0.2742159712251892
mu_mig_c59_20260126_134942_ws0127_1358_ws0129_1459,12,9,56.3442535997032,57.11333907415401,56.3442535997032,469,2026-01-27 19:49:57,0.3099293012739849,0.005777751195185421,0.6642332430202276
mu_mig_c59_20260126_134942_ws0127_1358_ws0129_1459,12,10,20.853721349425978,129.23766008273688,20.853721349425978,1273,2026-01-27 19:53:27,0.5631713572201952,0.23295733938443142,0.6651651778546368
mu_mig_c59_20260126_134942_ws0127_1358_ws0129_1459,12,11,10.624317341265431,118.50034869196372,10.624317341265431,1070,2026-01-27 19:51:42,0.707477070094681,0.19071309839440745,0.552911484053684
mu_mig_c59_20260126_134942_ws0127_1358_ws0129_1459,12,12,13.1398422307633,101.60705777869225,13.1398422307633,1222,2026-01-27 19:52:54,0.4167918446283755,0.23170255388849034,0.6008144944244829
mu_mig_c59_20260126_134942_ws0127_1358_ws0129_1459,12,13,17.284793412623227,123.96133227707362,17.284793412623227,839,2026-01-27 19:51:42,0.6012520075757415,0.15016707392762177,0.705370015831503
mu_mig_c59_20260126_134942_ws0127_1358_ws0129_1459,12,14,18.93153792679905,96.39835060261419,18.93153792679905,1011,2026-01-27 19:50:09,0.5992482144567346,0.18678378268368073,0.48235391915669307
mu_mig_c59_20260126_134942_ws0127_1358_ws0129_1459,12,15,12.120284770344487,104.16354877257538,12.120284770344487,660,2026-01-27 19:49:54,0.9094434402641317,0.10397487409877836,0.5049062518414272
mu_mig_c59_20260126_134942_ws0127_1358_ws0129_1459,12,16,64.55209782391404,51.48098544888926,64.55209782391404,986,2026-01-27 19:53:15,0.45400743203447547,0.19039288704176163,0.3819507174759716
mu_mig_c59_20260126_134942_ws0127_1358_ws0129_1459,12,17,37.144431438085626,148.37221279417565,37.144431438085626,3410,2026-01-27 20:04:25,0.5274095468168476,0.4220414152497215,0.45762259209481204
mu_mig_c59_20260126_134942_ws0127_1358_ws0129_1459,12,18,46.17569232072245,74.53175891558396,46.17569232072245,3449,2026-01-27 20:06:10,0.1680873519154408,0.4280451678950647,0.2584264756518517
mu_mig_c59_20260126_134942_ws0127_1358_ws0129_1459,12,19,26.67026036364256,87.63954083780087,26.67026036364256,1231,2026-01-27 19:51:53,0.34360429811583343,0.22837545808482715,0.6711538955446263
mu_mig_c59_20260126_134942_ws0127_1358_ws0129_1459,12,20,74.76445906485581,43.87025595729476,74.76445906485581,1396,2026-01-27 20:24:54,0.25582098404722897,0.25616503870887086,0.412200170855907
mu_mig_c59_20260126_134942_ws0127_1358_ws0129_1459,12,21,83.25229900558577,37.205010198284725,83.25229900558577,1120,2026-01-27 20:24:06,0.378999510504633,0.21208955849948025,0.30291518967081016
mu_mig_c59_20260126_134942_ws0127_1358_ws0129_1459,12,22,54.49897938612872,60.682704456572665,54.49897938612872,1042,2026-01-27 20:22:36,0.3231546566957715,0.19972853787104594,0.4983507469456418
mu_mig_c59_20260126_134942_ws0127_1358_ws0129_1459,12,23,36.31812197647353,80.82265089815856,36.31812197647353,1613,2026-01-27 20:25:35,0.6670355514514177,0.28132506546998876,0.2983243082798208
mu_mig_c59_20260126_134942_ws0127_1358_ws0129_1459,12,24,19.87809510039613,98.62173324518432,19.87809510039613,1613,2026-01-27 20:27:13,0.6386285522260605,0.29301178112330517,0.40045028650973286
mu_mig_c59_20260126_134942_ws0127_1358_ws0129_1459,13,0,82.9860631630724,35.715639771968696,82.9860631630724,708,2026-01-27 21:08:30,0.4533638674306241,0.11213179296038349,0.3509821710186173
mu_mig_c59_20260126_134942_ws0127_1358_ws0129_1459,13,1,20.722056741353825,131.10206083415946,20.722056741353825,4076,2026-01-27 21:27:39,0.22624025595415156,0.4733701624984208,0.6109890457515146
mu_mig_c59_20260126_134942_ws0127_1358_ws0129_1459,13,2,70.35306734994428,181.94196599686572,70.35306734994428,3742,2026-01-27 21:27:50,0.6472367732986111,0.43929772250049326,0.5246422545163675
mu_mig_c59_20260126_134942_ws0127_1358_ws0129_1459,13,3,92.97068542113189,28.050765181349284,92.97068542113189,1214,2026-01-27 21:09:37,0.23461458907045243,0.22580931542526617,0.3623452247438929
mu_mig_c59_20260126_134942_ws0127_1358_ws0129_1459,13,4,13.976342722491282,118.44318042461306,13.976342722491282,790,2026-01-27 21:07:42,0.5905724861470092,0.1460197886368313,0.6538143548404658
mu_mig_c59_20260126_134942_ws0127_1358_ws0129_1459,13,5,20.867988805896445,98.72263665115848,20.867988805896445,2426,2026-01-27 21:17:25,0.5747487439603927,0.3649207420001691,0.31583529330437715
mu_mig_c59_20260126_134942_ws0127_1358_ws0129_1459,13,6,43.58799156367325,71.7928095723541,43.58799156367325,917,2026-01-27 21:09:18,0.5190344910494077,0.16846482250852102,0.4698134415156996
mu_mig_c59_20260126_134942_ws0127_1358_ws0129_1459,13,7,88.5128946622795,29.39797888079228,88.5128946622795,554,2026-01-27 21:06:55,0.5258136146239829,0.06290740570517309,0.3244202149745081
mu_mig_c59_20260126_134942_ws0127_1358_ws0129_1459,13,8,148.60053999411747,38.56929724538787,148.60053999411747,758,2026-01-27 21:09:01,0.11129266314295347,0.125800485494369,0.31087456206318637
mu_mig_c59_20260126_134942_ws0127_1358_ws0129_1459,13,9,54.68359222519183,59.05017116250796,54.68359222519183,542,2026-01-27 21:06:09,0.3274356997550617,0.06104114343263241,0.6511373094666288
mu_mig_c59_20260126_134942_ws0127_1358_ws0129_1459,13,10,21.06470967430825,129.58293396660508,21.06470967430825,1114,2026-01-27 21:08:33,0.5924673792894626,0.19853675865052406,0.670526769886175
mu_mig_c59_20260126_134942_ws0127_1358_ws0129_1459,13,11,19.87298539547231,128.66281482347455,19.87298539547231,1090,2026-01-27 21:08:26,0.6682866733836214,0.1988511059342391,0.5825170714830953
mu_mig_c59_20260126_134942_ws0127_1358_ws0129_1459,13,12,8.481867502654321,115.87843865714103,8.481867502654321,1433,2026-01-27 21:12:03,0.41893109518424543,0.25263164766445306,0.6537298275756664
mu_mig_c59_20260126_134942_ws0127_1358_ws0129_1459,13,13,28.97421612679905,135.47042416541916,28.97421612679905,799,2026-01-27 21:07:13,0.7119765556758535,0.1388582618150274,0.7272311268747851
mu_mig_c59_20260126_134942_ws0127_1358_ws0129_1459,13,14,27.341943590873544,86.6537140428529,27.341943590873544,1001,2026-01-27 21:09:11,0.5700020361458542,0.18595297429019486,0.4601002399985241
mu_mig_c59_20260126_134942_ws0127_1358_ws0129_1459,13,15,193.22088598335736,83.38127801069228,193.22088598335736,749,2026-01-27 21:08:30,0.0026900733769985585,0.12016370361147405,0.5049840308342582
mu_mig_c59_20260126_134942_ws0127_1358_ws0129_1459,13,16,48.487266272269444,68.01128859997974,48.487266272269444,1022,2026-01-27 21:06:48,0.4639965258697436,0.19762656710038448,0.4241746253764826
mu_mig_c59_20260126_134942_ws0127_1358_ws0129_1459,13,17,40.0185396923705,151.42450139567796,40.0185396923705,3581,2026-01-27 21:22:42,0.5386345703531831,0.4384215992767922,0.4522090940137077
mu_mig_c59_20260126_134942_ws0127_1358_ws0129_1459,13,18,45.262458878137615,78.16752768072138,45.262458878137615,3800,2026-01-27 21:22:02,0.23900697876142965,0.45118619652946235,0.28126008953171816
mu_mig_c59_20260126_134942_ws0127_1358_ws0129_1459,13,19,15.315426925567536,102.3701731471459,15.315426925567536,1439,2026-01-27 21:11:56,0.3780744715480086,0.26442709414001864,0.6438945802855732
mu_mig_c59_20260126_134942_ws0127_1358_ws0129_1459,13,20,83.63266985963986,34.02448624229313,83.63266985963986,1378,2026-01-27 21:41:40,0.18595587010139958,0.25167200901095177,0.41520515564945004
mu_mig_c59_20260126_134942_ws0127_1358_ws0129_1459,13,21,75.76882769174196,43.390825515054935,75.76882769174196,1088,2026-01-27 21:39:38,0.4676257633812317,0.20707805345239647,0.31866558265622125
mu_mig_c59_20260126_134942_ws0127_1358_ws0129_1459,13,22,92.55686009954302,28.34894647742967,92.55686009954302,958,2026-01-27 21:44:56,0.22247876829120547,0.17916059031555684,0.45508387218486035
mu_mig_c59_20260126_134942_ws0127_1358_ws0129_1459,13,23,21.254908309185108,95.44711538717054,21.254908309185108,1720,2026-01-27 21:43:03,0.6820045943058045,0.2880610759177293,0.3600104104281522
mu_mig_c59_20260126_134942_ws0127_1358_ws0129_1459,13,24,11.713088864555136,109.8862180651173,11.713088864555136,1857,2026-01-27 21:47:31,0.6300291388993795,0.307471161118503,0.4248863514110673
mu_mig_c59_20260126_134942_ws0127_1358_ws0129_1459,14,0,82.17268494435577,36.55721114968369,82.17268494435577,725,2026-01-27 22:26:29,0.4410034531515718,0.11958157499691904,0.3729543464703149
mu_mig_c59_20260126_134942_ws0127_1358_ws0129_1459,14,1,28.289521057994722,139.15660817948768,28.289521057994722,4134,2026-01-27 22:45:22,0.2559546087530609,0.4802919281271515,0.6048731949845902
mu_mig_c59_20260126_134942_ws0127_1358_ws0129_1459,14,2,63.39553783760295,174.78038401259695,63.39553783760295,2924,2026-01-27 22:39:50,0.6820064563698106,0.40212159173988804,0.5361858023750476
mu_mig_c59_20260126_134942_ws0127_1358_ws0129_1459,14,3,72.19834753994867,45.841093408398585,72.19834753994867,1224,2026-01-27 22:30:22,0.28214612195796995,0.23472417330600145,0.38538242577095555
mu_mig_c59_20260126_134942_ws0127_1358_ws0129_1459,14,4,15.306624993011704,122.63220795535526,15.306624993011704,882,2026-01-27 22:28:21,0.654893153797139,0.16184942344854328,0.6714959853481891
mu_mig_c59_20260126_134942_ws0127_1358_ws0129_1459,14,5,23.401803491552585,98.6241385746105,23.401803491552585,2573,2026-01-27 22:39:36,0.6112260079161761,0.3834324836784522,0.28415458728122767
mu_mig_c59_20260126_134942_ws0127_1358_ws0129_1459,14,6,26.83620193779117,88.58070596546824,26.83620193779117,1077,2026-01-27 22:29:27,0.5175445910137317,0.20407076189031878,0.4898565780524175
mu_mig_c59_20260126_134942_ws0127_1358_ws0129_1459,14,7,79.20227915972971,37.742504953869584,79.20227915972971,578,2026-01-27 22:26:22,0.5386517446034709,0.07544778063649472,0.31724795834768893
mu_mig_c59_20260126_134942_ws0127_1358_ws0129_1459,14,8,133.46386245535754,29.85962356660903,133.46386245535754,948,2026-01-27 22:29:29,0.1753811776909876,0.1731009800321421,0.35779788416873326
mu_mig_c59_20260126_134942_ws0127_1358_ws0129_1459,14,9,37.02464848933911,76.93393318136117,37.02464848933911,698,2026-01-27 22:27:23,0.39819319749542753,0.11818299040577013,0.6414576073618825
mu_mig_c59_20260126_134942_ws0127_1358_ws0129_1459,14,10,16.814298552868745,122.67550244848447,16.814298552868745,854,2026-01-27 22:28:30,0.6156249300688339,0.1614914719096111,0.6696924710543397
mu_mig_c59_20260126_134942_ws0127_1358_ws0129_1459,14,11,16.275356536190078,122.99624744843028,16.275356536190078,1092,2026-01-27 22:29:18,0.6369343560147737,0.20536151196610444,0.6062015414266243
mu_mig_c59_20260126_134942_ws0127_1358_ws0129_1459,14,12,12.206645779962365,118.77606139287602,12.206645779962365,1510,2026-01-27 22:33:43,0.4206424956289414,0.2693749226852233,0.6960620940966133
mu_mig_c59_20260126_134942_ws0127_1358_ws0129_1459,14,13,30.940009493238655,138.2607297492138,30.940009493238655,769,2026-01-27 22:25:46,0.7815630447398111,0.12991977128735255,0.7159912892242164
mu_mig_c59_20260126_134942_ws0127_1358_ws0129_1459,14,14,39.97836334382687,74.39563542961882,39.97836334382687,941,2026-01-27 22:30:34,0.5466050934971499,0.18528832757540617,0.44229729667198897
mu_mig_c59_20260126_134942_ws0127_1358_ws0129_1459,14,15,114.51257055419471,17.470857529929113,114.51257055419471,814,2026-01-27 22:28:32,0.14438062414344197,0.15257858734527466,0.48641695343482017
mu_mig_c59_20260126_134942_ws0127_1358_ws0129_1459,14,16,41.627380590152406,74.66345399790947,41.627380590152406,1131,2026-01-27 22:29:42,0.48520405111654913,0.19789290831494064,0.47096930389423813
mu_mig_c59_20260126_134942_ws0127_1358_ws0129_1459,14,17,46.46784073342695,158.30776539986275,46.46784073342695,3733,2026-01-27 22:44:52,0.5476145891822515,0.4515257464984488,0.4478782955488242
mu_mig_c59_20260126_134942_ws0127_1358_ws0129_1459,14,18,27.85743358212133,94.69916796908468,27.85743358212133,3632,2026-01-27 22:44:50,0.3377710064439255,0.44688913080944953,0.3025665063288928
mu_mig_c59_20260126_134942_ws0127_1358_ws0129_1459,14,19,9.434639170478144,113.46010342213403,9.434639170478144,1642,2026-01-27 22:33:27,0.41064809504918603,0.293140036887436,0.6227816189120021
mu_mig_c59_20260126_134942_ws0127_1358_ws0129_1459,14,20,97.7224290916647,26.781991902725544,97.7224290916647,1393,2026-01-27 23:02:41,0.13006377894473606,0.24807758525261647,0.41760914348428446
mu_mig_c59_20260126_134942_ws0127_1358_ws0129_1459,14,21,61.39365176169324,54.58613065784157,61.39365176169324,1097,2026-01-27 22:59:22,0.5385267656825107,0.20306884941472944,0.3312658970445501
mu_mig_c59_20260126_134942_ws0127_1358_ws0129_1459,14,22,129.0564952288823,25.728068375272642,129.0564952288823,997,2026-01-27 22:58:58,0.13303279761218567,0.17858738752279602,0.40735381481328725
mu_mig_c59_20260126_134942_ws0127_1358_ws0129_1459,14,23,12.6113022193032,117.9674872177924,12.6113022193032,1744,2026-01-27 23:05:26,0.692462320159947,0.3005835437934237,0.4160554103269792
mu_mig_c59_20260126_134942_ws0127_1358_ws0129_1459,14,24,10.452008134183542,118.29614918500616,10.452008134183542,1940,2026-01-27 23:05:15,0.6231496082380348,0.3190386651146612,0.4444352033321348
mu_mig_c59_20260126_134942_ws0127_1358_ws0129_1459,15,0,70.16000897862122,46.1477966694952,70.16000897862122,718,2026-01-27 23:45:47,0.45513140767471516,0.11796571231912738,0.36842863781953683
mu_mig_c59_20260126_134942_ws0127_1358_ws0129_1459,15,1,45.77939164547813,157.38706035285156,45.77939164547813,3985,2026-01-28 00:04:16,0.3401965371285426,0.459164417384409,0.6027978331869035
mu_mig_c59_20260126_134942_ws0127_1358_ws0129_1459,15,2,56.09944511266157,167.37526399091686,56.09944511266157,2614,2026-01-27 23:55:23,0.6980561806621013,0.3814730900468526,0.5364813963834705
mu_mig_c59_20260126_134942_ws0127_1358_ws0129_1459,15,3,80.9974289985012,39.59435253620617,80.9974289985012,1278,2026-01-27 23:50:07,0.320171348267984,0.24185605961058967,0.40381218659260565
mu_mig_c59_20260126_134942_ws0127_1358_ws0129_1459,15,4,33.487150710516794,141.57110646372527,33.487150710516794,953,2026-01-27 23:47:34,0.7063496879172428,0.17451313129791288,0.6856412897543678
mu_mig_c59_20260126_134942_ws0127_1358_ws0129_1459,15,5,19.930201676644515,102.0574853542799,19.930201676644515,2993,2026-01-27 23:58:26,0.6404078190808028,0.3982418770210786,0.2588100224627081
mu_mig_c59_20260126_134942_ws0127_1358_ws0129_1459,15,6,14.479704945923316,101.66392879697881,14.479704945923316,1242,2026-01-27 23:46:43,0.516352670985191,0.232555513395757,0.5058910872817919
mu_mig_c59_20260126_134942_ws0127_1358_ws0129_1459,15,7,87.09475488442152,32.72926327778496,87.09475488442152,616,2026-01-27 23:45:05,0.5489222485870612,0.08548008058155203,0.31151015304623353
mu_mig_c59_20260126_134942_ws0127_1358_ws0129_1459,15,8,82.76758405897313,34.882002091018784,82.76758405897313,1184,2026-01-27 23:49:27,0.2114950691804231,0.213012471481892,0.40993143166849993
mu_mig_c59_20260126_134942_ws0127_1358_ws0129_1459,15,9,11.943895386516562,104.70146066798324,11.943895386516562,906,2026-01-27 23:48:43,0.5193840316891538,0.1681170601307514,0.6374541719047407
mu_mig_c59_20260126_134942_ws0127_1358_ws0129_1459,15,10,9.627454359206316,108.02312431515372,9.627454359206316,758,2026-01-27 23:46:54,0.6420685594567864,0.13188470424828816,0.6695075421683552
mu_mig_c59_20260126_134942_ws0127_1358_ws0129_1459,15,11,10.546320838700499,118.57992041937285,10.546320838700499,1120,2026-01-27 23:47:09,0.6118525021196956,0.21056983679159672,0.6251491173814475
mu_mig_c59_20260126_134942_ws0127_1358_ws0129_1459,15,12,17.633037528856676,127.86552007706455,17.633037528856676,1672,2026-01-27 23:51:31,0.42019406926813396,0.2895539826796701,0.717285007100226
mu_mig_c59_20260126_134942_ws0127_1358_ws0129_1459,15,13,29.296204075036353,136.52892663529872,29.296204075036353,760,2026-01-27 23:47:25,0.813622732266494,0.1310177385530058,0.7056149676818478
mu_mig_c59_20260126_134942_ws0127_1358_ws0129_1459,15,14,40.419200184479294,74.02162591300689,40.419200184479294,982,2026-01-27 23:45:40,0.5278875393781866,0.1847566102035752,0.42805494201076083
mu_mig_c59_20260126_134942_ws0127_1358_ws0129_1459,15,15,88.76263503310923,30.21400484749505,88.76263503310923,961,2026-01-27 23:45:07,0.2577330647565967,0.17851049433231514,0.4715632915152697
mu_mig_c59_20260126_134942_ws0127_1358_ws0129_1459,15,16,35.769724570271215,79.33837248881753,35.769724570271215,1040,2026-01-27 23:47:48,0.502208233922919,0.19843043370787192,0.5100843351778155
mu_mig_c59_20260126_134942_ws0127_1358_ws0129_1459,15,17,43.445537623588585,155.34544206573494,43.445537623588585,3862,2026-01-28 00:03:16,0.5547986042455062,0.46200906427577404,0.4444136567769174
mu_mig_c59_20260126_134942_ws0127_1358_ws0129_1459,15,18,15.787930854255936,113.32048724462403,15.787930854255936,3187,2026-01-28 00:00:07,0.5198437641870017,0.42517568202876505,0.318053483808504
mu_mig_c59_20260126_134942_ws0127_1358_ws0129_1459,15,19,14.8728992149905,125.72940486175482,14.8728992149905,1959,2026-01-27 23:51:16,0.43670699385012796,0.3161103910853699,0.6058912498131452
mu_mig_c59_20260126_134942_ws0127_1358_ws0129_1459,15,20,108.60565908398638,19.226368530507454,108.60565908398638,1287,2026-01-28 00:23:10,0.08535010601940524,0.24520204624594824,0.41953233375215204
mu_mig_c59_20260126_134942_ws0127_1358_ws0129_1459,15,21,56.394925013308104,60.163791654722345,56.394925013308104,1039,2026-01-28 00:21:17,0.5952475675235338,0.19986148618459582,0.3413461485552132
mu_mig_c59_20260126_134942_ws0127_1358_ws0129_1459,15,22,165.06493502657838,55.02964431898758,165.06493502657838,935,2026-01-28 00:21:49,0.061476021068969836,0.17812882528858734,0.3691697689160288
mu_mig_c59_20260126_134942_ws0127_1358_ws0129_1459,15,23,22.99225366306714,134.10981496369553,22.99225366306714,1948,2026-01-28 00:25:53,0.6908004187089342,0.3159506992908574,0.4688350085325326
mu_mig_c59_20260126_134942_ws0127_1358_ws0129_1459,15,24,17.050953055960115,127.49925389753605,17.050953055960115,2046,2026-01-28 00:26:40,0.617645983708959,0.3282926683115878,0.4600742848689888
mu_mig_c59_20260126_134942_ws0127_1358_ws0129_1459,16,0,79.14668146773994,38.25199924552987,79.14668146773994,708,2026-01-28 01:06:59,0.4664337712932299,0.11667302217689404,0.3648080708989144
mu_mig_c59_20260126_134942_ws0127_1358_ws0129_1459,16,1,32.5392401911399,143.51933567096987,32.5392401911399,2826,2026-01-28 01:18:16,0.4379975719573374,0.39761812329620894,0.6013126133035647
mu_mig_c59_20260126_134942_ws0127_1358_ws0129_1459,16,2,38.794697134808985,150.23100870869746,38.794697134808985,2258,2026-01-28 01:16:51,0.7095500360736899,0.3461384955125395,0.5162348397213826
mu_mig_c59_20260126_134942_ws0127_1358_ws0129_1459,16,3,64.11146682818439,54.49397433155588,64.11146682818439,1411,2026-01-28 01:10:49,0.3505915293159952,0.24756156865426027,0.4185559952499257
mu_mig_c59_20260126_134942_ws0127_1358_ws0129_1459,16,4,34.40115496123866,142.58513969730052,34.40115496123866,964,2026-01-28 01:08:56,0.7293670315204942,0.17716331366241203,0.6937911469942148
mu_mig_c59_20260126_134942_ws0127_1358_ws0129_1459,16,5,19.466053809605054,103.06828185790901,19.466053809605054,3150,2026-01-28 01:21:21,0.6252220125237169,0.41494633558929694,0.2622260524331529
mu_mig_c59_20260126_134942_ws0127_1358_ws0129_1459,16,6,9.524269432560816,105.86085416731213,9.524269432560816,1411,2026-01-28 01:10:08,0.5153991349623585,0.25534331460010756,0.5187186946652913
mu_mig_c59_20260126_134942_ws0127_1358_ws0129_1459,16,7,80.36728463033592,37.54829782249895,80.36728463033592,646,2026-01-28 01:07:36,0.5529438154181469,0.09414056788396213,0.3149843750064518
mu_mig_c59_20260126_134942_ws0127_1358_ws0129_1459,16,8,58.92052517601599,57.72731203870047,58.92052517601599,1450,2026-01-28 01:08:52,0.26761716308139544,0.24981365935843844,0.4494769693100864
mu_mig_c59_20260126_134942_ws0127_1358_ws0129_1459,16,9,17.873637723418096,128.03366682147166,17.873637723418096,1211,2026-01-28 01:10:46,0.6361249382421343,0.20978520716646565,0.6319326688725755
mu_mig_c59_20260126_134942_ws0127_1358_ws0129_1459,16,10,13.158046167955868,114.7341195457323,13.158046167955868,709,2026-01-28 01:08:03,0.6632234629671485,0.1081992901192298,0.6693595990595677
mu_mig_c59_20260126_134942_ws0127_1358_ws0129_1459,16,11,14.972637852649072,122.6098877695958,14.972637852649072,1181,2026-01-28 01:08:47,0.5917870190036331,0.21473649665199052,0.640307178145306
mu_mig_c59_20260126_134942_ws0127_1358_ws0129_1459,16,12,30.738850182818425,140.43228095706016,30.738850182818425,1813,2026-01-28 01:14:04,0.42338346116085596,0.31517367761357024,0.7322881738162507
mu_mig_c59_20260126_134942_ws0127_1358_ws0129_1459,16,13,37.65342067156454,144.51149480562378,37.65342067156454,780,2026-01-28 01:06:37,0.8392704822878403,0.1318961123655284,0.6973139104479531
mu_mig_c59_20260126_134942_ws0127_1358_ws0129_1459,16,14,45.370221706951625,68.9077439480724,45.370221706951625,971,2026-01-28 01:07:52,0.5060763670124022,0.18801971934006165,0.43173436469094567
mu_mig_c59_20260126_134942_ws0127_1358_ws0129_1459,16,15,66.79323708578326,50.51150334702517,66.79323708578326,1077,2026-01-28 01:09:30,0.34444349346016107,0.20101927399846023,0.4398452374142444
mu_mig_c59_20260126_134942_ws0127_1358_ws0129_1459,16,16,18.90877174233732,95.81453454997312,18.90877174233732,1133,2026-01-28 01:10:58,0.5201914582667584,0.19947470649823465,0.5400356923408232
mu_mig_c59_20260126_134942_ws0127_1358_ws0129_1459,16,17,37.49623025966579,148.65721541645104,37.49623025966579,4029,2026-01-28 01:24:56,0.5552553648687597,0.456795664088165,0.39788614122101246
mu_mig_c59_20260126_134942_ws0127_1358_ws0129_1459,16,18,19.555437291674913,128.75519148893872,19.555437291674913,3089,2026-01-28 01:23:06,0.6655019703814627,0.40780492300421745,0.33044306579219296
mu_mig_c59_20260126_134942_ws0127_1358_ws0129_1459,16,19,17.811220788585015,126.99056746078992,17.811220788585015,2029,2026-01-28 01:12:40,0.4575541128908815,0.33448667444371705,0.5923789545340596
mu_mig_c59_20260126_134942_ws0127_1358_ws0129_1459,16,20,127.4653048439193,26.976774287977342,127.4653048439193,1304,2026-01-28 01:44:42,0.08810302921502107,0.23014486570401887,0.4191971772173051
mu_mig_c59_20260126_134942_ws0127_1358_ws0129_1459,16,21,48.869546205281765,68.11841763969568,48.869546205281765,990,2026-01-28 01:39:38,0.6216970743185748,0.19614984005041247,0.37245831328027124
mu_mig_c59_20260126_134942_ws0127_1358_ws0129_1459,16,22,168.5043687006222,59.31641810242066,168.5043687006222,1039,2026-01-28 01:45:06,0.0046600679975616205,0.1865060320677123,0.352727571901056
mu_mig_c59_20260126_134942_ws0127_1358_ws0129_1459,16,23,36.10067182136847,147.3128390590415,36.10067182136847,2164,2026-01-28 01:47:24,0.6715996758897333,0.3323692653796776,0.5092458227251264
mu_mig_c59_20260126_134942_ws0127_1358_ws0129_1459,16,24,14.102023265711008,122.60258791982288,14.102023265711008,2041,2026-01-28 01:44:18,0.6132430840856983,0.3356958708691291,0.4725855500984721
mu_mig_c59_20260126_134942_ws0127_1358_ws0129_1459,17,0,72.10016030475771,42.47195202270877,72.10016030475771,702,2026-01-28 02:29:23,0.47547566218804166,0.11563887006310737,0.3619116173624165
mu_mig_c59_20260126_134942_ws0127_1358_ws0129_1459,17,1,34.17079143789555,144.89558427145627,34.17079143789555,1953,2026-01-28 02:33:17,0.5201166750937629,0.3245865738708501,0.5998421953002497
mu_mig_c59_20260126_134942_ws0127_1358_ws0129_1459,17,2,29.902721928763107,141.0751451262641,29.902721928763107,1919,2026-01-28 02:34:20,0.7143450249656605,0.3159882323893885,0.49771810587098764
mu_mig_c59_20260126_134942_ws0127_1358_ws0129_1459,17,3,45.72348999305905,69.75986049334846,45.72348999305905,1514,2026-01-28 02:33:18,0.37492767415440414,0.2521259758891967,0.4303510421757818
mu_mig_c59_20260126_134942_ws0127_1358_ws0129_1459,17,4,38.39159888285502,146.36704764490509,38.39159888285502,960,2026-01-28 02:30:35,0.7477809064030954,0.17928345955401134,0.7003110327860924
mu_mig_c59_20260126_134942_ws0127_1358_ws0129_1459,17,5,13.983471826313774,111.82820759086262,13.983471826313774,3302,2026-01-28 02:42:49,0.6130733672780482,0.4283099024438716,0.26495887640950877
mu_mig_c59_20260126_134942_ws0127_1358_ws0129_1459,17,6,6.821763006676513,114.73760310874513,6.821763006676513,1532,2026-01-28 02:33:41,0.5146363061440924,0.27357355556358803,0.5289807805720909
mu_mig_c59_20260126_134942_ws0127_1358_ws0129_1459,17,7,79.90588731286816,37.815621068576405,79.90588731286816,684,2026-01-28 02:28:01,0.5298131747682066,0.10187056576132855,0.32932789675547813
mu_mig_c59_20260126_134942_ws0127_1358_ws0129_1459,17,8,43.97488150477676,71.8355126524441,43.97488150477676,1493,2026-01-28 02:29:34,0.3125148382021733,0.2792546096596756,0.48111339942335557
mu_mig_c59_20260126_134942_ws0127_1358_ws0129_1459,17,9,35.96319285779626,146.37164531432592,35.96319285779626,1419,2026-01-28 02:32:07,0.7169338116486429,0.24440822016468125,0.6291401109823065
mu_mig_c59_20260126_134942_ws0127_1358_ws0129_1459,17,10,11.30946108390538,113.93520656234769,11.30946108390538,624,2026-01-28 02:25:40,0.6801473857754381,0.0892509588159831,0.6692412445725375
mu_mig_c59_20260126_134942_ws0127_1358_ws0129_1459,17,11,18.59297050135218,127.42338330341077,18.59297050135218,1129,2026-01-28 02:29:18,0.575734632510783,0.21806982454030557,0.6524336267563929
mu_mig_c59_20260126_134942_ws0127_1358_ws0129_1459,17,12,34.03879361556028,144.56259167287078,34.03879361556028,2112,2026-01-28 02:36:49,0.43796492773183937,0.3422928822779014,0.6940869427042162
mu_mig_c59_20260126_134942_ws0127_1358_ws0129_1459,17,13,41.62219440532564,149.36037789505158,41.62219440532564,842,2026-01-28 02:27:05,0.8476547457348822,0.14462956813460823,0.6902514206920061
mu_mig_c59_20260126_134942_ws0127_1358_ws0129_1459,17,14,46.791228110218164,68.34667857665491,46.791228110218164,1023,2026-01-28 02:28:33,0.4886274291197747,0.19063020664925082,0.43467790283509355
mu_mig_c59_20260126_134942_ws0127_1358_ws0129_1459,17,15,50.68394933537967,65.60858892900679,50.68394933537967,1197,2026-01-28 02:31:44,0.41516740916120787,0.22692898781635096,0.4093926701072571
mu_mig_c59_20260126_134942_ws0127_1358_ws0129_1459,17,16,9.466511423944704,109.71745592875277,9.466511423944704,1146,2026-01-28 02:30:27,0.5338716086371063,0.21424540566916364,0.5555251641048025
mu_mig_c59_20260126_134942_ws0127_1358_ws0129_1459,17,17,18.77506001853609,127.04039469721513,18.77506001853609,3445,2026-01-28 02:41:56,0.5640381424357229,0.43996461158302486,0.3358813333753254
mu_mig_c59_20260126_134942_ws0127_1358_ws0129_1459,17,18,19.62781267324847,129.40170911344813,19.62781267324847,2783,2026-01-28 02:39:23,0.780530506773749,0.39587683935316464,0.31849751276544847
mu_mig_c59_20260126_134942_ws0127_1358_ws0129_1459,17,19,23.137198520278968,134.1387205887001,23.137198520278968,2247,2026-01-28 02:36:31,0.4742318081234843,0.34918770113039477,0.5815691183107912
mu_mig_c59_20260126_134942_ws0127_1358_ws0129_1459,17,20,132.13928560253157,27.837257419246388,132.13928560253157,1124,2026-01-28 03:02:01,0.09030536777151374,0.2180991212704754,0.4189290519894275
mu_mig_c59_20260126_134942_ws0127_1358_ws0129_1459,17,21,40.06798520645715,75.52244701380691,40.06798520645715,970,2026-01-28 02:59:19,0.6018213177892722,0.1902294035090821,0.4191463118166916
mu_mig_c59_20260126_134942_ws0127_1358_ws0129_1459,17,22,16.620600900906044,99.0080150607829,16.620600900906044,1088,2026-01-28 03:04:57,0.9762762648934349,0.20075833361313455,0.348810848321944
mu_mig_c59_20260126_134942_ws0127_1358_ws0129_1459,17,23,41.97828318463126,153.12919877983293,41.97828318463126,2234,2026-01-28 03:09:03,0.6562390816343726,0.34550411825073374,0.5415744740792016
mu_mig_c59_20260126_134942_ws0127_1358_ws0129_1459,17,24,20.12528280693685,130.24307730316127,20.12528280693685,2124,2026-01-28 03:09:31,0.6097207643870898,0.34161843291516214,0.48259456228205866
mu_mig_c59_20260126_134942_ws0127_1358_ws0129_1459,18,0,75.4885261978505,41.98163707324401,75.4885261978505,718,2026-01-28 03:51:18,0.4827091749038911,0.11481154837207803,0.35959445453321814
mu_mig_c59_20260126_134942_ws0127_1358_ws0129_1459,18,1,17.910156481658962,127.77309174028073,17.910156481658962,1460,2026-01-28 03:53:50,0.5851789252862428,0.2678851098279731,0.5963961088665828
mu_mig_c59_20260126_134942_ws0127_1358_ws0129_1459,18,2,19.068876373511245,128.17494724240382,19.068876373511245,1802,2026-01-28 03:57:12,0.6801845631770373,0.2979162260678055,0.47810214592999967
mu_mig_c59_20260126_134942_ws0127_1358_ws0129_1459,18,3,44.26894249281302,71.41435979673462,44.26894249281302,1363,2026-01-28 03:54:22,0.39439659002513133,0.2557775016771459,0.4397870797164667
mu_mig_c59_20260126_134942_ws0127_1358_ws0129_1459,18,4,42.404640506235395,150.51054918018605,42.404640506235395,967,2026-01-28 03:51:33,0.7625120063091763,0.1809795762672908,0.7055269414195945
mu_mig_c59_20260126_134942_ws0127_1358_ws0129_1459,18,5,16.5062119855545,122.5175439591587,16.5062119855545,3624,2026-01-28 04:06:54,0.6033544510815132,0.43900075592753135,0.26714513559059344
mu_mig_c59_20260126_134942_ws0127_1358_ws0129_1459,18,6,7.10696025206726,111.57780077473916,7.10696025206726,1683,2026-01-28 03:56:04,0.5140260430894795,0.2881577483343724,0.5371904492975306
mu_mig_c59_20260126_134942_ws0127_1358_ws0129_1459,18,7,68.64834123320873,46.61973241688483,68.64834123320873,688,2026-01-28 03:49:41,0.4916561614607,0.11344928221806136,0.34851256868224467
mu_mig_c59_20260126_134942_ws0127_1358_ws0129_1459,18,8,26.409940609622964,88.6171878268871,26.409940609622964,1804,2026-01-28 03:58:38,0.3484329782987956,0.3028073699006653,0.5064225435139709
mu_mig_c59_20260126_134942_ws0127_1358_ws0129_1459,18,9,40.67368159582186,150.59337327421767,40.67368159582186,1512,2026-01-28 03:55:56,0.7321516333859678,0.2685756928517014,0.6323928542600215
mu_mig_c59_20260126_134942_ws0127_1358_ws0129_1459,18,10,11.074893800313816,109.98310779575588,11.074893800313816,578,2026-01-28 03:48:39,0.6936865240220698,0.07409229377338575,0.6691465609829135
mu_mig_c59_20260126_134942_ws0127_1358_ws0129_1459,18,11,18.42125145008269,126.455172678892,18.42125145008269,1161,2026-01-28 03:54:02,0.5628927233165031,0.22073648685095762,0.6621347856452624
mu_mig_c59_20260126_134942_ws0127_1358_ws0129_1459,18,12,44.798149124527654,155.82148532558085,44.798149124527654,2553,2026-01-28 03:58:37,0.4496301009886261,0.36398824600936636,0.6635259578145887
mu_mig_c59_20260126_134942_ws0127_1358_ws0129_1459,18,13,40.2165541812779,147.99065280659792,40.2165541812779,893,2026-01-28 03:49:38,0.8163108583682591,0.15724932199894048,0.6864456524346477
mu_mig_c59_20260126_134942_ws0127_1358_ws0129_1459,18,14,48.713908665432015,66.96185663054302,48.713908665432015,1021,2026-01-28 03:52:12,0.4746682788056727,0.19271859649660214,0.4370327333504118
mu_mig_c59_20260126_134942_ws0127_1358_ws0129_1459,18,15,41.78463646692722,74.2793135303209,41.78463646692722,1416,2026-01-28 03:54:23,0.4592685367891228,0.25466440227975284,0.3882063838083445
mu_mig_c59_20260126_134942_ws0127_1358_ws0129_1459,18,16,6.857756711214355,110.51714488813067,6.857756711214355,1235,2026-01-28 03:50:41,0.543611043572203,0.24205740260159653,0.5644881456834727
mu_mig_c59_20260126_134942_ws0127_1358_ws0129_1459,18,17,15.98834865225715,110.023893479383,15.98834865225715,3264,2026-01-28 04:05:33,0.580501125642225,0.42273651410296975,0.2849423497908178
mu_mig_c59_20260126_134942_ws0127_1358_ws0129_1459,18,18,18.696902161242893,125.67528585370941,18.696902161242893,2753,2026-01-28 04:03:11,0.8524826511826618,0.38929735059881415,0.28977413936603513
mu_mig_c59_20260126_134942_ws0127_1358_ws0129_1459,18,19,28.375333721541843,139.16458910547738,28.375333721541843,2246,2026-01-28 03:58:59,0.48757396430956657,0.3609485224797369,0.5729212493321765
mu_mig_c59_20260126_134942_ws0127_1358_ws0129_1459,18,20,95.91765305523197,25.413503553615257,95.91765305523197,1154,2026-01-28 04:27:39,0.1568219607813624,0.21756645332972827,0.4403634910888261
mu_mig_c59_20260126_134942_ws0127_1358_ws0129_1459,18,21,27.57154868937398,86.24878572490785,27.57154868937398,969,2026-01-28 04:26:31,0.5859207125658301,0.1854930542760178,0.4564967106458279
mu_mig_c59_20260126_134942_ws0127_1358_ws0129_1459,18,22,21.008664610880363,94.47882043983925,21.008664610880363,1083,2026-01-28 04:27:55,0.9535692224101334,0.21216017484947236,0.3456774694586543
mu_mig_c59_20260126_134942_ws0127_1358_ws0129_1459,18,23,55.225754742065554,166.2168893261853,55.225754742065554,2363,2026-01-28 04:29:01,0.6654908170839436,0.3505058977338283,0.5519199918671309
mu_mig_c59_20260126_134942_ws0127_1358_ws0129_1459,18,24,18.066076992460832,127.40268245065106,18.066076992460832,2096,2026-01-28 04:28:34,0.606902908628203,0.3463564825519886,0.49060177202892796
mu_mig_c59_20260126_134942_ws0127_1358_ws0129_1459,19,0,76.9063999538586,40.85018508218876,76.9063999538586,735,2026-01-29 15:42:34,0.4827091749038911,0.114811548372078,0.3595944545332181
mu_mig_c59_20260126_134942_ws0127_1358_ws0129_1459,19,1,21.130878307686444,131.1645405635252,21.130878307686444,1501,2026-01-29 15:44:41,0.5851789252862428,0.2678851098279731,0.5963961088665828
mu_mig_c59_20260126_134942_ws0127_1358_ws0129_1459,19,2,14.333007811354463,125.2090958445873,14.333007811354463,1767,2026-01-29 15:47:46,0.6801845631770373,0.2979162260678055,0.4781021459299996
mu_mig_c59_20260126_134942_ws0127_1358_ws0129_1459,19,3,39.18176990893107,77.39914858425328,39.18176990893107,1455,2026-01-29 15:46:18,0.3943965900251313,0.2557775016771459,0.4397870797164667
mu_mig_c59_20260126_134942_ws0127_1358_ws0129_1459,19,4,35.42704540557231,143.4270213892061,35.42704540557231,929,2026-01-29 15:43:11,0.7625120063091763,0.1809795762672908,0.7055269414195945
mu_mig_c59_20260126_134942_ws0127_1358_ws0129_1459,19,5,17.3807706546805,111.51729823106183,17.3807706546805,3386,2026-01-29 15:55:37,0.6033544510815132,0.4390007559275313,0.2671451355905934
mu_mig_c59_20260126_134942_ws0127_1358_ws0129_1459,19,6,12.80291096991449,122.88721441561273,12.80291096991449,1666,2026-01-29 15:45:22,0.5140260430894795,0.2881577483343724,0.5371904492975306
mu_mig_c59_20260126_134942_ws0127_1358_ws0129_1459,19,7,76.70239416146882,39.15042171640342,76.70239416146882,699,2026-01-29 15:39:38,0.4916561614607,0.1134492822180613,0.3485125686822446
mu_mig_c59_20260126_134942_ws0127_1358_ws0129_1459,19,8,36.07687540537755,80.08824752243494,36.07687540537755,1664,2026-01-29 15:45:22,0.3484329782987956,0.3028073699006653,0.5064225435139709
mu_mig_c59_20260126_134942_ws0127_1358_ws0129_1459,19,9,50.33789763602914,160.1885041668786,50.33789763602914,1514,2026-01-29 15:46:05,0.7321516333859678,0.2685756928517014,0.6323928542600215
mu_mig_c59_20260126_134942_ws0127_1358_ws0129_1459,19,10,13.082396976244429,110.00644311954778,13.082396976244429,592,2026-01-29 15:38:01,0.6936865240220698,0.0740922937733857,0.6691465609829135
mu_mig_c59_20260126_134942_ws0127_1358_ws0129_1459,19,11,20.575030556400247,129.02476486174507,20.575030556400247,1196,2026-01-29 15:42:34,0.5628927233165031,0.2207364868509576,0.6621347856452624
mu_mig_c59_20260126_134942_ws0127_1358_ws0129_1459,19,12,33.34533031753045,144.75547322156623,33.34533031753045,2429,2026-01-29 15:50:02,0.4496301009886261,0.3639882460093663,0.6635259578145887
mu_mig_c59_20260126_134942_ws0127_1358_ws0129_1459,19,13,35.60164545697015,143.85092923271745,35.60164545697015,881,2026-01-29 15:42:32,0.8163108583682591,0.1572493219989404,0.6864456524346477
mu_mig_c59_20260126_134942_ws0127_1358_ws0129_1459,19,14,46.25354451737413,69.10585003875981,46.25354451737413,1049,2026-01-29 15:43:19,0.4746682788056727,0.1927185964966021,0.4370327333504118
mu_mig_c59_20260126_134942_ws0127_1358_ws0129_1459,19,15,40.834963666749644,75.58068523888414,40.834963666749644,1363,2026-01-29 15:41:56,0.4592685367891228,0.2546644022797528,0.3882063838083445
mu_mig_c59_20260126_134942_ws0127_1358_ws0129_1459,19,16,6.819646611809176,109.0746071769108,6.819646611809176,1252,2026-01-29 15:42:39,0.543611043572203,0.2420574026015965,0.5644881456834727
mu_mig_c59_20260126_134942_ws0127_1358_ws0129_1459,19,17,15.475457049679898,110.63594432655678,15.475457049679898,3124,2026-01-29 15:54:52,0.580501125642225,0.4227365141029697,0.2849423497908178
mu_mig_c59_20260126_134942_ws0127_1358_ws0129_1459,19,18,19.163466038985597,128.37845222574626,19.163466038985597,2761,2026-01-29 15:52:42,0.8524826511826618,0.3892973505988141,0.2897741393660351
mu_mig_c59_20260126_134942_ws0127_1358_ws0129_1459,19,19,27.57138522167336,139.20157029701855,27.57138522167336,2355,2026-01-29 15:48:44,0.4875739643095665,0.3609485224797369,0.5729212493321765
mu_mig_c59_20260126_134942_ws0127_1358_ws0129_1459,19,20,99.75584726884476,20.564332365570586,99.75584726884476,1234,2026-01-29 16:13:25,0.1568219607813624,0.2175664533297282,0.4403634910888261
mu_mig_c59_20260126_134942_ws0127_1358_ws0129_1459,19,21,23.48076357195156,90.09909928857653,23.48076357195156,1012,2026-01-29 16:14:12,0.5859207125658301,0.1854930542760178,0.4564967106458279
mu_mig_c59_20260126_134942_ws0127_1358_ws0129_1459,19,22,21.11608829581876,94.30040238090626,21.11608829581876,1095,2026-01-29 16:16:14,0.9535692224101334,0.2121601748494723,0.3456774694586543
mu_mig_c59_20260126_134942_ws0127_1358_ws0129_1459,19,23,46.976932626342155,157.98596222979313,46.976932626342155,2207,2026-01-29 16:18:37,0.6654908170839436,0.3505058977338283,0.5519199918671309
mu_mig_c59_20260126_134942_ws0127_1358_ws0129_1459,19,24,26.321628512701928,138.01387375944003,26.321628512701928,2251,2026-01-29 16:18:43,0.606902908628203,0.3463564825519886,0.4906017720289279
mu_mig_c59_20260126_134942_ws0127_1358_ws0129_1459,20,0,102.54552190295337,24.531999135875342,102.54552190295337,542,2026-01-29 17:06:47,0.4734068779689017,0.05616881638887005,0.3388140464611752
mu_mig_c59_20260126_134942_ws0127_1358_ws0129_1459,20,1,19.13322589325661,129.25226598224668,19.13322589325661,1217,2026-01-29 17:01:45,0.6668776490909165,0.2288553410746366,0.6148381699573828
mu_mig_c59_20260126_134942_ws0127_1358_ws0129_1459,20,2,8.588185972719971,110.95398316182201,8.588185972719971,1716,2026-01-29 17:06:52,0.6757266863498579,0.2941850524735058,0.42395870427134624
mu_mig_c59_20260126_134942_ws0127_1358_ws0129_1459,20,3,41.205154699977456,74.49233061277975,41.205154699977456,1468,2026-01-29 17:05:38,0.429382915464278,0.2633662601642553,0.4524624647333685
mu_mig_c59_20260126_134942_ws0127_1358_ws0129_1459,20,4,49.424247497678856,158.46039155595832,49.424247497678856,1228,2026-01-29 16:59:02,0.7459826997434581,0.22822121885695168,0.7311108886308446
mu_mig_c59_20260126_134942_ws0127_1358_ws0129_1459,20,5,17.762146178176415,119.94701913889496,17.762146178176415,3813,2026-01-29 17:14:51,0.5877963208460742,0.4469659214042642,0.27310296289829805
mu_mig_c59_20260126_134942_ws0127_1358_ws0129_1459,20,6,16.178827219850668,100.5403188548869,16.178827219850668,1422,2026-01-29 17:04:36,0.511374150912609,0.2603667005768307,0.5015692890295502
mu_mig_c59_20260126_134942_ws0127_1358_ws0129_1459,20,7,72.42950662327006,42.33840721973299,72.42950662327006,480,2026-01-29 16:57:59,0.5110875838182335,0.02368314832747316,0.37771067405612224
mu_mig_c59_20260126_134942_ws0127_1358_ws0129_1459,20,8,13.55359506035112,107.79680273293391,13.55359506035112,2040,2026-01-29 17:08:11,0.3682930746972897,0.3240398977497942,0.5353631720081515
mu_mig_c59_20260126_134942_ws0127_1358_ws0129_1459,20,9,42.52191929047937,153.20886970659765,42.52191929047937,1753,2026-01-29 17:03:27,0.7012666597361933,0.2900710044324044,0.6268597579058784
mu_mig_c59_20260126_134942_ws0127_1358_ws0129_1459,20,10,12.319815707880165,104.94338839110902,12.319815707880165,547,2026-01-29 16:59:01,0.6950119497534603,0.06790131089442857,0.6633080739748924
mu_mig_c59_20260126_134942_ws0127_1358_ws0129_1459,20,11,21.294434941330184,129.3780878506535,21.294434941330184,1179,2026-01-29 16:59:53,0.5533392977707358,0.22279162979838946,0.670050423596315
mu_mig_c59_20260126_134942_ws0127_1358_ws0129_1459,20,12,34.811881064115816,146.31143593732105,34.811881064115816,2612,2026-01-29 17:08:34,0.4422852444020417,0.3836831800290248,0.6417503058096488
mu_mig_c59_20260126_134942_ws0127_1358_ws0129_1459,20,13,37.6476958636351,145.2703906090381,37.6476958636351,889,2026-01-29 17:00:26,0.7688440624000129,0.16850191390315475,0.6910472778411649
mu_mig_c59_20260126_134942_ws0127_1358_ws0129_1459,20,14,29.42232161896296,86.07693582482021,29.42232161896296,1501,2026-01-29 17:03:31,0.5214361872113596,0.2669700428067236,0.422936875600854
mu_mig_c59_20260126_134942_ws0127_1358_ws0129_1459,20,15,37.85182389825755,79.29682666831009,37.85182389825755,1596,2026-01-29 17:05:30,0.5017304498044438,0.2834861940097841,0.39201637894391617
mu_mig_c59_20260126_134942_ws0127_1358_ws0129_1459,20,16,8.192412231602344,115.68598196322759,8.192412231602344,1503,2026-01-29 17:04:25,0.5516280748834006,0.2839348496734437,0.5569416377643621
mu_mig_c59_20260126_134942_ws0127_1358_ws0129_1459,20,17,91.60740314480901,202.47281006386487,91.60740314480901,3536,2026-01-29 17:15:10,0.6148598503888116,0.4308480135781583,0.7494382089969549
mu_mig_c59_20260126_134942_ws0127_1358_ws0129_1459,20,18,17.2172980734174,118.86968702483699,17.2172980734174,2893,2026-01-29 17:13:09,0.838628988360216,0.4016647889188226,0.266841040048838
mu_mig_c59_20260126_134942_ws0127_1358_ws0129_1459,20,19,12.929081363469493,123.91417759351026,12.929081363469493,1875,2026-01-29 17:06:30,0.5174895526099297,0.3147869946352788,0.5447637817865243
mu_mig_c59_20260126_134942_ws0127_1358_ws0129_1459,20,20,83.89688889702637,36.15009002080321,83.89688889702637,1289,2026-01-29 17:33:28,0.2126062184936574,0.2431697096832282,0.4670759104894305
mu_mig_c59_20260126_134942_ws0127_1358_ws0129_1459,20,21,37.547165819542776,76.96859976232318,37.547165819542776,844,2026-01-29 17:33:23,0.6174226521029694,0.15254346331444085,0.4380726345094883
mu_mig_c59_20260126_134942_ws0127_1358_ws0129_1459,20,22,19.15996190311928,96.7961177009364,19.15996190311928,1241,2026-01-29 17:34:34,0.8717405648642832,0.2341137270040923,0.3477721726726365
mu_mig_c59_20260126_134942_ws0127_1358_ws0129_1459,20,23,41.885738070592325,152.6961483057512,41.885738070592325,1703,2026-01-29 17:37:40,0.7519442418939528,0.2890593132361253,0.556888534569324
mu_mig_c59_20260126_134942_ws0127_1358_ws0129_1459,20,24,45.244083957838285,156.9243170077882,45.244083957838285,3207,2026-01-29 17:40:56,0.5802041320790314,0.42404877290651255,0.5069911750879685
mu_mig_c59_20260126_134942_ws0127_1358_ws0129_1459,21,0,29.21980184928479,138.23074757319628,29.21980184928479,4848,2026-01-29 18:40:46,0.4665901000270919,0.4987776622823964,0.33501101616249945
mu_mig_c59_20260126_134942_ws0127_1358_ws0129_1459,21,1,24.64523114250034,133.71106049510567,24.64523114250034,1034,2026-01-29 18:23:30,0.7322366281346555,0.19763152607196738,0.6295918188300229
mu_mig_c59_20260126_134942_ws0127_1358_ws0129_1459,21,2,12.17252005871524,105.49281151519975,12.17252005871524,1633,2026-01-29 18:27:44,0.6721603848881144,0.291200113598066,0.38064395094442355
mu_mig_c59_20260126_134942_ws0127_1358_ws0129_1459,21,3,21.590288562324183,94.28916120598032,21.590288562324183,1566,2026-01-29 18:25:11,0.4930764007121349,0.27070315118740085,0.46163119596018365
mu_mig_c59_20260126_134942_ws0127_1358_ws0129_1459,21,4,60.65337430749287,169.40538273530578,60.65337430749287,1415,2026-01-29 18:24:48,0.7366996404762699,0.2523136356547324,0.7466054163832244
mu_mig_c59_20260126_134942_ws0127_1358_ws0129_1459,21,5,16.483441414137395,120.4444799345932,16.483441414137395,3655,2026-01-29 18:36:33,0.5969404896489688,0.4406823164757968,0.2769023146183088
mu_mig_c59_20260126_134942_ws0127_1358_ws0129_1459,21,6,23.976413751407506,91.08672018417512,23.976413751407506,1346,2026-01-29 18:25:30,0.5121817506066833,0.2474312000945803,0.47971832737698067
mu_mig_c59_20260126_134942_ws0127_1358_ws0129_1459,21,7,24.237989728186,134.96707363957185,24.237989728186,3614,2026-01-29 18:38:20,0.5266327217042602,0.45187024121500263,0.4010691583552244
mu_mig_c59_20260126_134942_ws0127_1358_ws0129_1459,21,8,15.82483639079515,126.12901887718348,15.82483639079515,2197,2026-01-29 18:30:22,0.4327130666744319,0.33875816481109533,0.5614538106045692
mu_mig_c59_20260126_134942_ws0127_1358_ws0129_1459,21,9,41.99820987942382,152.81513555319071,41.99820987942382,1773,2026-01-29 18:26:05,0.6759018990815896,0.3002630653622337,0.6223257244788175
mu_mig_c59_20260126_134942_ws0127_1358_ws0129_1459,21,10,12.854274705894166,103.51697135704279,12.854274705894166,545,2026-01-29 18:19:50,0.6960722903385727,0.06294852459126285,0.6586372843684756
mu_mig_c59_20260126_134942_ws0127_1358_ws0129_1459,21,11,19.58041333737538,128.50715619750673,19.58041333737538,1197,2026-01-29 18:24:54,0.5889590901090979,0.22597154034068237,0.6599709776848734
mu_mig_c59_20260126_134942_ws0127_1358_ws0129_1459,21,12,37.58245761479294,149.19578952484127,37.58245761479294,2679,2026-01-29 18:33:03,0.4489390479619711,0.39128741284349217,0.6106313378455532
mu_mig_c59_20260126_134942_ws0127_1358_ws0129_1459,21,13,40.3058928032843,148.31188053853182,40.3058928032843,1002,2026-01-29 18:20:53,0.7308706256254159,0.1775039874265262,0.6947285781663787
mu_mig_c59_20260126_134942_ws0127_1358_ws0129_1459,21,14,10.524034563422955,110.46465136133911,10.524034563422955,2074,2026-01-29 18:29:29,0.5588505139359092,0.32637119985482077,0.41166018940120785
mu_mig_c59_20260126_134942_ws0127_1358_ws0129_1459,21,15,24.678505218926684,92.8586895684719,24.678505218926684,1789,2026-01-29 18:29:56,0.5425818003424593,0.30638285342428484,0.3972316838121104
mu_mig_c59_20260126_134942_ws0127_1358_ws0129_1459,21,16,26.176592345754685,137.0175387077634,26.176592345754685,1996,2026-01-29 18:28:32,0.5580416999323586,0.31743680733092144,0.5509044314290737
mu_mig_c59_20260126_134942_ws0127_1358_ws0129_1459,21,17,85.28086309899649,195.95989943053112,85.28086309899649,3190,2026-01-29 18:39:48,0.626010286897753,0.4273401326750488,0.7099574941046047
mu_mig_c59_20260126_134942_ws0127_1358_ws0129_1459,21,18,104.28475210874811,214.30588267483944,104.28475210874811,3138,2026-01-29 18:34:46,0.8275460581022595,0.41155873957482947,0.7484945605950803
mu_mig_c59_20260126_134942_ws0127_1358_ws0129_1459,21,19,6.0960543418733035,112.93043477552729,6.0960543418733035,1456,2026-01-29 18:25:54,0.5491104492558782,0.2744599967220899,0.5225402284106045
mu_mig_c59_20260126_134942_ws0127_1358_ws0129_1459,21,20,56.361498777322865,60.35819481994719,56.361498777322865,1471,2026-01-29 18:55:42,0.31568567474585524,0.26703428222795533,0.4838143379306394
mu_mig_c59_20260126_134942_ws0127_1358_ws0129_1459,21,21,46.271573237629084,69.35025581677122,46.271573237629084,843,2026-01-29 18:54:24,0.6263784827198017,0.1479244238791017,0.41770848692123647
mu_mig_c59_20260126_134942_ws0127_1358_ws0129_1459,21,22,11.392041858960402,105.72917100922889,11.392041858960402,1574,2026-01-29 19:04:28,0.8017472370898504,0.2701797344817529,0.3538941775163491
mu_mig_c59_20260126_134942_ws0127_1358_ws0129_1459,21,23,30.664314864285853,140.85317715197894,30.664314864285853,1349,2026-01-29 19:03:06,0.8211069817419602,0.23990204563796294,0.5608633687310782
mu_mig_c59_20260126_134942_ws0127_1358_ws0129_1459,21,24,59.31721983643467,171.39750302597378,59.31721983643467,4062,2026-01-29 19:11:14,0.5480365020611769,0.458472151101239,0.5275212157593638
mu_mig_c59_20260126_134942_ws0127_1358_ws0129_1459,22,0,15.47697927095909,118.99456810516659,15.47697927095909,3539,2026-01-29 20:09:26,0.48129323356150266,0.4386404125288448,0.342984657171545
mu_mig_c59_20260126_134942_ws0127_1358_ws0129_1459,22,1,25.902720979399295,134.07030450489117,25.902720979399295,895,2026-01-29 19:50:25,0.7845238113696467,0.17265247406983203,0.6413947379281348
mu_mig_c59_20260126_134942_ws0127_1358_ws0129_1459,22,2,29.935305397102145,87.32534449819997,29.935305397102145,1588,2026-01-29 19:58:58,0.6693073437187196,0.2888121624977142,0.3459921482828854
mu_mig_c59_20260126_134942_ws0127_1358_ws0129_1459,22,3,22.317942910025348,94.67103288939603,22.317942910025348,1590,2026-01-29 19:56:11,0.5440311889104205,0.2765726640059173,0.4689661809416358
mu_mig_c59_20260126_134942_ws0127_1358_ws0129_1459,22,4,59.93046976852032,168.51232456898154,59.93046976852032,1275,2026-01-29 19:52:30,0.7275787544997773,0.24922769091929362,0.7467132820821811
mu_mig_c59_20260126_134942_ws0127_1358_ws0129_1459,22,5,16.99430230240051,122.3061314739509,16.99430230240051,3401,2026-01-29 20:05:49,0.6042558246912845,0.43565543253302286,0.2799417959943174
mu_mig_c59_20260126_134942_ws0127_1358_ws0129_1459,22,6,31.336485664571512,83.36495520802892,31.336485664571512,1319,2026-01-29 19:54:49,0.5080850268330721,0.23939327646231598,0.46091880312250183
mu_mig_c59_20260126_134942_ws0127_1358_ws0129_1459,22,7,15.48204212986403,125.42611494605151,15.48204212986403,2794,2026-01-29 20:03:53,0.5390688320130816,0.3944199155250262,0.4197559457945061
mu_mig_c59_20260126_134942_ws0127_1358_ws0129_1459,22,8,20.435367173350052,131.7314326333196,20.435367173350052,2233,2026-01-29 20:01:50,0.4842490602561456,0.35053277846013625,0.5823263214817035
mu_mig_c59_20260126_134942_ws0127_1358_ws0129_1459,22,9,37.43395574675131,147.8293354144029,37.43395574675131,1607,2026-01-29 19:56:18,0.6330575234245536,0.280237431797922,0.6334202381117479
mu_mig_c59_20260126_134942_ws0127_1358_ws0129_1459,22,10,13.244072249967633,106.21945087745979,13.244072249967633,541,2026-01-29 19:49:56,0.6969205628066626,0.058986295548730285,0.6549006526833422
mu_mig_c59_20260126_134942_ws0127_1358_ws0129_1459,22,11,27.846801954496282,135.68523334684124,27.846801954496282,1230,2026-01-29 19:56:11,0.6174549239797875,0.2285154687745167,0.6519074209557203
mu_mig_c59_20260126_134942_ws0127_1358_ws0129_1459,22,12,21.45921599041412,132.89069218192543,21.45921599041412,2640,2026-01-29 20:04:34,0.45123215487349244,0.3922207626262681,0.572519171569267
mu_mig_c59_20260126_134942_ws0127_1358_ws0129_1459,22,13,32.54535588753406,139.84735301692794,32.54535588753406,979,2026-01-29 19:53:11,0.7007733965438862,0.18473791138219034,0.694837615720027
mu_mig_c59_20260126_134942_ws0127_1358_ws0129_1459,22,14,12.235821422874812,120.69593172797701,12.235821422874812,2455,2026-01-29 20:01:30,0.5887819753155489,0.37389212549329853,0.4026388404414909
mu_mig_c59_20260126_134942_ws0127_1358_ws0129_1459,22,15,11.762907207465446,114.56515309911772,11.762907207465446,2047,2026-01-29 19:59:01,0.5804471320452751,0.32856810257041835,0.4038447517410335
mu_mig_c59_20260126_134942_ws0127_1358_ws0129_1459,22,16,25.895280874449284,137.35181726937643,25.895280874449284,2083,2026-01-29 20:00:27,0.5613721064409819,0.33121448647537766,0.5424427927948638
mu_mig_c59_20260126_134942_ws0127_1358_ws0129_1459,22,17,87.03454294707397,197.9180459012166,87.03454294707397,3397,2026-01-29 20:08:01,0.634930636104906,0.42453382795256117,0.6783729221907248
mu_mig_c59_20260126_134942_ws0127_1358_ws0129_1459,22,18,97.83057388029991,208.09990522263791,97.83057388029991,3097,2026-01-29 20:03:58,0.8098635740168483,0.4245636798989816,0.719536010108127
mu_mig_c59_20260126_134942_ws0127_1358_ws0129_1459,22,19,11.160745764233251,103.80723917549682,11.160745764233251,1368,2026-01-29 19:56:35,0.5744071665726369,0.24219839839153884,0.5047613857098687
mu_mig_c59_20260126_134942_ws0127_1358_ws0129_1459,22,20,14.126779924652945,100.58413887674304,14.126779924652945,1654,2026-01-29 20:28:16,0.4091858704900987,0.2874752066011289,0.4912834330565006
mu_mig_c59_20260126_134942_ws0127_1358_ws0129_1459,22,21,43.71025888583021,70.77672950560722,43.71025888583021,882,2026-01-29 20:25:51,0.6101800470900332,0.16393090957918258,0.41717857257258506
mu_mig_c59_20260126_134942_ws0127_1358_ws0129_1459,22,22,15.64126881852935,103.89027888870453,15.64126881852935,1719,2026-01-29 20:31:14,0.7457525748703042,0.2990325404638814,0.3587917813913191
mu_mig_c59_20260126_134942_ws0127_1358_ws0129_1459,22,23,24.66010292414102,133.61873417747327,24.66010292414102,1073,2026-01-29 20:29:51,0.852288051261801,0.19273728536760212,0.5830839675601712
mu_mig_c59_20260126_134942_ws0127_1358_ws0129_1459,22,24,61.33449322729618,173.34965253970734,61.33449322729618,4346,2026-01-29 20:36:56,0.48724939757237395,0.48110421716231244,0.5642208654360048
mu_mig_c59_20260126_134942_ws0127_1358_ws0129_1459,23,0,21.04883693763176,100.46506201219127,21.04883693763176,2803,2026-01-29 21:30:02,0.49305574038903127,0.39053061272600353,0.3493635699787815
mu_mig_c59_20260126_134942_ws0127_1358_ws0129_1459,23,1,29.8471219790601,137.97516286459023,29.8471219790601,838,2026-01-29 21:16:29,0.8263535579576397,0.15266923246812375,0.6508370732066245
mu_mig_c59_20260126_134942_ws0127_1358_ws0129_1459,23,2,26.31465377139066,90.8806384970958,26.31465377139066,1739,2026-01-29 21:25:04,0.6776717068544553,0.2870052806495982,0.32170403502710665
mu_mig_c59_20260126_134942_ws0127_1358_ws0129_1459,23,3,12.842810563326532,102.13530251898756,12.842810563326532,1489,2026-01-29 21:21:26,0.5847950194690489,0.2812682742607304,0.4748341689267975
mu_mig_c59_20260126_134942_ws0127_1358_ws0129_1459,23,4,52.43862362209025,160.90469939295846,52.43862362209025,1274,2026-01-29 21:20:03,0.7184895001515178,0.22985663163885056,0.7429824813466936
mu_mig_c59_20260126_134942_ws0127_1358_ws0129_1459,23,5,16.20528372126128,116.4366235494868,16.20528372126128,3633,2026-01-29 21:35:37,0.5765611322413028,0.43228718845732766,0.28281525590110174
mu_mig_c59_20260126_134942_ws0127_1358_ws0129_1459,23,6,27.49381359387473,86.83576219499574,27.49381359387473,1315,2026-01-29 21:20:56,0.512820320958932,0.24257292998229601,0.4475374452294843
mu_mig_c59_20260126_134942_ws0127_1358_ws0129_1459,23,7,9.038613652687845,114.83367333948236,9.038613652687845,2188,2026-01-29 21:26:18,0.5684886623049554,0.34732860456574566,0.4335272252082066
mu_mig_c59_20260126_134942_ws0127_1358_ws0129_1459,23,8,35.538950011967806,146.57296323115352,35.538950011967806,2351,2026-01-29 21:27:43,0.5254778551215166,0.359952469379369,0.5990243301834108
mu_mig_c59_20260126_134942_ws0127_1358_ws0129_1459,23,9,27.63219592818274,137.50255688738181,27.63219592818274,1432,2026-01-29 21:21:57,0.5940679018328456,0.2593660728335037,0.6472302292812971
mu_mig_c59_20260126_134942_ws0127_1358_ws0129_1459,23,10,12.385484538565585,105.3485310840292,12.385484538565585,527,2026-01-29 21:16:34,0.6975991807811346,0.055816512314704234,0.6519113473352354
mu_mig_c59_20260126_134942_ws0127_1358_ws0129_1459,23,11,21.61866766598101,131.42469348068232,21.61866766598101,1210,2026-01-29 21:20:20,0.6402515910763392,0.23055061152158415,0.6454565755723977
mu_mig_c59_20260126_134942_ws0127_1358_ws0129_1459,23,12,24.116767089064144,135.76151764573402,24.116767089064144,2735,2026-01-29 21:29:13,0.4570712743836679,0.38835125628428513,0.5447698721942333
mu_mig_c59_20260126_134942_ws0127_1358_ws0129_1459,23,13,37.72677929280635,146.14426004702568,37.72677929280635,1018,2026-01-29 21:17:44,0.7042448877176555,0.18859475339066334,0.6830468260232301
mu_mig_c59_20260126_134942_ws0127_1358_ws0129_1459,23,14,24.289055249842683,135.5984315067816,24.289055249842683,3022,2026-01-29 21:31:13,0.6127271444192606,0.4119088660040807,0.3954217612737173
mu_mig_c59_20260126_134942_ws0127_1358_ws0129_1459,23,15,11.03076257190562,119.23819211433614,11.03076257190562,2206,2026-01-29 21:26:10,0.6107393974075278,0.34631630188732515,0.409135206084172
mu_mig_c59_20260126_134942_ws0127_1358_ws0129_1459,23,16,22.346273417954695,133.80696320911684,22.346273417954695,2181,2026-01-29 21:28:00,0.5356378795444331,0.3452956064028393,0.5449192960381418
mu_mig_c59_20260126_134942_ws0127_1358_ws0129_1459,23,17,78.2282511328735,189.38837234923554,78.2282511328735,3314,2026-01-29 21:32:04,0.6420669154706284,0.4222887841745711,0.6531052646596207
mu_mig_c59_20260126_134942_ws0127_1358_ws0129_1459,23,18,98.71342047309251,209.085404962395,98.71342047309251,3476,2026-01-29 21:33:08,0.7404935212516953,0.43495902659609853,0.687539881934695
mu_mig_c59_20260126_134942_ws0127_1358_ws0129_1459,23,19,24.29740399741564,89.55388857359291,24.29740399741564,1132,2026-01-29 21:21:17,0.594644540426044,0.21638911972709796,0.49053831154928007
mu_mig_c59_20260126_134942_ws0127_1358_ws0129_1459,23,20,12.31656520601275,103.6831215509559,12.31656520601275,1778,2026-01-29 21:55:10,0.48398602708549343,0.3038279460996678,0.49725870915718956
mu_mig_c59_20260126_134942_ws0127_1358_ws0129_1459,23,21,32.69901187632073,81.9066648874715,32.69901187632073,980,2026-01-29 21:53:23,0.585969180220157,0.18379872048139698,0.4215881397940504
mu_mig_c59_20260126_134942_ws0127_1358_ws0129_1459,23,22,15.379723993432611,103.18438292376534,15.379723993432611,2033,2026-01-29 21:57:13,0.7009568450946673,0.3221147852495842,0.36270986449129516
mu_mig_c59_20260126_134942_ws0127_1358_ws0129_1459,23,23,22.489204926534676,131.1267821619327,22.489204926534676,855,2026-01-29 21:51:32,0.8772329068776736,0.15500547715131346,0.6008604466234455
mu_mig_c59_20260126_134942_ws0127_1358_ws0129_1459,23,24,71.33428057123594,183.27463654667076,71.33428057123594,4769,2026-01-29 22:06:37,0.42777213228739125,0.4953063363915173,0.5950521508225216
mu_mig_c59_20260126_134942_ws0127_1358_ws0129_1459,24,0,25.999091500420562,93.77281669311954,25.999091500420562,2336,2026-01-29 22:57:49,0.5024657458510542,0.35204277288373054,0.3544667002245706
mu_mig_c59_20260126_134942_ws0127_1358_ws0129_1459,24,1,22.192438829192728,129.60678824427384,22.192438829192728,756,2026-01-29 22:45:56,0.8677758992264585,0.13678818387015318,0.6423988332386801
mu_mig_c59_20260126_134942_ws0127_1358_ws0129_1459,24,2,35.42581121908378,83.61527672313535,35.42581121908378,1772,2026-01-29 22:54:52,0.686524750609238,0.2993437487722768,0.3026926185114519
mu_mig_c59_20260126_134942_ws0127_1358_ws0129_1459,24,3,7.892809843517483,114.31596115048723,7.892809843517483,1666,2026-01-29 22:54:24,0.6174060839159516,0.2850247624645809,0.4795285593149268
mu_mig_c59_20260126_134942_ws0127_1358_ws0129_1459,24,4,42.13661955137256,150.37475616778337,42.13661955137256,1102,2026-01-29 22:49:01,0.7107601496179594,0.20900572089927325,0.7325189125962026
mu_mig_c59_20260126_134942_ws0127_1358_ws0129_1459,24,5,19.172110360917266,106.11595014596688,19.172110360917266,3212,2026-01-29 22:59:36,0.5544053782813175,0.4295925931967715,0.2851140238265292
mu_mig_c59_20260126_134942_ws0127_1358_ws0129_1459,24,6,30.282737037807625,85.70532345714972,30.282737037807625,1338,2026-01-29 22:51:55,0.5370050586249518,0.24806392133818203,0.447181393472294
mu_mig_c59_20260126_134942_ws0127_1358_ws0129_1459,24,7,10.841106949456822,119.10824190240156,10.841106949456822,1951,2026-01-29 22:52:38,0.5920245265384544,0.3096555557983212,0.444544248739167
mu_mig_c59_20260126_134942_ws0127_1358_ws0129_1459,24,8,48.62519623746125,159.9428292102848,48.62519623746125,2588,2026-01-29 23:00:18,0.5620759562758688,0.367484635753656,0.6028604041958796
mu_mig_c59_20260126_134942_ws0127_1358_ws0129_1459,24,9,23.34443239317958,130.91553744710077,23.34443239317958,1243,2026-01-29 22:50:46,0.581346673020001,0.23728272407526327,0.6581780760371402
mu_mig_c59_20260126_134942_ws0127_1358_ws0129_1459,24,10,14.28155495729517,102.57795100946184,14.28155495729517,531,2026-01-29 22:45:48,0.6981420751607121,0.05328068572748339,0.64951990305675
mu_mig_c59_20260126_134942_ws0127_1358_ws0129_1459,24,11,28.44190461431908,138.33830371973028,28.44190461431908,1258,2026-01-29 22:51:13,0.6584889247535806,0.23217872571923812,0.6402958992657396
mu_mig_c59_20260126_134942_ws0127_1358_ws0129_1459,24,12,24.028710115031632,134.82297747936195,24.028710115031632,2719,2026-01-29 23:03:25,0.4712584083112652,0.38444928749742113,0.5226123687958684
mu_mig_c59_20260126_134942_ws0127_1358_ws0129_1459,24,13,27.388390173482005,136.072478544236,27.388390173482005,1083,2026-01-29 22:48:58,0.7024125152704702,0.20646816447704092,0.6646890631192515
mu_mig_c59_20260126_134942_ws0127_1358_ws0129_1459,24,14,25.7995975099927,137.01670841982036,25.7995975099927,3053,2026-01-29 23:05:11,0.631134331407473,0.4167007877188109,0.39167404639380543
mu_mig_c59_20260126_134942_ws0127_1358_ws0129_1459,24,15,22.02007573592094,133.33659509601208,22.02007573592094,2492,2026-01-29 22:59:04,0.6263732571428358,0.3606474997949324,0.41995184893435866
mu_mig_c59_20260126_134942_ws0127_1358_ws0129_1459,24,16,23.50446805158691,135.1499575671419,23.50446805158691,2338,2026-01-29 22:55:40,0.515050498027194,0.3565605023448086,0.5469004986327641
mu_mig_c59_20260126_134942_ws0127_1358_ws0129_1459,24,17,73.2474199608246,184.37405543965073,73.2474199608246,3088,2026-01-29 22:59:03,0.6477759389632064,0.42049274915217905,0.6328911386347376
mu_mig_c59_20260126_134942_ws0127_1358_ws0129_1459,24,18,83.989787225008,194.98403986055067,83.989787225008,3427,2026-01-29 23:06:47,0.6521334129307199,0.4392862650112155,0.6567739579072174
mu_mig_c59_20260126_134942_ws0127_1358_ws0129_1459,24,19,21.476057139142437,91.99473586440381,21.476057139142437,1068,2026-01-29 22:46:22,0.6108344395087696,0.19574169679554526,0.47915985222080915
mu_mig_c59_20260126_134942_ws0127_1358_ws0129_1459,24,20,7.744293192690028,114.53336183187494,7.744293192690028,1886,2026-01-29 23:27:54,0.5438261523618092,0.3169101376984989,0.5020389300377408
mu_mig_c59_20260126_134942_ws0127_1358_ws0129_1459,24,21,47.838322801730015,68.51050198510536,47.838322801730015,1042,2026-01-29 23:21:20,0.5383992402047222,0.20242227312523642,0.42643244217035847
mu_mig_c59_20260126_134942_ws0127_1358_ws0129_1459,24,22,13.196252797697511,110.46308548358405,13.196252797697511,2210,2026-01-29 23:23:27,0.6651202612741577,0.3405805810781464,0.365844330971276
mu_mig_c59_20260126_134942_ws0127_1358_ws0129_1459,24,23,20.585441877662674,128.523653315158,20.585441877662674,733,2026-01-29 23:27:43,0.8971887913703718,0.12482003057828255,0.6150816298740651
mu_mig_c59_20260126_134942_ws0127_1358_ws0129_1459,24,24,65.5874320003658,177.69086900629765,65.5874320003658,4852,2026-01-29 23:32:33,0.38064316560730127,0.4990408790587358,0.6141429123989388
mu_mig_c59_20260126_134942_ws0127_1358_ws0129_1459,25,0,27.27487046572372,90.16220556065548,27.27487046572372,1895,2026-01-30 00:19:36,0.5585806759375155,0.31913606782638654,0.361337216226804
mu_mig_c59_20260126_134942_ws0127_1358_ws0129_1459,25,1,29.26424899762733,136.82063180545654,29.26424899762733,733,2026-01-30 00:12:35,0.9116742847751031,0.1205246174019748,0.6327032590755326
mu_mig_c59_20260126_134942_ws0127_1358_ws0129_1459,25,2,15.412184378443653,102.17121965653088,15.412184378443653,2008,2026-01-30 00:20:12,0.6933123219949724,0.32399689483022986,0.30894969444698867
mu_mig_c59_20260126_134942_ws0127_1358_ws0129_1459,25,3,13.043850662956197,123.64020710729191,13.043850662956197,1691,2026-01-30 00:17:36,0.6434949354734738,0.2880299530276613,0.4832840716254303
mu_mig_c59_20260126_134942_ws0127_1358_ws0129_1459,25,4,43.42012958599166,150.9319898595691,43.42012958599166,1007,2026-01-30 00:15:31,0.7034655000972525,0.19158253655310198,0.7207186167913779
mu_mig_c59_20260126_134942_ws0127_1358_ws0129_1459,25,5,22.5883647797999,101.82572762504387,22.5883647797999,3127,2026-01-30 00:29:08,0.5366807751133292,0.4274369169883266,0.2869530381668712
mu_mig_c59_20260126_134942_ws0127_1358_ws0129_1459,25,6,24.119477166879335,91.27819979604982,24.119477166879335,1424,2026-01-30 00:17:25,0.5563528487577677,0.25245671442289086,0.44689655206654183
mu_mig_c59_20260126_134942_ws0127_1358_ws0129_1459,25,7,5.962192408500048,113.7483258972394,5.962192408500048,1601,2026-01-30 00:16:22,0.6142205159414119,0.2747376615216063,0.4571620660539602
mu_mig_c59_20260126_134942_ws0127_1358_ws0129_1459,25,8,43.101353312598306,154.21012012308327,43.101353312598306,2442,2026-01-30 00:24:25,0.5726895272194055,0.3713374398962244,0.5879717185847328
mu_mig_c59_20260126_134942_ws0127_1358_ws0129_1459,25,9,14.85433616251431,122.34515210212585,14.85433616251431,1166,2026-01-30 00:16:28,0.5711696899697253,0.2196160450686709,0.6669363534418147
mu_mig_c59_20260126_134942_ws0127_1358_ws0129_1459,25,10,14.086692711484089,104.41500017684652,14.086692711484089,523,2026-01-30 00:12:47,0.6985763906643742,0.05125202445770671,0.6476067476339616
mu_mig_c59_20260126_134942_ws0127_1358_ws0129_1459,25,11,29.2697804321316,138.73426848194836,29.2697804321316,1197,2026-01-30 00:16:19,0.6864028816437305,0.2245292227902633,0.6446816936103112
mu_mig_c59_20260126_134942_ws0127_1358_ws0129_1459,25,12,22.647278078720674,132.96358454961359,22.647278078720674,2566,2026-01-30 00:25:07,0.48691705783788547,0.3792888235520402,0.5142465808132524
mu_mig_c59_20260126_134942_ws0127_1358_ws0129_1459,25,13,33.55920864823466,141.98701791522504,33.55920864823466,1213,2026-01-30 00:13:55,0.700946617312722,0.220766893346143,0.6500028527960686
mu_mig_c59_20260126_134942_ws0127_1358_ws0129_1459,25,14,27.55080101793105,138.45388378763792,27.55080101793105,3141,2026-01-30 00:27:51,0.6458286229326214,0.4122481236229752,0.3975402715478913
mu_mig_c59_20260126_134942_ws0127_1358_ws0129_1459,25,15,21.179631513053305,130.78108609682732,21.179631513053305,2548,2026-01-30 00:24:56,0.6273006590444169,0.3705543648695695,0.4341223739973121
mu_mig_c59_20260126_134942_ws0127_1358_ws0129_1459,25,16,28.855109645491755,139.92874151003804,28.855109645491755,2468,2026-01-30 00:22:41,0.4985805928134028,0.36557241909838406,0.548485460708462
mu_mig_c59_20260126_134942_ws0127_1358_ws0129_1459,25,17,76.17767592792744,187.3664493727179,76.17767592792744,3189,2026-01-30 00:27:12,0.6523431577572688,0.4190559211342654,0.6167198378148309
mu_mig_c59_20260126_134942_ws0127_1358_ws0129_1459,25,18,82.47639801484618,193.81643017046432,82.47639801484618,3818,2026-01-30 00:29:14,0.5797876368486536,0.44188356983369115,0.6227727075888128
mu_mig_c59_20260126_134942_ws0127_1358_ws0129_1459,25,19,23.394569928068986,90.89800443667771,23.394569928068986,958,2026-01-30 00:13:13,0.6237863587749501,0.17922375845030308,0.47005708475803243
mu_mig_c59_20260126_134942_ws0127_1358_ws0129_1459,25,20,17.95326211750397,129.15279752809744,17.95326211750397,1974,2026-01-30 00:52:05,0.5916982525828619,0.3273758909775638,0.5058631067421817
mu_mig_c59_20260126_134942_ws0127_1358_ws0129_1459,25,21,41.68718555035977,73.79944014502748,41.68718555035977,1201,2026-01-30 00:50:16,0.4999416563357831,0.2194380888933989,0.4317112132192868
mu_mig_c59_20260126_134942_ws0127_1358_ws0129_1459,25,22,9.893363690398491,112.30109454115448,9.893363690398491,2300,2026-01-30 00:51:53,0.63645099421775,0.3553532177409962,0.36835190415526065
mu_mig_c59_20260126_134942_ws0127_1358_ws0129_1459,25,23,20.10499172165402,127.30020239051015,20.10499172165402,666,2026-01-30 00:48:20,0.9131534989645302,0.10067167331985781,0.6264585764745607
mu_mig_c59_20260126_134942_ws0127_1358_ws0129_1459,25,24,54.79887289236203,166.29678146042556,54.79887289236203,4333,2026-01-30 00:59:24,0.3507907517756365,0.48983580738074883,0.6143816937718192
mu_mig_c59_20260126_134942_ws0127_1358_ws0129_1459,26,0,27.868049409920978,88.83800257161792,27.868049409920978,1674,2026-01-30 01:44:27,0.6164939831726142,0.2938204813783998,0.36848574312115834
mu_mig_c59_20260126_134942_ws0127_1358_ws0129_1459,26,1,21.84237071457604,129.28895059626305,21.84237071457604,655,2026-01-30 01:37:29,0.9470487996664275,0.10556171036178913,0.6233657695186081
mu_mig_c59_20260126_134942_ws0127_1358_ws0129_1459,26,2,17.234902543152835,102.72178169177525,17.234902543152835,2249,2026-01-30 01:49:38,0.6963809744083288,0.34481450671110625,0.3158378375604459
mu_mig_c59_20260126_134942_ws0127_1358_ws0129_1459,26,3,9.886045180287429,118.10288149443744,9.886045180287429,1629,2026-01-30 01:43:45,0.6602581642895643,0.2867251293127329,0.4838638166799972
mu_mig_c59_20260126_134942_ws0127_1358_ws0129_1459,26,4,31.19145712164322,137.53335455832942,31.19145712164322,974,2026-01-30 01:41:35,0.6968947170389512,0.1852857718024369,0.6841550722603402
mu_mig_c59_20260126_134942_ws0127_1358_ws0129_1459,26,5,14.502880600911663,116.07298942199024,14.502880600911663,3046,2026-01-30 01:54:15,0.559413580183954,0.4109641990842099,0.30104435708988136
mu_mig_c59_20260126_134942_ws0127_1358_ws0129_1459,26,6,14.548485551841608,100.71369500408306,14.548485551841608,1464,2026-01-30 01:43:54,0.5766144268700243,0.26274663398511516,0.4478752004657953
mu_mig_c59_20260126_134942_ws0127_1358_ws0129_1459,26,7,10.395327339824702,108.21563866379874,10.395327339824702,1387,2026-01-30 01:44:27,0.631977307463778,0.2468033461002343,0.4672563199057948
mu_mig_c59_20260126_134942_ws0127_1358_ws0129_1459,26,8,44.012225919383205,154.9832962434552,44.012225919383205,2590,2026-01-30 01:52:35,0.5694618061547123,0.3728892785180367,0.5641414344232679
mu_mig_c59_20260126_134942_ws0127_1358_ws0129_1459,26,9,20.410388235955864,128.45099486455862,20.410388235955864,1084,2026-01-30 01:39:51,0.5630281035295047,0.20548270186339704,0.6739429753655541
mu_mig_c59_20260126_134942_ws0127_1358_ws0129_1459,26,10,14.146672851831426,102.01348544887794,14.146672851831426,505,2026-01-30 01:38:44,0.6989238430673038,0.049629095441885374,0.646076223295731
mu_mig_c59_20260126_134942_ws0127_1358_ws0129_1459,26,11,27.20987869076337,136.17960501825186,27.20987869076337,1129,2026-01-30 01:43:26,0.7087340471558505,0.21840962044708345,0.6481903290859685
mu_mig_c59_20260126_134942_ws0127_1358_ws0129_1459,26,12,24.581070948773377,135.2731798690498,24.581070948773377,2551,2026-01-30 01:51:50,0.4994439774591817,0.3751604523957354,0.5075539504271596
mu_mig_c59_20260126_134942_ws0127_1358_ws0129_1459,26,13,33.88671306804324,142.85109303894916,33.88671306804324,1230,2026-01-30 01:41:14,0.6975805291803229,0.2331787570977575,0.6362795155940091
mu_mig_c59_20260126_134942_ws0127_1358_ws0129_1459,26,14,30.853252078173966,142.12257060272552,30.853252078173966,2943,2026-01-30 01:51:34,0.6568813435404774,0.4069488147207268,0.40997006235284317
mu_mig_c59_20260126_134942_ws0127_1358_ws0129_1459,26,15,33.052177898783015,144.6383612171178,33.052177898783015,2742,2026-01-30 01:52:35,0.6280425805656817,0.3784798569292792,0.44545879404767486
mu_mig_c59_20260126_134942_ws0127_1358_ws0129_1459,26,16,27.972882096692814,139.7322592855013,27.972882096692814,2623,2026-01-30 01:51:33,0.480741034170379,0.3733343783872692,0.5463030270057884
mu_mig_c59_20260126_134942_ws0127_1358_ws0129_1459,26,17,77.20779347850817,188.5339452349115,77.20779347850817,3245,2026-01-30 01:55:22,0.6559969327925187,0.4179064587199344,0.6037827971589056
mu_mig_c59_20260126_134942_ws0127_1358_ws0129_1459,26,18,64.70432207939034,176.32361604321056,64.70432207939034,3497,2026-01-30 01:56:03,0.5355882503622887,0.44122258135684217,0.5952602224220996
mu_mig_c59_20260126_134942_ws0127_1358_ws0129_1459,26,19,28.81190916771818,86.14026156403762,28.81190916771818,961,2026-01-30 01:41:59,0.6341478941878945,0.16600940777410936,0.462774870787811
mu_mig_c59_20260126_134942_ws0127_1358_ws0129_1459,26,20,28.078648082959713,139.51848672769498,28.078648082959713,2141,2026-01-30 02:16:34,0.6380450129581104,0.3283022131033083,0.501088330249905
mu_mig_c59_20260126_134942_ws0127_1358_ws0129_1459,26,21,33.08896636784534,81.36897813425996,33.08896636784534,1342,2026-01-30 02:16:48,0.47872303448966425,0.23783977362195835,0.43760497801353493
mu_mig_c59_20260126_134942_ws0127_1358_ws0129_1459,26,22,11.67164916727042,118.68786969407014,11.67164916727042,2468,2026-01-30 02:19:06,0.6135155805726238,0.36717132707127603,0.3703579627024484
mu_mig_c59_20260126_134942_ws0127_1358_ws0129_1459,26,23,15.11379646688562,120.69377777970827,15.11379646688562,612,2026-01-30 02:15:05,0.9259252650398571,0.08135298751311802,0.6355601337549571
mu_mig_c59_20260126_134942_ws0127_1358_ws0129_1459,26,24,39.73039446544179,151.68075637081105,39.73039446544179,4355,2026-01-30 02:25:02,0.3269088207103047,0.48247175003835924,0.6145727188701234
mu_mig_c59_20260126_134942_ws0127_1358_ws0129_1459,27,0,22.792094444957872,94.04576260482051,22.792094444957872,1620,2026-01-30 03:09:58,0.6621375342148326,0.27503578130617057,0.3743443153034953
mu_mig_c59_20260126_134942_ws0127_1358_ws0129_1459,27,1,22.669161312441965,129.51946804753734,22.669161312441965,640,2026-01-30 03:05:04,0.9682905589578432,0.08625904259785809,0.6159211560210899
mu_mig_c59_20260126_134942_ws0127_1358_ws0129_1459,27,2,12.049523702946482,111.30288194926588,12.049523702946482,2373,2026-01-30 03:16:41,0.6962946108654492,0.3637404663918509,0.33927518320525096
mu_mig_c59_20260126_134942_ws0127_1358_ws0129_1459,27,3,12.30358452183891,122.63177340380534,12.30358452183891,1747,2026-01-30 03:11:14,0.6736687473424368,0.2856812703407902,0.48432761272365077
mu_mig_c59_20260126_134942_ws0127_1358_ws0129_1459,27,4,24.93459721443682,133.36461821821212,24.93459721443682,1068,2026-01-30 03:04:54,0.6955582476524816,0.18987669077002053,0.6517378042287506
mu_mig_c59_20260126_134942_ws0127_1358_ws0129_1459,27,5,12.548468428846071,111.87880867570138,12.548468428846071,2629,2026-01-30 03:19:29,0.5977619541859298,0.3897606720926844,0.33454054623573737
mu_mig_c59_20260126_134942_ws0127_1358_ws0129_1459,27,6,14.96366171168302,102.99495772535275,14.96366171168302,1525,2026-01-30 03:10:57,0.5990768300661606,0.2706463202574794,0.44882928193270527
mu_mig_c59_20260126_134942_ws0127_1358_ws0129_1459,27,7,16.411883862716337,98.76287287252428,16.411883862716337,1248,2026-01-30 03:08:17,0.6461827406816708,0.22445589376313674,0.47533172298726245
mu_mig_c59_20260126_134942_ws0127_1358_ws0129_1459,27,8,36.420159613158056,147.2543570610753,36.420159613158056,2525,2026-01-30 03:16:44,0.5668043963529259,0.37429677030874403,0.5382366094855665
mu_mig_c59_20260126_134942_ws0127_1358_ws0129_1459,27,9,13.808522647911518,119.4568067284022,13.808522647911518,1016,2026-01-30 03:06:30,0.5565148343773283,0.19417602729917793,0.6795482729045459
mu_mig_c59_20260126_134942_ws0127_1358_ws0129_1459,27,10,14.610259351992282,100.52015145805429,14.610259351992282,550,2026-01-30 03:05:32,0.6992018049896476,0.0483307522292283,0.6448518038251465
mu_mig_c59_20260126_134942_ws0127_1358_ws0129_1459,27,11,32.80231795067922,141.35528610481816,32.80231795067922,1107,2026-01-30 03:07:47,0.7265989795655465,0.21351393857253959,0.6509972374664944
mu_mig_c59_20260126_134942_ws0127_1358_ws0129_1459,27,12,17.45925703852468,127.83759355641887,17.45925703852468,2514,2026-01-30 03:18:45,0.5094655131562187,0.3718577554706916,0.5021998461182853
mu_mig_c59_20260126_134942_ws0127_1358_ws0129_1459,27,13,38.16035718843085,148.24312595259457,38.16035718843085,1338,2026-01-30 03:09:47,0.6960610046593942,0.24144431065718494,0.6299581526087423
mu_mig_c59_20260126_134942_ws0127_1358_ws0129_1459,27,14,29.690698384248126,141.0552022673737,29.690698384248126,2855,2026-01-30 03:19:17,0.6657235200267623,0.4027093675989281,0.41991389499680465
mu_mig_c59_20260126_134942_ws0127_1358_ws0129_1459,27,15,33.1525538910057,144.63761001645227,33.1525538910057,2680,2026-01-30 03:17:41,0.6367605745454882,0.3851753323007575,0.45383838983812763
mu_mig_c59_20260126_134942_ws0127_1358_ws0129_1459,27,16,22.290073948997712,133.6392971618397,22.290073948997712,2590,2026-01-30 03:17:17,0.4679469876255302,0.3802163268722867,0.5424443574929038
mu_mig_c59_20260126_134942_ws0127_1358_ws0129_1459,27,17,73.73048600759063,185.008230438901,73.73048600759063,3346,2026-01-30 03:20:28,0.6516475091134143,0.42546376524011287,0.5909601866224372
mu_mig_c59_20260126_134942_ws0127_1358_ws0129_1459,27,18,58.02948100231191,169.51856641351426,58.02948100231191,3461,2026-01-30 03:22:40,0.5002287411731968,0.440693790575363,0.5732502342887291
mu_mig_c59_20260126_134942_ws0127_1358_ws0129_1459,27,19,27.072583739914144,88.74862937392388,27.072583739914144,1003,2026-01-30 03:08:09,0.6416621348827668,0.18692655612110212,0.45696687966632915
mu_mig_c59_20260126_134942_ws0127_1358_ws0129_1459,27,20,24.989748794055597,136.21479860739453,24.989748794055597,1910,2026-01-30 03:41:19,0.6794171162859899,0.323959056855073,0.4970742045578049
mu_mig_c59_20260126_134942_ws0127_1358_ws0129_1459,27,21,35.117667953823776,80.94030036365801,35.117667953823776,1424,2026-01-30 03:42:10,0.4937218426653441,0.2534818092228494,0.4429893606813814
mu_mig_c59_20260126_134942_ws0127_1358_ws0129_1459,27,22,11.882924594307896,113.07161498826036,11.882924594307896,2488,2026-01-30 03:45:26,0.5951672496565229,0.3766258145354999,0.37196280954019856
mu_mig_c59_20260126_134942_ws0127_1358_ws0129_1459,27,23,16.13852918719945,122.06207978685778,16.13852918719945,545,2026-01-30 03:39:58,0.9361426779001185,0.06589803886772619,0.6428413795792742
mu_mig_c59_20260126_134942_ws0127_1358_ws0129_1459,27,24,36.243605090993434,147.4141052391958,36.243605090993434,4180,2026-01-30 03:49:20,0.30780327585803924,0.4765805041644476,0.6147255389487669
mu_mig_c59_20260126_134942_ws0127_1358_ws0129_1459,28,0,21.054952016817587,95.8000582999393,21.054952016817587,1471,2026-01-30 04:33:17,0.674294918168609,0.25879095291481835,0.39567920754397184
mu_mig_c59_20260126_134942_ws0127_1358_ws0129_1459,28,1,17.426817168599797,123.22622469072499,17.426817168599797,551,2026-01-30 04:30:32,0.9795191149720684,0.06937262858263009,0.6168658673930465
mu_mig_c59_20260126_134942_ws0127_1358_ws0129_1459,28,2,18.138834706623793,128.11264376505667,18.138834706623793,2721,2026-01-30 04:46:13,0.6962255200311455,0.37888123413644664,0.358025059721095
mu_mig_c59_20260126_134942_ws0127_1358_ws0129_1459,28,3,11.875288920864458,122.02680641993149,11.875288920864458,1661,2026-01-30 04:33:44,0.6843972137847347,0.28484618316323607,0.48469864955857356
mu_mig_c59_20260126_134942_ws0127_1358_ws0129_1459,28,4,23.788509373332875,131.9127866155485,23.788509373332875,1023,2026-01-30 04:29:09,0.694489072143306,0.19354942594408742,0.625803989803479
mu_mig_c59_20260126_134942_ws0127_1358_ws0129_1459,28,5,11.486142113670384,119.37203987350595,11.486142113670384,2520,2026-01-30 04:38:19,0.6282168348999604,0.37156886225403546,0.37076470862398714
mu_mig_c59_20260126_134942_ws0127_1358_ws0129_1459,28,6,7.62016028018032,115.10411548150825,7.62016028018032,1623,2026-01-30 04:35:59,0.6171357027161009,0.2802770250016834,0.4587904260795118
mu_mig_c59_20260126_134942_ws0127_1358_ws0129_1459,28,7,11.809436336028712,102.56357513144368,11.809436336028712,1133,2026-01-30 04:31:17,0.6575470872559851,0.2065779318934587,0.4817920454524366
mu_mig_c59_20260126_134942_ws0127_1358_ws0129_1459,28,8,31.24096819325211,142.9494347569426,31.24096819325211,2664,2026-01-30 04:41:20,0.5534222902636708,0.37504627188796447,0.5104148980946863
mu_mig_c59_20260126_134942_ws0127_1358_ws0129_1459,28,9,16.1143804270983,122.5586238908448,16.1143804270983,1013,2026-01-30 04:30:46,0.5513042190555871,0.18513068764780266,0.6840325109357391
mu_mig_c59_20260126_134942_ws0127_1358_ws0129_1459,28,10,15.068525695914747,100.9457446771716,15.068525695914747,530,2026-01-30 04:29:48,0.6994241745275226,0.04729207765910264,0.6438722682486788
mu_mig_c59_20260126_134942_ws0127_1358_ws0129_1459,28,11,33.614993440275136,142.15566021573264,33.614993440275136,1073,2026-01-30 04:29:38,0.7357316566170374,0.2077625788475703,0.6534671145761437
mu_mig_c59_20260126_134942_ws0127_1358_ws0129_1459,28,12,20.27101477727283,131.08575819936047,20.27101477727283,2474,2026-01-30 04:40:54,0.5174827417138482,0.36921559793065656,0.4979165626711858
mu_mig_c59_20260126_134942_ws0127_1358_ws0129_1459,28,13,37.30136665618506,147.026276782219,37.30136665618506,1312,2026-01-30 04:34:16,0.7047598289333087,0.24745698499685548,0.6269524742222667
mu_mig_c59_20260126_134942_ws0127_1358_ws0129_1459,28,14,33.245350789300794,144.45277666406463,33.245350789300794,2759,2026-01-30 04:47:10,0.6727972612157901,0.39931780990148913,0.4278689611119738
mu_mig_c59_20260126_134942_ws0127_1358_ws0129_1459,28,15,35.86691851519261,147.08008061684498,35.86691851519261,2746,2026-01-30 04:42:05,0.6443720647794757,0.3952707462653657,0.4533246342817998
mu_mig_c59_20260126_134942_ws0127_1358_ws0129_1459,28,16,24.22179433502496,135.6197190850001,24.22179433502496,2850,2026-01-30 04:41:45,0.46404245395741517,0.3838318705211106,0.5282914495614465
mu_mig_c59_20260126_134942_ws0127_1358_ws0129_1459,28,17,71.80315804018024,183.3802956148037,71.80315804018024,3507,2026-01-30 04:50:25,0.6115910004241079,0.4337931270752426,0.5752439381271546
mu_mig_c59_20260126_134942_ws0127_1358_ws0129_1459,28,18,43.18720945789498,154.97342995574024,43.18720945789498,3411,2026-01-30 04:44:48,0.4690711174083346,0.4382893771204312,0.5492231230450333
mu_mig_c59_20260126_134942_ws0127_1358_ws0129_1459,28,19,26.703630687228376,87.25100260751711,26.703630687228376,1109,2026-01-30 04:31:50,0.6480203876586937,0.2099399488397637,0.4533836061572619
mu_mig_c59_20260126_134942_ws0127_1358_ws0129_1459,28,20,34.99414570503664,145.77129707346043,34.99414570503664,1976,2026-01-30 05:07:41,0.7124302220240287,0.32039178478244945,0.49111518208367744
mu_mig_c59_20260126_134942_ws0127_1358_ws0129_1459,28,21,13.469308342777625,102.13085434399554,13.469308342777625,1622,2026-01-30 05:07:01,0.5379810701449264,0.27176686428159874,0.44836274765405126
mu_mig_c59_20260126_134942_ws0127_1358_ws0129_1459,28,22,16.91776957509355,125.38058286586154,16.91776957509355,2717,2026-01-30 05:08:57,0.5804885849236422,0.384189404506879,0.37324668701039876
mu_mig_c59_20260126_134942_ws0127_1358_ws0129_1459,28,23,21.149202104910678,127.05442475359754,21.149202104910678,556,2026-01-30 05:07:03,0.9443166081883276,0.053534079951412725,0.648666376238728
mu_mig_c59_20260126_134942_ws0127_1358_ws0129_1459,28,24,32.50908084800732,144.20069775577423,32.50908084800732,4123,2026-01-30 05:15:43,0.2925188399762269,0.47186750746531825,0.6148477950116815
mu_mig_c59_20260126_134942_ws0127_1358_ws0129_1459,29,0,17.66525911692645,98.04289150050874,17.66525911692645,1370,2026-01-30 05:59:30,0.6681532286904606,0.25332246784035517,0.4363095923543429
mu_mig_c59_20260126_134942_ws0127_1358_ws0129_1459,29,1,17.643591082094467,123.56543420762114,17.643591082094467,538,2026-01-30 05:54:26,0.9885019597834486,0.05586349737044769,0.617621636490612
mu_mig_c59_20260126_134942_ws0127_1358_ws0129_1459,29,2,19.537819091642973,130.53713883428432,19.537819091642973,2703,2026-01-30 06:07:11,0.6889753311153991,0.3880846861211646,0.37567747567984167
mu_mig_c59_20260126_134942_ws0127_1358_ws0129_1459,29,3,12.33802886267689,122.59263954786061,12.33802886267689,1662,2026-01-30 06:01:10,0.6929799869385731,0.2841781134211927,0.4849954790265118
mu_mig_c59_20260126_134942_ws0127_1358_ws0129_1459,29,4,22.139625738683364,131.03682218401448,22.139625738683364,1079,2026-01-30 05:57:25,0.6936337317359654,0.19648761408334092,0.6050569382632616
mu_mig_c59_20260126_134942_ws0127_1358_ws0129_1459,29,5,13.375021010903378,120.99517991202015,13.375021010903378,2349,2026-01-30 06:04:25,0.6525807394711848,0.3570154143831163,0.39974403853458695
mu_mig_c59_20260126_134942_ws0127_1358_ws0129_1459,29,6,9.567962497307686,107.02304634263926,9.567962497307686,1633,2026-01-30 06:02:19,0.631582800836053,0.28798158879704655,0.4667593413969571
mu_mig_c59_20260126_134942_ws0127_1358_ws0129_1459,29,7,18.478580836712474,95.68440713972619,18.478580836712474,1036,2026-01-30 05:57:00,0.6666385645154365,0.19227556239771623,0.48696030342457597
mu_mig_c59_20260126_134942_ws0127_1358_ws0129_1459,29,8,22.535239174738813,132.8097664462239,22.535239174738813,2705,2026-01-30 06:09:37,0.5330438745159704,0.37483148565742447,0.48349081025565566
mu_mig_c59_20260126_134942_ws0127_1358_ws0129_1459,29,9,11.803373628850832,115.83765623925025,11.803373628850832,970,2026-01-30 05:55:16,0.5471357267981942,0.17789441592670244,0.6876199013606938
mu_mig_c59_20260126_134942_ws0127_1358_ws0129_1459,29,10,18.32805032090856,98.6394883953662,18.32805032090856,523,2026-01-30 05:54:33,0.6996020701578226,0.04646113800300212,0.6430886397875047
mu_mig_c59_20260126_134942_ws0127_1358_ws0129_1459,29,11,25.933594114503745,134.18599833814235,25.933594114503745,1070,2026-01-30 05:58:12,0.7406203424860605,0.2005073734377702,0.6454342568975299
mu_mig_c59_20260126_134942_ws0127_1358_ws0129_1459,29,12,16.489850882743454,125.67750225998753,16.489850882743454,2452,2026-01-30 06:07:36,0.5238965245599518,0.36710187189862853,0.4944899359135062
mu_mig_c59_20260126_134942_ws0127_1358_ws0129_1459,29,13,40.03591041083472,149.2853323983028,40.03591041083472,1424,2026-01-30 05:57:38,0.718159396659285,0.25171657278767745,0.6350372965009297
mu_mig_c59_20260126_134942_ws0127_1358_ws0129_1459,29,14,34.58288430695681,146.26427584841926,34.58288430695681,2946,2026-01-30 06:11:15,0.6784562541670124,0.396604563743538,0.4342330140041092
mu_mig_c59_20260126_134942_ws0127_1358_ws0129_1459,29,15,45.7392088615596,157.39882190264515,45.7392088615596,2972,2026-01-30 06:08:08,0.6581615015931975,0.4034578909334486,0.449348650061444
mu_mig_c59_20260126_134942_ws0127_1358_ws0129_1459,29,16,23.643339166223253,134.73543831945625,23.643339166223253,2654,2026-01-30 06:07:57,0.47958383111309383,0.38332652999387534,0.5058667148936212
mu_mig_c59_20260126_134942_ws0127_1358_ws0129_1459,29,17,63.87596029978242,175.61662805729068,63.87596029978242,3632,2026-01-30 06:11:05,0.5729568716011951,0.44202815206954676,0.5576382268286357
mu_mig_c59_20260126_134942_ws0127_1358_ws0129_1459,29,18,39.057845994254194,150.71737496983442,39.057845994254194,3546,2026-01-30 06:13:41,0.4431867795196078,0.4339766574029189,0.5224434184334112
mu_mig_c59_20260126_134942_ws0127_1358_ws0129_1459,29,19,15.13513931819606,100.71667996620677,15.13513931819606,1263,2026-01-30 05:58:52,0.6564911554694531,0.22733170372886669,0.4535657681507106
mu_mig_c59_20260126_134942_ws0127_1358_ws0129_1459,29,20,28.48718089879917,139.79876938557553,28.48718089879917,1838,2026-01-30 06:33:31,0.7313346315319027,0.3060407570441221,0.48419078595099996
mu_mig_c59_20260126_134942_ws0127_1358_ws0129_1459,29,21,12.901018342844292,104.27391750992162,12.901018342844292,1663,2026-01-30 06:31:33,0.5897582309795764,0.28885254437448454,0.45313787718188203
mu_mig_c59_20260126_134942_ws0127_1358_ws0129_1459,29,22,15.118463651755293,124.12270814567374,15.118463651755293,2723,2026-01-30 06:33:39,0.5731057010212075,0.38581347839261837,0.37333705657574334
mu_mig_c59_20260126_134942_ws0127_1358_ws0129_1459,29,23,19.75060381405488,124.81813606983842,19.75060381405488,516,2026-01-30 06:30:56,0.9583007197159779,0.04449043432725749,0.6494336269479051
mu_mig_c59_20260126_134942_ws0127_1358_ws0129_1459,29,24,33.29515346963854,144.72253837231176,33.29515346963854,4168,2026-01-30 06:39:25,0.280291291270777,0.4680971101060148,0.6149455998620134
mu_mig_c59_20260126_134942_ws0127_1358_ws0129_1459,30,0,12.041178449295968,103.5256681797766,12.041178449295968,1309,2026-01-30 07:31:44,0.6598261770301233,0.2439746003931067,0.4720358750961817
mu_mig_c59_20260126_134942_ws0127_1358_ws0129_1459,30,1,16.39266992031115,121.49198207787684,16.39266992031115,514,2026-01-30 07:19:38,0.9956882356325527,0.04505619240070177,0.6182262517686642
mu_mig_c59_20260126_134942_ws0127_1358_ws0129_1459,30,2,24.56077772350846,135.3152946467609,24.56077772350846,2650,2026-01-30 07:33:01,0.6719492242608908,0.38792556525079014,0.3976590795028254
mu_mig_c59_20260126_134942_ws0127_1358_ws0129_1459,30,3,12.939481809244983,122.87780001578436,12.939481809244983,1573,2026-01-30 07:26:23,0.6998462054616438,0.28364365762755805,0.4852329426008624
mu_mig_c59_20260126_134942_ws0127_1358_ws0129_1459,30,4,14.243926167039364,122.60358692174815,14.243926167039364,1069,2026-01-30 07:22:32,0.692949459410093,0.19883816459474374,0.5884592970310878
mu_mig_c59_20260126_134942_ws0127_1358_ws0129_1459,30,5,19.976501808731932,131.02937018179094,19.976501808731932,2280,2026-01-30 07:30:50,0.6720718631281644,0.34537265608638096,0.4229275024630668
mu_mig_c59_20260126_134942_ws0127_1358_ws0129_1459,30,6,14.084375584291747,121.77589996610901,14.084375584291747,1768,2026-01-30 07:27:40,0.6431404793320148,0.29414523983333707,0.4731344736509132
mu_mig_c59_20260126_134942_ws0127_1358_ws0129_1459,30,7,20.71630637084424,93.89748487180398,20.71630637084424,1005,2026-01-30 07:19:21,0.6731180054704706,0.18676522902273493,0.48750038155093744
mu_mig_c59_20260126_134942_ws0127_1358_ws0129_1459,30,8,14.578290193684824,122.50763269200804,14.578290193684824,2626,2026-01-30 07:33:40,0.5131218771347051,0.3726616703392369,0.46259018257694007
mu_mig_c59_20260126_134942_ws0127_1358_ws0129_1459,30,9,9.138746843650281,114.3005815066775,9.138746843650281,935,2026-01-30 07:20:57,0.5438009329922798,0.17210539854982226,0.6904898137006574
mu_mig_c59_20260126_134942_ws0127_1358_ws0129_1459,30,10,17.858177129608645,98.63102241812754,17.858177129608645,510,2026-01-30 07:17:55,0.6997443866620626,0.0457963862781217,0.6424617370185655
mu_mig_c59_20260126_134942_ws0127_1358_ws0129_1459,30,11,32.4899749295762,140.73196033766854,32.4899749295762,1055,2026-01-30 07:21:01,0.7407163688712176,0.19424765180724074,0.6335432602188942
mu_mig_c59_20260126_134942_ws0127_1358_ws0129_1459,30,12,14.544599317875416,123.34785714588341,14.544599317875416,2312,2026-01-30 07:29:29,0.5290275508368347,0.3654108910730061,0.4917486345073626
mu_mig_c59_20260126_134942_ws0127_1358_ws0129_1459,30,13,50.35988690369091,159.44325139358392,50.35988690369091,1425,2026-01-30 07:23:32,0.7334524282714227,0.2538107484980381,0.643684952446598
mu_mig_c59_20260126_134942_ws0127_1358_ws0129_1459,30,14,39.87482934289081,151.49403998747445,39.87482934289081,2788,2026-01-30 07:33:42,0.6829834485279902,0.394433966817177,0.43932425631781746
mu_mig_c59_20260126_134942_ws0127_1358_ws0129_1459,30,15,43.00643650273514,154.80306948680868,43.00643650273514,3020,2026-01-30 07:33:28,0.6755830722714538,0.40754813623986486,0.44429903659407355
mu_mig_c59_20260126_134942_ws0127_1358_ws0129_1459,30,16,17.13699353049806,125.26827644574067,17.13699353049806,2600,2026-01-30 07:32:08,0.5089381418972514,0.3785748639378576,0.4849432038741135
mu_mig_c59_20260126_134942_ws0127_1358_ws0129_1459,30,17,57.320132505597556,169.16109988200427,57.320132505597556,3694,2026-01-30 07:35:51,0.5133480340628045,0.44763991750499377,0.5378482558210105
mu_mig_c59_20260126_134942_ws0127_1358_ws0129_1459,30,18,20.683033763867197,132.0589559830553,20.683033763867197,2985,2026-01-30 07:33:04,0.42857888322963,0.41474524187252726,0.4997044096377292
mu_mig_c59_20260126_134942_ws0127_1358_ws0129_1459,30,19,12.14371085339663,104.39930145369449,12.14371085339663,1272,2026-01-30 07:22:08,0.6632677697180606,0.2412451076401491,0.45371149774546954
mu_mig_c59_20260126_134942_ws0127_1358_ws0129_1459,30,20,21.246354913697033,131.88175882843544,21.246354913697033,1742,2026-01-30 07:55:12,0.7439447454580872,0.29444588747070133,0.4788061534939055
mu_mig_c59_20260126_134942_ws0127_1358_ws0129_1459,30,21,12.020328971045219,116.04599032202684,12.020328971045219,1759,2026-01-30 07:56:44,0.6353346043311732,0.30218184690215355,0.4603233292328335
mu_mig_c59_20260126_134942_ws0127_1358_ws0129_1459,30,22,12.543409687140732,114.48881869257342,12.543409687140732,2390,2026-01-30 07:59:49,0.5965992791206968,0.3762420927200487,0.3744884383098247
mu_mig_c59_20260126_134942_ws0127_1358_ws0129_1459,30,23,18.12857502295226,123.62348739966606,18.12857502295226,504,2026-01-30 07:53:45,0.973112789945076,0.04115742426338561,0.6407113608780497
mu_mig_c59_20260126_134942_ws0127_1358_ws0129_1459,30,24,32.27595057771948,143.41175529040999,32.27595057771948,4114,2026-01-30 08:05:07,0.2705092523064171,0.465080792218572,0.6150238437422788
mu_mig_c59_20260126_134942_ws0127_1358_ws0129_1459,31,0,11.042567692340597,120.66951315814428,11.042567692340597,1375,2026-01-30 08:48:06,0.6531645357018534,0.23649630643530792,0.5006169012896527
mu_mig_c59_20260126_134942_ws0127_1358_ws0129_1459,31,1,208.90211333177513,100.48704850805728,208.90211333177513,496,2026-01-30 08:43:54,0.0014372563118361104,0.03641034842490504,0.618709943991106
mu_mig_c59_20260126_134942_ws0127_1358_ws0129_1459,31,2,31.51843213815011,141.4703196914997,31.51843213815011,2775,2026-01-30 09:00:56,0.6583283387772841,0.38779826855449057,0.41524436256121244
mu_mig_c59_20260126_134942_ws0127_1358_ws0129_1459,31,3,17.726007213920756,127.49115400277226,17.726007213920756,1594,2026-01-30 08:49:38,0.7053391802801003,0.2832160929926503,0.4854229134603429
mu_mig_c59_20260126_134942_ws0127_1358_ws0129_1459,31,4,9.285987554523755,116.46375166113502,9.285987554523755,1071,2026-01-30 08:46:53,0.6924020415493951,0.20071860500386599,0.5751811840453487
mu_mig_c59_20260126_134942_ws0127_1358_ws0129_1459,31,5,23.19398804095457,134.6271594304052,23.19398804095457,2065,2026-01-30 08:53:54,0.687664762053748,0.3360584494489927,0.4414742736058507
mu_mig_c59_20260126_134942_ws0127_1358_ws0129_1459,31,6,10.213947816347865,120.47664709070001,10.213947816347865,1679,2026-01-30 08:51:59,0.6518700690786513,0.3001680074967445,0.477982752861908
mu_mig_c59_20260126_134942_ws0127_1358_ws0129_1459,31,7,17.242219142834063,96.84869189776944,17.242219142834063,1086,2026-01-30 08:47:02,0.6782658872604234,0.20307549481003168,0.4818042435950794
mu_mig_c59_20260126_134942_ws0127_1358_ws0129_1459,31,8,16.101991948618625,125.40483948787627,16.101991948618625,2539,2026-01-30 08:56:59,0.497184279229693,0.3709258180846869,0.4458696804339677
mu_mig_c59_20260126_134942_ws0127_1358_ws0129_1459,31,9,15.62902838372845,121.69083272427726,15.62902838372845,927,2026-01-30 08:45:35,0.5411330979475484,0.16747418464831812,0.6927857435726285
mu_mig_c59_20260126_134942_ws0127_1358_ws0129_1459,31,10,19.57303832087634,95.27424197030072,19.57303832087634,491,2026-01-30 08:46:33,0.6998582398654546,0.045264584898217365,0.641960214803414
mu_mig_c59_20260126_134942_ws0127_1358_ws0129_1459,31,11,23.238831815646865,132.33113922929994,23.238831815646865,975,2026-01-30 08:47:42,0.7359095432717754,0.19102446796059408,0.6114630481326239
mu_mig_c59_20260126_134942_ws0127_1358_ws0129_1459,31,12,15.893383004789987,126.67280974247033,15.893383004789987,2310,2026-01-30 08:59:35,0.5331323718583411,0.3640581064125082,0.4895555933824477
mu_mig_c59_20260126_134942_ws0127_1358_ws0129_1459,31,13,41.084983407091215,149.6670929668703,41.084983407091215,1251,2026-01-30 08:46:29,0.7459171687539814,0.24432390394540732,0.6466540980104514
mu_mig_c59_20260126_134942_ws0127_1358_ws0129_1459,31,14,33.28401988197881,144.6797950033422,33.28401988197881,2870,2026-01-30 09:00:38,0.6866052040167725,0.3926974892760883,0.44339725016878406
mu_mig_c59_20260126_134942_ws0127_1358_ws0129_1459,31,15,45.601114626186416,157.2990901171412,45.601114626186416,3197,2026-01-30 08:58:18,0.6899114245787771,0.40787909279679574,0.439404848518712
mu_mig_c59_20260126_134942_ws0127_1358_ws0129_1459,31,16,14.488769503903951,124.30952299273177,14.488769503903951,2546,2026-01-30 09:00:08,0.5329450142899033,0.3740367039699159,0.46992178386683714
mu_mig_c59_20260126_134942_ws0127_1358_ws0129_1459,31,17,37.73715365359458,149.57559937637924,37.73715365359458,3471,2026-01-30 08:59:39,0.4358907370225654,0.4471525290256835,0.5183136753934477
mu_mig_c59_20260126_134942_ws0127_1358_ws0129_1459,31,18,17.675992042019914,125.63457550300262,17.675992042019914,2747,2026-01-30 09:00:06,0.4448822830736997,0.39110293876911123,0.4801904167155643
mu_mig_c59_20260126_134942_ws0127_1358_ws0129_1459,31,19,8.015405993251724,110.85132033626772,8.015405993251724,1401,2026-01-30 08:48:29,0.6680734176376617,0.25305616232895173,0.4589663156622106
mu_mig_c59_20260126_134942_ws0127_1358_ws0129_1459,31,20,17.353167424701816,127.57461178247496,17.353167424701816,1609,2026-01-30 09:25:52,0.7460376587238396,0.2844623128079473,0.47615295494022
mu_mig_c59_20260126_134942_ws0127_1358_ws0129_1459,31,21,17.33448525232182,128.0415965776363,17.33448525232182,1937,2026-01-30 09:26:55,0.6717957030124506,0.31284528892428876,0.46607169087359457
mu_mig_c59_20260126_134942_ws0127_1358_ws0129_1459,31,22,13.853219162599657,109.34321059892123,13.853219162599657,2465,2026-01-30 09:27:52,0.6153941416002882,0.368584984181993,0.37540954369708984
mu_mig_c59_20260126_134942_ws0127_1358_ws0129_1459,31,23,14.679626139688628,119.49865114016615,14.679626139688628,499,2026-01-30 09:24:50,0.9923140215958997,0.0387020533061643,0.6294623635171483
mu_mig_c59_20260126_134942_ws0127_1358_ws0129_1459,31,24,19.08402364103517,126.93076902719876,19.08402364103517,3833,2026-01-30 09:33:38,0.26268362113492916,0.4626677379086178,0.6150864388464912
mu_mig_c59_20260126_134942_ws0127_1358_ws0129_1459,32,0,13.444705002681768,118.16127279064142,13.444705002681768,1254,2026-01-30 10:15:52,0.6478352226392375,0.2305136712690689,0.5234817222444296
mu_mig_c59_20260126_134942_ws0127_1358_ws0129_1459,32,1,76.88092380262042,38.143587031631064,76.88092380262042,586,2026-01-30 10:12:55,0.20535511531394596,0.0772107380270467,0.6365445786438739
mu_mig_c59_20260126_134942_ws0127_1358_ws0129_1459,32,2,25.450712481316987,137.25892522771434,25.450712481316987,2619,2026-01-30 10:24:41,0.6474316303903989,0.3876964311974509,0.42931258900792213
mu_mig_c59_20260126_134942_ws0127_1358_ws0129_1459,32,3,17.90351790309249,128.26876870467783,17.90351790309249,1554,2026-01-30 10:18:48,0.7175350679604259,0.2831170507688635,0.48247758700060994
mu_mig_c59_20260126_134942_ws0127_1358_ws0129_1459,32,4,11.700075144527645,120.17799773689774,11.700075144527645,1095,2026-01-30 10:14:51,0.6919641072608368,0.20222295733116377,0.5645586936567574
mu_mig_c59_20260126_134942_ws0127_1358_ws0129_1459,32,5,22.829065487188064,134.28127252978774,22.829065487188064,1976,2026-01-30 10:20:29,0.7000776542480202,0.3282316740067261,0.4643107010347484
mu_mig_c59_20260126_134942_ws0127_1358_ws0129_1459,32,6,13.046046029637228,122.09297231144507,13.046046029637228,1818,2026-01-30 10:21:05,0.6588537408759605,0.3049862216274704,0.4818613762307038
mu_mig_c59_20260126_134942_ws0127_1358_ws0129_1459,32,7,15.019003897694125,103.65893146826396,15.019003897694125,1200,2026-01-30 10:15:44,0.6782562230014826,0.21840655384488977,0.4815284230098985
mu_mig_c59_20260126_134942_ws0127_1358_ws0129_1459,32,8,12.06563105470731,118.75857461671933,12.06563105470731,2598,2026-01-30 10:26:43,0.4858297772612213,0.37006785289411415,0.43618660016343413
mu_mig_c59_20260126_134942_ws0127_1358_ws0129_1459,32,9,9.319204505528983,113.0479325064151,9.319204505528983,893,2026-01-30 10:16:02,0.5389988299117632,0.1637692135271148,0.6946224874702052
mu_mig_c59_20260126_134942_ws0127_1358_ws0129_1459,32,10,11.719232818062466,106.43660702271919,11.719232818062466,513,2026-01-30 10:11:44,0.7470981064918336,0.043050785789045226,0.6408435624242192
mu_mig_c59_20260126_134942_ws0127_1358_ws0129_1459,32,11,9.436529114654823,117.38262860653464,9.436529114654823,979,2026-01-30 10:14:24,0.7219801126377547,0.18930251009241167,0.5795383155167144
mu_mig_c59_20260126_134942_ws0127_1358_ws0129_1459,32,12,29.917418770052304,141.44844598022294,29.917418770052304,2551,2026-01-30 10:24:54,0.5364002925160812,0.3639161165602314,0.48430349010310114
mu_mig_c59_20260126_134942_ws0127_1358_ws0129_1459,32,13,46.3485324805132,155.18999589097982,46.3485324805132,1223,2026-01-30 10:16:10,0.752775639411683,0.2353492801577181,0.6483138792550376
mu_mig_c59_20260126_134942_ws0127_1358_ws0129_1459,32,14,31.19881710543668,142.98404269775912,31.19881710543668,2664,2026-01-30 10:26:01,0.6895026084077983,0.3913083072432173,0.44665564524955736
mu_mig_c59_20260126_134942_ws0127_1358_ws0129_1459,32,15,45.286550807660184,157.05071514839798,45.286550807660184,3029,2026-01-30 10:27:31,0.700920624086983,0.40469653623271207,0.4355060142872773
mu_mig_c59_20260126_134942_ws0127_1358_ws0129_1459,32,16,23.41778128461306,134.763256394201,23.41778128461306,2636,2026-01-30 10:24:13,0.5521505122040248,0.3704061759955625,0.45790464786101603
mu_mig_c59_20260126_134942_ws0127_1358_ws0129_1459,32,17,23.374591135071345,133.67121927971704,23.374591135071345,3526,2026-01-30 10:29:56,0.3761328791832768,0.4312683725287706,0.49718687614473417
mu_mig_c59_20260126_134942_ws0127_1358_ws0129_1459,32,18,11.028606937779205,117.65672575285895,11.028606937779205,2487,2026-01-30 10:25:13,0.4617640678561089,0.36416475737166615,0.4607660043951834
mu_mig_c59_20260126_134942_ws0127_1358_ws0129_1459,32,19,7.688262097660886,116.47051183350233,7.688262097660886,1495,2026-01-30 10:17:34,0.6719179359733426,0.26250500607999383,0.46317016999560345
mu_mig_c59_20260126_134942_ws0127_1358_ws0129_1459,32,20,15.251421359315811,124.3891886835805,15.251421359315811,1589,2026-01-30 10:49:33,0.7477119893364417,0.27647545307774407,0.4740303960972716
mu_mig_c59_20260126_134942_ws0127_1358_ws0129_1459,32,21,11.446916023156122,122.07039081777502,11.446916023156122,1723,2026-01-30 10:51:10,0.693038627544194,0.318628505041007,0.474698598432601
mu_mig_c59_20260126_134942_ws0127_1358_ws0129_1459,32,22,12.150394947424775,122.59798425798294,12.150394947424775,2477,2026-01-30 10:53:16,0.6304300315839613,0.3624592973515484,0.3761464280069019
mu_mig_c59_20260126_134942_ws0127_1358_ws0129_1459,32,23,208.6366930926198,100.19400910926903,208.6366930926198,479,2026-01-30 10:47:35,0.0076750069165585355,0.03673775654038726,0.6204631656284272
mu_mig_c59_20260126_134942_ws0127_1358_ws0129_1459,32,24,33.06526392247315,145.01132884964656,33.06526392247315,4157,2026-01-30 10:59:31,0.25642311619773883,0.4607372944606544,0.6151365149298611
mu_mig_c59_20260126_134942_ws0127_1358_ws0129_1459,33,0,6.33245533526242,113.87024187216268,6.33245533526242,1254,2026-01-30 11:43:40,0.6435717721891449,0.2257275631360777,0.541773579008251
mu_mig_c59_20260126_134942_ws0127_1358_ws0129_1459,33,1,52.82861125119705,62.00180231258311,52.82861125119705,666,2026-01-30 11:40:11,0.36848940251563383,0.10985104970876003,0.6508122863660881
mu_mig_c59_20260126_134942_ws0127_1358_ws0129_1459,33,2,23.620946714063574,135.02600630858223,23.620946714063574,2684,2026-01-30 11:50:13,0.6387142636808906,0.38761496131181916,0.4405671701652898
mu_mig_c59_20260126_134942_ws0127_1358_ws0129_1459,33,3,17.805679759247344,128.8292463003724,17.805679759247344,1701,2026-01-30 11:48:04,0.7345045332458203,0.2820200854969983,0.4788317184569119
mu_mig_c59_20260126_134942_ws0127_1358_ws0129_1459,33,4,14.727952697005055,123.82678671557917,14.727952697005055,1073,2026-01-30 11:42:04,0.701220505132739,0.20165710482813065,0.558220822757896
mu_mig_c59_20260126_134942_ws0127_1358_ws0129_1459,33,5,29.111977041355896,140.49795400386628,29.111977041355896,1956,2026-01-30 11:49:33,0.7090182815340929,0.3184344458882804,0.48599444923487023
mu_mig_c59_20260126_134942_ws0127_1358_ws0129_1459,33,6,16.569102676682192,125.42317975874636,16.569102676682192,1814,2026-01-30 11:47:40,0.6702746463308221,0.31020487751296383,0.4843278944007703
mu_mig_c59_20260126_134942_ws0127_1358_ws0129_1459,33,7,10.495503722458011,108.8350114690878,10.495503722458011,1290,2026-01-30 11:44:49,0.6760820443061129,0.23202667409021738,0.4960789080189633
mu_mig_c59_20260126_134942_ws0127_1358_ws0129_1459,33,8,12.577969250080114,112.27301188054885,12.577969250080114,2478,2026-01-30 11:52:22,0.4763003375514796,0.36852125366306926,0.4342451979187506
mu_mig_c59_20260126_134942_ws0127_1358_ws0129_1459,33,9,13.081613258417574,118.07784516608899,13.081613258417574,919,2026-01-30 11:39:36,0.5372914154831351,0.16080523663015214,0.6960918825882667
mu_mig_c59_20260126_134942_ws0127_1358_ws0129_1459,33,10,10.63169660203153,107.94023542446445,10.63169660203153,534,2026-01-30 11:36:31,0.783021898511226,0.059110427837812396,0.6268923003239326
mu_mig_c59_20260126_134942_ws0127_1358_ws0129_1459,33,11,8.993527026950025,114.82325747432776,8.993527026950025,983,2026-01-30 11:42:36,0.7108365681305383,0.18792494379786576,0.5539985294239869
mu_mig_c59_20260126_134942_ws0127_1358_ws0129_1459,33,12,16.933183813694438,127.53816725090155,16.933183813694438,2469,2026-01-30 11:50:16,0.5433391234985413,0.364764425850603,0.4726793009133536
mu_mig_c59_20260126_134942_ws0127_1358_ws0129_1459,33,13,35.32606357357067,144.69609622191902,35.32606357357067,1150,2026-01-30 11:42:43,0.7560869871165327,0.21144029848258322,0.6333574104062214
mu_mig_c59_20260126_134942_ws0127_1358_ws0129_1459,33,14,40.00510290582541,151.17313446232154,40.00510290582541,2763,2026-01-30 11:52:16,0.691820531920619,0.3901969616169205,0.4492623613141761
mu_mig_c59_20260126_134942_ws0127_1358_ws0129_1459,33,15,45.84041212913596,157.7038182770929,45.84041212913596,3003,2026-01-30 11:52:17,0.7063943831195759,0.401858055340933,0.43341713423114836
mu_mig_c59_20260126_134942_ws0127_1358_ws0129_1459,33,16,17.930361527081036,128.99411282354907,17.930361527081036,2472,2026-01-30 11:49:04,0.567514910535322,0.36750175361607984,0.4482909390563591
mu_mig_c59_20260126_134942_ws0127_1358_ws0129_1459,33,17,14.71799693954249,110.17564327214723,14.71799693954249,2781,2026-01-30 11:53:57,0.35150916762496076,0.3997418729219743,0.47519757894342884
mu_mig_c59_20260126_134942_ws0127_1358_ws0129_1459,33,18,13.203166383846096,106.69432271383124,13.203166383846096,2257,2026-01-30 11:49:45,0.4752694956820363,0.3426142122537101,0.4452264745388787
mu_mig_c59_20260126_134942_ws0127_1358_ws0129_1459,33,19,7.880778481346662,115.96104282597737,7.880778481346662,1510,2026-01-30 11:42:59,0.6749935506418873,0.2700640810808275,0.4665332534623177
mu_mig_c59_20260126_134942_ws0127_1358_ws0129_1459,33,20,15.12087466067452,125.91230872397531,15.12087466067452,1558,2026-01-30 12:11:58,0.7490514538265233,0.2700859652935815,0.4723323490229129
mu_mig_c59_20260126_134942_ws0127_1358_ws0129_1459,33,21,28.186802439378706,139.76040485449772,28.186802439378706,1946,2026-01-30 12:16:57,0.7100329671695886,0.3232550779343816,0.48160012447980605
mu_mig_c59_20260126_134942_ws0127_1358_ws0129_1459,33,22,13.576539776413533,116.39951908098419,13.576539776413533,2403,2026-01-30 12:21:25,0.6424587435708997,0.3575587478871928,0.3767359354547516
mu_mig_c59_20260126_134942_ws0127_1358_ws0129_1459,33,23,187.00878465652553,77.74617543850685,187.00878465652553,509,2026-01-30 12:14:04,0.0632670586983701,0.046681984011707284,0.617401386640275
mu_mig_c59_20260126_134942_ws0127_1358_ws0129_1459,33,24,26.256997245936596,137.64836097539057,26.256997245936596,3805,2026-01-30 12:26:28,0.28687191049375077,0.4545439914925255,0.5964445233005548
mu_mig_c59_20260126_134942_ws0127_1358_ws0129_1459,34,0,10.234136298034851,118.6211109675792,10.234136298034851,1116,2026-01-30 13:07:58,0.6401610118290707,0.2218986766296847,0.5564070644193082
mu_mig_c59_20260126_134942_ws0127_1358_ws0129_1459,34,1,11.426819840512396,108.61484136757556,11.426819840512396,838,2026-01-30 13:08:20,0.5274344832951957,0.154621208000141,0.6654581319214408
mu_mig_c59_20260126_134942_ws0127_1358_ws0129_1459,34,2,35.036157075188854,146.8891747395069,35.036157075188854,2783,2026-01-30 13:18:08,0.631740370313284,0.3875497854033138,0.44957083509118395
mu_mig_c59_20260126_134942_ws0127_1358_ws0129_1459,34,3,16.065960056530713,126.70902829130026,16.065960056530713,1534,2026-01-30 13:11:38,0.74844419164223,0.2798976354386609,0.474591762982961
mu_mig_c59_20260126_134942_ws0127_1358_ws0129_1459,34,4,9.196764711314321,113.28334044080458,9.196764711314321,1033,2026-01-30 13:10:12,0.7089209305298045,0.20074225862542697,0.5530213452975395
mu_mig_c59_20260126_134942_ws0127_1358_ws0129_1459,34,5,28.94687143345099,139.68865970696103,28.94687143345099,1865,2026-01-30 13:12:49,0.7165208698031358,0.31087163722115685,0.5016434460153667
mu_mig_c59_20260126_134942_ws0127_1358_ws0129_1459,34,6,29.937305059079076,139.77383656533945,29.937305059079076,2029,2026-01-30 13:15:53,0.6794113706947115,0.3143798022213586,0.48630110893682355
mu_mig_c59_20260126_134942_ws0127_1358_ws0129_1459,34,7,7.68858211656901,110.900140567829,7.68858211656901,1274,2026-01-30 13:09:43,0.6742180291053852,0.2457143616557405,0.5054373541713921
mu_mig_c59_20260126_134942_ws0127_1358_ws0129_1459,34,8,14.76268785216562,105.6944513295454,14.76268785216562,2481,2026-01-30 13:18:00,0.46867678578368627,0.36728397427823334,0.4326920761230037
mu_mig_c59_20260126_134942_ws0127_1358_ws0129_1459,34,9,14.104145883328057,112.76163398828496,14.104145883328057,874,2026-01-30 13:06:28,0.5359254839402325,0.15843405511258202,0.6972673986827158
mu_mig_c59_20260126_134942_ws0127_1358_ws0129_1459,34,10,9.975807674344649,110.88489202464126,9.975807674344649,591,2026-01-30 13:06:14,0.8023884901294213,0.08037632370878853,0.5976452013578781
mu_mig_c59_20260126_134942_ws0127_1358_ws0129_1459,34,11,7.971698315040037,108.68820214434389,7.971698315040037,1024,2026-01-30 13:07:55,0.7019217325247651,0.18682289076222902,0.5335667005498048
mu_mig_c59_20260126_134942_ws0127_1358_ws0129_1459,34,12,28.100329098029576,139.767787154767,28.100329098029576,2513,2026-01-30 13:18:25,0.5488901882845093,0.36544307328290027,0.4633799495615556
mu_mig_c59_20260126_134942_ws0127_1358_ws0129_1459,34,13,18.685513039728217,126.94567117321178,18.685513039728217,1043,2026-01-30 13:09:48,0.7545910828228982,0.19077786982041603,0.6114773589004296
mu_mig_c59_20260126_134942_ws0127_1358_ws0129_1459,34,14,36.36680818275536,147.64365072108313,36.36680818275536,2605,2026-01-30 13:19:21,0.6936748707308755,0.3893078851158831,0.45134773416587093
mu_mig_c59_20260126_134942_ws0127_1358_ws0129_1459,34,15,43.40290545852782,154.26832133207014,43.40290545852782,2949,2026-01-30 13:19:44,0.7083064031869236,0.39658784672406844,0.43787299220539944
mu_mig_c59_20260126_134942_ws0127_1358_ws0129_1459,34,16,17.777355608477215,126.83162786108748,17.777355608477215,2333,2026-01-30 13:18:03,0.5709928668002725,0.3646111781611939,0.4410371629019778
mu_mig_c59_20260126_134942_ws0127_1358_ws0129_1459,34,17,18.36487556712544,99.74832339123972,18.36487556712544,2572,2026-01-30 13:19:24,0.36852204822621004,0.37400214986429353,0.4476841910974251
mu_mig_c59_20260126_134942_ws0127_1358_ws0129_1459,34,18,17.63611615257254,101.80533741583594,17.63611615257254,1979,2026-01-30 13:13:56,0.4863541492523845,0.32901819842407853,0.42985779321082146
mu_mig_c59_20260126_134942_ws0127_1358_ws0129_1459,34,19,10.108330749084901,119.99244800876896,10.108330749084901,1578,2026-01-30 13:10:22,0.677454042376723,0.2761113410814945,0.46922372023568915
mu_mig_c59_20260126_134942_ws0127_1358_ws0129_1459,34,20,19.879454106985932,129.86120110260669,19.879454106985932,1495,2026-01-30 13:45:23,0.7501230254185886,0.26497437506625143,0.47097391136342587
mu_mig_c59_20260126_134942_ws0127_1358_ws0129_1459,34,21,34.79830662431076,146.09529535031808,34.79830662431076,1943,2026-01-30 13:45:38,0.7236284388699044,0.3269563362490812,0.4871213453175701
mu_mig_c59_20260126_134942_ws0127_1358_ws0129_1459,34,22,14.706352590111965,115.86311956645118,14.706352590111965,2296,2026-01-30 13:47:41,0.6520817131604505,0.35363830831570825,0.37720754141303137
mu_mig_c59_20260126_134942_ws0127_1358_ws0129_1459,34,23,97.22813309442297,26.761402970569236,97.22813309442297,563,2026-01-30 13:41:34,0.13794396461918462,0.06926198349437132,0.6215936635605912
mu_mig_c59_20260126_134942_ws0127_1358_ws0129_1459,34,24,21.725132896580003,131.8225631362597,21.725132896580003,3457,2026-01-30 13:52:40,0.3134717992756321,0.43665406791739003,0.5760231360765649
mu_mig_c59_20260126_134942_ws0127_1358_ws0129_1459,35,0,9.297199314504141,118.13728830325678,9.297199314504141,1167,2026-01-30 14:35:58,0.6518512490847108,0.2176332390462396,0.5672987808836906
mu_mig_c59_20260126_134942_ws0127_1358_ws0129_1459,35,1,22.42516676289186,130.6265765453705,22.42516676289186,1026,2026-01-30 14:35:35,0.6545905479188452,0.1904373346332458,0.6771748083657227
mu_mig_c59_20260126_134942_ws0127_1358_ws0129_1459,35,2,33.22522318462316,144.84942393879402,33.22522318462316,2805,2026-01-30 14:45:57,0.6261612556191987,0.3874976446765095,0.4567737670318993
mu_mig_c59_20260126_134942_ws0127_1358_ws0129_1459,35,3,22.04168608663279,131.77966238488094,22.04168608663279,1576,2026-01-30 14:38:43,0.7595959183593577,0.27819967539199103,0.47119979860380035
mu_mig_c59_20260126_134942_ws0127_1358_ws0129_1459,35,4,10.363751888576848,116.89245827834068,10.363751888576848,1077,2026-01-30 14:35:56,0.7149416566676948,0.1997915218114498,0.5422366546639422
mu_mig_c59_20260126_134942_ws0127_1358_ws0129_1459,35,5,32.46676373528033,143.48212602316434,32.46676373528033,1758,2026-01-30 14:40:57,0.7225229404183702,0.304821390287458,0.5141626434397639
mu_mig_c59_20260126_134942_ws0127_1358_ws0129_1459,35,6,24.47320783140131,135.64945923390755,24.47320783140131,1911,2026-01-30 14:40:52,0.6984477528284888,0.31692713018469426,0.48981160419938974
mu_mig_c59_20260126_134942_ws0127_1358_ws0129_1459,35,7,15.981243035198302,125.9294247144211,15.981243035198302,1440,2026-01-30 14:39:02,0.6727268169448031,0.256664511708159,0.5129241110933354
mu_mig_c59_20260126_134942_ws0127_1358_ws0129_1459,35,8,14.123066114515355,107.37527956717302,14.123066114515355,2394,2026-01-30 14:43:49,0.4625779443694516,0.3662941507703646,0.4314495786864062
mu_mig_c59_20260126_134942_ws0127_1358_ws0129_1459,35,9,13.286891077435241,114.58505569965547,13.286891077435241,856,2026-01-30 14:35:02,0.5332513798315653,0.15633898665170828,0.6878720275527104
mu_mig_c59_20260126_134942_ws0127_1358_ws0129_1459,35,10,10.90397124679674,114.35508982850425,10.90397124679674,666,2026-01-30 14:31:56,0.8178817634239774,0.09738904040556942,0.5742475221850345
mu_mig_c59_20260126_134942_ws0127_1358_ws0129_1459,35,11,9.762015931472405,105.40631510158057,9.762015931472405,1029,2026-01-30 14:34:29,0.6947898640401465,0.18594124833371964,0.5172212374504592
mu_mig_c59_20260126_134942_ws0127_1358_ws0129_1459,35,12,18.5824881828015,126.12649241823927,18.5824881828015,2494,2026-01-30 14:43:40,0.5566864339301053,0.36593933770500653,0.4556617982497951
mu_mig_c59_20260126_134942_ws0127_1358_ws0129_1459,35,13,14.520149244844779,123.57794541058455,14.520149244844779,990,2026-01-30 14:31:18,0.7439755053377993,0.17715394067923151,0.5796169568779448
mu_mig_c59_20260126_134942_ws0127_1358_ws0129_1459,35,14,37.17075430070319,148.46992418451435,37.17075430070319,2682,2026-01-30 14:44:25,0.6951583417790808,0.3885966239150532,0.4530160324472269
mu_mig_c59_20260126_134942_ws0127_1358_ws0129_1459,35,15,35.997616213790224,147.6158690700939,35.997616213790224,2571,2026-01-30 14:44:42,0.7042746358111123,0.39018390819440923,0.442104769517964
mu_mig_c59_20260126_134942_ws0127_1358_ws0129_1459,35,16,14.858703332569101,123.35008712710737,14.858703332569101,2339,2026-01-30 14:44:23,0.5737752318122329,0.3622987177972852,0.4352341419784728
mu_mig_c59_20260126_134942_ws0127_1358_ws0129_1459,35,17,18.662047709429505,100.52138111328682,18.662047709429505,2367,2026-01-30 14:43:00,0.42167281706076004,0.35279886467108956,0.4232379525861231
mu_mig_c59_20260126_134942_ws0127_1358_ws0129_1459,35,18,18.87995739232501,100.67488384267384,18.87995739232501,2018,2026-01-30 14:41:05,0.4934680941871301,0.32836996894735604,0.41766255993453655
mu_mig_c59_20260126_134942_ws0127_1358_ws0129_1459,35,19,8.504142924568349,114.61285486806196,8.504142924568349,1525,2026-01-30 14:38:01,0.6794224357645916,0.28094914908202806,0.47137609365438626
mu_mig_c59_20260126_134942_ws0127_1358_ws0129_1459,35,20,8.13044278846329,117.43394189224516,8.13044278846329,1431,2026-01-30 15:06:41,0.7509403761557963,0.2667262587074946,0.47079080776391546
mu_mig_c59_20260126_134942_ws0127_1358_ws0129_1459,35,21,37.8508969982154,148.98121938359415,37.8508969982154,1988,2026-01-30 15:11:26,0.734465157876671,0.32530600498655854,0.4938278075104026
mu_mig_c59_20260126_134942_ws0127_1358_ws0129_1459,35,22,12.076089162689428,120.08413512073507,12.076089162689428,2317,2026-01-30 15:15:03,0.6597800888320912,0.35050195665852063,0.37758482617965516
mu_mig_c59_20260126_134942_ws0127_1358_ws0129_1459,35,23,71.59467507726289,42.699333613833026,71.59467507726289,718,2026-01-30 15:10:42,0.21232299145471245,0.11257086493628121,0.6398765717936284
mu_mig_c59_20260126_134942_ws0127_1358_ws0129_1459,35,24,15.695661416406772,124.9582643541224,15.695661416406772,3017,2026-01-30 15:18:47,0.3385323216262008,0.4072841757262078,0.5511416811001616
mu_mig_c59_20260126_134942_ws0127_1358_ws0129_1459,36,0,14.034913531534622,123.19908204455902,14.034913531534622,1152,2026-01-30 16:03:57,0.661203438889223,0.21422088897948352,0.5760121540551965
mu_mig_c59_20260126_134942_ws0127_1358_ws0129_1459,36,1,39.45523329231691,147.6619696078206,39.45523329231691,1148,2026-01-30 16:00:24,0.7558368191398975,0.21539139964492782,0.6879690923512458
mu_mig_c59_20260126_134942_ws0127_1358_ws0129_1459,36,2,32.34449615601692,143.99786439733714,32.34449615601692,2768,2026-01-30 16:11:34,0.6216979638639304,0.38745593209506607,0.4625361125844716
mu_mig_c59_20260126_134942_ws0127_1358_ws0129_1459,36,3,13.141652337724045,123.36172525034988,13.141652337724045,1578,2026-01-30 16:06:01,0.7655443254373657,0.2764985405990047,0.46842007438601796
mu_mig_c59_20260126_134942_ws0127_1358_ws0129_1459,36,4,9.879761299824233,116.18682293249786,9.879761299824233,1081,2026-01-30 16:01:29,0.7140464752493025,0.19612021838453655,0.5310056754523153
mu_mig_c59_20260126_134942_ws0127_1358_ws0129_1459,36,5,30.2292178096993,141.17960354995375,30.2292178096993,1725,2026-01-30 16:05:23,0.7273245969105576,0.29998119274049895,0.5241780013792818
mu_mig_c59_20260126_134942_ws0127_1358_ws0129_1459,36,6,24.016613098334137,135.41506228330314,24.016613098334137,1909,2026-01-30 16:05:30,0.7136768585355107,0.3189649925553628,0.4926200004094427
mu_mig_c59_20260126_134942_ws0127_1358_ws0129_1459,36,7,19.875856367258177,130.15613275635928,19.875856367258177,1657,2026-01-30 16:02:56,0.6715907007282199,0.2706179252896211,0.5139896757593376
mu_mig_c59_20260126_134942_ws0127_1358_ws0129_1459,36,8,13.009981843459638,107.56142271141155,13.009981843459638,2523,2026-01-30 16:10:57,0.45769887123806385,0.36550229196406964,0.4304555807371282
mu_mig_c59_20260126_134942_ws0127_1358_ws0129_1459,36,9,13.609181113188926,108.30632878578666,13.609181113188926,845,2026-01-30 15:58:46,0.5311120965446315,0.15466293188300928,0.6803557306487061
mu_mig_c59_20260126_134942_ws0127_1358_ws0129_1459,36,10,10.134712695101388,105.95672669618611,10.134712695101388,654,2026-01-30 15:58:47,0.8302763820596224,0.11099921376299414,0.5555293788467596
mu_mig_c59_20260126_134942_ws0127_1358_ws0129_1459,36,11,8.693836855392037,106.99781043202572,8.693836855392037,1038,2026-01-30 16:02:33,0.6890843692524516,0.18523593439091213,0.5041448669709827
mu_mig_c59_20260126_134942_ws0127_1358_ws0129_1459,36,12,19.41986188527641,128.97018631902358,19.41986188527641,2471,2026-01-30 16:12:36,0.567604349233342,0.3657442077635345,0.4487823269022839
mu_mig_c59_20260126_134942_ws0127_1358_ws0129_1459,36,13,9.325523096151525,117.19880026470555,9.325523096151525,963,2026-01-30 16:02:34,0.7250310308852295,0.16715079207071032,0.5526963548808221
mu_mig_c59_20260126_134942_ws0127_1358_ws0129_1459,36,14,37.49128917105449,149.3044228393643,37.49128917105449,2727,2026-01-30 16:10:09,0.6975851740102399,0.3884960103496262,0.45187742299674094
mu_mig_c59_20260126_134942_ws0127_1358_ws0129_1459,36,15,35.716044501952894,146.5855896887575,35.716044501952894,2505,2026-01-30 16:10:33,0.7010492219104631,0.38506075737068185,0.4454901913680157
mu_mig_c59_20260126_134942_ws0127_1358_ws0129_1459,36,16,15.20985216188025,125.43169813278061,15.20985216188025,2460,2026-01-30 16:13:11,0.5760011238218011,0.3604487495061582,0.4305917252396688
mu_mig_c59_20260126_134942_ws0127_1358_ws0129_1459,36,17,20.78496958232905,98.18167283272157,20.78496958232905,2188,2026-01-30 16:10:46,0.47003921370329205,0.33738451624677035,0.4047113811184966
mu_mig_c59_20260126_134942_ws0127_1358_ws0129_1459,36,18,17.562741200869667,100.81822017881467,17.562741200869667,2119,2026-01-30 16:06:16,0.48855866467362336,0.3303675690431458,0.4084233042270337
mu_mig_c59_20260126_134942_ws0127_1358_ws0129_1459,36,19,10.382855214853134,118.8353851431761,10.382855214853134,1612,2026-01-30 16:02:30,0.6863894980503283,0.280539170565182,0.47288756159014755
mu_mig_c59_20260126_134942_ws0127_1358_ws0129_1459,36,20,12.791627380212992,122.9528796871281,12.791627380212992,1501,2026-01-30 16:36:26,0.7515942567455626,0.2681277656204892,0.4706443248843072
mu_mig_c59_20260126_134942_ws0127_1358_ws0129_1459,36,21,34.141316004863214,145.63689644293805,34.141316004863214,1962,2026-01-30 16:39:08,0.7409590823455664,0.32223819620406463,0.49828886890431934
mu_mig_c59_20260126_134942_ws0127_1358_ws0129_1459,36,22,11.968124132596497,112.94708672722247,11.968124132596497,2194,2026-01-30 16:42:14,0.6659387893694036,0.3479928753327705,0.3778866539929542
mu_mig_c59_20260126_134942_ws0127_1358_ws0129_1459,36,23,34.162444113979156,79.14602509792411,34.162444113979156,869,2026-01-30 16:33:47,0.36245441816838075,0.16439351044463346,0.6601594904933499
mu_mig_c59_20260126_134942_ws0127_1358_ws0129_1459,36,24,10.069562449286849,111.78324018384161,10.069562449286849,2603,2026-01-30 16:42:17,0.3777346120949406,0.3799204854069486,0.5005153933640314
mu_mig_c59_20260126_134942_ws0127_1358_ws0129_1459,37,0,12.040840918776158,120.14645080750539,12.040840918776158,1047,2026-01-30 17:39:20,0.686483340438222,0.20497532778977126,0.5787151408237556
mu_mig_c59_20260126_134942_ws0127_1358_ws0129_1459,37,1,54.9762304478568,163.905189651056,54.9762304478568,1303,2026-01-30 17:29:50,0.8320168524593702,0.2349842833107209,0.6799357574958641
mu_mig_c59_20260126_134942_ws0127_1358_ws0129_1459,37,2,24.500698830545364,135.08113415128798,24.500698830545364,2691,2026-01-30 17:50:26,0.6154453944281776,0.38049819026356,0.4633705074437283
mu_mig_c59_20260126_134942_ws0127_1358_ws0129_1459,37,3,17.18627020621506,127.59952048910128,17.18627020621506,1547,2026-01-30 17:42:35,0.768121892847454,0.2719580090117858,0.46629270455098176
mu_mig_c59_20260126_134942_ws0127_1358_ws0129_1459,37,4,6.92328907968411,113.21416370162677,6.92328907968411,1045,2026-01-30 17:28:44,0.7110553438166974,0.19246335538751144,0.5131350412871275
mu_mig_c59_20260126_134942_ws0127_1358_ws0129_1459,37,5,26.191867585377953,137.06884025106368,26.191867585377953,1652,2026-01-30 17:44:23,0.7311659221043076,0.2961090347029317,0.5321902877308959
mu_mig_c59_20260126_134942_ws0127_1358_ws0129_1459,37,6,27.125068264882085,138.69480103520755,27.125068264882085,1995,2026-01-30 17:45:35,0.7258601431011281,0.32059528245189767,0.4948667173774851
mu_mig_c59_20260126_134942_ws0127_1358_ws0129_1459,37,7,22.86190659721355,133.60855989632236,22.86190659721355,1703,2026-01-30 17:45:32,0.6706818077549533,0.2817806561547907,0.5148421274921395
mu_mig_c59_20260126_134942_ws0127_1358_ws0129_1459,37,8,16.126164961331348,106.43876465842159,16.126164961331348,2442,2026-01-30 17:47:47,0.45379561273295366,0.3648688049190337,0.4296603823777058
mu_mig_c59_20260126_134942_ws0127_1358_ws0129_1459,37,9,11.449153820924222,110.98989442633754,11.449153820924222,827,2026-01-30 17:29:00,0.5294006699150845,0.1533220880680501,0.6743426931255028
mu_mig_c59_20260126_134942_ws0127_1358_ws0129_1459,37,10,9.44474533283453,111.73262317589284,9.44474533283453,795,2026-01-30 17:29:07,0.8064639138490597,0.13604680591031942,0.539629489256025
mu_mig_c59_20260126_134942_ws0127_1358_ws0129_1459,37,11,7.815426553169977,110.06128442770388,7.815426553169977,1042,2026-01-30 17:29:27,0.6845199734222958,0.1846716832366661,0.4936837705874014
mu_mig_c59_20260126_134942_ws0127_1358_ws0129_1459,37,12,15.900308763090708,125.70352793077313,15.900308763090708,2409,2026-01-30 17:49:10,0.5785974150408095,0.3645383506068811,0.4419803116072901
mu_mig_c59_20260126_134942_ws0127_1358_ws0129_1459,37,13,12.14226814488151,102.24017447697067,12.14226814488151,836,2026-01-30 17:36:39,0.7098754513231736,0.15914827318389335,0.531159873283124
mu_mig_c59_20260126_134942_ws0127_1358_ws0129_1459,37,14,41.868102277383805,153.5842737330186,41.868102277383805,2795,2026-01-30 17:43:18,0.7003057699480802,0.38767436895414675,0.4506327309333082
mu_mig_c59_20260126_134942_ws0127_1358_ws0129_1459,37,15,37.958157126057,149.3860630301508,37.958157126057,2556,2026-01-30 17:40:27,0.6984688907899439,0.3809622367117,0.448198528848057
mu_mig_c59_20260126_134942_ws0127_1358_ws0129_1459,37,16,11.896624983899196,121.30548740598438,11.896624983899196,2334,2026-01-30 17:38:09,0.5777818374294558,0.35896877487325657,0.4268777918486256
mu_mig_c59_20260126_134942_ws0127_1358_ws0129_1459,37,17,25.445082297258597,92.93700262699585,25.445082297258597,1964,2026-01-30 17:45:17,0.515725314600399,0.32340352472599054,0.39116494230934695
mu_mig_c59_20260126_134942_ws0127_1358_ws0129_1459,37,18,20.9111354227452,94.97566577528659,20.9111354227452,2143,2026-01-30 17:39:28,0.48463112106281797,0.3319656491197776,0.4010318996610315
mu_mig_c59_20260126_134942_ws0127_1358_ws0129_1459,37,19,13.15266895384588,123.97125169877002,13.15266895384588,1653,2026-01-30 17:35:45,0.6919631478789178,0.28021118775170517,0.4740967359387566
mu_mig_c59_20260126_134942_ws0127_1358_ws0129_1459,37,20,14.01220963076613,122.99095383724908,14.01220963076613,1504,2026-01-30 18:05:21,0.7521173612173756,0.2692489711508848,0.47052713858062056
mu_mig_c59_20260126_134942_ws0127_1358_ws0129_1459,37,21,33.7496118044924,145.19354894377273,33.7496118044924,1940,2026-01-30 18:09:43,0.7434685615132225,0.31945957635344086,0.5014556212949486
mu_mig_c59_20260126_134942_ws0127_1358_ws0129_1459,37,22,11.334911408732772,113.98155314053253,11.334911408732772,2104,2026-01-30 18:09:45,0.6708657497992536,0.34598561027217045,0.37812811624359344
mu_mig_c59_20260126_134942_ws0127_1358_ws0129_1459,37,23,13.248833878636486,119.06477688019767,13.248833878636486,1089,2026-01-30 18:04:44,0.519998779451533,0.20500317808375532,0.6784802380661077
mu_mig_c59_20260126_134942_ws0127_1358_ws0129_1459,37,24,9.089612834263056,109.80490283838931,9.089612834263056,2394,2026-01-30 18:10:44,0.40909644446993243,0.3580295331515413,0.4600143631751272
mu_mig_c59_20260126_134942_ws0127_1358_ws0129_1459,38,0,19.40191236885102,128.39299732999228,19.40191236885102,1064,2026-01-30 18:53:59,0.7067072616774213,0.19757887883800146,0.5808775302386029
mu_mig_c59_20260126_134942_ws0127_1358_ws0129_1459,38,1,54.185189198537834,163.46686889510275,54.185189198537834,1339,2026-01-30 18:55:58,0.8542307241185955,0.24897673722941885,0.6377960919183547
mu_mig_c59_20260126_134942_ws0127_1358_ws0129_1459,38,2,24.807463846118257,136.21264421452526,24.807463846118257,2563,2026-01-30 19:03:03,0.5982110087958528,0.3716018650434713,0.4555968140928836
mu_mig_c59_20260126_134942_ws0127_1358_ws0129_1459,38,3,12.651267844195543,122.63260659570189,12.651267844195543,1561,2026-01-30 18:56:14,0.7645464844832784,0.2676056245429563,0.4661288823432844
mu_mig_c59_20260126_134942_ws0127_1358_ws0129_1459,38,4,14.626754924853085,99.8212269681809,14.626754924853085,1059,2026-01-30 18:53:26,0.7086624386706134,0.18953786498989134,0.49883853395497735
mu_mig_c59_20260126_134942_ws0127_1358_ws0129_1459,38,5,24.59393246602202,135.80628147426455,24.59393246602202,1659,2026-01-30 18:57:34,0.718543388584844,0.28951719016369554,0.5372180410780061
mu_mig_c59_20260126_134942_ws0127_1358_ws0129_1459,38,6,39.35251626920342,150.38693668944353,39.35251626920342,1980,2026-01-30 18:59:34,0.7356067707536221,0.32189951436912556,0.496664090951919
mu_mig_c59_20260126_134942_ws0127_1358_ws0129_1459,38,7,19.620697697643998,130.79016174963135,19.620697697643998,1706,2026-01-30 18:57:46,0.6699546933763402,0.2907108408469264,0.515524088878381
mu_mig_c59_20260126_134942_ws0127_1358_ws0129_1459,38,8,12.07087961650964,107.24562585878061,12.07087961650964,2410,2026-01-30 19:03:05,0.44829730140101526,0.3622933043093455,0.42959458598595646
mu_mig_c59_20260126_134942_ws0127_1358_ws0129_1459,38,9,11.517723041898323,114.48920165430738,11.517723041898323,863,2026-01-30 18:52:50,0.5280315286114469,0.15224941301608275,0.66953226310694
mu_mig_c59_20260126_134942_ws0127_1358_ws0129_1459,38,10,8.008065407660462,114.67908487135905,8.008065407660462,859,2026-01-30 18:49:25,0.7874139392806095,0.15608487962817963,0.5269095775834374
mu_mig_c59_20260126_134942_ws0127_1358_ws0129_1459,38,11,18.184483603817412,96.77316879481609,18.184483603817412,1030,2026-01-30 18:50:35,0.6827687013335233,0.1855170890504666,0.4853769317844215
mu_mig_c59_20260126_134942_ws0127_1358_ws0129_1459,38,12,14.404254320645563,124.23876462051155,14.404254320645563,2434,2026-01-30 19:02:28,0.5872794819559509,0.36238009414457373,0.4342427539937747
mu_mig_c59_20260126_134942_ws0127_1358_ws0129_1459,38,13,10.86064098545218,105.52617562272798,10.86064098545218,882,2026-01-30 18:53:25,0.6978160065748497,0.15906531259062462,0.5083477220675157
mu_mig_c59_20260126_134942_ws0127_1358_ws0129_1459,38,14,39.88604225431692,151.6631482908812,39.88604225431692,2652,2026-01-30 19:00:48,0.7021482492932987,0.3861972677863404,0.44943218192277173
mu_mig_c59_20260126_134942_ws0127_1358_ws0129_1459,38,15,35.234149664794344,147.00975099123386,35.234149664794344,2522,2026-01-30 19:02:47,0.6964046258935285,0.37768342018451445,0.4503651988320901
mu_mig_c59_20260126_134942_ws0127_1358_ws0129_1459,38,16,16.635067188134435,126.18314026249583,16.635067188134435,2337,2026-01-30 18:59:20,0.5792064083155795,0.3577847951669353,0.423906645135791
mu_mig_c59_20260126_134942_ws0127_1358_ws0129_1459,38,17,24.093871214010864,94.08027868590696,24.093871214010864,1865,2026-01-30 18:59:39,0.550189614593602,0.3144396057389545,0.383081795795881
mu_mig_c59_20260126_134942_ws0127_1358_ws0129_1459,38,18,19.302371164391534,97.84236617653161,19.302371164391534,2054,2026-01-30 19:00:55,0.48148908617417363,0.33324411318108305,0.39511877600822964
mu_mig_c59_20260126_134942_ws0127_1358_ws0129_1459,38,19,14.743067655204355,123.16231461530758,14.743067655204355,1572,2026-01-30 18:53:58,0.6964220677417893,0.2799488015009237,0.47506407541764384
mu_mig_c59_20260126_134942_ws0127_1358_ws0129_1459,38,20,18.979932774723828,128.99961467831594,18.979932774723828,1444,2026-01-30 19:24:29,0.7525358447948259,0.27014593557520133,0.4704333895376712
mu_mig_c59_20260126_134942_ws0127_1358_ws0129_1459,38,21,35.28218921876688,146.50733634731046,35.28218921876688,1947,2026-01-30 19:28:36,0.7417527003856452,0.3174130353736226,0.503443896847562
mu_mig_c59_20260126_134942_ws0127_1358_ws0129_1459,38,22,11.029135537165287,116.22439362308633,11.029135537165287,2163,2026-01-30 19:32:50,0.6748073181431337,0.34437979822369036,0.37832128604410475
mu_mig_c59_20260126_134942_ws0127_1358_ws0129_1459,38,23,40.57876790731131,149.71137315587063,40.57876790731131,1295,2026-01-30 19:30:25,0.6471017134163431,0.23275879345941938,0.6921533081177499
mu_mig_c59_20260126_134942_ws0127_1358_ws0129_1459,38,24,26.85731009427885,92.91457236942462,26.85731009427885,2152,2026-01-30 19:31:46,0.4341859103699259,0.3405167713472154,0.4276135390240039
mu_mig_c59_20260126_134942_ws0127_1358_ws0129_1459,39,0,7.777666761049029,112.11041098187276,7.777666761049029,944,2026-01-30 20:16:38,0.7272883210864186,0.18041494533334626,0.56354890903376
mu_mig_c59_20260126_134942_ws0127_1358_ws0129_1459,39,1,45.19385441471904,155.00925305554696,45.19385441471904,1404,2026-01-30 20:18:16,0.8423349545031968,0.24764341700785059,0.6016906046566173
mu_mig_c59_20260126_134942_ws0127_1358_ws0129_1459,39,2,17.71933094392402,127.48365707041874,17.71933094392402,2465,2026-01-30 20:26:05,0.5839511890720093,0.3616361726627735,0.44227756366147497
mu_mig_c59_20260126_134942_ws0127_1358_ws0129_1459,39,3,10.919357079222841,121.01956797989853,10.919357079222841,1475,2026-01-30 20:19:27,0.761686157791938,0.26412371696789266,0.4659978245771266
mu_mig_c59_20260126_134942_ws0127_1358_ws0129_1459,39,4,18.73954061669651,96.19674541750138,18.73954061669651,1028,2026-01-30 20:14:39,0.7067481145537462,0.18719747267179526,0.4874013280892572
mu_mig_c59_20260126_134942_ws0127_1358_ws0129_1459,39,5,34.891684329111364,145.64495208805516,34.891684329111364,1713,2026-01-30 20:18:48,0.7055835906310716,0.28464956959004584,0.5383656944012458
mu_mig_c59_20260126_134942_ws0127_1358_ws0129_1459,39,6,33.86311332794792,145.39280345112238,33.86311332794792,1954,2026-01-30 20:22:21,0.7438240848975363,0.3226151837738695,0.4988897427024884
mu_mig_c59_20260126_134942_ws0127_1358_ws0129_1459,39,7,23.284780386921042,134.36925501656557,23.284780386921042,1707,2026-01-30 20:20:24,0.6693730018734496,0.297854988600635,0.5160696579873741
mu_mig_c59_20260126_134942_ws0127_1358_ws0129_1459,39,8,15.144101344802504,106.20543262990435,15.144101344802504,2328,2026-01-30 20:24:30,0.4438986523354645,0.3602329038215949,0.42954194887255703
mu_mig_c59_20260126_134942_ws0127_1358_ws0129_1459,39,9,9.720110529379935,110.81419655369272,9.720110529379935,830,2026-01-30 20:12:00,0.5269362155685368,0.15139127297450886,0.6656839190920898
mu_mig_c59_20260126_134942_ws0127_1358_ws0129_1459,39,10,7.506112804602664,111.71156966247054,7.506112804602664,933,2026-01-30 20:14:29,0.7721739596258494,0.1721153386024678,0.5167336482453673
mu_mig_c59_20260126_134942_ws0127_1358_ws0129_1459,39,11,14.040365951593133,100.17849099687902,14.040365951593133,1025,2026-01-30 20:13:51,0.6826659906796173,0.1867458441909565,0.4792597856131102
mu_mig_c59_20260126_134942_ws0127_1358_ws0129_1459,39,12,15.47572515901306,125.18255050659964,15.47572515901306,2393,2026-01-30 20:25:32,0.594225135488064,0.3606534889747278,0.42805270790296235
mu_mig_c59_20260126_134942_ws0127_1358_ws0129_1459,39,13,19.7684926689307,93.63019012713391,19.7684926689307,865,2026-01-30 20:14:00,0.6881684507761905,0.15899894411600962,0.4900980010950291
mu_mig_c59_20260126_134942_ws0127_1358_ws0129_1459,39,14,36.10096793992638,147.8747747562205,36.10096793992638,2659,2026-01-30 20:25:26,0.703278703498472,0.38298937951475753,0.4487492803221665
mu_mig_c59_20260126_134942_ws0127_1358_ws0129_1459,39,15,34.613514692617514,146.11359571255795,34.613514692617514,2530,2026-01-30 20:25:48,0.6947532139763961,0.37506036696276607,0.4520985348193165
mu_mig_c59_20260126_134942_ws0127_1358_ws0129_1459,39,16,14.267415848275649,122.51197982361725,14.267415848275649,2444,2026-01-30 20:24:46,0.5833578640207187,0.3581261752071078,0.42260142127089523
mu_mig_c59_20260126_134942_ws0127_1358_ws0129_1459,39,17,28.312412608747447,88.99571627642824,28.312412608747447,1863,2026-01-30 20:22:04,0.567545517491666,0.31410365057256245,0.37751810166886723
mu_mig_c59_20260126_134942_ws0127_1358_ws0129_1459,39,18,25.433939701903377,94.528241301517,25.433939701903377,2142,2026-01-30 20:21:54,0.47897545826325816,0.3342668844301274,0.3903882770859882
mu_mig_c59_20260126_134942_ws0127_1358_ws0129_1459,39,19,14.400819937678941,124.12367468940754,14.400819937678941,1578,2026-01-30 20:18:16,0.6999892036320865,0.27973889250029854,0.47583794700075366
mu_mig_c59_20260126_134942_ws0127_1358_ws0129_1459,39,20,13.693043643852672,122.99041646106878,13.693043643852672,1531,2026-01-30 20:49:17,0.7529959577518265,0.2708182866290292,0.4699365555568108
mu_mig_c59_20260126_134942_ws0127_1358_ws0129_1459,39,21,31.007974630824798,142.22558730128142,31.007974630824798,1859,2026-01-30 20:52:39,0.7403800114835833,0.31577580258976795,0.5050345172896527
mu_mig_c59_20260126_134942_ws0127_1358_ws0129_1459,39,22,11.90528967966403,114.39286381632292,11.90528967966403,2195,2026-01-30 20:52:32,0.6779605728182376,0.3430951485849063,0.3784758218845139
mu_mig_c59_20260126_134942_ws0127_1358_ws0129_1459,39,23,45.88605656046896,154.67288411901094,45.88605656046896,1282,2026-01-30 20:51:25,0.746952161695722,0.24374071912262993,0.6980432235752162
mu_mig_c59_20260126_134942_ws0127_1358_ws0129_1459,39,24,23.96096010549317,93.88014618923877,23.96096010549317,2020,2026-01-30 20:53:09,0.4583885694032225,0.32757828265956124,0.4021467449413041
mu_mig_c59_20260126_134942_ws0127_1358_ws0129_1459,40,0,8.174231245521362,112.16755400190148,8.174231245521362,914,2026-01-30 21:44:20,0.761103132409722,0.16404627459521381,0.5441231100711376
mu_mig_c59_20260126_134942_ws0127_1358_ws0129_1459,40,1,27.586181404889363,137.98273896688602,27.586181404889363,1236,2026-01-30 21:37:05,0.7947700549731505,0.23433527698424733,0.5659364124164008
mu_mig_c59_20260126_134942_ws0127_1358_ws0129_1459,40,2,11.640600235547739,115.56166286930026,11.640600235547739,2187,2026-01-30 21:44:30,0.5757983850826816,0.35329619709660537,0.4267382778298747
mu_mig_c59_20260126_134942_ws0127_1358_ws0129_1459,40,3,12.557845624633694,123.11432694938493,12.557845624633694,1462,2026-01-30 21:39:25,0.7593978964388657,0.26133819090784177,0.4658929783642003
mu_mig_c59_20260126_134942_ws0127_1358_ws0129_1459,40,4,16.126000979036828,97.74447831169039,16.126000979036828,944,2026-01-30 21:34:59,0.6991020213184662,0.18525024490334913,0.4775333960452964
mu_mig_c59_20260126_134942_ws0127_1358_ws0129_1459,40,5,24.611279279343055,135.74362445531946,24.611279279343055,1609,2026-01-30 21:41:58,0.6846115523391769,0.2809589205594823,0.5367072670385894
mu_mig_c59_20260126_134942_ws0127_1358_ws0129_1459,40,6,34.975679405076505,146.50331081501355,34.975679405076505,2059,2026-01-30 21:42:17,0.7493232425794076,0.32129382230123177,0.5016039733539406
mu_mig_c59_20260126_134942_ws0127_1358_ws0129_1459,40,7,21.55747701293948,132.9441363684698,21.55747701293948,1848,2026-01-30 21:39:23,0.6689076486711372,0.3035703068036018,0.5165061132745687
mu_mig_c59_20260126_134942_ws0127_1358_ws0129_1459,40,8,14.44265570316283,109.33830980343087,14.44265570316283,2516,2026-01-30 21:46:38,0.4403797330830239,0.35858458343139443,0.42949983918183743
mu_mig_c59_20260126_134942_ws0127_1358_ws0129_1459,40,9,11.268894025577836,114.03550177345599,11.268894025577836,868,2026-01-30 21:34:53,0.6047820196295064,0.15630004302861997,0.6510132678311187
mu_mig_c59_20260126_134942_ws0127_1358_ws0129_1459,40,10,7.691119729975598,110.77866204355023,7.691119729975598,973,2026-01-30 21:34:44,0.7599819759020413,0.18493970578189833,0.5085929047749113
mu_mig_c59_20260126_134942_ws0127_1358_ws0129_1459,40,11,13.2930126975695,100.78022185715709,13.2930126975695,965,2026-01-30 21:34:05,0.6825838221564926,0.1877288483033484,0.47436606867606124
mu_mig_c59_20260126_134942_ws0127_1358_ws0129_1459,40,12,13.591114018367973,123.82221561402363,13.591114018367973,2374,2026-01-30 21:46:36,0.5972223657556565,0.3587063345624421,0.42169872862469115
mu_mig_c59_20260126_134942_ws0127_1358_ws0129_1459,40,13,25.482728174012443,88.52206033672971,25.482728174012443,877,2026-01-30 21:33:52,0.6828121600040223,0.15906622444893934,0.4747336307562452
mu_mig_c59_20260126_134942_ws0127_1358_ws0129_1459,40,14,38.92507196661892,150.64856704153206,38.92507196661892,2647,2026-01-30 21:46:16,0.7041007475197709,0.37889172341927035,0.4491696921717554
mu_mig_c59_20260126_134942_ws0127_1358_ws0129_1459,40,15,33.923480026809095,145.40457305546826,33.923480026809095,2487,2026-01-30 21:44:09,0.6934320844426902,0.37296192438536735,0.4534852036090977
mu_mig_c59_20260126_134942_ws0127_1358_ws0129_1459,40,16,13.853185464565295,118.10699366437181,13.853185464565295,2267,2026-01-30 21:43:59,0.58667902858483,0.3583992792392458,0.4215572421789786
mu_mig_c59_20260126_134942_ws0127_1358_ws0129_1459,40,17,19.25987292309156,97.28319989542331,19.25987292309156,1883,2026-01-30 21:42:51,0.5805809999062479,0.31507494639640016,0.3743378502746819
mu_mig_c59_20260126_134942_ws0127_1358_ws0129_1459,40,18,21.720304553195607,96.52984365024166,21.720304553195607,2133,2026-01-30 21:45:26,0.47695494062410915,0.3346038216003726,0.38841662381509645
mu_mig_c59_20260126_134942_ws0127_1358_ws0129_1459,40,19,14.974387672289708,123.03337069419327,14.974387672289708,1573,2026-01-30 21:40:19,0.7174817424051723,0.27634412413766446,0.47563201422954937
mu_mig_c59_20260126_134942_ws0127_1358_ws0129_1459,40,20,19.663892759177635,130.73005634148413,19.663892759177635,1542,2026-01-30 22:14:06,0.7542336194752906,0.26913273641928276,0.46920629551383164
mu_mig_c59_20260126_134942_ws0127_1358_ws0129_1459,40,21,31.03658874951874,142.3834775778258,31.03658874951874,1900,2026-01-30 22:13:30,0.7392818603619339,0.31446601636268423,0.5063070136433252
mu_mig_c59_20260126_134942_ws0127_1358_ws0129_1459,40,22,12.709777760489764,119.9961233057693,12.709777760489764,2145,2026-01-30 22:16:47,0.6804831765583208,0.3420674288738791,0.3785994505568412
mu_mig_c59_20260126_134942_ws0127_1358_ws0129_1459,40,23,65.93291904051422,175.34354965076574,65.93291904051422,1431,2026-01-30 22:13:21,0.8347452310824982,0.25336212595338664,0.7007313051562187
mu_mig_c59_20260126_134942_ws0127_1358_ws0129_1459,40,24,20.878437283756295,95.87757997997824,20.878437283756295,1896,2026-01-30 22:17:10,0.47775069662985975,0.31722749170943787,0.3817733096751442
mu_mig_c59_20260126_134942_ws0127_1358_ws0129_1459,41,0,8.076044786165102,110.24794326265734,8.076044786165102,863,2026-01-30 22:57:19,0.7881078581112593,0.15709307449173748,0.5209100686030687
mu_mig_c59_20260126_134942_ws0127_1358_ws0129_1459,41,1,10.765601393626154,120.06818452259108,10.765601393626154,1057,2026-01-30 22:59:43,0.7514873111326326,0.1957365222813539,0.5356124087542506
mu_mig_c59_20260126_134942_ws0127_1358_ws0129_1459,41,2,11.578294290506902,114.89490749014394,11.578294290506902,2243,2026-01-30 23:08:50,0.5692761418912193,0.3466242166436709,0.4143068491645946
mu_mig_c59_20260126_134942_ws0127_1358_ws0129_1459,41,3,13.07084273694579,122.27090957564164,13.07084273694579,1419,2026-01-30 22:58:38,0.7575672873564078,0.25910977005980107,0.46580910139385934
mu_mig_c59_20260126_134942_ws0127_1358_ws0129_1459,41,4,19.99878983753613,93.9827236227911,19.99878983753613,993,2026-01-30 23:00:24,0.6928207617655332,0.18425542119640986,0.4694172730186069
mu_mig_c59_20260126_134942_ws0127_1358_ws0129_1459,41,5,19.320021252960778,130.21018128365316,19.320021252960778,1632,2026-01-30 23:03:20,0.665303396285129,0.2856574970109839,0.5333873408812049
mu_mig_c59_20260126_134942_ws0127_1358_ws0129_1459,41,6,40.64731036712539,151.37334424836502,40.64731036712539,1887,2026-01-30 23:04:25,0.7531314234392118,0.3199563210611825,0.5038848570552372
mu_mig_c59_20260126_134942_ws0127_1358_ws0129_1459,41,7,27.079965944224387,138.43050200479894,27.079965944224387,1896,2026-01-30 23:04:12,0.6685353661092872,0.3081425613659753,0.5168552775043243
mu_mig_c59_20260126_134942_ws0127_1358_ws0129_1459,41,8,14.56896362631003,103.50988910153043,14.56896362631003,2311,2026-01-30 23:08:45,0.4375645976810714,0.35726592711923405,0.42946615142926176
mu_mig_c59_20260126_134942_ws0127_1358_ws0129_1459,41,9,12.293702318879893,117.69547851021633,12.293702318879893,877,2026-01-30 22:59:09,0.685842999601048,0.16149735276474508,0.6384550583396884
mu_mig_c59_20260126_134942_ws0127_1358_ws0129_1459,41,10,9.228989426031672,114.48050063210876,9.228989426031672,1070,2026-01-30 23:00:48,0.7502283889229948,0.19519919952544276,0.5020803099985465
mu_mig_c59_20260126_134942_ws0127_1358_ws0129_1459,41,11,19.726249247539492,94.61281292995552,19.726249247539492,1014,2026-01-30 23:00:37,0.6825180873379928,0.18851525159326193,0.4704510951264221
mu_mig_c59_20260126_134942_ws0127_1358_ws0129_1459,41,12,12.196115880990785,112.94061092838088,12.196115880990785,2216,2026-01-30 23:08:28,0.5996201499697305,0.3571486110326135,0.4166155452020741
mu_mig_c59_20260126_134942_ws0127_1358_ws0129_1459,41,13,26.316926579088445,89.31518358574144,26.316926579088445,900,2026-01-30 23:00:22,0.6833955995748685,0.15956277660609294,0.4626582000404704
mu_mig_c59_20260126_134942_ws0127_1358_ws0129_1459,41,14,40.54413997811793,152.18815637907622,40.54413997811793,2529,2026-01-30 23:07:43,0.7026995611936985,0.3741269037668273,0.44970275001227755
mu_mig_c59_20260126_134942_ws0127_1358_ws0129_1459,41,15,33.305383932152054,145.04315626879142,33.305383932152054,2475,2026-01-30 23:08:54,0.6923751808157255,0.3712831703234484,0.4545945386409226
mu_mig_c59_20260126_134942_ws0127_1358_ws0129_1459,41,16,15.381890960593909,124.84404191207972,15.381890960593909,2342,2026-01-30 23:08:56,0.5902510336275569,0.35872024310890177,0.42075231078452335
mu_mig_c59_20260126_134942_ws0127_1358_ws0129_1459,41,17,22.364839228637752,94.52861947510553,22.364839228637752,1855,2026-01-30 23:06:27,0.5910093858379133,0.3158519830554703,0.37179364915933366
mu_mig_c59_20260126_134942_ws0127_1358_ws0129_1459,41,18,27.74902589129033,89.2632768121046,27.74902589129033,2041,2026-01-30 23:05:22,0.4755592653048449,0.3344044036387894,0.3855291878119806
mu_mig_c59_20260126_134942_ws0127_1358_ws0129_1459,41,19,14.152987453220167,125.00807497895799,14.152987453220167,1544,2026-01-30 23:01:59,0.7314757734236409,0.27362830944755717,0.4754672680125859
mu_mig_c59_20260126_134942_ws0127_1358_ws0129_1459,41,20,15.136787124676951,125.78900286583374,15.136787124676951,1439,2026-01-30 23:34:25,0.7567456911841152,0.2667801575566091,0.4676445697960815
mu_mig_c59_20260126_134942_ws0127_1358_ws0129_1459,41,21,35.78426996168354,146.8666100500387,35.78426996168354,1931,2026-01-30 23:36:56,0.7384033394646143,0.3134181873810173,0.5073250107262632
mu_mig_c59_20260126_134942_ws0127_1358_ws0129_1459,41,22,10.857107325407458,117.40385251990212,10.857107325407458,2122,2026-01-30 23:36:43,0.6825012595503873,0.34124525310505727,0.37869835349470304
mu_mig_c59_20260126_134942_ws0127_1358_ws0129_1459,41,23,65.81949277120782,175.04061314720522,65.81949277120782,1467,2026-01-30 23:36:12,0.9010011212089127,0.2572682872073838,0.6748457923520572
mu_mig_c59_20260126_134942_ws0127_1358_ws0129_1459,41,24,35.11571924510622,81.98952928263355,35.11571924510622,1732,2026-01-30 23:38:47,0.49324039841116957,0.3089468589493392,0.3654745614622163
mu_mig_c59_20260126_134942_ws0127_1358_ws0129_1459,42,0,10.603511613967783,109.24358501468203,10.603511613967783,828,2026-01-31 00:19:28,0.8097116386724891,0.15153051440895643,0.5023396354286135
mu_mig_c59_20260126_134942_ws0127_1358_ws0129_1459,42,1,10.61577043631029,104.70341266444454,10.61577043631029,896,2026-01-31 00:18:39,0.7166208008295488,0.16470288420305784,0.5047299369263885
mu_mig_c59_20260126_134942_ws0127_1358_ws0129_1459,42,2,9.763150998425019,109.66059338075023,9.763150998425019,2140,2026-01-31 00:29:45,0.5640583473380496,0.3412866322813233,0.40436170623237044
mu_mig_c59_20260126_134942_ws0127_1358_ws0129_1459,42,3,11.220754231059491,116.5263639255627,11.220754231059491,1392,2026-01-31 00:22:13,0.7561028000904415,0.25732703338136853,0.46574199981758646
mu_mig_c59_20260126_134942_ws0127_1358_ws0129_1459,42,4,22.25354745776265,92.14213672532095,22.25354745776265,986,2026-01-31 00:21:07,0.6861314376593813,0.18396053768303,0.46310370924298694
mu_mig_c59_20260126_134942_ws0127_1358_ws0129_1459,42,5,15.335672017523857,125.3649908659888,15.335672017523857,1636,2026-01-31 00:25:03,0.6498568714418907,0.2894163581721852,0.5307313999552974
mu_mig_c59_20260126_134942_ws0127_1358_ws0129_1459,42,6,39.46089389972121,150.38084580806148,39.46089389972121,1952,2026-01-31 00:28:47,0.752595185925281,0.31759895196075005,0.5061283305430794
mu_mig_c59_20260126_134942_ws0127_1358_ws0129_1459,42,7,30.574279539308723,141.7021755912424,30.574279539308723,1814,2026-01-31 00:25:32,0.6679211054011488,0.3049501214542364,0.5223920496034682
mu_mig_c59_20260126_134942_ws0127_1358_ws0129_1459,42,8,22.02988712074177,98.17338803821573,22.02988712074177,2377,2026-01-31 00:32:19,0.43531248935950945,0.3562110020695058,0.42943920122720125
mu_mig_c59_20260126_134942_ws0127_1358_ws0129_1459,42,9,14.681784688454123,120.98613117953137,14.681784688454123,860,2026-01-31 00:19:00,0.7627160845231084,0.16585455355923423,0.6169108616473037
mu_mig_c59_20260126_134942_ws0127_1358_ws0129_1459,42,10,10.01383467730917,110.51623390035942,10.01383467730917,1138,2026-01-31 00:21:11,0.7424255193397576,0.20340679452027832,0.4968702341774545
mu_mig_c59_20260126_134942_ws0127_1358_ws0129_1459,42,11,25.50260352341753,90.0718571868847,25.50260352341753,983,2026-01-31 00:20:19,0.6824654994831929,0.18914437422519276,0.46731911628671075
mu_mig_c59_20260126_134942_ws0127_1358_ws0129_1459,42,12,13.566424979538597,122.09189810349056,13.566424979538597,2329,2026-01-31 00:30:31,0.6015383773409896,0.3559024322087507,0.4125489984639805
mu_mig_c59_20260126_134942_ws0127_1358_ws0129_1459,42,13,26.72456237511001,87.32232702061279,26.72456237511001,870,2026-01-31 00:18:49,0.6855660137924504,0.16356377078119738,0.45452126391209385
mu_mig_c59_20260126_134942_ws0127_1358_ws0129_1459,42,14,28.751494017731545,140.29520342584985,28.751494017731545,2491,2026-01-31 00:32:17,0.69942284901701,0.3699212120236747,0.4507427192480403
mu_mig_c59_20260126_134942_ws0127_1358_ws0129_1459,42,15,31.275800378531546,143.05612804587392,31.275800378531546,2572,2026-01-31 00:33:10,0.6915296579141537,0.3699401670739132,0.45548200666638256
mu_mig_c59_20260126_134942_ws0127_1358_ws0129_1459,42,16,11.041967355483896,115.64509776057024,11.041967355483896,2298,2026-01-31 00:29:07,0.5947880629675486,0.3587677305088482,0.4195023343701658
mu_mig_c59_20260126_134942_ws0127_1358_ws0129_1459,42,17,14.121348131886675,105.54237556368071,14.121348131886675,1984,2026-01-31 00:27:37,0.5993520945832457,0.3164736123827264,0.36975828826705504
mu_mig_c59_20260126_134942_ws0127_1358_ws0129_1459,42,18,20.065565001571333,97.80232602750385,20.065565001571333,2151,2026-01-31 00:28:19,0.47444272504943347,0.33424486926952285,0.3832192390094879
mu_mig_c59_20260126_134942_ws0127_1358_ws0129_1459,42,19,18.503168228083894,128.81411000542207,18.503168228083894,1543,2026-01-31 00:23:34,0.7426709982384158,0.27145565769547136,0.4753354710390152
mu_mig_c59_20260126_134942_ws0127_1358_ws0129_1459,42,20,13.973176968768188,123.85775499529193,13.973176968768188,1530,2026-01-31 00:54:36,0.7589615004313236,0.2639507160959984,0.46622783914800037
mu_mig_c59_20260126_134942_ws0127_1358_ws0129_1459,42,21,26.525299287762532,137.19253278959548,26.525299287762532,1818,2026-01-31 00:57:11,0.7377005227467587,0.3125799241956837,0.5081394083926136
mu_mig_c59_20260126_134942_ws0127_1358_ws0129_1459,42,22,11.382186413413558,118.88767289728789,11.382186413413558,2129,2026-01-31 00:56:23,0.6841157259440406,0.34058751248999986,0.37877747584499244
mu_mig_c59_20260126_134942_ws0127_1358_ws0129_1459,42,23,59.42075899902994,168.76466736260707,59.42075899902994,1351,2026-01-31 00:53:28,0.9063354942217073,0.24603089219583746,0.648558948323375
mu_mig_c59_20260126_134942_ws0127_1358_ws0129_1459,42,24,31.06578045484559,85.55457551007387,31.06578045484559,1750,2026-01-31 00:56:22,0.499067000597605,0.30236691439269586,0.35414399224545456
mu_mig_c59_20260126_134942_ws0127_1358_ws0129_1459,43,0,9.058567055452134,108.83132955237978,9.058567055452134,846,2026-01-31 01:37:54,0.8269946631214729,0.1470804663427316,0.48748328888904935
mu_mig_c59_20260126_134942_ws0127_1358_ws0129_1459,43,1,19.069115188007952,94.86362617258216,19.069115188007952,876,2026-01-31 01:38:59,0.6959863333640223,0.1497796150596618,0.4785754736173765
mu_mig_c59_20260126_134942_ws0127_1358_ws0129_1459,43,2,13.412593926728595,109.43237858702626,13.412593926728595,2194,2026-01-31 01:48:03,0.5598841116955138,0.3370165647914452,0.39640559188659114
mu_mig_c59_20260126_134942_ws0127_1358_ws0129_1459,43,3,9.211443536756754,118.45599250934771,9.211443536756754,1444,2026-01-31 01:43:47,0.7549312102776684,0.25590084403862245,0.4656883185565682
mu_mig_c59_20260126_134942_ws0127_1358_ws0129_1459,43,4,21.969947345100607,92.4535917758664,21.969947345100607,973,2026-01-31 01:42:00,0.6807799783744599,0.1837246308723261,0.458052858222491
mu_mig_c59_20260126_134942_ws0127_1358_ws0129_1459,43,5,25.78637930307594,136.2724229594501,25.78637930307594,1798,2026-01-31 01:44:45,0.6374996515673002,0.29242344710114626,0.5286066472145713
mu_mig_c59_20260126_134942_ws0127_1358_ws0129_1459,43,6,30.336648153303823,141.32113181576932,30.336648153303823,1842,2026-01-31 01:46:33,0.7470998834659675,0.3148974043652211,0.5086263521149041
mu_mig_c59_20260126_134942_ws0127_1358_ws0129_1459,43,7,25.061613876465557,136.01012763155353,25.061613876465557,1871,2026-01-31 01:47:14,0.6604419838000096,0.29957906171732424,0.5295440394447724
mu_mig_c59_20260126_134942_ws0127_1358_ws0129_1459,43,8,16.770251368493156,102.13545438274906,16.770251368493156,2367,2026-01-31 01:46:34,0.43585136706179667,0.34810745171314905,0.41257536047893795
mu_mig_c59_20260126_134942_ws0127_1358_ws0129_1459,43,9,21.714697043048478,129.74511650472235,21.714697043048478,930,2026-01-31 01:36:39,0.8242145524607566,0.16934031419482556,0.5996755042933959
mu_mig_c59_20260126_134942_ws0127_1358_ws0129_1459,43,10,10.340296130807845,119.51373998217693,10.340296130807845,1193,2026-01-31 01:37:50,0.7361832236731679,0.20997287051614677,0.492702173520581
mu_mig_c59_20260126_134942_ws0127_1358_ws0129_1459,43,11,24.49263984604235,90.35884185593869,24.49263984604235,997,2026-01-31 01:40:53,0.6835071300621487,0.18894663384762939,0.46361309632571973
mu_mig_c59_20260126_134942_ws0127_1358_ws0129_1459,43,12,11.18012066016435,117.14584850822247,11.18012066016435,2296,2026-01-31 01:44:40,0.6010203509978806,0.35563816941452825,0.41194880814369894
mu_mig_c59_20260126_134942_ws0127_1358_ws0129_1459,43,13,19.76530262316873,93.9965781159129,19.76530262316873,971,2026-01-31 01:38:27,0.6874360485731869,0.17448694409380489,0.4482026989908836
mu_mig_c59_20260126_134942_ws0127_1358_ws0129_1459,43,14,32.579981930943305,144.1140828544818,32.579981930943305,2369,2026-01-31 01:50:08,0.6968014792756593,0.36655665862915254,0.45157469463665056
mu_mig_c59_20260126_134942_ws0127_1358_ws0129_1459,43,15,39.123903079984146,151.01318419308555,39.123903079984146,2587,2026-01-31 01:51:11,0.6932316680614058,0.3688617215025854,0.45475073623738926
mu_mig_c59_20260126_134942_ws0127_1358_ws0129_1459,43,16,14.459140948571493,123.4284406629447,14.459140948571493,2402,2026-01-31 01:49:21,0.598417686439542,0.3588057204288053,0.4185023532386798
mu_mig_c59_20260126_134942_ws0127_1358_ws0129_1459,43,17,16.334397598350677,100.7510954022797,16.334397598350677,1887,2026-01-31 01:41:48,0.5942330932465975,0.3189673754541139,0.36906144865749935
mu_mig_c59_20260126_134942_ws0127_1358_ws0129_1459,43,18,19.56842365347085,96.30550225704923,19.56842365347085,2041,2026-01-31 01:46:56,0.47354949284510434,0.3341172417741096,0.38137127996749376
mu_mig_c59_20260126_134942_ws0127_1358_ws0129_1459,43,19,13.108664608372024,122.90613325023743,13.108664608372024,1455,2026-01-31 01:40:56,0.7534932075978591,0.2669281933120328,0.47349340139303653
mu_mig_c59_20260126_134942_ws0127_1358_ws0129_1459,43,20,14.344468744566063,123.7585878857426,14.344468744566063,1423,2026-01-31 02:15:30,0.7604458977510057,0.25969273822878625,0.46500238459283333
mu_mig_c59_20260126_134942_ws0127_1358_ws0129_1459,43,21,34.86449360897816,146.29941054925825,34.86449360897816,1928,2026-01-31 02:12:29,0.7371382693724742,0.31190931364741686,0.508790926525694
mu_mig_c59_20260126_134942_ws0127_1358_ws0129_1459,43,22,14.60521744334589,117.63935366457738,14.60521744334589,2285,2026-01-31 02:20:17,0.6854072990589631,0.3400613199979539,0.37884077372522407
mu_mig_c59_20260126_134942_ws0127_1358_ws0129_1459,43,23,46.84559047013797,156.44528487195635,46.84559047013797,1288,2026-01-31 02:18:09,0.8592414146290873,0.23434588658090286,0.6273096864329357
mu_mig_c59_20260126_134942_ws0127_1358_ws0129_1459,43,24,38.14627475896428,78.88602292123726,38.14627475896428,1796,2026-01-31 02:16:57,0.5005372223888672,0.30567540076021016,0.35327951035026617
mu_mig_c59_20260126_134942_ws0127_1358_ws0129_1459,44,0,13.321203952146922,101.2466986443498,13.321203952146922,796,2026-01-31 03:00:48,0.8408210826806599,0.1435204278897517,0.4755982116573981
mu_mig_c59_20260126_134942_ws0127_1358_ws0129_1459,44,1,25.118363776474077,88.34668834489906,25.118363776474077,793,2026-01-31 03:02:26,0.6794787593916011,0.13784099974494496,0.4576519029701669
mu_mig_c59_20260126_134942_ws0127_1358_ws0129_1459,44,2,18.426750938706537,101.37063676014725,18.426750938706537,1992,2026-01-31 03:09:26,0.558818858592461,0.3339692581692086,0.39436951961738026
mu_mig_c59_20260126_134942_ws0127_1358_ws0129_1459,44,3,9.701738025979349,119.9399500785495,9.701738025979349,1377,2026-01-31 03:05:23,0.75399393842745,0.2547598925644256,0.4656453735477536
mu_mig_c59_20260126_134942_ws0127_1358_ws0129_1459,44,4,20.489273130224582,93.90933001076861,20.489273130224582,1011,2026-01-31 03:01:19,0.6764988109465228,0.18353590542376297,0.45401217740609423
mu_mig_c59_20260126_134942_ws0127_1358_ws0129_1459,44,5,23.11614154402037,133.50077954044067,23.11614154402037,1797,2026-01-31 03:05:37,0.6294355492465274,0.2974540594797341,0.5271323496651006
mu_mig_c59_20260126_134942_ws0127_1358_ws0129_1459,44,6,24.661188337518578,136.06270484510097,24.661188337518578,1847,2026-01-31 03:08:06,0.7427036414985166,0.31273616628879797,0.510624769372364
mu_mig_c59_20260126_134942_ws0127_1358_ws0129_1459,44,7,24.777688818330468,135.72765965783373,24.777688818330468,1706,2026-01-31 03:06:16,0.6544586865190983,0.2952822139277945,0.5352656313178159
mu_mig_c59_20260126_134942_ws0127_1358_ws0129_1459,44,8,14.318313784661475,103.16587460381304,14.318313784661475,2255,2026-01-31 03:09:39,0.43628246922362646,0.34162461142806366,0.39908428788032735
mu_mig_c59_20260126_134942_ws0127_1358_ws0129_1459,44,9,26.3433441144755,134.78144802015422,26.3433441144755,933,2026-01-31 03:01:33,0.8734133268108752,0.17212892270329863,0.5858872184102697
mu_mig_c59_20260126_134942_ws0127_1358_ws0129_1459,44,10,8.957292235328165,112.31465082455361,8.957292235328165,1152,2026-01-31 03:03:07,0.7311893871398961,0.21522573131284153,0.4893677249950822
mu_mig_c59_20260126_134942_ws0127_1358_ws0129_1459,44,11,22.43778451298557,92.99352567373815,22.43778451298557,1020,2026-01-31 03:03:17,0.6842031015360904,0.18803534844418404,0.45929947984484365
mu_mig_c59_20260126_134942_ws0127_1358_ws0129_1459,44,12,10.954844120278405,115.27353184977912,10.954844120278405,2219,2026-01-31 03:11:01,0.6006059299233936,0.3554267591791503,0.4114686558874737
mu_mig_c59_20260126_134942_ws0127_1358_ws0129_1459,44,13,23.775820460111312,91.20140661516282,23.775820460111312,1003,2026-01-31 03:02:13,0.688932076397776,0.1832254827438909,0.44314784705391547
mu_mig_c59_20260126_134942_ws0127_1358_ws0129_1459,44,14,30.554213974903355,142.12403121705995,30.554213974903355,2315,2026-01-31 03:08:56,0.6947043834825787,0.3638650159135349,0.4522402749475388
mu_mig_c59_20260126_134942_ws0127_1358_ws0129_1459,44,15,40.92746196866361,152.21375228320534,40.92746196866361,2564,2026-01-31 03:11:20,0.6949148343497755,0.3673063138383005,0.4538632811891259
mu_mig_c59_20260126_134942_ws0127_1358_ws0129_1459,44,16,12.375778931421427,121.91876446498897,12.375778931421427,2293,2026-01-31 03:10:41,0.6014158284119325,0.3585518742267349,0.41584991216072764
mu_mig_c59_20260126_134942_ws0127_1358_ws0129_1459,44,17,20.23213532643166,101.20654209730846,20.23213532643166,2111,2026-01-31 03:11:32,0.5820158672830085,0.32671945054028045,0.3699055440079363
mu_mig_c59_20260126_134942_ws0127_1358_ws0129_1459,44,18,38.86295550533873,79.60143529361008,38.86295550533873,2088,2026-01-31 03:10:49,0.46314692587198,0.3357945242703012,0.3815612363280537
mu_mig_c59_20260126_134942_ws0127_1358_ws0129_1459,44,19,11.667001557927861,121.30663276657391,11.667001557927861,1407,2026-01-31 03:03:22,0.7621509750854137,0.26330622180528196,0.4720197456762537
mu_mig_c59_20260126_134942_ws0127_1358_ws0129_1459,44,20,13.306322427401692,123.04935282981857,13.306322427401692,1411,2026-01-31 03:36:48,0.7603595820864573,0.2557507888143211,0.4641725982660738
mu_mig_c59_20260126_134942_ws0127_1358_ws0129_1459,44,21,36.187000482418206,147.39550588559476,36.187000482418206,1946,2026-01-31 03:39:53,0.7383084183710712,0.31159538273115645,0.5092845911641586
mu_mig_c59_20260126_134942_ws0127_1358_ws0129_1459,44,22,12.750737810934346,113.38083493420656,12.750737810934346,2107,2026-01-31 03:39:52,0.6864405575509012,0.33964036600431713,0.3788914120294093
mu_mig_c59_20260126_134942_ws0127_1358_ws0129_1459,44,23,32.59125073978348,141.7540155049036,32.59125073978348,1166,2026-01-31 03:36:00,0.8102640232518797,0.2225045556423166,0.6008336899333553
mu_mig_c59_20260126_134942_ws0127_1358_ws0129_1459,44,24,26.73637080421485,91.7519531928893,26.73637080421485,2012,2026-01-31 03:40:24,0.49641416658928605,0.3116850942041854,0.35460231653946805
mu_mig_c59_20260126_134942_ws0127_1358_ws0129_1459,45,0,15.804750736308954,98.85654207609265,15.804750736308954,811,2026-01-31 04:21:00,0.8518822183280096,0.1406723971273678,0.46609014987207703
mu_mig_c59_20260126_134942_ws0127_1358_ws0129_1459,45,1,39.57118433914539,75.05589020729242,39.57118433914539,816,2026-01-31 04:22:17,0.6654255974117432,0.14516021743625812,0.44046424451417243
mu_mig_c59_20260126_134942_ws0127_1358_ws0129_1459,45,2,14.73549836412425,106.67493556985195,14.73549836412425,2130,2026-01-31 04:30:15,0.5579666561100189,0.3315314128714193,0.39274066180201156
mu_mig_c59_20260126_134942_ws0127_1358_ws0129_1459,45,3,9.911257699124493,112.81195320033089,9.911257699124493,1419,2026-01-31 04:25:38,0.7532441209472752,0.25384713138506815,0.46561101754070194
mu_mig_c59_20260126_134942_ws0127_1358_ws0129_1459,45,4,29.26848755094379,86.25080531609154,29.26848755094379,1002,2026-01-31 04:23:27,0.673073877004173,0.18338492506491247,0.4507796327529768
mu_mig_c59_20260126_134942_ws0127_1358_ws0129_1459,45,5,16.649025294008815,127.36649756038697,16.649025294008815,1812,2026-01-31 04:28:47,0.6229842673899093,0.3014785493826043,0.525952911625524
mu_mig_c59_20260126_134942_ws0127_1358_ws0129_1459,45,6,37.06527645279721,148.62089824793895,37.06527645279721,1991,2026-01-31 04:29:00,0.739186647924556,0.31100717582765947,0.512223503178332
mu_mig_c59_20260126_134942_ws0127_1358_ws0129_1459,45,7,20.037867253051534,131.09954289950082,20.037867253051534,1688,2026-01-31 04:27:07,0.6418919930644932,0.2921021751690306,0.5385421650838278
mu_mig_c59_20260126_134942_ws0127_1358_ws0129_1459,45,8,21.133164428100727,97.58635311011975,21.133164428100727,2169,2026-01-31 04:31:27,0.4366273509530903,0.33643833919999533,0.3882914298014388
mu_mig_c59_20260126_134942_ws0127_1358_ws0129_1459,45,9,26.485989600829033,135.62580937301604,26.485989600829033,954,2026-01-31 04:22:35,0.9127723462909701,0.17435980951007707,0.5748565897037687
mu_mig_c59_20260126_134942_ws0127_1358_ws0129_1459,45,10,7.137503428908354,114.33459672193486,7.137503428908354,1200,2026-01-31 04:24:36,0.7271943179132787,0.21942801995019734,0.48670016617468315
mu_mig_c59_20260126_134942_ws0127_1358_ws0129_1459,45,11,21.55722617639011,92.06335967082319,21.55722617639011,979,2026-01-31 04:22:22,0.6817397112913667,0.18575077505569956,0.4539920168547992
mu_mig_c59_20260126_134942_ws0127_1358_ws0129_1459,45,12,15.76277528113227,125.15890047546063,15.76277528113227,2364,2026-01-31 04:31:43,0.6002743930638039,0.35525763099084795,0.41108453408249346
mu_mig_c59_20260126_134942_ws0127_1358_ws0129_1459,45,13,17.20133135944002,96.6430093548989,17.20133135944002,1052,2026-01-31 04:20:44,0.6888641595608979,0.19029702915032656,0.439660174037469
mu_mig_c59_20260126_134942_ws0127_1358_ws0129_1459,45,14,22.564309950034207,133.67916520396983,22.564309950034207,2290,2026-01-31 04:30:37,0.6930267068481142,0.3617117017410407,0.4527727391962494
mu_mig_c59_20260126_134942_ws0127_1358_ws0129_1459,45,15,36.33887803022687,147.8158671417974,36.33887803022687,2428,2026-01-31 04:31:23,0.6962065756231919,0.36593580732282616,0.45292274148649825
mu_mig_c59_20260126_134942_ws0127_1358_ws0129_1459,45,16,17.453766238758423,128.03637033000305,17.453766238758423,2393,2026-01-31 04:31:36,0.6037382407198741,0.3571612443453973,0.41303595060375586
mu_mig_c59_20260126_134942_ws0127_1358_ws0129_1459,45,17,9.63506250144323,108.38540095521141,9.63506250144323,2034,2026-01-31 04:29:05,0.5670586626060345,0.3340926406526486,0.37507839517817404
mu_mig_c59_20260126_134942_ws0127_1358_ws0129_1459,45,18,31.85157183978644,85.98079131553482,31.85157183978644,2106,2026-01-31 04:30:12,0.45424908056580326,0.33927287245098353,0.3836221621315276
mu_mig_c59_20260126_134942_ws0127_1358_ws0129_1459,45,19,12.072992500894678,122.7997075698714,12.072992500894678,1485,2026-01-31 04:24:38,0.7690771890754575,0.2604086445998813,0.4708408211028274
mu_mig_c59_20260126_134942_ws0127_1358_ws0129_1459,45,20,10.988568824972601,120.1287779384974,10.988568824972601,1453,2026-01-31 04:56:14,0.7595221715641939,0.252381860641639,0.46365836466022226
mu_mig_c59_20260126_134942_ws0127_1358_ws0129_1459,45,21,32.503744223771264,143.79182236689715,32.503744223771264,1808,2026-01-31 05:00:00,0.7399116136838889,0.31138650154770964,0.5098547043691333
mu_mig_c59_20260126_134942_ws0127_1358_ws0129_1459,45,22,13.64685778607369,122.55565814102584,13.64685778607369,2154,2026-01-31 05:00:51,0.6872671643444517,0.33930360280940774,0.3789319226727575
mu_mig_c59_20260126_134942_ws0127_1358_ws0129_1459,45,23,23.601209148690533,133.03298160731,23.601209148690533,1131,2026-01-31 04:57:22,0.7866572169895608,0.21041884200241207,0.5750880485919662
mu_mig_c59_20260126_134942_ws0127_1358_ws0129_1459,45,24,29.939636720776242,87.59669920297135,29.939636720776242,1941,2026-01-31 05:02:12,0.4931157219496211,0.3164928489593656,0.3556605614908296
mu_mig_c59_20260126_134942_ws0127_1358_ws0129_1459,46,0,17.573622776001017,97.35313183462763,17.573622776001017,783,2026-01-31 05:41:55,0.8607311268458893,0.13839397251746066,0.4584837004438202
mu_mig_c59_20260126_134942_ws0127_1358_ws0129_1459,46,1,40.87183837000766,73.4616549868246,40.87183837000766,878,2026-01-31 05:42:38,0.6550912268175192,0.1599861919290341,0.4270499973558659
mu_mig_c59_20260126_134942_ws0127_1358_ws0129_1459,46,2,13.099586539884653,105.25951367502017,13.099586539884653,2036,2026-01-31 05:49:18,0.559767898519843,0.33011232152346326,0.3913370480051167
mu_mig_c59_20260126_134942_ws0127_1358_ws0129_1459,46,3,12.223220660747927,122.16698506545788,12.223220660747927,1439,2026-01-31 05:48:10,0.7526442669631355,0.2531169224415822,0.4655835327350606
mu_mig_c59_20260126_134942_ws0127_1358_ws0129_1459,46,4,22.892137701049606,91.06868823285396,22.892137701049606,1032,2026-01-31 05:44:31,0.6729027605371702,0.1838509656556776,0.44911210070176255
mu_mig_c59_20260126_134942_ws0127_1358_ws0129_1459,46,5,20.45777961574589,131.62071275839796,20.45777961574589,1745,2026-01-31 05:52:08,0.6178232419046148,0.3046981413049005,0.5250093611938629
mu_mig_c59_20260126_134942_ws0127_1358_ws0129_1459,46,6,38.899218925055536,150.12804030256072,38.899218925055536,1899,2026-01-31 05:51:35,0.7364096640783763,0.30969265279635405,0.5131789416000125
mu_mig_c59_20260126_134942_ws0127_1358_ws0129_1459,46,7,11.829447469533372,122.23575469562807,11.829447469533372,1626,2026-01-31 05:51:46,0.6300584980534869,0.2921719118248759,0.5363174702771194
mu_mig_c59_20260126_134942_ws0127_1358_ws0129_1459,46,8,31.182057592055852,87.02154733487835,31.182057592055852,1995,2026-01-31 05:51:01,0.4369032563366614,0.33228932141754064,0.379657143338328
mu_mig_c59_20260126_134942_ws0127_1358_ws0129_1459,46,9,32.18186521235686,141.19916351692575,32.18186521235686,1029,2026-01-31 05:46:16,0.9050418287003605,0.18570326070560908,0.5661057356916588
mu_mig_c59_20260126_134942_ws0127_1358_ws0129_1459,46,10,9.818166320057331,111.53338895754123,9.818166320057331,1147,2026-01-31 05:45:32,0.7239982625319847,0.222789850860082,0.48456611911836395
mu_mig_c59_20260126_134942_ws0127_1358_ws0129_1459,46,11,27.828654006289568,86.77864929454451,27.828654006289568,1025,2026-01-31 05:43:30,0.6797689990955877,0.18392311634491199,0.4497460464627635
mu_mig_c59_20260126_134942_ws0127_1358_ws0129_1459,46,12,13.800586154677012,124.01026700944034,13.800586154677012,2356,2026-01-31 05:54:17,0.6000091635761322,0.3551223284402061,0.4107772366385093
mu_mig_c59_20260126_134942_ws0127_1358_ws0129_1459,46,13,21.39193730021614,92.4709866998714,21.39193730021614,1043,2026-01-31 05:45:14,0.6888098260913954,0.1959542662754751,0.4368700356243118
mu_mig_c59_20260126_134942_ws0127_1358_ws0129_1459,46,14,39.0723017963902,150.62348839780543,39.0723017963902,2352,2026-01-31 05:54:40,0.6916845655405426,0.3599890504030454,0.45319871059521777
mu_mig_c59_20260126_134942_ws0127_1358_ws0129_1459,46,15,36.75429041100939,148.08105896440742,36.75429041100939,2266,2026-01-31 05:55:08,0.6968976444095126,0.36363675946416124,0.45212399422318983
mu_mig_c59_20260126_134942_ws0127_1358_ws0129_1459,46,16,16.770090860008438,127.70086864079336,16.770090860008438,2383,2026-01-31 05:54:19,0.6053953782515527,0.3554188993250337,0.41064023001576266
mu_mig_c59_20260126_134942_ws0127_1358_ws0129_1459,46,17,20.656040619762795,99.26440575043893,20.656040619762795,2193,2026-01-31 05:52:53,0.5550928988644555,0.3399911927425431,0.3792166761143642
mu_mig_c59_20260126_134942_ws0127_1358_ws0129_1459,46,18,32.00560704549743,89.07456283074995,32.00560704549743,2088,2026-01-31 05:54:33,0.44347280624910007,0.34120664342681917,0.3865699983706715
mu_mig_c59_20260126_134942_ws0127_1358_ws0129_1459,46,19,12.362801071309212,121.41351643920954,12.362801071309212,1457,2026-01-31 05:43:50,0.7696317409192031,0.25733503147029974,0.46939141827291514
mu_mig_c59_20260126_134942_ws0127_1358_ws0129_1459,46,20,8.354566164046199,111.41405973736877,8.354566164046199,1335,2026-01-31 06:23:14,0.7566331017770699,0.24995397090731344,0.463547442768969
mu_mig_c59_20260126_134942_ws0127_1358_ws0129_1459,46,21,33.652182540128436,144.06195830219437,33.652182540128436,1848,2026-01-31 06:24:16,0.7411941699341431,0.31121939660095216,0.5103107949331132
mu_mig_c59_20260126_134942_ws0127_1358_ws0129_1459,46,22,12.660869128231626,121.44803222631823,12.660869128231626,2188,2026-01-31 06:20:51,0.687928449779292,0.3390341922534802,0.37896433118743605
mu_mig_c59_20260126_134942_ws0127_1358_ws0129_1459,46,23,14.67961680843796,124.10472361450462,14.67961680843796,1095,2026-01-31 06:22:01,0.7677717719797057,0.20075027109048843,0.5544915355188549
mu_mig_c59_20260126_134942_ws0127_1358_ws0129_1459,46,24,31.757747531958504,85.96190843673399,31.757747531958504,1992,2026-01-31 06:28:09,0.49047696623788917,0.32033905276350977,0.35650715745191885
mu_mig_c59_20260126_134942_ws0127_1358_ws0129_1459,47,0,12.52644476598717,102.15193527793791,12.52644476598717,786,2026-01-31 07:10:27,0.867810253660193,0.13657123282953496,0.45239854090121473
mu_mig_c59_20260126_134942_ws0127_1358_ws0129_1459,47,1,33.7915295842514,80.67598522365785,33.7915295842514,998,2026-01-31 07:11:40,0.6535863410780575,0.17920463291241623,0.4212560221668602
mu_mig_c59_20260126_134942_ws0127_1358_ws0129_1459,47,2,19.088586212323506,101.11668935828789,19.088586212323506,2188,2026-01-31 07:20:56,0.5612088924477022,0.32897704844509845,0.39021415696760087
mu_mig_c59_20260126_134942_ws0127_1358_ws0129_1459,47,3,15.556323383061754,125.10952291716892,15.556323383061754,1451,2026-01-31 07:13:37,0.7530472377993386,0.2521882934926209,0.46532050610818376
mu_mig_c59_20260126_134942_ws0127_1358_ws0129_1459,47,4,22.96382338298237,91.04619581412223,22.96382338298237,1017,2026-01-31 07:10:20,0.672765867363568,0.1842237981282897,0.44777807506079115
mu_mig_c59_20260126_134942_ws0127_1358_ws0129_1459,47,5,23.4721810605357,134.5477175893708,23.4721810605357,1814,2026-01-31 07:14:47,0.6164238413665174,0.3024347781494648,0.5287349788726465
mu_mig_c59_20260126_134942_ws0127_1358_ws0129_1459,47,6,33.63921036578503,144.8090984071311,33.63921036578503,1808,2026-01-31 07:15:58,0.7351032675452314,0.30886244413988667,0.5133404092070799
mu_mig_c59_20260126_134942_ws0127_1358_ws0129_1459,47,7,13.220699681216557,124.11880761167394,13.220699681216557,1608,2026-01-31 07:15:27,0.6205917020446818,0.29222770114955215,0.5345377144317527
mu_mig_c59_20260126_134942_ws0127_1358_ws0129_1459,47,8,33.08281180861421,84.20806970533734,33.08281180861421,1982,2026-01-31 07:17:08,0.43712398064351826,0.32897010719157693,0.3727497141678394
mu_mig_c59_20260126_134942_ws0127_1358_ws0129_1459,47,9,33.640229034472476,142.4471161815272,33.640229034472476,1099,2026-01-31 07:11:59,0.8681352630393568,0.19565108783929924,0.557907366160016
mu_mig_c59_20260126_134942_ws0127_1358_ws0129_1459,47,10,9.973909194089709,108.12420488714666,9.973909194089709,1221,2026-01-31 07:08:41,0.7257237029069238,0.23292453495173507,0.4767988437009459
mu_mig_c59_20260126_134942_ws0127_1358_ws0129_1459,47,11,27.38793762069334,87.72095766076313,27.38793762069334,990,2026-01-31 07:10:41,0.6773656765235545,0.1824458090486498,0.44629711696028374
mu_mig_c59_20260126_134942_ws0127_1358_ws0129_1459,47,12,13.333592318280026,122.77303080876061,13.333592318280026,2326,2026-01-31 07:21:49,0.5997969799859948,0.35501408639969256,0.410531398683322
mu_mig_c59_20260126_134942_ws0127_1358_ws0129_1459,47,13,27.05863120106501,87.37916765481896,27.05863120106501,1019,2026-01-31 07:09:36,0.6887663593157934,0.20048005597559393,0.43463792489378605
mu_mig_c59_20260126_134942_ws0127_1358_ws0129_1459,47,14,29.232753846631102,140.74183082438535,29.232753846631102,2361,2026-01-31 07:20:11,0.690774206626826,0.3596316147845987,0.4531565376360397
mu_mig_c59_20260126_134942_ws0127_1358_ws0129_1459,47,15,22.104790252152295,133.32266150620796,22.104790252152295,2365,2026-01-31 07:20:22,0.6974504994385693,0.3617975211772293,0.45148499641254314
mu_mig_c59_20260126_134942_ws0127_1358_ws0129_1459,47,16,12.089230543561694,117.3404070879538,12.089230543561694,2345,2026-01-31 07:18:27,0.6060251146596408,0.35392023235839515,0.4087728297474898
mu_mig_c59_20260126_134942_ws0127_1358_ws0129_1459,47,17,15.990033176892126,104.11544109136791,15.990033176892126,2188,2026-01-31 07:21:30,0.5455803360200014,0.3441780380502952,0.3859190897224215
mu_mig_c59_20260126_134942_ws0127_1358_ws0129_1459,47,18,23.70693003614574,94.63472623054793,23.70693003614574,2174,2026-01-31 07:18:30,0.4340190694410573,0.34269070295911375,0.38624141886284014
mu_mig_c59_20260126_134942_ws0127_1358_ws0129_1459,47,19,15.10625489820049,125.88267176257183,15.10625489820049,1433,2026-01-31 07:15:27,0.7688733850312492,0.25338343365449634,0.4670872088428061
mu_mig_c59_20260126_134942_ws0127_1358_ws0129_1459,47,20,8.333631280459247,113.68397891793512,8.333631280459247,1332,2026-01-31 07:44:00,0.7543218459473706,0.248011659119853,0.46345870525596633
mu_mig_c59_20260126_134942_ws0127_1358_ws0129_1459,47,21,33.65145471693344,144.78988532761957,33.65145471693344,1882,2026-01-31 07:45:18,0.7422202149343464,0.3110857126435462,0.5106756673842971
mu_mig_c59_20260126_134942_ws0127_1358_ws0129_1459,47,22,10.688927862422197,110.68500824710921,10.688927862422197,2102,2026-01-31 07:49:48,0.6884574781271643,0.33881866380873815,0.3789902579991789
mu_mig_c59_20260126_134942_ws0127_1358_ws0129_1459,47,23,6.32028239482493,110.903270335483,6.32028239482493,1020,2026-01-31 07:46:23,0.7526634159718216,0.19301541436094952,0.5380143250603658
mu_mig_c59_20260126_134942_ws0127_1358_ws0129_1459,47,24,31.077401154235766,86.38340118273703,31.077401154235766,1997,2026-01-31 07:47:57,0.47659825356163815,0.3258602608674267,0.36010579516964714
mu_mig_c59_20260126_134942_ws0127_1358_ws0129_1459,48,0,16.285462324315972,98.00010160205139,16.285462324315972,807,2026-01-31 08:29:46,0.873473555111636,0.1351130410791944,0.4475304132671304
mu_mig_c59_20260126_134942_ws0127_1358_ws0129_1459,48,1,33.762677158646014,81.38803873410286,33.762677158646014,1099,2026-01-31 08:33:03,0.6611067318554226,0.19540235300840883,0.4214278736789825
mu_mig_c59_20260126_134942_ws0127_1358_ws0129_1459,48,2,12.647539196838444,106.26955671798314,12.647539196838444,2078,2026-01-31 08:39:27,0.562337885571154,0.329347252740443,0.3881659003080057
mu_mig_c59_20260126_134942_ws0127_1358_ws0129_1459,48,3,18.16128948559099,127.20164283313372,18.16128948559099,1435,2026-01-31 08:37:53,0.7537360789594003,0.25065718612933646,0.4647646560441353
mu_mig_c59_20260126_134942_ws0127_1358_ws0129_1459,48,4,19.479066882190658,94.53936779405338,19.479066882190658,1013,2026-01-31 08:33:35,0.6726563528246863,0.1845220641063794,0.44671085454801407
mu_mig_c59_20260126_134942_ws0127_1358_ws0129_1459,48,5,14.580229209329763,125.3263890599853,14.580229209329763,1685,2026-01-31 08:39:45,0.6159306974538105,0.30018608775094374,0.5322172394056459
mu_mig_c59_20260126_134942_ws0127_1358_ws0129_1459,48,6,38.21334268904955,148.9881191821205,38.21334268904955,1840,2026-01-31 08:39:25,0.7340581503187154,0.30819827721471277,0.5134695832927337
mu_mig_c59_20260126_134942_ws0127_1358_ws0129_1459,48,7,17.811953076956236,128.10445776860274,17.811953076956236,1673,2026-01-31 08:36:52,0.6130182652376378,0.29227233260929314,0.5331139097554594
mu_mig_c59_20260126_134942_ws0127_1358_ws0129_1459,48,8,32.4034480665986,86.06503580482145,32.4034480665986,2046,2026-01-31 08:40:23,0.4361951944988807,0.33047545084771934,0.3707816473206212
mu_mig_c59_20260126_134942_ws0127_1358_ws0129_1459,48,9,19.15006159681825,128.7990077223688,19.15006159681825,1117,2026-01-31 08:36:36,0.8347662922818095,0.20259741752924262,0.5443857273563228
mu_mig_c59_20260126_134942_ws0127_1358_ws0129_1459,48,10,9.508481500606585,113.24325370420614,9.508481500606585,1340,2026-01-31 08:34:27,0.7355265554965713,0.24520277016633032,0.4700496871114152
mu_mig_c59_20260126_134942_ws0127_1358_ws0129_1459,48,11,27.572040306000932,87.08224313555621,27.572040306000932,977,2026-01-31 08:31:53,0.6748655641667336,0.18184987556150037,0.44409971771072365
mu_mig_c59_20260126_134942_ws0127_1358_ws0129_1459,48,12,11.97981953267005,121.03781317332839,11.97981953267005,2342,2026-01-31 08:41:25,0.6006890198061983,0.3547150813051069,0.41005265034812566
mu_mig_c59_20260126_134942_ws0127_1358_ws0129_1459,48,13,23.69285793939507,91.29473309877106,23.69285793939507,1099,2026-01-31 08:32:23,0.6887315858953118,0.204100687735689,0.4328522363093655
mu_mig_c59_20260126_134942_ws0127_1358_ws0129_1459,48,14,28.468894469689083,139.66207483270423,28.468894469689083,2272,2026-01-31 08:41:24,0.6911972409970182,0.3595031184450466,0.45310986530463415
mu_mig_c59_20260126_134942_ws0127_1358_ws0129_1459,48,15,34.63737010936089,146.03759322470216,34.63737010936089,2462,2026-01-31 08:41:42,0.6978927834618146,0.36032613054768375,0.45097379816402583
mu_mig_c59_20260126_134942_ws0127_1358_ws0129_1459,48,16,13.125049310397936,120.76257745902271,13.125049310397936,2298,2026-01-31 08:40:51,0.6065289037861114,0.35272129878508435,0.4072789095328715
mu_mig_c59_20260126_134942_ws0127_1358_ws0129_1459,48,17,15.913093033350007,104.9969650545441,15.913093033350007,2285,2026-01-31 08:41:39,0.5379702857444383,0.3475275142964968,0.3912810206088673
mu_mig_c59_20260126_134942_ws0127_1358_ws0129_1459,48,18,29.773548965991637,89.06934516744612,29.773548965991637,2203,2026-01-31 08:41:35,0.42645607999462304,0.3438779505849494,0.385978555256575
mu_mig_c59_20260126_134942_ws0127_1358_ws0129_1459,48,19,12.97282408707632,120.5740561211328,12.97282408707632,1425,2026-01-31 08:36:49,0.7682667003208862,0.2502221554018536,0.4652438412987189
mu_mig_c59_20260126_134942_ws0127_1358_ws0129_1459,48,20,7.759088226608604,110.85122394190284,7.759088226608604,1312,2026-01-31 09:06:50,0.7524728412836112,0.24645780968988468,0.4633877152455642
mu_mig_c59_20260126_134942_ws0127_1358_ws0129_1459,48,21,29.697212010566137,141.1631978852762,29.697212010566137,1874,2026-01-31 09:09:15,0.74135601071965,0.3101700775798523,0.512024309942066
mu_mig_c59_20260126_134942_ws0127_1358_ws0129_1459,48,22,16.890289882122385,126.71179415925343,16.890289882122385,2282,2026-01-31 09:12:49,0.6888807008054622,0.33864624105294455,0.3790109994485732
mu_mig_c59_20260126_134942_ws0127_1358_ws0129_1459,48,23,9.244565772072768,112.24322705793024,9.244565772072768,968,2026-01-31 09:07:27,0.7405767311655144,0.18682752897731839,0.5248325566935746
mu_mig_c59_20260126_134942_ws0127_1358_ws0129_1459,48,24,27.58226582645744,89.73455973480172,27.58226582645744,2049,2026-01-31 09:11:43,0.46549528342063734,0.33027722735056025,0.3629847053438298
mu_mig_c59_20260126_134942_ws0127_1358_ws0129_1459,49,0,15.011467109666059,99.47541307860568,15.011467109666059,770,2026-01-31 09:52:46,0.8780041962727905,0.13394648767892195,0.4436359111598629
mu_mig_c59_20260126_134942_ws0127_1358_ws0129_1459,49,1,19.367921499364027,95.00387513591119,19.367921499364027,1144,2026-01-31 09:55:10,0.6671451014204951,0.21120685579735538,0.4240345644811867
mu_mig_c59_20260126_134942_ws0127_1358_ws0129_1459,49,2,21.517535977213715,101.24355646332981,21.517535977213715,2075,2026-01-31 10:00:54,0.5632410800699156,0.32964341617671866,0.38652729498032956
mu_mig_c59_20260126_134942_ws0127_1358_ws0129_1459,49,3,9.811106127946033,116.13999425786679,9.811106127946033,1426,2026-01-31 09:56:15,0.7539819627745793,0.24898983187070375,0.4640053118348696
mu_mig_c59_20260126_134942_ws0127_1358_ws0129_1459,49,4,23.926246427423173,90.48459981352339,23.926246427423173,1014,2026-01-31 09:55:12,0.6725687411935809,0.18476067688885114,0.4458570781377924
mu_mig_c59_20260126_134942_ws0127_1358_ws0129_1459,49,5,22.107253726724547,130.59212707057765,22.107253726724547,1742,2026-01-31 09:59:52,0.6155361823236449,0.29838713543212686,0.5350030478320453
mu_mig_c59_20260126_134942_ws0127_1358_ws0129_1459,49,6,36.16294343583859,147.29639555403116,36.16294343583859,1867,2026-01-31 10:00:47,0.7354825750295768,0.3083715643877562,0.5134629905232027
mu_mig_c59_20260126_134942_ws0127_1358_ws0129_1459,49,7,25.842994250460013,136.7608649431924,25.842994250460013,1784,2026-01-31 10:00:25,0.6075709301116954,0.29481428962891437,0.5317318453788612
mu_mig_c59_20260126_134942_ws0127_1358_ws0129_1459,49,8,21.04383846970368,96.9684239941289,21.04383846970368,2195,2026-01-31 10:03:11,0.4361391552947034,0.33165189531065287,0.36838143193736905
mu_mig_c59_20260126_134942_ws0127_1358_ws0129_1459,49,9,18.06204877698378,127.86511574455764,18.06204877698378,1122,2026-01-31 09:56:04,0.7933979960224194,0.20617084117939258,0.5317910794573284
mu_mig_c59_20260126_134942_ws0127_1358_ws0129_1459,49,10,6.543819319478542,114.39707517690677,6.543819319478542,1359,2026-01-31 09:57:32,0.7478627546897745,0.25544349404326305,0.46291829107286486
mu_mig_c59_20260126_134942_ws0127_1358_ws0129_1459,49,11,28.53180448357473,86.9437280164433,28.53180448357473,1008,2026-01-31 09:55:53,0.6728324940495041,0.18160376655167795,0.4427433849601373
mu_mig_c59_20260126_134942_ws0127_1358_ws0129_1459,49,12,11.185671003343328,118.26137827064042,11.185671003343328,2172,2026-01-31 10:03:24,0.601402651662361,0.35447587722943846,0.40966965167996866
mu_mig_c59_20260126_134942_ws0127_1358_ws0129_1459,49,13,21.867736968895315,93.91907080543417,21.867736968895315,1057,2026-01-31 09:53:03,0.6887037671589266,0.20699719314376508,0.43142368544182896
mu_mig_c59_20260126_134942_ws0127_1358_ws0129_1459,49,14,31.93374643035573,143.27070414152482,31.93374643035573,2424,2026-01-31 10:04:52,0.6915356684931719,0.35940032137340494,0.45307252743950965
mu_mig_c59_20260126_134942_ws0127_1358_ws0129_1459,49,15,26.34198069112485,137.72474065270495,26.34198069112485,2339,2026-01-31 10:04:03,0.6959936459338681,0.35890950366359825,0.45107558475079546
mu_mig_c59_20260126_134942_ws0127_1358_ws0129_1459,49,16,10.737162217311337,119.63190532907298,10.737162217311337,2217,2026-01-31 10:02:24,0.606187394049294,0.352156434693847,0.4069006847099781
mu_mig_c59_20260126_134942_ws0127_1358_ws0129_1459,49,17,13.527985282400929,109.12319373422619,13.527985282400929,2373,2026-01-31 10:03:43,0.5376127095582612,0.34616291844273384,0.39476091699487026
mu_mig_c59_20260126_134942_ws0127_1358_ws0129_1459,49,18,27.896487806304645,92.9759526445417,27.896487806304645,2199,2026-01-31 10:01:50,0.42040568843747567,0.34482774868561794,0.38576826437156286
mu_mig_c59_20260126_134942_ws0127_1358_ws0129_1459,49,19,10.071810169852315,119.23151979808854,10.071810169852315,1373,2026-01-31 09:55:10,0.7677813525525957,0.24769313279973942,0.4637691472634491
mu_mig_c59_20260126_134942_ws0127_1358_ws0129_1459,49,20,9.402695482900306,116.90268667041606,9.402695482900306,1323,2026-01-31 10:31:08,0.7509936375526037,0.24521473014591,0.46333092323724245
mu_mig_c59_20260126_134942_ws0127_1358_ws0129_1459,49,21,29.321136038573037,139.79955660088606,29.321136038573037,1752,2026-01-31 10:29:08,0.7406646473478928,0.3094375695288972,0.5131032239882813
mu_mig_c59_20260126_134942_ws0127_1358_ws0129_1459,49,22,13.10110110923044,109.43259587896155,13.10110110923044,2045,2026-01-31 10:33:55,0.6584361210770384,0.3416791206461305,0.38077351283963495
mu_mig_c59_20260126_134942_ws0127_1358_ws0129_1459,49,23,6.505828415489863,112.52745358392497,6.505828415489863,1019,2026-01-31 10:31:30,0.7309073833204686,0.18187722067041348,0.5142871420001417
mu_mig_c59_20260126_134942_ws0127_1358_ws0129_1459,49,24,28.065727466677867,89.38757360325621,28.065727466677867,2098,2026-01-31 10:31:22,0.4566129073078367,0.3338108005370671,0.36528783348317595
mu_mig_c59_20260126_134942_ws0127_1358_ws0129_1459,50,0,17.097206424437775,98.22626072358186,17.097206424437775,869,2026-01-31 11:24:35,0.8615421900064111,0.1503615877701808,0.45191711993111505
mu_mig_c59_20260126_134942_ws0127_1358_ws0129_1459,50,1,24.421950003891908,90.04827178074409,24.421950003891908,1204,2026-01-31 11:17:51,0.6719757970725531,0.2238504580285126,0.42611991712295005
mu_mig_c59_20260126_134942_ws0127_1358_ws0129_1459,50,2,14.405688840904366,107.46880588047775,14.405688840904366,2101,2026-01-31 11:24:19,0.5603743797465968,0.33084297777101107,0.38672707599626555
mu_mig_c59_20260126_134942_ws0127_1358_ws0129_1459,50,3,13.770133746444793,122.59566383470523,13.770133746444793,1365,2026-01-31 11:17:41,0.7530595396109655,0.24673054151968207,0.4632222218422391
mu_mig_c59_20260126_134942_ws0127_1358_ws0129_1459,50,4,21.696015255670638,92.5111232448569,21.696015255670638,996,2026-01-31 11:15:00,0.6724986518886966,0.18495156711482855,0.44517405700961504
mu_mig_c59_20260126_134942_ws0127_1358_ws0129_1459,50,5,21.120319422370834,131.4252635850098,21.120319422370834,1771,2026-01-31 11:19:22,0.6152205702195125,0.29694797357707337,0.5372316945731648
mu_mig_c59_20260126_134942_ws0127_1358_ws0129_1459,50,6,33.86920220624389,145.2695666877742,33.86920220624389,1803,2026-01-31 11:23:07,0.7368638702079361,0.3085987541110517,0.5133974168204065
mu_mig_c59_20260126_134942_ws0127_1358_ws0129_1459,50,7,11.677890632386948,120.62534787271885,11.677890632386948,1629,2026-01-31 11:19:28,0.6049321152983157,0.29697783069278816,0.5307872541128944
mu_mig_c59_20260126_134942_ws0127_1358_ws0129_1459,50,8,31.053784134905857,86.59341003835968,31.053784134905857,2127,2026-01-31 11:25:50,0.4360943239313615,0.33259305088099966,0.36646125963076737
mu_mig_c59_20260126_134942_ws0127_1358_ws0129_1459,50,9,13.988017481753781,122.16810511448503,13.988017481753781,1123,2026-01-31 11:15:51,0.7372080010739879,0.20420549070760516,0.5183306785885338
mu_mig_c59_20260126_134942_ws0127_1358_ws0129_1459,50,10,12.614893061142595,123.14203215065864,12.614893061142595,1503,2026-01-31 11:20:14,0.757731714044337,0.26363607314480925,0.45721317424202457
mu_mig_c59_20260126_134942_ws0127_1358_ws0129_1459,50,11,26.23961529892939,88.57864151714577,26.23961529892939,1002,2026-01-31 11:15:00,0.6711467139771079,0.18166471928096037,0.44281600487768613
mu_mig_c59_20260126_134942_ws0127_1358_ws0129_1459,50,12,14.249942067843094,122.55980254522086,14.249942067843094,2322,2026-01-31 11:26:14,0.6029476245256423,0.35402410464978873,0.4092883830891274
mu_mig_c59_20260126_134942_ws0127_1358_ws0129_1459,50,13,18.427596523803157,97.68172423496787,18.427596523803157,1172,2026-01-31 11:17:08,0.6828103751318969,0.21076108066402058,0.427992069529176
mu_mig_c59_20260126_134942_ws0127_1358_ws0129_1459,50,14,28.255685771235783,139.4915178166267,28.255685771235783,2390,2026-01-31 11:25:49,0.6932216547972581,0.3591261561794335,0.45287822407011835
mu_mig_c59_20260126_134942_ws0127_1358_ws0129_1459,50,15,24.45314955006391,135.64763902275195,24.45314955006391,2360,2026-01-31 11:26:33,0.694474335911511,0.3577762021563298,0.45115701402021124
mu_mig_c59_20260126_134942_ws0127_1358_ws0129_1459,50,16,12.006208646572524,120.13362752933801,12.006208646572524,2261,2026-01-31 11:25:19,0.6059141862598401,0.3517045434208571,0.4065981048516634
mu_mig_c59_20260126_134942_ws0127_1358_ws0129_1459,50,17,12.256656978874025,111.81621292268008,12.256656978874025,2167,2026-01-31 11:23:01,0.5373266486093196,0.3450712417597235,0.3975448341036726
mu_mig_c59_20260126_134942_ws0127_1358_ws0129_1459,50,18,34.668883884032766,84.43794571033877,34.668883884032766,2154,2026-01-31 11:23:14,0.4214046364282599,0.34291364712953715,0.38156723662858893
mu_mig_c59_20260126_134942_ws0127_1358_ws0129_1459,50,19,9.910195491320325,119.25548865497689,9.910195491320325,1356,2026-01-31 11:19:55,0.7648512267848564,0.2456845452539141,0.46264471082068803
mu_mig_c59_20260126_134942_ws0127_1358_ws0129_1459,50,20,8.08230053149481,111.32622450410918,8.08230053149481,1322,2026-01-31 11:50:06,0.7498102745677977,0.24422026651073026,0.46328548963058513
mu_mig_c59_20260126_134942_ws0127_1358_ws0129_1459,50,21,37.436589214151745,147.96421199320733,37.436589214151745,1866,2026-01-31 11:54:34,0.7401115566504871,0.30885156308813316,0.5139663552252535
mu_mig_c59_20260126_134942_ws0127_1358_ws0129_1459,50,22,11.588482982008713,114.36980936931977,11.588482982008713,2133,2026-01-31 11:56:36,0.632703852516662,0.3442879201003624,0.39055005240074014
mu_mig_c59_20260126_134942_ws0127_1358_ws0129_1459,50,23,10.755617847449606,104.02185012745282,10.755617847449606,961,2026-01-31 11:50:00,0.7231719050444319,0.17791697402488957,0.5058508102453954
mu_mig_c59_20260126_134942_ws0127_1358_ws0129_1459,50,24,32.368313727563,84.73760106501723,32.368313727563,2156,2026-01-31 11:58:26,0.44693498508787566,0.3366038016581318,0.36810277613596
mu_mig_c59_20260126_134942_ws0127_1358_ws0129_1459,51,0,11.212161435637091,105.8705424877964,11.212161435637091,896,2026-01-31 12:39:56,0.8049535026629447,0.16460985579710982,0.4724304789498246
mu_mig_c59_20260126_134942_ws0127_1358_ws0129_1459,51,1,12.228078405217754,102.8449508412657,12.228078405217754,1231,2026-01-31 12:42:42,0.6791631476550652,0.23058349534049924,0.428298661621456
mu_mig_c59_20260126_134942_ws0127_1358_ws0129_1459,51,2,17.75728608773226,101.27689013509212,17.75728608773226,2138,2026-01-31 12:47:26,0.5545948450070605,0.3349608337004794,0.39081021602107224
mu_mig_c59_20260126_134942_ws0127_1358_ws0129_1459,51,3,8.136738333848704,116.82267316982893,8.136738333848704,1337,2026-01-31 12:41:07,0.75163232172103,0.24448690112171587,0.462607580043097
mu_mig_c59_20260126_134942_ws0127_1358_ws0129_1459,51,4,24.64003565984956,89.92165384814665,24.64003565984956,1002,2026-01-31 12:40:18,0.6724425804447891,0.18510427929561046,0.4446276401070732
mu_mig_c59_20260126_134942_ws0127_1358_ws0129_1459,51,5,19.44868802870557,130.08692301327227,19.44868802870557,1736,2026-01-31 12:43:08,0.6135108850347573,0.29580469872577025,0.5366390221122901
mu_mig_c59_20260126_134942_ws0127_1358_ws0129_1459,51,6,33.72737495970435,144.80548040084182,33.72737495970435,1877,2026-01-31 12:47:06,0.7379689063506235,0.3087805058896881,0.5133449578581697
mu_mig_c59_20260126_134942_ws0127_1358_ws0129_1459,51,7,23.86973331775525,134.4198587829895,23.86973331775525,1732,2026-01-31 12:45:43,0.602821063447612,0.2987086635438872,0.5300315811001208
mu_mig_c59_20260126_134942_ws0127_1358_ws0129_1459,51,8,38.54770085543768,78.50622864746916,38.54770085543768,2041,2026-01-31 12:48:15,0.436058458840688,0.3333459753372771,0.364925121785486
mu_mig_c59_20260126_134942_ws0127_1358_ws0129_1459,51,9,10.102917925875346,104.82058520284441,10.102917925875346,1034,2026-01-31 12:40:55,0.6889721977554214,0.19961756710246087,0.5059325210789476
mu_mig_c59_20260126_134942_ws0127_1358_ws0129_1459,51,10,10.554644355658086,118.94389518665022,10.554644355658086,1433,2026-01-31 12:43:55,0.7656268815279871,0.2701901364260462,0.4526490807773524
mu_mig_c59_20260126_134942_ws0127_1358_ws0129_1459,51,11,25.417163999579977,88.69208562360133,25.417163999579977,985,2026-01-31 12:40:25,0.6700752781476798,0.1826592429899583,0.4429807496482789
mu_mig_c59_20260126_134942_ws0127_1358_ws0129_1459,51,12,14.676821452056634,124.21180666012727,14.676821452056634,2250,2026-01-31 12:49:53,0.6043336079316206,0.35342744297074086,0.40871417582201375
mu_mig_c59_20260126_134942_ws0127_1358_ws0129_1459,51,13,18.54644567798807,96.35701361654328,18.54644567798807,1207,2026-01-31 12:41:36,0.6780956615102732,0.21377219068022496,0.4252467767990536
mu_mig_c59_20260126_134942_ws0127_1358_ws0129_1459,51,14,30.73930620015099,142.23828170306405,30.73930620015099,2428,2026-01-31 12:50:20,0.6948494884202461,0.35855647800398727,0.45237305521752313
mu_mig_c59_20260126_134942_ws0127_1358_ws0129_1459,51,15,28.462416494369528,140.05340221567906,28.462416494369528,2396,2026-01-31 12:47:20,0.6932588878936252,0.3568695609505151,0.45122215743574384
mu_mig_c59_20260126_134942_ws0127_1358_ws0129_1459,51,16,12.103625432986567,116.80295823434696,12.103625432986567,2341,2026-01-31 12:50:22,0.6056956200282769,0.3513430304024652,0.40635604096501166
mu_mig_c59_20260126_134942_ws0127_1358_ws0129_1459,51,17,16.126405087505645,104.37190119279995,16.126405087505645,2241,2026-01-31 12:49:48,0.5370977998501663,0.3441979004133152,0.3997719677907145
mu_mig_c59_20260126_134942_ws0127_1358_ws0129_1459,51,18,33.40050242181005,85.433566683542,33.40050242181005,2249,2026-01-31 12:47:24,0.4250429660844286,0.3405141994060307,0.3748209028226362
mu_mig_c59_20260126_134942_ws0127_1358_ws0129_1459,51,19,8.179122531392064,114.06080087751161,8.179122531392064,1265,2026-01-31 12:41:22,0.762507126170665,0.24407767521725382,0.46174516166647916
mu_mig_c59_20260126_134942_ws0127_1358_ws0129_1459,51,20,8.275492573182344,114.21877030849404,8.275492573182344,1355,2026-01-31 13:17:21,0.7488635841799529,0.24342469560258645,0.46324914274525925
mu_mig_c59_20260126_134942_ws0127_1358_ws0129_1459,51,21,36.57996613963155,147.77143808714996,36.57996613963155,1843,2026-01-31 13:16:04,0.7395382154136183,0.30832376642024756,0.514640973848784
mu_mig_c59_20260126_134942_ws0127_1358_ws0129_1459,51,22,11.494335674267,111.34659896939554,11.494335674267,2178,2026-01-31 13:19:33,0.6121180376683608,0.34637495966374793,0.3983712840496243
mu_mig_c59_20260126_134942_ws0127_1358_ws0129_1459,51,23,13.159022391357347,103.5389529825549,13.159022391357347,983,2026-01-31 13:16:43,0.7169835224236025,0.17474877670847044,0.4991017448415982
mu_mig_c59_20260126_134942_ws0127_1358_ws0129_1459,51,24,38.31889913255461,80.74014058757453,38.31889913255461,2111,2026-01-31 13:16:37,0.43618603174287807,0.33749026516926095,0.36997227885594863
mu_mig_c59_20260126_134942_ws0127_1358_ws0129_1459,52,0,11.2263455097124,103.94378846691697,11.2263455097124,967,2026-01-31 13:59:15,0.7596825527881716,0.17600847021865304,0.48884116616479223
mu_mig_c59_20260126_134942_ws0127_1358_ws0129_1459,52,1,15.80433253944157,99.26437200246487,15.80433253944157,1323,2026-01-31 14:05:40,0.6849130281210749,0.23596992519008853,0.4300416572202608
mu_mig_c59_20260126_134942_ws0127_1358_ws0129_1459,52,2,19.30375146189113,99.8596542300434,19.30375146189113,2096,2026-01-31 14:10:11,0.5449402570061783,0.339861129653342,0.3946609632114899
mu_mig_c59_20260126_134942_ws0127_1358_ws0129_1459,52,3,9.916829799805884,119.07870310472917,9.916829799805884,1330,2026-01-31 14:05:40,0.7504905474090816,0.24269198880334292,0.4621158666037833
mu_mig_c59_20260126_134942_ws0127_1358_ws0129_1459,52,4,19.783454367978692,94.4431045546462,19.783454367978692,1031,2026-01-31 14:01:56,0.6723977232896632,0.185226449040236,0.44419050658503967
mu_mig_c59_20260126_134942_ws0127_1358_ws0129_1459,52,5,18.554438065894658,128.50916262895268,18.554438065894658,1624,2026-01-31 14:05:57,0.6121431368869531,0.2948900788447278,0.5361648841435903
mu_mig_c59_20260126_134942_ws0127_1358_ws0129_1459,52,6,31.773508348656573,143.1310381495445,31.773508348656573,1843,2026-01-31 14:05:25,0.7388529352647735,0.30892590731259717,0.5133029906883801
mu_mig_c59_20260126_134942_ws0127_1358_ws0129_1459,52,7,16.469709042121,125.53972070758202,16.469709042121,1812,2026-01-31 14:07:02,0.6027651802391452,0.29986700269797006,0.5304586184918568
mu_mig_c59_20260126_134942_ws0127_1358_ws0129_1459,52,8,30.825632359753808,86.01544167368378,30.825632359753808,2102,2026-01-31 14:10:31,0.43606412352815566,0.33455939064839174,0.36451576146163717
mu_mig_c59_20260126_134942_ws0127_1358_ws0129_1459,52,9,13.018234795340245,103.08443705581956,13.018234795340245,1084,2026-01-31 13:59:29,0.6503835551005682,0.19594722821834543,0.4960139950712787
mu_mig_c59_20260126_134942_ws0127_1358_ws0129_1459,52,10,9.289483245877186,116.45809108466467,9.289483245877186,1437,2026-01-31 14:06:05,0.7711046716451476,0.26510885662126726,0.4508099428971542
mu_mig_c59_20260126_134942_ws0127_1358_ws0129_1459,52,11,28.421342577385776,86.04966272095969,28.421342577385776,994,2026-01-31 14:02:05,0.6695200370574174,0.18418571254355812,0.4431539658982613
mu_mig_c59_20260126_134942_ws0127_1358_ws0129_1459,52,12,11.504871991695316,116.34333353640463,11.504871991695316,2238,2026-01-31 14:11:59,0.6056901002133127,0.35270908153070346,0.40770996745144406
mu_mig_c59_20260126_134942_ws0127_1358_ws0129_1459,52,13,25.503199449409465,90.23321953213208,25.503199449409465,1191,2026-01-31 14:04:13,0.6745065350060593,0.21987522283820976,0.4235300981378317
mu_mig_c59_20260126_134942_ws0127_1358_ws0129_1459,52,14,25.922065030343237,137.16003080889115,25.922065030343237,2305,2026-01-31 14:11:26,0.6958359336224349,0.35766408072390005,0.451883632323753
mu_mig_c59_20260126_134942_ws0127_1358_ws0129_1459,52,15,23.842955054373512,134.72471657927113,23.842955054373512,2328,2026-01-31 14:10:46,0.6922865294793166,0.3561442479858633,0.45127427216816995
mu_mig_c59_20260126_134942_ws0127_1358_ws0129_1459,52,16,10.868696874822922,113.69505338897221,10.868696874822922,2275,2026-01-31 14:10:48,0.6055207670430264,0.35105381998775165,0.40616238985569025
mu_mig_c59_20260126_134942_ws0127_1358_ws0129_1459,52,17,13.088306586776039,105.544416422233,13.088306586776039,2203,2026-01-31 14:10:50,0.5369147208428436,0.3434992273361886,0.401553674740348
mu_mig_c59_20260126_134942_ws0127_1358_ws0129_1459,52,18,39.52198267769385,78.0381718901817,39.52198267769385,2119,2026-01-31 14:09:56,0.4279536298093635,0.3385946412272256,0.36942383577787397
mu_mig_c59_20260126_134942_ws0127_1358_ws0129_1459,52,19,12.02866446335474,121.67239115603837,12.02866446335474,1426,2026-01-31 14:04:03,0.7586084829908488,0.24279672746739128,0.46126064440659886
mu_mig_c59_20260126_134942_ws0127_1358_ws0129_1459,52,20,15.17748881629778,123.9360634255726,15.17748881629778,1331,2026-01-31 14:35:32,0.7483152300828769,0.2427993302911876,0.4631575129007715
mu_mig_c59_20260126_134942_ws0127_1358_ws0129_1459,52,21,34.39307133578134,145.39768532102383,34.39307133578134,1848,2026-01-31 14:37:31,0.7386836194533067,0.3079405778736654,0.5147320331598315
mu_mig_c59_20260126_134942_ws0127_1358_ws0129_1459,52,22,10.214115473440858,113.46309713976177,10.214115473440858,2253,2026-01-31 14:41:02,0.5956493857897198,0.34804459131445636,0.4046282693687316
mu_mig_c59_20260126_134942_ws0127_1358_ws0129_1459,52,23,13.872599363214816,102.73809878203616,13.872599363214816,979,2026-01-31 14:38:20,0.7086370565740019,0.17811459393337975,0.4954161209464194
mu_mig_c59_20260126_134942_ws0127_1358_ws0129_1459,52,24,33.179756288915186,85.63590078015119,33.179756288915186,2091,2026-01-31 14:41:43,0.42758686906688,0.33819943597816426,0.3714678810319395
mu_mig_c59_20260126_134942_ws0127_1358_ws0129_1459,53,0,8.657874292073412,107.2976816925579,8.657874292073412,992,2026-01-31 15:21:45,0.7234657928883532,0.18512736175588762,0.5019697159367663
mu_mig_c59_20260126_134942_ws0127_1358_ws0129_1459,53,1,9.858386705197422,104.72760202219706,9.858386705197422,1292,2026-01-31 15:27:27,0.6895129324938827,0.24027906906975996,0.4314360536993046
mu_mig_c59_20260126_134942_ws0127_1358_ws0129_1459,53,2,12.103033885376874,111.48749415698343,12.103033885376874,2192,2026-01-31 15:30:49,0.5372147886701788,0.3440780391343416,0.40038149448198557
mu_mig_c59_20260126_134942_ws0127_1358_ws0129_1459,53,3,5.93366436380581,112.53301558642325,5.93366436380581,1292,2026-01-31 15:23:40,0.7495771279595229,0.24125605894864455,0.4617224958523323
mu_mig_c59_20260126_134942_ws0127_1358_ws0129_1459,53,4,26.12181425331182,88.96942678096278,26.12181425331182,1004,2026-01-31 15:22:23,0.6723618375655624,0.18532418483593643,0.44384079976741286
mu_mig_c59_20260126_134942_ws0127_1358_ws0129_1459,53,5,21.247758704334036,131.67343124642323,21.247758704334036,1776,2026-01-31 15:27:49,0.6085291861195161,0.2943679640471663,0.5353302766892971
mu_mig_c59_20260126_134942_ws0127_1358_ws0129_1459,53,6,36.13052453697304,147.06841807402512,36.13052453697304,1867,2026-01-31 15:31:13,0.7395601583960935,0.30904222845092444,0.5132694169525486
mu_mig_c59_20260126_134942_ws0127_1358_ws0129_1459,53,7,16.110134052248533,127.01469820928747,16.110134052248533,1702,2026-01-31 15:27:11,0.6027204736723717,0.30079367402123636,0.5308002484052456
mu_mig_c59_20260126_134942_ws0127_1358_ws0129_1459,53,8,32.69884329061539,85.1474720125511,32.69884329061539,2044,2026-01-31 15:32:28,0.43606865527812977,0.33553012289728346,0.3641882732025581
mu_mig_c59_20260126_134942_ws0127_1358_ws0129_1459,53,9,11.438997913748459,103.5233429229831,11.438997913748459,1060,2026-01-31 15:26:53,0.6195126409766857,0.1930109571110531,0.4880791742651436
mu_mig_c59_20260126_134942_ws0127_1358_ws0129_1459,53,10,13.195346189579245,122.57867178934146,13.195346189579245,1431,2026-01-31 15:27:42,0.7754869037388761,0.2610438327774441,0.44933863259299567
mu_mig_c59_20260126_134942_ws0127_1358_ws0129_1459,53,11,32.18189464687975,84.50513080414795,32.18189464687975,993,2026-01-31 15:25:29,0.6698511925432012,0.18565016195037798,0.44336968371556923
mu_mig_c59_20260126_134942_ws0127_1358_ws0129_1459,53,12,13.855511199479844,106.18342107230181,13.855511199479844,2159,2026-01-31 15:31:58,0.6067463680579069,0.3517010003221678,0.40679213040900697
mu_mig_c59_20260126_134942_ws0127_1358_ws0129_1459,53,13,19.45846009351443,96.80636529034363,19.45846009351443,1179,2026-01-31 15:27:40,0.6750357215789755,0.2250456725838795,0.4237703794527835
mu_mig_c59_20260126_134942_ws0127_1358_ws0129_1459,53,14,29.956024371220092,141.21955574684182,29.956024371220092,2292,2026-01-31 15:33:15,0.6952355141164475,0.35677671892348917,0.4513853909168954
mu_mig_c59_20260126_134942_ws0127_1358_ws0129_1459,53,15,34.122591516322885,145.87504573412522,34.122591516322885,2357,2026-01-31 15:32:48,0.6915086427478697,0.35556399761414187,0.4513159639541108
mu_mig_c59_20260126_134942_ws0127_1358_ws0129_1459,53,16,13.749231284570826,121.54229151299849,13.749231284570826,2330,2026-01-31 15:31:56,0.605380884654826,0.3508224516559808,0.40600746896823314
mu_mig_c59_20260126_134942_ws0127_1358_ws0129_1459,53,17,13.292913011272672,104.6906982113531,13.292913011272672,2099,2026-01-31 15:33:30,0.5367682576369855,0.3429402888744873,0.4029790403000548
mu_mig_c59_20260126_134942_ws0127_1358_ws0129_1459,53,18,41.36470597836579,77.91474246221057,41.36470597836579,2115,2026-01-31 15:32:22,0.4302812540894725,0.3369315337883638,0.36516474566013335
mu_mig_c59_20260126_134942_ws0127_1358_ws0129_1459,53,19,11.748562388666018,120.90784946097465,11.748562388666018,1323,2026-01-31 15:26:59,0.7524759186291006,0.24176301734036384,0.4610976637013794
mu_mig_c59_20260126_134942_ws0127_1358_ws0129_1459,53,20,7.776976790703444,115.44394667903511,7.776976790703444,1313,2026-01-31 15:58:15,0.7485801285843138,0.24226050238414315,0.46280294216815815
mu_mig_c59_20260126_134942_ws0127_1358_ws0129_1459,53,21,33.12870061559767,144.4866038544275,33.12870061559767,1835,2026-01-31 16:00:31,0.7380631851751756,0.3078360109193363,0.5144872073482453
mu_mig_c59_20260126_134942_ws0127_1358_ws0129_1459,53,22,10.267347060357325,114.86269995387833,10.267347060357325,2322,2026-01-31 16:03:47,0.582474464286807,0.3493802966350231,0.40963385762401744
mu_mig_c59_20260126_134942_ws0127_1358_ws0129_1459,53,23,16.513971676482416,99.02400003775423,16.513971676482416,977,2026-01-31 16:00:03,0.7033762573386977,0.18008785140233155,0.4911894988562901
mu_mig_c59_20260126_134942_ws0127_1358_ws0129_1459,53,24,30.140912092994682,86.27908472325198,30.140912092994682,2101,2026-01-31 16:03:54,0.42070753892608154,0.3387667726252869,0.37266436277273224
mu_mig_c59_20260126_134942_ws0127_1358_ws0129_1459,54,0,12.97152965871279,105.40716611893403,12.97152965871279,1006,2026-01-31 16:47:29,0.6944923849684985,0.19242247498567527,0.5124725557543456
mu_mig_c59_20260126_134942_ws0127_1358_ws0129_1459,54,1,9.14365724033253,107.51295046096705,9.14365724033253,1349,2026-01-31 16:46:55,0.6931928559921289,0.24372638417349712,0.43255157088253965
mu_mig_c59_20260126_134942_ws0127_1358_ws0129_1459,54,2,17.49414682464846,102.41210140531678,17.49414682464846,2329,2026-01-31 16:56:26,0.5310344140013792,0.3474515667191413,0.4049579194983821
mu_mig_c59_20260126_134942_ws0127_1358_ws0129_1459,54,3,11.67890395979086,108.57250685039794,11.67890395979086,1295,2026-01-31 16:49:07,0.7488463923998759,0.24010731506488586,0.4614077992511716
mu_mig_c59_20260126_134942_ws0127_1358_ws0129_1459,54,4,22.943186282397296,90.50363917836134,22.943186282397296,998,2026-01-31 16:43:49,0.6723331289862818,0.18540237347249677,0.4435610343133114
mu_mig_c59_20260126_134942_ws0127_1358_ws0129_1459,54,5,17.527509671657725,127.32287884554788,17.527509671657725,1716,2026-01-31 16:49:18,0.6042014515889267,0.2962964799523698,0.5329451043872147
mu_mig_c59_20260126_134942_ws0127_1358_ws0129_1459,54,6,34.91264846682326,146.03605987729318,34.91264846682326,1801,2026-01-31 16:49:13,0.7399833185349572,0.30894236959181326,0.5132846306577811
mu_mig_c59_20260126_134942_ws0127_1358_ws0129_1459,54,7,18.120526063301412,129.1947862822768,18.120526063301412,1812,2026-01-31 16:53:00,0.6026847084189529,0.30153501107984937,0.5310735523359567
mu_mig_c59_20260126_134942_ws0127_1358_ws0129_1459,54,8,35.6063681842291,83.53999111419665,35.6063681842291,2120,2026-01-31 16:55:20,0.43607228067810905,0.33630670869639684,0.3639262825952948
mu_mig_c59_20260126_134942_ws0127_1358_ws0129_1459,54,9,25.638646773656014,88.95990286675159,25.638646773656014,1048,2026-01-31 16:46:33,0.5948159096775797,0.1906619402252192,0.48173131762023547
mu_mig_c59_20260126_134942_ws0127_1358_ws0129_1459,54,10,9.960463320330868,116.4765716033841,9.960463320330868,1457,2026-01-31 16:49:56,0.7709618646793042,0.2548182903620053,0.4483028164727361
mu_mig_c59_20260126_134942_ws0127_1358_ws0129_1459,54,11,22.654346401180835,91.4973054835908,22.654346401180835,1010,2026-01-31 16:46:31,0.6705485107579782,0.18670251109728772,0.44372703137528025
mu_mig_c59_20260126_134942_ws0127_1358_ws0129_1459,54,12,10.681394037435576,115.284220956433,10.681394037435576,2189,2026-01-31 16:54:21,0.6073717498359223,0.3506127437863578,0.40594273155407073
mu_mig_c59_20260126_134942_ws0127_1358_ws0129_1459,54,13,16.209979821677475,99.70428806477561,16.209979821677475,1252,2026-01-31 16:48:50,0.6805928958235358,0.23205288077494304,0.4241865117496767
mu_mig_c59_20260126_134942_ws0127_1358_ws0129_1459,54,14,33.36435045269674,144.78115263957662,33.36435045269674,2432,2026-01-31 16:56:10,0.6947551785116576,0.35606682948316043,0.45098679779140927
mu_mig_c59_20260126_134942_ws0127_1358_ws0129_1459,54,15,32.2611019800562,143.85654737671155,32.2611019800562,2360,2026-01-31 16:53:47,0.6910353474979042,0.35515167779710094,0.45136479560312204
mu_mig_c59_20260126_134942_ws0127_1358_ws0129_1459,54,16,14.567888129893309,118.62164164659353,14.567888129893309,2287,2026-01-31 16:53:11,0.6052689787442657,0.35063735699056414,0.40588353225826745
mu_mig_c59_20260126_134942_ws0127_1358_ws0129_1459,54,17,11.874501324170321,110.20976103022946,11.874501324170321,2288,2026-01-31 16:54:30,0.5368169895525015,0.3425964598723133,0.403930551658779
mu_mig_c59_20260126_134942_ws0127_1358_ws0129_1459,54,18,42.50877111324725,76.31525627057563,42.50877111324725,2035,2026-01-31 16:53:06,0.43340483017787584,0.3355758568217287,0.3616669872765504
mu_mig_c59_20260126_134942_ws0127_1358_ws0129_1459,54,19,10.795923073051148,116.06085931909331,10.795923073051148,1320,2026-01-31 16:48:55,0.7466262226137461,0.24075301671016008,0.46121157817628977
mu_mig_c59_20260126_134942_ws0127_1358_ws0129_1459,54,20,7.953740513426848,113.8175296558922,7.953740513426848,1330,2026-01-31 17:17:56,0.7488995686577202,0.2415433327310239,0.46246794357595944
mu_mig_c59_20260126_134942_ws0127_1358_ws0129_1459,54,21,35.35768302418038,146.48010576696652,35.35768302418038,1820,2026-01-31 17:26:32,0.7375668377526706,0.30775235735587303,0.5142913466989762
mu_mig_c59_20260126_134942_ws0127_1358_ws0129_1459,54,22,12.432470314768322,119.37459570598777,12.432470314768322,2255,2026-01-31 17:27:22,0.5719345270844769,0.35044886089147653,0.4136383282282461
mu_mig_c59_20260126_134942_ws0127_1358_ws0129_1459,54,23,13.55196214542183,103.81890972873676,13.55196214542183,991,2026-01-31 17:24:16,0.6995782352652575,0.18195222659366217,0.4912838158902518
mu_mig_c59_20260126_134942_ws0127_1358_ws0129_1459,54,24,36.029526679982304,82.31293950010725,36.029526679982304,2133,2026-01-31 17:25:18,0.4152040748134428,0.339220641942985,0.3736215481653664
mu_mig_c59_20260126_134942_ws0127_1358_ws0129_1459,55,0,9.587335264419227,105.60885029679488,9.587335264419227,1103,2026-01-31 18:10:04,0.6713136586326147,0.1982585655695054,0.520874827608409
mu_mig_c59_20260126_134942_ws0127_1358_ws0129_1459,55,1,12.492897967571558,102.91497233340667,12.492897967571558,1365,2026-01-31 18:10:34,0.6961367947907259,0.24648423625648685,0.4334439846291277
mu_mig_c59_20260126_134942_ws0127_1358_ws0129_1459,55,2,13.890750868226874,104.68636253592268,13.890750868226874,2215,2026-01-31 18:17:28,0.5267258824147668,0.3484964287292677,0.40827900863547384
mu_mig_c59_20260126_134942_ws0127_1358_ws0129_1459,55,3,6.497182456315235,114.66920921571018,6.497182456315235,1323,2026-01-31 18:12:43,0.7476561314346781,0.23943510491524336,0.46112590720810276
mu_mig_c59_20260126_134942_ws0127_1358_ws0129_1459,55,4,18.63653069955863,95.65304593355873,18.63653069955863,1082,2026-01-31 18:12:36,0.6719293876901777,0.1857543550770428,0.44340026228912865
mu_mig_c59_20260126_134942_ws0127_1358_ws0129_1459,55,5,11.049479727228263,122.04050797709158,11.049479727228263,1718,2026-01-31 18:14:47,0.6007392639644552,0.2978392926765326,0.5310369665455485
mu_mig_c59_20260126_134942_ws0127_1358_ws0129_1459,55,6,28.226658709830176,139.74445140757493,28.226658709830176,1866,2026-01-31 18:17:14,0.7403218466460483,0.3088624825045243,0.513296801621967
mu_mig_c59_20260126_134942_ws0127_1358_ws0129_1459,55,7,17.530175816882593,128.32495552781802,17.530175816882593,1785,2026-01-31 18:15:15,0.6030811072383235,0.30154820528846643,0.5320090464309171
mu_mig_c59_20260126_134942_ws0127_1358_ws0129_1459,55,8,36.05579561442185,82.6714867167285,36.05579561442185,2152,2026-01-31 18:19:38,0.43607518099809245,0.3369279773356875,0.3637166901094842
mu_mig_c59_20260126_134942_ws0127_1358_ws0129_1459,55,9,22.489831411095523,91.1725632770332,22.489831411095523,1028,2026-01-31 18:09:05,0.6043088659241539,0.1883983094197874,0.46832612944023844
mu_mig_c59_20260126_134942_ws0127_1358_ws0129_1459,55,10,10.282923527508274,114.78935324200165,10.282923527508274,1292,2026-01-31 18:10:38,0.7666366456432355,0.24480133511900684,0.4493113579121944
mu_mig_c59_20260126_134942_ws0127_1358_ws0129_1459,55,11,19.7788904796811,94.33592816591073,19.7788904796811,1049,2026-01-31 18:12:10,0.6711063653297997,0.18754439041481552,0.44401290950304906
mu_mig_c59_20260126_134942_ws0127_1358_ws0129_1459,55,12,11.194404506236998,112.55362619631664,11.194404506236998,2156,2026-01-31 18:18:42,0.6078720552583347,0.34974213855770986,0.40526321247012176
mu_mig_c59_20260126_134942_ws0127_1358_ws0129_1459,55,13,13.84010914282068,100.97471535136633,13.84010914282068,1364,2026-01-31 18:11:47,0.6893738502200596,0.24165526087910608,0.4257640295875843
mu_mig_c59_20260126_134942_ws0127_1358_ws0129_1459,55,14,31.072894948552946,141.51882966564452,31.072894948552946,2303,2026-01-31 18:19:27,0.6934621563726697,0.3553583055318822,0.45074693202273663
mu_mig_c59_20260126_134942_ws0127_1358_ws0129_1459,55,15,29.888803346069977,140.70791850462786,29.888803346069977,2344,2026-01-31 18:19:51,0.6906567112979317,0.3548218219434682,0.451403860922331
mu_mig_c59_20260126_134942_ws0127_1358_ws0129_1459,55,16,10.465209404082495,116.06545682617714,10.465209404082495,2260,2026-01-31 18:18:16,0.6052307253088682,0.3504835921827982,0.4057922433304543
mu_mig_c59_20260126_134942_ws0127_1358_ws0129_1459,55,17,16.131716108653634,103.22594573727504,16.131716108653634,2225,2026-01-31 18:18:14,0.5368559750849142,0.3423213966705741,0.40469176074575836
mu_mig_c59_20260126_134942_ws0127_1358_ws0129_1459,55,18,27.713614893061962,90.31023175352581,27.713614893061962,2244,2026-01-31 18:20:20,0.4363577711665815,0.33475104091997826,0.3596625392014007
mu_mig_c59_20260126_134942_ws0127_1358_ws0129_1459,55,19,6.400971637921679,111.14353472547695,6.400971637921679,1328,2026-01-31 18:13:21,0.7419464658014626,0.23994501620599706,0.461302709756218
mu_mig_c59_20260126_134942_ws0127_1358_ws0129_1459,55,20,8.01736931577081,117.68709281303299,8.01736931577081,1328,2026-01-31 18:45:40,0.7491551207164454,0.24096959700852852,0.4621999447022005
mu_mig_c59_20260126_134942_ws0127_1358_ws0129_1459,55,21,32.7893246315712,143.11027704825023,32.7893246315712,1857,2026-01-31 18:49:42,0.7375471961105579,0.30812360666276234,0.5138920226763882
mu_mig_c59_20260126_134942_ws0127_1358_ws0129_1459,55,22,11.358338298195337,115.26069548941643,11.358338298195337,2265,2026-01-31 18:52:08,0.5635025773226128,0.35130371229663926,0.4168419047116291
mu_mig_c59_20260126_134942_ws0127_1358_ws0129_1459,55,23,11.593117223513973,102.96001215369886,11.593117223513973,1004,2026-01-31 18:46:49,0.694784285634449,0.184145181711342,0.4942615669346304
mu_mig_c59_20260126_134942_ws0127_1358_ws0129_1459,55,24,39.183614839682825,79.0148321545743,39.183614839682825,2113,2026-01-31 18:53:22,0.41136038116493023,0.33868958267149907,0.3724633111116837
mu_mig_c59_20260126_134942_ws0127_1358_ws0129_1459,56,0,7.844214289591997,111.91642683889222,7.844214289591997,1079,2026-01-31 19:35:05,0.6527706775639077,0.2029274380365695,0.5275966450916598
mu_mig_c59_20260126_134942_ws0127_1358_ws0129_1459,56,1,15.40842489410277,100.61292042320507,15.40842489410277,1355,2026-01-31 19:39:05,0.6984919458296035,0.24869051792287863,0.43415791562639816
mu_mig_c59_20260126_134942_ws0127_1358_ws0129_1459,56,2,13.671557037517575,103.35288357895885,13.671557037517575,2172,2026-01-31 19:44:44,0.5232790571454768,0.3493323183373689,0.41093587994514724
mu_mig_c59_20260126_134942_ws0127_1358_ws0129_1459,56,3,8.293861863076419,116.63528616643998,8.293861863076419,1330,2026-01-31 19:34:26,0.74670392266252,0.23889733679552935,0.46090039357364776
mu_mig_c59_20260126_134942_ws0127_1358_ws0129_1459,56,4,21.29318773452295,93.03891205010478,21.29318773452295,1018,2026-01-31 19:38:19,0.6716063946532945,0.18603594036067964,0.4432716446697825
mu_mig_c59_20260126_134942_ws0127_1358_ws0129_1459,56,5,15.061574291524103,125.29819065428883,15.061574291524103,1710,2026-01-31 19:41:18,0.597969513864878,0.2990735428558628,0.5295104562722157
mu_mig_c59_20260126_134942_ws0127_1358_ws0129_1459,56,6,29.36223676664091,140.56176268490876,29.36223676664091,1766,2026-01-31 19:41:06,0.7405926691349211,0.30879857283469314,0.5133065383933159
mu_mig_c59_20260126_134942_ws0127_1358_ws0129_1459,56,7,22.478811078106038,133.55574476329616,22.478811078106038,1719,2026-01-31 19:40:37,0.6031768128666524,0.3001541984715306,0.5323724381769894
mu_mig_c59_20260126_134942_ws0127_1358_ws0129_1459,56,8,33.34190055155665,84.81663504763496,33.34190055155665,2104,2026-01-31 19:41:47,0.4360957740761803,0.337230325046222,0.36222688621538207
mu_mig_c59_20260126_134942_ws0127_1358_ws0129_1459,56,9,29.080142510661616,85.13160665227737,29.080142510661616,959,2026-01-31 19:36:47,0.6134319672578176,0.18649066419562194,0.45281211168718527
mu_mig_c59_20260126_134942_ws0127_1358_ws0129_1459,56,10,7.236210368363472,116.27053046764179,7.236210368363472,1337,2026-01-31 19:38:21,0.7565313661654697,0.2361757205065553,0.45394184073555754
mu_mig_c59_20260126_134942_ws0127_1358_ws0129_1459,56,11,23.92574411085585,90.6199954554496,23.92574411085585,1026,2026-01-31 19:35:40,0.6716964076321436,0.1876338708535304,0.4441247829792705
mu_mig_c59_20260126_134942_ws0127_1358_ws0129_1459,56,12,10.060355620675399,111.24421075136043,10.060355620675399,2091,2026-01-31 19:44:14,0.6075308143565548,0.3491925980376114,0.40477922473293937
mu_mig_c59_20260126_134942_ws0127_1358_ws0129_1459,56,13,7.026378035864909,109.25648351634216,7.026378035864909,1351,2026-01-31 19:39:34,0.6988600320648145,0.24986539332493082,0.42875196718043296
mu_mig_c59_20260126_134942_ws0127_1358_ws0129_1459,56,14,29.107888292127562,140.5885812169067,29.107888292127562,2348,2026-01-31 19:44:41,0.6923455124252791,0.3547629454218652,0.4505684706266695
mu_mig_c59_20260126_134942_ws0127_1358_ws0129_1459,56,15,27.956847159272396,139.34464351498997,27.956847159272396,2296,2026-01-31 19:43:26,0.6903538023379537,0.35455793726056195,0.4514351131776982
mu_mig_c59_20260126_134942_ws0127_1358_ws0129_1459,56,16,12.311094648334217,118.69550445295053,12.311094648334217,2305,2026-01-31 19:46:07,0.6052001225605502,0.3503605803365854,0.40571921218820384
mu_mig_c59_20260126_134942_ws0127_1358_ws0129_1459,56,17,18.66696058478624,100.42099277187305,18.66696058478624,2146,2026-01-31 19:43:22,0.53497220793213,0.34233508251817224,0.40602967810970936
mu_mig_c59_20260126_134942_ws0127_1358_ws0129_1459,56,18,34.06379183071072,83.82168395471763,34.06379183071072,2197,2026-01-31 19:44:06,0.438720123957546,0.3340911881985779,0.35805898074128095
mu_mig_c59_20260126_134942_ws0127_1358_ws0129_1459,56,19,9.002000321761857,111.11355998150826,9.002000321761857,1334,2026-01-31 19:39:20,0.7382026603516358,0.23929861580266665,0.4613756150201606
mu_mig_c59_20260126_134942_ws0127_1358_ws0129_1459,56,20,12.153811850655336,119.42289901148494,12.153811850655336,1337,2026-01-31 20:10:14,0.7489527399748812,0.24049133508484088,0.4616723512861123
mu_mig_c59_20260126_134942_ws0127_1358_ws0129_1459,56,21,31.577371452938,143.17394998806938,31.577371452938,1850,2026-01-31 20:13:28,0.7383153629809337,0.3086200933697164,0.5135255181567232
mu_mig_c59_20260126_134942_ws0127_1358_ws0129_1459,56,22,9.55714687582764,115.32132632960813,9.55714687582764,2259,2026-01-31 20:14:46,0.5567570175131215,0.3519875934207694,0.4194047658983354
mu_mig_c59_20260126_134942_ws0127_1358_ws0129_1459,56,23,11.620181421267002,105.41175153942774,11.620181421267002,1013,2026-01-31 20:12:01,0.6892472520524265,0.1911072379020894,0.5045113182778698
mu_mig_c59_20260126_134942_ws0127_1358_ws0129_1459,56,24,30.665191408337606,86.9285097057816,30.665191408337606,2117,2026-01-31 20:16:14,0.40946586859482337,0.3382373903469665,0.37124613756173863
mu_mig_c59_20260126_134942_ws0127_1358_ws0129_1459,57,0,7.976473357665199,111.40432320549138,7.976473357665199,1123,2026-01-31 21:00:45,0.6379362927089421,0.2066625360102208,0.5329740990782603
mu_mig_c59_20260126_134942_ws0127_1358_ws0129_1459,57,1,7.418727162871218,111.22415150625991,7.418727162871218,1425,2026-01-31 21:03:03,0.7004880533843197,0.2504816929466178,0.4330506391333757
mu_mig_c59_20260126_134942_ws0127_1358_ws0129_1459,57,2,10.618982073095928,115.1234754904549,10.618982073095928,2384,2026-01-31 21:09:09,0.520521596930045,0.3500010300238498,0.4130613769928859
mu_mig_c59_20260126_134942_ws0127_1358_ws0129_1459,57,3,7.704978640527588,109.37601317135665,7.704978640527588,1301,2026-01-31 20:57:24,0.7459421556447934,0.23846712229975814,0.4607199826660837
mu_mig_c59_20260126_134942_ws0127_1358_ws0129_1459,57,4,23.454071922192103,92.44463845184612,23.454071922192103,1029,2026-01-31 20:58:44,0.6713480002237879,0.1862612085875891,0.44316875057430555
mu_mig_c59_20260126_134942_ws0127_1358_ws0129_1459,57,5,17.116349751306917,127.7692887752828,17.116349751306917,1723,2026-01-31 21:03:51,0.5957537137852161,0.30006094299932695,0.5282892480535495
mu_mig_c59_20260126_134942_ws0127_1358_ws0129_1459,57,6,28.941468204059394,139.56635132476114,28.941468204059394,1764,2026-01-31 21:02:04,0.7408093271260193,0.30874744509882823,0.5133143278103949
mu_mig_c59_20260126_134942_ws0127_1358_ws0129_1459,57,7,19.078067171386554,129.8568397094305,19.078067171386554,1711,2026-01-31 21:02:12,0.6022428518334987,0.29883924983795546,0.532236810293518
mu_mig_c59_20260126_134942_ws0127_1358_ws0129_1459,57,8,34.855418099858284,82.40161367449413,34.855418099858284,2012,2026-01-31 21:06:21,0.43611224853865055,0.3374722032146496,0.3610350431001004
mu_mig_c59_20260126_134942_ws0127_1358_ws0129_1459,57,9,31.559757863229006,83.58895525392967,31.559757863229006,1008,2026-01-31 20:57:53,0.6308118335999676,0.18506593695404144,0.4391647305945443
mu_mig_c59_20260126_134942_ws0127_1358_ws0129_1459,57,10,5.988989959900846,111.46380116564062,5.988989959900846,1247,2026-01-31 20:59:09,0.748447142583257,0.22927522881659407,0.4576462269942481
mu_mig_c59_20260126_134942_ws0127_1358_ws0129_1459,57,11,24.15807634443693,90.04397514573537,24.15807634443693,1043,2026-01-31 20:57:30,0.6721429130901342,0.18738413172684662,0.44414052972489504
mu_mig_c59_20260126_134942_ws0127_1358_ws0129_1459,57,12,12.54431484516671,116.7987832233096,12.54431484516671,2257,2026-01-31 21:07:30,0.6072578216351309,0.3487529656215326,0.4043920345431935
mu_mig_c59_20260126_134942_ws0127_1358_ws0129_1459,57,13,11.739569237421621,107.18465982131829,11.739569237421621,1385,2026-01-31 21:00:12,0.7064489775406184,0.2564334992815906,0.43114231725471186
mu_mig_c59_20260126_134942_ws0127_1358_ws0129_1459,57,14,31.948146638791986,142.87296856388045,31.948146638791986,2241,2026-01-31 21:07:41,0.6910760819161541,0.35423364279862846,0.4504765421833688
mu_mig_c59_20260126_134942_ws0127_1358_ws0129_1459,57,15,31.7982556879723,143.18627451085456,31.7982556879723,2376,2026-01-31 21:07:23,0.6901114751699714,0.354346829514237,0.45146011498199196
mu_mig_c59_20260126_134942_ws0127_1358_ws0129_1459,57,16,11.185521728476807,114.87077818875922,11.185521728476807,2228,2026-01-31 21:08:37,0.6057005191707038,0.3500517926635018,0.405529379614582
mu_mig_c59_20260126_134942_ws0127_1358_ws0129_1459,57,17,11.599992060169715,109.28690165814474,11.599992060169715,2216,2026-01-31 21:08:23,0.5292291494959898,0.3448168588165337,0.4088069783023147
mu_mig_c59_20260126_134942_ws0127_1358_ws0129_1459,57,18,33.51605337111105,84.26919168744918,33.51605337111105,2150,2026-01-31 21:04:00,0.4400490300437168,0.33472800611201575,0.3571902196210501
mu_mig_c59_20260126_134942_ws0127_1358_ws0129_1459,57,19,6.611455147488715,111.082018664106,6.611455147488715,1271,2026-01-31 21:01:30,0.7375508255609571,0.23874981636042478,0.4614132318952644
mu_mig_c59_20260126_134942_ws0127_1358_ws0129_1459,57,20,10.554077037288828,118.1654162918392,10.554077037288828,1304,2026-01-31 21:33:16,0.7482357584122981,0.23995265548226669,0.46098003134696697
mu_mig_c59_20260126_134942_ws0127_1358_ws0129_1459,57,21,39.61434548673937,150.12073611915156,39.61434548673937,1857,2026-01-31 21:35:54,0.7390392183210117,0.3090309875931428,0.5131539746099976
mu_mig_c59_20260126_134942_ws0127_1358_ws0129_1459,57,22,9.637753783106383,116.56012903585221,9.637753783106383,2348,2026-01-31 21:35:17,0.5513605696655284,0.35253469832007356,0.4214550548477005
mu_mig_c59_20260126_134942_ws0127_1358_ws0129_1459,57,23,7.716414020454741,107.12461429806842,7.716414020454741,1075,2026-01-31 21:34:54,0.672220122790141,0.19856027836519935,0.5196770023383132
mu_mig_c59_20260126_134942_ws0127_1358_ws0129_1459,57,24,30.553691866251462,87.92970419481067,30.553691866251462,2150,2026-01-31 21:38:10,0.40795025853873784,0.3378756364873404,0.3702723987217826
mu_mig_c59_20260126_134942_ws0127_1358_ws0129_1459,58,0,7.84615108280954,107.44283583944554,7.84615108280954,1082,2026-01-31 22:17:45,0.6390247138367128,0.2067698414471391,0.5348743857642435
mu_mig_c59_20260126_134942_ws0127_1358_ws0129_1459,58,1,14.589339019197062,101.12958606878456,14.589339019197062,1301,2026-01-31 22:23:56,0.7020849394280927,0.2519146329656092,0.4321648179389577
mu_mig_c59_20260126_134942_ws0127_1358_ws0129_1459,58,2,19.462432144476793,100.49758880044173,19.462432144476793,2228,2026-01-31 22:29:29,0.5183156287576994,0.35053599937303453,0.4147617746310769
mu_mig_c59_20260126_134942_ws0127_1358_ws0129_1459,58,3,6.25522354427995,112.5835102822874,6.25522354427995,1289,2026-01-31 22:22:23,0.7453327420306122,0.23812295070314118,0.4605756539400325
mu_mig_c59_20260126_134942_ws0127_1358_ws0129_1459,58,4,22.443411695278005,91.9749122238461,22.443411695278005,1002,2026-01-31 22:17:55,0.6711412846801826,0.18644142316911666,0.443086435297924
mu_mig_c59_20260126_134942_ws0127_1358_ws0129_1459,58,5,17.21783956270512,127.62369585283646,17.21783956270512,1759,2026-01-31 22:25:26,0.5939810737214867,0.3008508631140983,0.5273122814786164
mu_mig_c59_20260126_134942_ws0127_1358_ws0129_1459,58,6,29.885775001331567,140.7922095975245,29.885775001331567,1813,2026-01-31 22:27:53,0.7409826535188979,0.3087065429101363,0.5133205593440582
mu_mig_c59_20260126_134942_ws0127_1358_ws0129_1459,58,7,15.002031046255436,123.00300672565528,15.002031046255436,1688,2026-01-31 22:23:04,0.6003504815519688,0.29806411041202735,0.5306081683149169
mu_mig_c59_20260126_134942_ws0127_1358_ws0129_1459,58,8,38.43344466736128,80.37512914594738,38.43344466736128,2153,2026-01-31 22:29:54,0.43659874377844143,0.3371509306552564,0.358979967422685
mu_mig_c59_20260126_134942_ws0127_1358_ws0129_1459,58,9,28.606010670411397,84.98005332784244,28.606010670411397,996,2026-01-31 22:21:01,0.6557980321826463,0.18420393942339627,0.42977821014758544
mu_mig_c59_20260126_134942_ws0127_1358_ws0129_1459,58,10,7.73076979684979,110.57177469845894,7.73076979684979,1205,2026-01-31 22:21:28,0.7419797637174868,0.2237548354646251,0.4606097360012006
mu_mig_c59_20260126_134942_ws0127_1358_ws0129_1459,58,11,19.067728892611342,94.91805057595175,19.067728892611342,977,2026-01-31 22:21:52,0.6723170966031327,0.18684634036162617,0.44391388531873865
mu_mig_c59_20260126_134942_ws0127_1358_ws0129_1459,58,12,11.24131152218854,116.63211134922935,11.24131152218854,2280,2026-01-31 22:25:34,0.6064285906729261,0.3487177966562159,0.40443990487250536
mu_mig_c59_20260126_134942_ws0127_1358_ws0129_1459,58,13,9.629381129690136,112.92145190777032,9.629381129690136,1468,2026-01-31 22:24:29,0.7118414040976603,0.2612682127178464,0.4333420117059473
mu_mig_c59_20260126_134942_ws0127_1358_ws0129_1459,58,14,27.6786119005261,138.8836556698874,27.6786119005261,2266,2026-01-31 22:26:48,0.6897070002335363,0.3538117706449498,0.45058066485290016
mu_mig_c59_20260126_134942_ws0127_1358_ws0129_1459,58,15,37.07478001817392,148.6927059013453,37.07478001817392,2427,2026-01-31 22:31:31,0.6899176134355856,0.35417794331717706,0.45148011642542696
mu_mig_c59_20260126_134942_ws0127_1358_ws0129_1459,58,16,9.022525376276931,112.48389603788144,9.022525376276931,2200,2026-01-31 22:30:30,0.6061008364588266,0.3498047625250349,0.4053775135556845
mu_mig_c59_20260126_134942_ws0127_1358_ws0129_1459,58,17,13.179115401481676,107.17361927584082,13.179115401481676,2131,2026-01-31 22:28:55,0.524480718659272,0.34826461779736567,0.4115857049545738
mu_mig_c59_20260126_134942_ws0127_1358_ws0129_1459,58,18,33.90416061373939,83.88837422388404,33.90416061373939,2074,2026-01-31 22:30:26,0.44111215491265343,0.33523746044276603,0.3564952107248654
mu_mig_c59_20260126_134942_ws0127_1358_ws0129_1459,58,19,8.833723047562092,107.66306729616467,8.833723047562092,1225,2026-01-31 22:20:48,0.737029357728414,0.23831077680663126,0.4614433253953475
mu_mig_c59_20260126_134942_ws0127_1358_ws0129_1459,58,20,6.75600811519597,112.2564661129133,6.75600811519597,1303,2026-01-31 22:51:34,0.7467510510699759,0.23923488248886382,0.46034263972867573
mu_mig_c59_20260126_134942_ws0127_1358_ws0129_1459,58,21,36.252954234795276,147.0646915727671,36.252954234795276,1824,2026-01-31 22:55:08,0.740146690268313,0.3092840514676113,0.5129063360428348
mu_mig_c59_20260126_134942_ws0127_1358_ws0129_1459,58,22,10.741768555734113,116.87038243718762,10.741768555734113,2254,2026-01-31 22:59:47,0.5470434113874539,0.3529723822395169,0.4230952860071926
mu_mig_c59_20260126_134942_ws0127_1358_ws0129_1459,58,23,8.226067525691008,107.62172331306041,8.226067525691008,1093,2026-01-31 22:57:33,0.6585984193803126,0.2045227107356873,0.5318095495866678
mu_mig_c59_20260126_134942_ws0127_1358_ws0129_1459,58,24,35.803855971563735,82.03793277634418,35.803855971563735,2154,2026-01-31 23:00:38,0.40673777049386944,0.33758623339963956,0.36949340764981775
mu_mig_c59_ws0208_2205,0,0,16.46784791885112,102.13603463059434,102.13603463059434,1762,2026-01-26 14:49:39,0.5598095384149514,0.30823905023419196,0.45359649554299974
mu_mig_c59_ws0208_2205,0,1,64.55930979397971,51.771060617684626,51.771060617684626,1189,2026-01-26 14:44:40,0.4233983317693192,0.21965401483346902,0.323800368469195
mu_mig_c59_ws0208_2205,0,2,18.740875364394064,96.0664739395681,96.0664739395681,1161,2026-01-26 14:45:56,0.5850699825533195,0.21880577722806788,0.4986730637301761
mu_mig_c59_ws0208_2205,0,3,65.75788324658993,52.64128051586667,52.64128051586667,1402,2026-01-26 14:48:00,0.35086059858554836,0.24510422861094877,0.37876700130459395
mu_mig_c59_ws0208_2205,0,4,22.841419349217016,93.04644144285153,93.04644144285153,1374,2026-01-26 14:48:59,0.6308062311507625,0.2496490822362231,0.3980034581831912
mu_mig_c59_ws0208_2205,0,5,40.27501495853876,76.38848593029034,76.38848593029034,1313,2026-01-26 14:48:22,0.5391642293439275,0.23062051639835654,0.38387428349545305
mu_mig_c59_ws0208_2205,0,6,25.646234109558893,90.88922768133902,90.88922768133902,1873,2026-01-26 14:50:40,0.5934434056583892,0.31721919219937694,0.3398893558181618
mu_mig_c59_ws0208_2205,0,7,28.57122109561258,87.63741089975217,87.63741089975217,1678,2026-01-26 14:51:21,0.48526987572915264,0.2936287519568009,0.4210979678077426
mu_mig_c59_ws0208_2205,0,8,56.90734693519831,59.04985846830288,59.04985846830288,1256,2026-01-26 14:45:58,0.2978498119042331,0.23853905780934154,0.47458932798515485
mu_mig_c59_ws0208_2205,0,9,39.804407283363865,76.4910005639311,76.4910005639311,1708,2026-01-26 14:50:03,0.4998121529348754,0.2868451762727462,0.35338849146431695
mu_mig_c59_ws0208_2205,0,10,57.50495369489271,58.74918566463701,58.74918566463701,993,2026-01-26 14:42:28,0.4783410565711702,0.18566883933325368,0.387340169432831
mu_mig_c59_ws0208_2205,0,11,49.76036123588735,66.27776796435812,66.27776796435812,1337,2026-01-26 14:48:32,0.4307641749122328,0.24421668926693857,0.37192689756789943
mu_mig_c59_ws0208_2205,0,12,61.423870904164374,56.029515676678734,56.029515676678734,1079,2026-01-26 14:46:55,0.4724939081901714,0.19990790537278763,0.3622295222756236
mu_mig_c59_ws0208_2205,0,13,71.07005711874953,45.415218866296925,45.415218866296925,1010,2026-01-26 14:45:40,0.476404359451228,0.18989032889549806,0.3552305844804664
mu_mig_c59_ws0208_2205,0,14,13.747751144988863,121.2248672615407,121.2248672615407,2722,2026-01-26 14:53:18,0.46072724637462353,0.38612091274925897,0.46287694907237664
mu_mig_c59_ws0208_2205,0,15,12.69572854904086,105.46853757917742,105.46853757917742,2013,2026-01-26 14:51:57,0.6145863463207734,0.32427173450944813,0.37001873343210157
mu_mig_c59_ws0208_2205,0,16,55.99656170329064,61.232200149648456,61.232200149648456,1759,2026-01-26 14:51:13,0.35462986950969133,0.30218197879075837,0.3532686404459472
mu_mig_c59_ws0208_2205,0,17,50.533392549457645,65.66669891657746,65.66669891657746,1226,2026-01-26 14:48:02,0.5000895116099543,0.2283284954628707,0.4093536485309345
mu_mig_c59_ws0208_2205,0,18,59.3959583656024,56.94379304485247,56.94379304485247,1166,2026-01-26 14:46:27,0.45711624836019166,0.21285881515429123,0.34532936625611266
mu_mig_c59_ws0208_2205,0,19,102.38872999294752,22.346548531847542,22.346548531847542,1056,2026-01-26 14:44:27,0.3183292975084611,0.19497700818698238,0.2512373524431304
mu_mig_c59_ws0208_2205,0,20,46.51460397092061,70.12540936320039,70.12540936320039,1222,2026-01-26 15:34:48,0.6633567733564072,0.22520346769557334,0.32205833615129636
mu_mig_c59_ws0208_2205,0,21,48.68003612317984,67.37531968246704,67.37531968246704,1072,2026-01-26 15:34:15,0.5892730345612509,0.18626734008837592,0.3473417675796023
mu_mig_c59_ws0208_2205,0,22,52.391433973370994,63.9624246494781,63.9624246494781,1097,2026-01-26 15:36:06,0.48425099121906945,0.2055142774029935,0.3670406983456666
mu_mig_c59_ws0208_2205,0,23,76.80487770305919,39.327092506302186,39.327092506302186,869,2026-01-26 15:37:34,0.35445834040059654,0.1505009052941019,0.34934542854210016
mu_mig_c59_ws0208_2205,0,24,70.79628603926294,47.76572545559579,47.76572545559579,1323,2026-01-26 15:39:19,0.4183973913631943,0.23604477776722257,0.32837154290007403
mu_mig_c59_ws0208_2205,1,0,15.796218232729128,106.039676847503,106.039676847503,2248,2026-01-26 16:30:53,0.5730626263340615,0.34880559079177287,0.3858831503855119
mu_mig_c59_ws0208_2205,1,1,68.85502045177664,50.56495438742763,50.56495438742763,1501,2026-01-26 16:25:48,0.3836900928692054,0.2607057985600598,0.3270452476634232
mu_mig_c59_ws0208_2205,1,2,63.108909108705085,54.598639825183504,54.598639825183504,1025,2026-01-26 16:20:54,0.42640375739656755,0.20153168548813122,0.4214353942217736
mu_mig_c59_ws0208_2205,1,3,73.65618440324201,45.118175086875176,45.118175086875176,1211,2026-01-26 16:22:38,0.3200341959773524,0.2219068753291582,0.3903405971306805
mu_mig_c59_ws0208_2205,1,4,58.12938776590853,57.69226600138947,57.69226600138947,1115,2026-01-26 16:22:23,0.508324291677823,0.20797564426817122,0.35266380470626657
mu_mig_c59_ws0208_2205,1,5,44.25926634472378,71.35627994963359,71.35627994963359,1240,2026-01-26 16:22:35,0.47312245598291913,0.21716440904588027,0.44638224987411657
mu_mig_c59_ws0208_2205,1,6,17.546916252318027,102.77982442028178,102.77982442028178,2411,2026-01-26 16:29:15,0.6557215885454858,0.36555315272599326,0.2957106094813924
mu_mig_c59_ws0208_2205,1,7,13.775411721289856,121.66850923664418,121.66850923664418,2999,2026-01-26 16:35:48,0.415008830130731,0.41377026861600785,0.46245801494440253
mu_mig_c59_ws0208_2205,1,8,71.71167196832963,44.92773002374005,44.92773002374005,1195,2026-01-26 16:22:42,0.2700891498203076,0.22842416033155385,0.4310276957189731
mu_mig_c59_ws0208_2205,1,9,50.62063692887844,67.40595262299728,67.40595262299728,1742,2026-01-26 16:27:15,0.42728488572560125,0.29162885104537956,0.30491656312890275
mu_mig_c59_ws0208_2205,1,10,43.71073068338089,74.17845476422592,74.17845476422592,1591,2026-01-26 16:26:41,0.3956378193958975,0.2888785647507838,0.37470157696851397
mu_mig_c59_ws0208_2205,1,11,85.0511508891986,35.57084619260764,35.57084619260764,1176,2026-01-26 16:22:59,0.24676452813934363,0.22005491212941214,0.3767125125967984
mu_mig_c59_ws0208_2205,1,12,42.00519802002629,74.98611067011647,74.98611067011647,1505,2026-01-26 16:26:00,0.5430654292688881,0.26054196721125644,0.3372159884905823
mu_mig_c59_ws0208_2205,1,13,81.82845345712798,37.914517068810554,37.914517068810554,988,2026-01-26 16:23:07,0.6002529566053986,0.1836970789941812,0.2606401641795965
mu_mig_c59_ws0208_2205,1,14,49.46750000586465,161.12310775276197,161.12310775276197,2753,2026-01-26 16:33:38,0.6968610835259709,0.391855282478906,0.45764745867974266
mu_mig_c59_ws0208_2205,1,15,20.768346129491956,131.7390394690983,131.7390394690983,1781,2026-01-26 16:26:58,0.6910917920314218,0.3055793734572819,0.45088475075519613
mu_mig_c59_ws0208_2205,1,16,46.579420814947454,72.79537947386405,72.79537947386405,1826,2026-01-26 16:27:56,0.34825985097694023,0.30485381419365876,0.4396226399569092
mu_mig_c59_ws0208_2205,1,17,41.75562804236326,73.65758882625605,73.65758882625605,1210,2026-01-26 16:22:35,0.4924630833166662,0.22878993781964013,0.4110028551301117
mu_mig_c59_ws0208_2205,1,18,71.43942289325743,45.96118743803756,45.96118743803756,1170,2026-01-26 16:22:14,0.4584485392697791,0.21539460656228016,0.3140876322985424
mu_mig_c59_ws0208_2205,1,19,69.06178260976684,50.659237741171346,50.659237741171346,1856,2026-01-26 16:28:41,0.35493396049864767,0.3095071186370948,0.28112275261249253
mu_mig_c59_ws0208_2205,1,20,36.588108083578724,79.64639208121137,79.64639208121137,1448,2026-01-26 16:56:12,0.7413376531144475,0.27189127977789834,0.2996796494168785
mu_mig_c59_ws0208_2205,1,21,68.99755846363396,47.29076306432066,47.29076306432066,983,2026-01-26 16:55:26,0.40448116937463674,0.17786247609126427,0.37961098248498215
mu_mig_c59_ws0208_2205,1,22,39.80884070049195,76.41188166743336,76.41188166743336,1053,2026-01-26 16:55:47,0.6643069849683453,0.195286296771174,0.3758661755500298
mu_mig_c59_ws0208_2205,1,23,75.29590893324001,40.7405093066549,40.7405093066549,804,2026-01-26 16:54:45,0.44988786958424054,0.14204131362255232,0.3425092518513748
mu_mig_c59_ws0208_2205,1,24,72.35298366520243,47.923079027318764,47.923079027318764,1284,2026-01-26 17:00:05,0.4455672927226252,0.24570580890039526,0.30882879279027275
mu_mig_c59_ws0208_2205,2,0,18.185385636175557,105.10693423953825,105.10693423953825,2504,2026-01-26 17:51:19,0.5823397878774385,0.3772021691820795,0.33848380877527046
mu_mig_c59_ws0208_2205,2,1,57.8693704681072,59.4632074163371,59.4632074163371,1643,2026-01-26 17:47:11,0.3848497911310265,0.28624297069851884,0.31854164827887
mu_mig_c59_ws0208_2205,2,2,84.77994817472425,34.87859713799916,34.87859713799916,1033,2026-01-26 17:40:17,0.31533739978684117,0.18943982127017556,0.3673690255658919
mu_mig_c59_ws0208_2205,2,3,92.11434318435843,30.405658290879956,30.405658290879956,1066,2026-01-26 17:43:22,0.26858404051221807,0.20449354098670905,0.39296293590842357
mu_mig_c59_ws0208_2205,2,4,92.61931384729239,29.58430206437669,29.58430206437669,991,2026-01-26 17:43:49,0.39308306259659165,0.18151186820173537,0.3002647388618358
mu_mig_c59_ws0208_2205,2,5,38.996285462473374,75.84579476261173,75.84579476261173,1026,2026-01-26 17:39:10,0.41605265414827275,0.19607742539330292,0.4863867143183698
mu_mig_c59_ws0208_2205,2,6,15.392927206172777,111.46384782361591,111.46384782361591,2990,2026-01-26 17:55:35,0.6993163165664534,0.3993869250946247,0.2647854870456538
mu_mig_c59_ws0208_2205,2,7,22.864426238868706,130.94289510734032,130.94289510734032,4079,2026-01-26 17:59:34,0.3220508475153194,0.4689506131519138,0.4786460141446047
mu_mig_c59_ws0208_2205,2,8,83.03431214801158,37.18367366512906,37.18367366512906,1240,2026-01-26 17:42:59,0.2506566863615597,0.22134373209710248,0.40053455313264585
mu_mig_c59_ws0208_2205,2,9,61.25006192877028,56.653028663382294,56.653028663382294,1727,2026-01-26 17:48:55,0.36649258390403977,0.2891930429712687,0.2747036166469782
mu_mig_c59_ws0208_2205,2,10,42.9601810960306,75.38164350081372,75.38164350081372,2388,2026-01-26 17:52:02,0.33501095346878806,0.354328024309788,0.34638872103348917
mu_mig_c59_ws0208_2205,2,11,120.76178578043903,20.806450425638268,20.806450425638268,1087,2026-01-26 17:44:50,0.11796477539832123,0.20314166813314363,0.3800624431170277
mu_mig_c59_ws0208_2205,2,12,36.30221191420123,79.35222497321703,79.35222497321703,1537,2026-01-26 17:43:59,0.5842768506331042,0.275523243070143,0.3277010325557487
mu_mig_c59_ws0208_2205,2,13,27.01311089476854,134.70773461589292,134.70773461589292,974,2026-01-26 17:39:17,0.686946974613318,0.17936180406325938,0.6944268699689876
mu_mig_c59_ws0208_2205,2,14,46.94541602473585,158.00889215256134,158.00889215256134,2222,2026-01-26 17:50:43,0.859743018310486,0.33159779236836306,0.45393220546590984
mu_mig_c59_ws0208_2205,2,15,27.085162090210137,138.4116176640021,138.4116176640021,1768,2026-01-26 17:48:22,0.7446456040288757,0.29249472072076554,0.5074909628813623
mu_mig_c59_ws0208_2205,2,16,28.39958805399486,86.41524614338918,86.41524614338918,1839,2026-01-26 17:47:46,0.34380083800401445,0.30672409897568903,0.5000704396145825
mu_mig_c59_ws0208_2205,2,17,45.03089735404524,70.61796604956048,70.61796604956048,1219,2026-01-26 17:44:49,0.48653215434640434,0.22745674661375612,0.42870213736983637
mu_mig_c59_ws0208_2205,2,18,67.47890335231494,49.051465850854875,49.051465850854875,1144,2026-01-26 17:42:57,0.4593811429064903,0.2171696605478724,0.29221841852824326
mu_mig_c59_ws0208_2205,2,19,45.77842855366279,75.15248385670994,75.15248385670994,2659,2026-01-26 17:52:13,0.38055722459177826,0.3896781959521735,0.3020425327310461
mu_mig_c59_ws0208_2205,2,20,24.7510506226855,93.22106398237973,93.22106398237973,1792,2026-01-26 18:15:58,0.7959242689450758,0.3045727482355258,0.28401456870278596
mu_mig_c59_ws0208_2205,2,21,102.054077335322,24.626970039311452,24.626970039311452,944,2026-01-26 18:13:51,0.27512686374400686,0.1719790712932861,0.40219943291874805
mu_mig_c59_ws0208_2205,2,22,30.290788588232367,83.84403516023164,83.84403516023164,1063,2026-01-26 18:16:34,0.7566893964886734,0.19533022285213858,0.3684225549423922
mu_mig_c59_ws0208_2205,2,23,71.77769699811249,45.012410411845096,45.012410411845096,782,2026-01-26 18:17:06,0.5166885400127914,0.13611959945246763,0.3377239281678671
mu_mig_c59_ws0208_2205,2,24,74.73295062731354,44.22089764888555,44.22089764888555,1305,2026-01-26 18:18:43,0.47003703098429134,0.2371071669451869,0.29563593519760273
mu_mig_c59_ws0208_2205,3,0,18.16030822637026,106.39014473295792,106.39014473295792,2829,2026-01-26 19:10:49,0.5888338009578024,0.3970797740552941,0.3053042696481014
mu_mig_c59_ws0208_2205,3,1,65.04867876022617,55.64619750837979,55.64619750837979,1839,2026-01-26 19:08:16,0.3822083682258218,0.3060198739602028,0.27941144723487077
mu_mig_c59_ws0208_2205,3,2,110.37982194541516,24.82191325844133,24.82191325844133,1067,2026-01-26 19:02:24,0.22065775917257113,0.19253533247861707,0.34570812438152293
mu_mig_c59_ws0208_2205,3,3,91.13504215518063,28.77615206673876,28.77615206673876,1024,2026-01-26 19:00:53,0.23256893168662407,0.19230420694699463,0.39479857305284377
mu_mig_c59_ws0208_2205,3,4,113.84239651068499,21.20735318732038,21.20735318732038,898,2026-01-26 19:00:49,0.3124142022397297,0.16298722495523027,0.26358539277073423
mu_mig_c59_ws0208_2205,3,5,44.099431925104284,69.89012439257968,69.89012439257968,1029,2026-01-26 19:00:12,0.39779728171956996,0.20259328638638807,0.5074644257734928
mu_mig_c59_ws0208_2205,3,6,15.564919499507782,119.48868329411717,119.48868329411717,3242,2026-01-26 19:17:00,0.672971435242076,0.41686560563174924,0.26892128810033866
mu_mig_c59_ws0208_2205,3,7,29.932752619893048,88.64930224093594,88.64930224093594,2758,2026-01-26 19:15:16,0.2663235955478227,0.39065900089364713,0.4998341092330887
mu_mig_c59_ws0208_2205,3,8,98.62232782380892,25.700152391890885,25.700152391890885,1069,2026-01-26 19:03:32,0.24706049118845708,0.20631837976203787,0.37827023946821703
mu_mig_c59_ws0208_2205,3,9,79.61890038220724,41.60511316390804,41.60511316390804,1672,2026-01-26 19:05:04,0.32393797262894675,0.2874879773193911,0.253554554109631
mu_mig_c59_ws0208_2205,3,10,40.02172602757846,82.00028670935811,82.00028670935811,3033,2026-01-26 19:15:31,0.3250459316784198,0.40471571216132113,0.3012911859059615
mu_mig_c59_ws0208_2205,3,11,152.18683312977552,43.380127685422686,43.380127685422686,1060,2026-01-26 19:02:09,0.02780494847960556,0.1913023973357557,0.3824073944811882
mu_mig_c59_ws0208_2205,3,12,50.24007634472912,67.68157216638919,67.68157216638919,1537,2026-01-26 19:05:41,0.5833561521402009,0.27447986983432593,0.29787336035691325
mu_mig_c59_ws0208_2205,3,13,28.806547190297035,137.19300607437313,137.19300607437313,922,2026-01-26 18:58:52,0.7476327872188615,0.17632711161161413,0.6480775640215614
mu_mig_c59_ws0208_2205,3,14,39.11954021200556,150.01760233519127,150.01760233519127,1606,2026-01-26 19:06:06,0.9375522350639242,0.27324587808030637,0.4719289587858023
mu_mig_c59_ws0208_2205,3,15,37.60242965369964,148.01382031971121,148.01382031971121,1611,2026-01-26 19:04:58,0.7821332724270934,0.2833354638052041,0.5471153113696786
mu_mig_c59_ws0208_2205,3,16,32.433955385130986,82.91346200961343,82.91346200961343,1283,2026-01-26 19:02:44,0.3758974722582586,0.23192255551904106,0.5338379775352855
mu_mig_c59_ws0208_2205,3,17,33.31368569364799,81.97878149711235,81.97878149711235,1233,2026-01-26 19:01:07,0.48238050406722105,0.2265235127696373,0.44109163493764364
mu_mig_c59_ws0208_2205,3,18,73.48212295501841,46.00748920088796,46.00748920088796,1266,2026-01-26 19:02:45,0.46500258124060934,0.22859223458292707,0.278639098270124
mu_mig_c59_ws0208_2205,3,19,22.796077531762265,100.61328884791233,100.61328884791233,3580,2026-01-26 19:15:10,0.39849350945696965,0.4457979500727286,0.31668637881403355
mu_mig_c59_ws0208_2205,3,20,18.724472791641368,99.74725367382025,99.74725367382025,2062,2026-01-26 19:37:28,0.8341349000265157,0.32744977615586507,0.2730490122029212
mu_mig_c59_ws0208_2205,3,21,98.5961808554629,23.954018632040032,23.954018632040032,900,2026-01-26 19:37:29,0.18457884980256595,0.16786068793470138,0.41801134822238417
mu_mig_c59_ws0208_2205,3,22,16.138829330131156,99.38034975985582,99.38034975985582,1399,2026-01-26 19:37:13,0.7900431222603487,0.25376847242535516,0.3508256642216605
mu_mig_c59_ws0208_2205,3,23,77.06734343254013,40.3211476826592,40.3211476826592,901,2026-01-26 19:38:46,0.5264619808451576,0.16543464867889565,0.30873186288288035
mu_mig_c59_ws0208_2205,3,24,73.92420131738398,45.17987683796295,45.17987683796295,1219,2026-01-26 19:36:02,0.48716584776745764,0.23108811757654107,0.28640093488273377
mu_mig_c59_ws0208_2205,4,0,23.570210998399915,99.92158655867583,99.92158655867583,2976,2026-01-26 20:32:56,0.5933796101140572,0.41099409746654436,0.2820785922590831
mu_mig_c59_ws0208_2205,4,1,23.189602273827337,133.16520951603982,133.16520951603982,1829,2026-01-26 20:24:29,0.3705705689662131,0.31136389835688116,0.7374432123888577
mu_mig_c59_ws0208_2205,4,2,121.1492372095176,21.18903671314138,21.18903671314138,1065,2026-01-26 20:22:08,0.15438201074258212,0.19470219032452613,0.33054549355246465
mu_mig_c59_ws0208_2205,4,3,108.79197179489763,23.973174528721145,23.973174528721145,1023,2026-01-26 20:20:49,0.2121550148408906,0.19278544339599096,0.3853283976173075
mu_mig_c59_ws0208_2205,4,4,37.06859658459035,76.03586004234899,76.03586004234899,795,2026-01-26 20:18:42,0.2559459999899264,0.1500199746826767,0.7379098505069632
mu_mig_c59_ws0208_2205,4,5,30.12962175080618,83.43039808620844,83.43039808620844,1156,2026-01-26 20:19:54,0.385018521019478,0.20715438908154768,0.5222188237920791
mu_mig_c59_ws0208_2205,4,6,16.301758089298776,117.14991919440641,117.14991919440641,3341,2026-01-26 20:37:41,0.6010015947250628,0.42412000522553706,0.2973712472820827
mu_mig_c59_ws0208_2205,4,7,47.399942893115444,70.10203681178857,70.10203681178857,1656,2026-01-26 20:25:05,0.29631784812431844,0.2819041005309788,0.5243639434367477
mu_mig_c59_ws0208_2205,4,8,101.19726950481697,26.416944940584983,26.416944940584983,1089,2026-01-26 20:23:37,0.24454315456728526,0.19580063312749266,0.3626852199031168
mu_mig_c59_ws0208_2205,4,9,5.489988582529524,111.82471119677739,111.82471119677739,1622,2026-01-26 20:26:39,0.2941497447363816,0.28629443136307675,0.738750210333488
mu_mig_c59_ws0208_2205,4,10,35.13572969057443,86.53291744421657,86.53291744421657,3570,2026-01-26 20:35:28,0.318070416425162,0.4399870936573943,0.2697229113166921
mu_mig_c59_ws0208_2205,4,11,13.667194565530036,100.84695640283933,100.84695640283933,904,2026-01-26 20:20:28,0.9971421218923499,0.17094361407631078,0.3887490161949948
mu_mig_c59_ws0208_2205,4,12,50.66329356617845,66.3311568496219,66.3311568496219,1378,2026-01-26 20:24:54,0.5787547597345197,0.2616403001159048,0.27675384743759945
mu_mig_c59_ws0208_2205,4,13,21.64701328675661,130.1872444460748,130.1872444460748,940,2026-01-26 20:20:25,0.790112856042742,0.17420282689546246,0.615633049858363
mu_mig_c59_ws0208_2205,4,14,40.64213984853513,150.90201089960496,150.90201089960496,1384,2026-01-26 20:21:22,0.9436330314771455,0.24001409695744447,0.5324905921833127
mu_mig_c59_ws0208_2205,4,15,51.54372181649834,161.34579087290103,161.34579087290103,1616,2026-01-26 20:24:40,0.8083746403058458,0.27692398396431106,0.5748523553115
mu_mig_c59_ws0208_2205,4,16,38.79488163926637,75.58753503270496,75.58753503270496,916,2026-01-26 20:20:27,0.41053288496901497,0.17352048254174063,0.5554832781126374
mu_mig_c59_ws0208_2205,4,17,34.76317162013481,80.81660721055975,80.81660721055975,1182,2026-01-26 20:21:00,0.44543415850211165,0.22578166454614249,0.4563200847400736
mu_mig_c59_ws0208_2205,4,18,70.84614697514796,46.950368500175465,46.950368500175465,1296,2026-01-26 20:20:38,0.469176614669781,0.23755727998856752,0.2713514579982517
mu_mig_c59_ws0208_2205,4,19,16.204588107247755,111.44871703280259,111.44871703280259,3947,2026-01-26 20:35:22,0.3819001596550104,0.46167784531188194,0.32460538985503484
mu_mig_c59_ws0208_2205,4,20,10.32917165506369,117.41613191196714,117.41613191196714,2122,2026-01-26 20:59:38,0.8506963208349452,0.333956698896799,0.30274861101901035
mu_mig_c59_ws0208_2205,4,21,116.40759525964215,20.03775184313811,20.03775184313811,893,2026-01-26 20:51:26,0.12119524004355732,0.1649778195836921,0.4290796889349294
mu_mig_c59_ws0208_2205,4,22,10.664153756198004,109.9015818450622,109.9015818450622,1730,2026-01-26 20:59:19,0.8133907303005213,0.29467524712660675,0.3385078407171484
mu_mig_c59_ws0208_2205,4,23,78.91147103355468,40.8788589654032,40.8788589654032,1025,2026-01-26 20:54:05,0.533303389427814,0.18595518313739526,0.2884374171833896
mu_mig_c59_ws0208_2205,4,24,69.73678628563032,47.9035110738204,47.9035110738204,1242,2026-01-26 20:57:15,0.49915601951567407,0.22687478301848898,0.2799364346623255
mu_mig_c59_ws0208_2205,5,0,15.537676427127623,111.51980156514453,111.51980156514453,3211,2026-01-26 21:54:39,0.5965616765234355,0.42073412385441955,0.26582061808677027
mu_mig_c59_ws0208_2205,5,1,8.02551103338407,114.15161244120495,114.15161244120495,1881,2026-01-26 21:47:18,0.30866694624888924,0.3070778651206967,0.70812914379212
mu_mig_c59_ws0208_2205,5,2,131.3426206879263,28.666052833382935,28.666052833382935,1096,2026-01-26 21:42:44,0.1079889868415898,0.19621899081666247,0.31993165197212386
mu_mig_c59_ws0208_2205,5,3,102.3917455362513,20.119631608108648,20.119631608108648,977,2026-01-26 21:43:10,0.1978652730488772,0.1931223089102884,0.3786992748124322
mu_mig_c59_ws0208_2205,5,4,54.14762110820214,60.579914982050155,60.579914982050155,825,2026-01-26 21:38:31,0.21641825841506407,0.1409428994918892,0.7199369709223234
mu_mig_c59_ws0208_2205,5,5,38.92949163599934,75.76481631706062,75.76481631706062,1052,2026-01-26 21:42:40,0.37955469245445345,0.19810509175319402,0.5433438651148319
mu_mig_c59_ws0208_2205,5,6,15.358881085685711,119.72578989714313,119.72578989714313,3435,2026-01-26 21:58:22,0.5505379841744065,0.42380905753287546,0.31080309930461625
mu_mig_c59_ws0208_2205,5,7,56.92811005358749,59.77835275865506,59.77835275865506,1120,2026-01-26 21:41:10,0.3173138249278654,0.20577567027711097,0.5415348273793091
mu_mig_c59_ws0208_2205,5,8,104.19253561265046,23.340383476340943,23.340383476340943,1008,2026-01-26 21:42:51,0.22581041725450418,0.18758811931535105,0.35955078570637694
mu_mig_c59_ws0208_2205,5,9,17.065874930686764,96.88415549000622,96.88415549000622,1591,2026-01-26 21:45:26,0.27329798521158605,0.2854589491936567,0.7283871696901879
mu_mig_c59_ws0208_2205,5,10,67.06396568326025,178.6327330931614,178.6327330931614,4267,2026-01-26 22:00:30,0.31318755574788154,0.46467706070464554,0.7476251191042036
mu_mig_c59_ws0208_2205,5,11,19.068422606608664,96.18831209683275,96.18831209683275,902,2026-01-26 21:40:18,0.9756781432812709,0.15669246579469936,0.39318815139465946
mu_mig_c59_ws0208_2205,5,12,73.66951133341827,44.550064161228235,44.550064161228235,1331,2026-01-26 21:44:34,0.5190356618407284,0.23893490722163577,0.2641986598718232
mu_mig_c59_ws0208_2205,5,13,16.621447959902863,124.91774454843815,124.91774454843815,940,2026-01-26 21:42:00,0.8198489042194583,0.17271582759415627,0.5929218899441242
mu_mig_c59_ws0208_2205,5,14,49.215291704960435,158.6360161823045,158.6360161823045,1238,2026-01-26 21:40:00,0.9478895889664005,0.21675185017144113,0.5748837355615699
mu_mig_c59_ws0208_2205,5,15,49.78192607293479,159.48223023619877,159.48223023619877,1361,2026-01-26 21:45:28,0.9186421161843613,0.25873835081908336,0.5605090878106825
mu_mig_c59_ws0208_2205,5,16,31.76969526650442,81.36449488533472,81.36449488533472,769,2026-01-26 21:40:05,0.4347776738665444,0.1326390314576303,0.5706349885167838
mu_mig_c59_ws0208_2205,5,17,48.85094248779839,69.15655296821069,69.15655296821069,1260,2026-01-26 21:42:32,0.4195717166065351,0.2252623707896961,0.4669799996017745
mu_mig_c59_ws0208_2205,5,18,73.49075642947965,44.51427976504906,44.51427976504906,1296,2026-01-26 21:44:48,0.47209843807020113,0.2438328117725158,0.2662501098079411
mu_mig_c59_ws0208_2205,5,19,28.046278956148875,96.93628495100697,96.93628495100697,3726,2026-01-26 21:57:59,0.35514670598221787,0.4558647139533606,0.3092917654192378
mu_mig_c59_ws0208_2205,5,20,14.228490830589912,124.68947438202024,124.68947438202024,2059,2026-01-26 22:18:03,0.8611702119694922,0.3277074861520143,0.34874852837435355
mu_mig_c59_ws0208_2205,5,21,156.45969604299665,46.8716353219524,46.8716353219524,868,2026-01-26 22:14:00,0.07682671321225129,0.16295981173798557,0.43682752743371117
mu_mig_c59_ws0208_2205,5,22,13.879453776744604,113.53147025678763,113.53147025678763,1989,2026-01-26 22:20:02,0.8297340559286422,0.32330998941748285,0.3298853642639899
mu_mig_c59_ws0208_2205,5,23,71.80787659076408,46.65087152209205,46.65087152209205,1046,2026-01-26 22:16:52,0.5380923754356735,0.200319557258345,0.2742313051937461
mu_mig_c59_ws0208_2205,5,24,82.49083547128448,39.7848439922983,39.7848439922983,1270,2026-01-26 22:18:10,0.48411596265651763,0.22965565677734898,0.26884210216195426
mu_mig_c59_ws0208_2205,6,0,18.23824858922125,107.1698105002711,107.1698105002711,3146,2026-01-26 23:14:04,0.5987891230100003,0.4275521423259322,0.2544400361661513
mu_mig_c59_ws0208_2205,6,1,21.423481421476808,93.1277449646317,93.1277449646317,1762,2026-01-26 23:07:45,0.2647491289895562,0.2982562002912172,0.6980658644727554
mu_mig_c59_ws0208_2205,6,2,133.33165230322777,28.959370155812994,28.959370155812994,1089,2026-01-26 23:02:56,0.08985949024335216,0.19659165068101817,0.33305427177746905
mu_mig_c59_ws0208_2205,6,3,117.85727843976352,21.10111121059914,21.10111121059914,1034,2026-01-26 23:06:24,0.18786245379446778,0.1933581147702966,0.37405888884901944
mu_mig_c59_ws0208_2205,6,4,49.430440903541566,63.7038825521304,63.7038825521304,765,2026-01-26 22:59:30,0.18874883931266043,0.13458894685833797,0.7073559552130757
mu_mig_c59_ws0208_2205,6,5,35.648617246864866,77.48455978663607,77.48455978663607,1071,2026-01-26 23:02:20,0.34092289517666147,0.19397375838192563,0.5568052763339868
mu_mig_c59_ws0208_2205,6,6,18.96446493692454,104.906985802407,104.906985802407,3214,2026-01-26 23:17:01,0.5454920896126305,0.42250900411584386,0.28846858813709286
mu_mig_c59_ws0208_2205,6,7,54.23007850072022,60.1503244666536,60.1503244666536,866,2026-01-26 23:00:27,0.33201100869034833,0.15248576909940348,0.5535544461391021
mu_mig_c59_ws0208_2205,6,8,108.5236760248196,20.86945258841989,20.86945258841989,1014,2026-01-26 23:03:07,0.19851496300278526,0.1841361444516233,0.3695013346362131
mu_mig_c59_ws0208_2205,6,9,15.981444968536644,98.04119627192718,98.04119627192718,1646,2026-01-26 23:08:13,0.25870175354422914,0.2848741116750627,0.7211330412398778
mu_mig_c59_ws0208_2205,6,10,39.686013121329154,151.55383009905304,151.55383009905304,3264,2026-01-26 23:17:16,0.3072513020151853,0.4287562220840489,0.7186251211917856
mu_mig_c59_ws0208_2205,6,11,21.033453947820558,93.22957046175506,93.22957046175506,808,2026-01-26 23:01:12,0.9606533582535156,0.14671666199757136,0.39629554603442474
mu_mig_c59_ws0208_2205,6,12,90.2058046776749,32.15782017480793,32.15782017480793,1136,2026-01-26 23:02:30,0.4556526497454667,0.2193969046020745,0.2587321630865157
mu_mig_c59_ws0208_2205,6,13,23.932300311286024,132.82585569351676,132.82585569351676,919,2026-01-26 23:01:33,0.8406641379431598,0.17167492808324195,0.5770240780041569
mu_mig_c59_ws0208_2205,6,14,46.567031054588654,155.18057876414753,155.18057876414753,1071,2026-01-26 23:03:58,0.950869179208879,0.2004682774212388,0.6045589359263499
mu_mig_c59_ws0208_2205,6,15,149.09208667602135,40.978295951502055,40.978295951502055,1184,2026-01-26 23:04:45,0.018344764026974048,0.22497377443503858,0.5509894196967484
mu_mig_c59_ws0208_2205,6,16,34.929511629900716,79.29533125493882,79.29533125493882,767,2026-01-26 23:00:51,0.45158647499524357,0.13161158678673518,0.5785616165047143
mu_mig_c59_ws0208_2205,6,17,45.91895276421333,69.57254404246058,69.57254404246058,1236,2026-01-26 23:05:55,0.4014680072796315,0.22489886516018365,0.4744419400049651
mu_mig_c59_ws0208_2205,6,18,71.46733129601387,46.89845569277356,46.89845569277356,1344,2026-01-26 23:05:33,0.4748499355849949,0.24347986545455644,0.26310143903169486
mu_mig_c59_ws0208_2205,6,19,24.048539259662412,99.83120913909237,99.83120913909237,3799,2026-01-26 23:16:49,0.3364192884112631,0.45179552200239564,0.29857222831417984
mu_mig_c59_ws0208_2205,6,20,19.072646981216465,129.49895618013593,129.49895618013593,2052,2026-01-26 23:40:20,0.8590246515084269,0.3226627596712705,0.3749801783967558
mu_mig_c59_ws0208_2205,6,21,137.61980610637272,31.827341117868993,31.827341117868993,888,2026-01-26 23:34:03,0.09574438642523005,0.16795259820199182,0.4066550278362765
mu_mig_c59_ws0208_2205,6,22,13.632520921333759,118.76162716281678,118.76162716281678,2194,2026-01-26 23:42:40,0.8411743838683269,0.34335430902109615,0.3238496307467789
mu_mig_c59_ws0208_2205,6,23,74.98252200304177,44.470866656075906,44.470866656075906,1157,2026-01-26 23:39:42,0.5272420479872824,0.21227273335436936,0.25999331291570416
mu_mig_c59_ws0208_2205,6,24,75.89657169694497,43.237067343534754,43.237067343534754,1276,2026-01-26 23:37:14,0.4735879228551081,0.23160226840855097,0.2610760694116944
mu_mig_c59_ws0208_2205,7,0,19.114208483431383,108.89677530230408,108.89677530230408,3365,2026-01-27 00:38:13,0.5849024637862359,0.43221008344479,0.25063332336757355
mu_mig_c59_ws0208_2205,7,1,23.443164900670958,90.06286500992238,90.06286500992238,1662,2026-01-27 00:28:06,0.2340066569080231,0.29208103491058157,0.6910215689492002
mu_mig_c59_ws0208_2205,7,2,146.33919590867768,39.838772815501684,39.838772815501684,1023,2026-01-27 00:24:01,0.10702624291586167,0.19567472082740453,0.3513319845485411
mu_mig_c59_ws0208_2205,7,3,108.38207120982881,17.49775420614726,17.49775420614726,1003,2026-01-27 00:26:15,0.18880839158936685,0.19247784536369333,0.36858181930444933
mu_mig_c59_ws0208_2205,7,4,58.97379104562447,54.75167827852598,54.75167827852598,755,2026-01-27 00:22:56,0.1693802459409779,0.1301411800148521,0.6985492442166021
mu_mig_c59_ws0208_2205,7,5,51.370801866237485,64.28020059112525,64.28020059112525,996,2026-01-27 00:26:48,0.3114044677773313,0.18059029908985427,0.5648000188077146
mu_mig_c59_ws0208_2205,7,6,19.809076948870104,103.37760319273343,103.37760319273343,3100,2026-01-27 00:37:12,0.5419599634193873,0.4215989667239217,0.2728344303198265
mu_mig_c59_ws0208_2205,7,7,63.307096057770906,51.59403262789118,51.59403262789118,702,2026-01-27 00:24:00,0.34229903732408634,0.11518283827500825,0.5619681792709572
mu_mig_c59_ws0208_2205,7,8,121.26758775770307,22.497560300469832,22.497560300469832,1017,2026-01-27 00:24:47,0.179408145026582,0.18171976204701387,0.37646671888709843
mu_mig_c59_ws0208_2205,7,9,29.170678392663515,86.09893160378033,86.09893160378033,1661,2026-01-27 00:29:51,0.24849465139024543,0.28571643703941213,0.7069350966087807
mu_mig_c59_ws0208_2205,7,10,10.684580714307687,119.02813491761556,119.02813491761556,2209,2026-01-27 00:32:38,0.29851972258134374,0.34387852958281995,0.684324885706092
mu_mig_c59_ws0208_2205,7,11,20.2732863404199,93.97460117419622,93.97460117419622,823,2026-01-27 00:22:49,0.9501360087340869,0.13973359933958177,0.39847072228226044
mu_mig_c59_ws0208_2205,7,12,95.10710747827034,28.492414529213313,28.492414529213313,1094,2026-01-27 00:26:33,0.41128454127878356,0.20572030276838163,0.25490561533680045
mu_mig_c59_ws0208_2205,7,13,16.34459446771577,125.18410559384955,125.18410559384955,923,2026-01-27 00:24:45,0.8552348015497507,0.1709462984256019,0.5658956096461799
mu_mig_c59_ws0208_2205,7,14,34.57138662607397,143.49612398185442,143.49612398185442,962,2026-01-27 00:22:27,0.9230335701992102,0.1820803615854964,0.6117462011021086
mu_mig_c59_ws0208_2205,7,15,98.69995030203832,24.92287116580677,24.92287116580677,890,2026-01-27 00:22:13,0.1349217433331958,0.17045884184039384,0.5274016379673528
mu_mig_c59_ws0208_2205,7,16,39.41314280222135,75.15084496550662,75.15084496550662,828,2026-01-27 00:25:03,0.3820157206045155,0.13825952880676495,0.577641693739867
mu_mig_c59_ws0208_2205,7,17,49.954279584068914,66.23547755745945,66.23547755745945,1296,2026-01-27 00:28:40,0.388795410750799,0.22464441121952491,0.47966529828719856
mu_mig_c59_ws0208_2205,7,18,88.315074895907,35.73916994219459,35.73916994219459,1317,2026-01-27 00:28:20,0.47583376639583896,0.24113666011929677,0.2605117090528554
mu_mig_c59_ws0208_2205,7,19,33.733398612614735,87.41156392132518,87.41156392132518,3538,2026-01-27 00:38:52,0.3233100961115948,0.4489470876367202,0.29106855234063933
mu_mig_c59_ws0208_2205,7,20,22.272860932950497,133.29783082294114,133.29783082294114,2058,2026-01-27 00:59:55,0.8503357766265391,0.33490142407410844,0.38386233314903695
mu_mig_c59_ws0208_2205,7,21,120.44076491474355,23.851592665719163,23.851592665719163,1053,2026-01-27 00:56:06,0.15209898686853113,0.18227350149721033,0.3771658389375193
mu_mig_c59_ws0208_2205,7,22,14.94652058350919,124.0561036279195,124.0561036279195,2363,2026-01-27 01:01:46,0.8491826134261061,0.35738533274362544,0.31962461728473124
mu_mig_c59_ws0208_2205,7,23,69.49272215305456,48.69904779749734,48.69904779749734,1312,2026-01-27 00:58:58,0.49738354479626307,0.2355669236196392,0.25023626042337815
mu_mig_c59_ws0208_2205,7,24,79.49316492153838,41.56553285171084,41.56553285171084,1276,2026-01-27 00:58:10,0.46621829499412143,0.23296489655039238,0.25563984648651256
mu_mig_c59_ws0208_2205,8,0,18.768540640754797,108.75526597234777,18.768540640754797,3449,2026-01-27 14:54:47,0.5849024637862359,0.43221008344479,0.2506333233675735
mu_mig_c59_ws0208_2205,8,1,25.150581063031332,88.67618731410428,25.150581063031332,1749,2026-01-27 14:45:46,0.2340066569080231,0.2920810349105815,0.6910215689492002
mu_mig_c59_ws0208_2205,8,2,115.17401026090558,17.738457231159284,115.17401026090558,1019,2026-01-27 14:41:30,0.1070262429158616,0.1956747208274045,0.3513319845485411
mu_mig_c59_ws0208_2205,8,3,106.97690686828612,22.240552592933476,106.97690686828612,1062,2026-01-27 14:41:46,0.1888083915893668,0.1924778453636933,0.3685818193044493
mu_mig_c59_ws0208_2205,8,4,64.80404009245075,50.554447850336814,64.80404009245075,753,2026-01-27 14:38:03,0.1693802459409779,0.1301411800148521,0.6985492442166021
mu_mig_c59_ws0208_2205,8,5,48.71440384808364,65.53984052631232,48.71440384808364,985,2026-01-27 14:40:51,0.3114044677773313,0.1805902990898542,0.5648000188077146
mu_mig_c59_ws0208_2205,8,6,17.522520698093878,107.47961253586641,17.522520698093878,3252,2026-01-27 14:54:22,0.5419599634193873,0.4215989667239217,0.2728344303198265
mu_mig_c59_ws0208_2205,8,7,56.47499628923377,57.89479363893505,56.47499628923377,685,2026-01-27 14:39:25,0.3422990373240863,0.1151828382750082,0.5619681792709572
mu_mig_c59_ws0208_2205,8,8,113.04521591030941,21.637845207340455,113.04521591030941,963,2026-01-27 14:41:36,0.179408145026582,0.1817197620470138,0.3764667188870984
mu_mig_c59_ws0208_2205,8,9,15.093399513271494,101.25443987019335,15.093399513271494,1704,2026-01-27 14:44:14,0.2484946513902454,0.2857164370394121,0.7069350966087807
mu_mig_c59_ws0208_2205,8,10,10.458012884433808,121.04439035005547,10.458012884433808,2191,2026-01-27 14:47:46,0.2985197225813437,0.3438785295828199,0.684324885706092
mu_mig_c59_ws0208_2205,8,11,16.01491640918394,98.14952235813645,16.01491640918394,800,2026-01-27 14:39:25,0.9501360087340868,0.1397335993395817,0.3984707222822604
mu_mig_c59_ws0208_2205,8,12,96.21837225186606,28.994484166643133,96.21837225186606,1124,2026-01-27 14:42:42,0.4112845412787835,0.2057203027683816,0.2549056153368004
mu_mig_c59_ws0208_2205,8,13,18.435435451004743,126.734758146403,18.435435451004743,933,2026-01-27 14:41:09,0.8552348015497507,0.1709462984256019,0.5658956096461799
mu_mig_c59_ws0208_2205,8,14,42.22579422347033,151.05108185844992,42.22579422347033,985,2026-01-27 14:39:07,0.9230335701992102,0.1820803615854964,0.6117462011021086
mu_mig_c59_ws0208_2205,8,15,116.70844899188792,18.699524325558773,116.70844899188792,915,2026-01-27 14:41:15,0.1349217433331958,0.1704588418403938,0.5274016379673528
mu_mig_c59_ws0208_2205,8,16,37.63957816654915,76.78774414100909,37.63957816654915,793,2026-01-27 14:40:38,0.3820157206045155,0.1382595288067649,0.577641693739867
mu_mig_c59_ws0208_2205,8,17,44.730865298216216,70.70089309272261,44.730865298216216,1294,2026-01-27 14:44:36,0.388795410750799,0.2246444112195249,0.4796652982871985
mu_mig_c59_ws0208_2205,8,18,75.5729284708707,44.29985622939821,75.5729284708707,1324,2026-01-27 14:42:26,0.4758337663958389,0.2411366601192967,0.2605117090528554
mu_mig_c59_ws0208_2205,8,19,27.760409161367683,96.11463564423389,27.760409161367683,3723,2026-01-27 14:56:54,0.3233100961115948,0.4489470876367202,0.2910685523406393
mu_mig_c59_ws0208_2205,8,20,24.033665380379347,135.34682441604144,24.033665380379347,2095,2026-01-27 15:15:41,0.8503357766265391,0.3349014240741084,0.3838623331490369
mu_mig_c59_ws0208_2205,8,21,130.16408838206087,29.99513044164842,130.16408838206087,1034,2026-01-27 15:13:08,0.1520989868685311,0.1822735014972103,0.3771658389375193
mu_mig_c59_ws0208_2205,8,22,17.701111018077093,128.23528882658505,17.701111018077093,2342,2026-01-27 15:15:53,0.8491826134261061,0.3573853327436254,0.3196246172847312
mu_mig_c59_ws0208_2205,8,23,82.02115918945805,38.657751964769965,82.02115918945805,1234,2026-01-27 15:15:37,0.497383544796263,0.2355669236196392,0.2502362604233781
mu_mig_c59_ws0208_2205,8,24,77.70283121762697,41.39623050329345,77.70283121762697,1297,2026-01-27 15:15:59,0.4662182949941214,0.2329648965503923,0.2556398464865125
mu_mig_c59_ws0208_2205,9,0,24.327949680997673,128.35739953325157,24.327949680997673,4622,2026-01-27 16:17:06,0.5433886161758273,0.49027507231073314,0.252231552985198
mu_mig_c59_ws0208_2205,9,1,15.132004225842026,99.3272682996024,15.132004225842026,2126,2026-01-27 16:06:43,0.22561224827573537,0.34559336644315697,0.6566596695504735
mu_mig_c59_ws0208_2205,9,2,89.43591762766324,27.815420752060415,89.43591762766324,737,2026-01-27 15:55:54,0.27167857343805757,0.1245146756318148,0.4033289637648405
mu_mig_c59_ws0208_2205,9,3,112.98224466146985,18.982974181749448,112.98224466146985,1087,2026-01-27 15:58:33,0.1384782608143923,0.20666615959750814,0.3692827387572818
mu_mig_c59_ws0208_2205,9,4,67.67976701045336,46.890196818719964,67.67976701045336,665,2026-01-27 15:57:07,0.24841339147439526,0.1032563642477014,0.6694344338129211
mu_mig_c59_ws0208_2205,9,5,42.056309401938194,72.24947376987522,42.056309401938194,1298,2026-01-27 15:59:16,0.33872737305894707,0.2321990287614403,0.51248244923523
mu_mig_c59_ws0208_2205,9,6,31.185706884130134,141.1069265984374,31.185706884130134,4460,2026-01-27 16:15:33,0.5759192833199842,0.48280573374676067,0.34423175031274916
mu_mig_c59_ws0208_2205,9,7,68.81780267607303,46.97745108662607,68.81780267607303,586,2026-01-27 16:00:38,0.3790299680203272,0.08422044751065852,0.4737174569871869
mu_mig_c59_ws0208_2205,9,8,156.19032976778615,46.557721805203364,156.19032976778615,728,2026-01-27 15:59:58,0.10868483749207786,0.12483631465963257,0.32047423841127654
mu_mig_c59_ws0208_2205,9,9,10.074732670856646,120.58765179304221,10.074732670856646,2470,2026-01-27 16:06:33,0.2876806438232986,0.36568528998612926,0.69635885626172
mu_mig_c59_ws0208_2205,9,10,12.316743629431567,122.90261326786906,12.316743629431567,1789,2026-01-27 16:02:56,0.4013588537652305,0.3023866975173894,0.6740979419141775
mu_mig_c59_ws0208_2205,9,11,24.080646181719924,90.28159439225684,24.080646181719924,833,2026-01-27 15:57:59,0.8942438044208245,0.1519304062123972,0.41182235646039594
mu_mig_c59_ws0208_2205,9,12,72.92653916159819,44.769594982491704,72.92653916159819,992,2026-01-27 15:57:09,0.41341747201344853,0.19223870687233538,0.3690084547712301
mu_mig_c59_ws0208_2205,9,13,104.50314766886399,24.442213875134872,104.50314766886399,1002,2026-01-27 16:01:27,0.09481181781535764,0.18818088988365536,0.6027883409291146
mu_mig_c59_ws0208_2205,9,14,13.248777774669907,122.33435356053775,13.248777774669907,965,2026-01-27 15:56:35,0.7975255709373972,0.18539341386013303,0.5760464007922886
mu_mig_c59_ws0208_2205,9,15,53.70428258766069,60.39063721708931,53.70428258766069,796,2026-01-27 15:58:07,0.3849217433331958,0.13647746467416255,0.518720239343532
mu_mig_c59_ws0208_2205,9,16,15.195634118844287,103.82953583729477,15.195634118844287,845,2026-01-27 15:57:41,0.40640315672577565,0.1559198805123871,0.6807274063875989
mu_mig_c59_ws0208_2205,9,17,24.209654827074115,91.97635377020299,24.209654827074115,1766,2026-01-27 16:04:24,0.43985395855638476,0.29715333498852414,0.473404710749901
mu_mig_c59_ws0208_2205,9,18,61.776096603495304,56.75564450243095,61.776096603495304,1821,2026-01-27 16:03:09,0.3715836259892,0.3044525502872398,0.25980532917446664
mu_mig_c59_ws0208_2205,9,19,128.99731741927684,25.84857589148336,128.99731741927684,520,2026-01-27 15:53:49,0.3255944793197999,0.045022938018932535,0.25075026680539936
mu_mig_c59_ws0208_2205,9,20,12.11597006516887,106.95014139114575,12.11597006516887,1832,2026-01-27 16:32:33,0.6424737273859558,0.30493417069589585,0.3939367621305702
mu_mig_c59_ws0208_2205,9,21,109.53346694258863,20.053254452267108,109.53346694258863,1033,2026-01-27 16:32:17,0.21336303382318259,0.19629654916897366,0.35165313574973855
mu_mig_c59_ws0208_2205,9,22,66.63690027171505,176.74674158264898,66.63690027171505,1888,2026-01-27 16:34:12,0.7449844576290501,0.30181889446950055,0.7136143107045365
mu_mig_c59_ws0208_2205,9,23,65.57873185539992,53.169824952744335,65.57873185539992,1342,2026-01-27 16:34:01,0.5541362934730222,0.25055712260706425,0.25081782710403655
mu_mig_c59_ws0208_2205,9,24,53.00333899629876,64.42446323033074,53.00333899629876,1434,2026-01-27 16:31:18,0.541140066474696,0.2512750594133285,0.30114461976202833
mu_mig_c59_ws0208_2205,10,0,97.40340111167271,22.921188660048518,97.40340111167271,494,2026-01-27 17:20:25,0.5101775380875004,0.036727063403487636,0.25351013667929767
mu_mig_c59_ws0208_2205,10,1,14.906202716706986,100.34991039567595,14.906202716706986,2544,2026-01-27 17:26:05,0.22582498800419615,0.38887818895510273,0.6411885910277909
mu_mig_c59_ws0208_2205,10,2,69.47141053025582,45.74763241160134,69.47141053025582,565,2026-01-27 17:14:18,0.40340043785581436,0.06758663947534303,0.44492654713788005
mu_mig_c59_ws0208_2205,10,3,112.55539103664132,19.061907529562266,112.55539103664132,1111,2026-01-27 17:15:19,0.1205036334883224,0.2146700593066327,0.3650205596323631
mu_mig_c59_ws0208_2205,10,4,43.29060858824279,69.97968250848992,43.29060858824279,638,2026-01-27 17:13:55,0.3630988912625981,0.0986657195053558,0.6503580879987474
mu_mig_c59_ws0208_2205,10,5,41.86698574349404,73.84741348368077,41.86698574349404,1511,2026-01-27 17:20:30,0.4009117829211122,0.2767007230646013,0.46681365794594876
mu_mig_c59_ws0208_2205,10,6,78.38400373618745,39.33188891835159,78.38400373618745,488,2026-01-27 17:12:23,0.5906016878260574,0.03440847163497163,0.3758891036238154
mu_mig_c59_ws0208_2205,10,7,72.0436825296903,43.34133001467888,72.0436825296903,570,2026-01-27 17:14:06,0.4097247404359527,0.07986816786775985,0.4119276194673771
mu_mig_c59_ws0208_2205,10,8,178.92228479807753,70.59750712143598,178.92228479807753,642,2026-01-27 17:18:00,0.07218465836966201,0.08966146696345124,0.28597274300414904
mu_mig_c59_ws0208_2205,10,9,40.939033404491504,152.84857709002162,40.939033404491504,3410,2026-01-27 17:28:22,0.3190294377697412,0.429660372343503,0.6878978639840714
mu_mig_c59_ws0208_2205,10,10,14.320574335592449,123.44707814577895,14.320574335592449,1583,2026-01-27 17:18:46,0.47890237130911395,0.2822733646396582,0.6694360341149335
mu_mig_c59_ws0208_2205,10,11,10.097543260645446,104.47234995470347,10.097543260645446,949,2026-01-27 17:14:54,0.8177000608445362,0.16782495218863092,0.4696457694084648
mu_mig_c59_ws0208_2205,10,12,46.665057406399434,68.66869071402046,46.665057406399434,976,2026-01-27 17:18:53,0.41512381660118053,0.1814534301554984,0.4602907263187739
mu_mig_c59_ws0208_2205,10,13,48.195472737139845,65.35287953694645,48.195472737139845,987,2026-01-27 17:14:42,0.2898392160441767,0.18197310799429345,0.6438856410222722
mu_mig_c59_ws0208_2205,10,14,13.174243153062532,120.67877367302007,13.174243153062532,1046,2026-01-27 17:15:02,0.6971191715279468,0.18804385567984233,0.5474865605444326
mu_mig_c59_ws0208_2205,10,15,43.42001856956763,70.70997632337728,43.42001856956763,670,2026-01-27 17:19:11,0.5849217433331958,0.10929236294117753,0.5117751204444754
mu_mig_c59_ws0208_2205,10,16,91.27878232397097,27.746647755196093,91.27878232397097,911,2026-01-27 17:19:32,0.4259131056227838,0.17004816187688485,0.2631959765057844
mu_mig_c59_ws0208_2205,10,17,11.714759700597895,120.4400002203463,11.714759700597895,2494,2026-01-27 17:26:16,0.4807007968008534,0.3551604740037236,0.4683962407200629
mu_mig_c59_ws0208_2205,10,18,65.98943353711671,54.80019064391763,65.98943353711671,2337,2026-01-27 17:24:21,0.28818351366388884,0.35510526242159424,0.25924022527175555
mu_mig_c59_ws0208_2205,10,19,35.53424133253251,77.41372512653277,35.53424133253251,733,2026-01-27 17:14:25,0.327421985886364,0.1218836183247024,0.7184956383772074
mu_mig_c59_ws0208_2205,10,20,32.51224590338489,83.75950764588542,32.51224590338489,1671,2026-01-27 17:50:51,0.4761840879934891,0.2809603679933258,0.4019963053157969
mu_mig_c59_ws0208_2205,10,21,102.81727849093573,28.371336303153118,102.81727849093573,1091,2026-01-27 17:49:34,0.2623742713869038,0.20751498730638432,0.331242973199514
mu_mig_c59_ws0208_2205,10,22,28.136952610832918,137.98324774726666,28.136952610832918,1496,2026-01-27 17:51:19,0.6063055928336134,0.25757589037085904,0.6200388322103396
mu_mig_c59_ws0208_2205,10,23,60.549668415279655,57.956544577577176,60.549668415279655,1489,2026-01-27 17:51:12,0.5989840592957595,0.2626541646542477,0.2518074874311625
mu_mig_c59_ws0208_2205,10,24,38.179046115855016,79.27480278079163,38.179046115855016,1494,2026-01-27 17:51:06,0.6010774836591558,0.26592318970367745,0.337548438382441
mu_mig_c59_ws0208_2205,11,0,100.89632379971557,23.21725939535865,100.89632379971557,571,2026-01-27 18:30:03,0.48825390038738153,0.07344647766029119,0.29061875770627804
mu_mig_c59_ws0208_2205,11,1,13.367175283090235,114.21427511474272,13.367175283090235,3376,2026-01-27 18:46:08,0.22599517978696476,0.4235060469646593,0.6288117282096448
mu_mig_c59_ws0208_2205,11,2,56.998667267864796,56.53719596114869,56.998667267864796,488,2026-01-27 18:30:40,0.5087779293900198,0.022044210550165616,0.4782046138363117
mu_mig_c59_ws0208_2205,11,3,118.93242067058885,27.65443711254567,118.93242067058885,1210,2026-01-27 18:35:53,0.13524430822319106,0.2192772797498847,0.3566831615068603
mu_mig_c59_ws0208_2205,11,4,37.777028457668834,78.07674499373017,37.777028457668834,650,2026-01-27 18:30:31,0.4435843352406077,0.10221469235905926,0.6356718969993639
mu_mig_c59_ws0208_2205,11,5,21.609281830507467,94.93897617904739,21.609281830507467,1923,2026-01-27 18:38:55,0.4721564390847517,0.31285646852999793,0.404937278994485
mu_mig_c59_ws0208_2205,11,6,61.65594637230145,53.40149852746226,61.65594637230145,643,2026-01-27 18:29:42,0.559587165239809,0.08791334155178777,0.41186530162205126
mu_mig_c59_ws0208_2205,11,7,81.66153131897039,35.45747547751163,81.66153131897039,582,2026-01-27 18:32:26,0.4332880048810775,0.07234661586845896,0.3721303783318404
mu_mig_c59_ws0208_2205,11,8,185.64155486155033,74.908624373759,185.64155486155033,624,2026-01-27 18:31:17,0.050162051642160824,0.08582763809571331,0.25975639644174164
mu_mig_c59_ws0208_2205,11,9,53.6892584271944,165.47830196752562,53.6892584271944,4118,2026-01-27 18:50:06,0.33632261465592583,0.4743209410129896,0.6797465666759964
mu_mig_c59_ws0208_2205,11,10,20.02848751298732,130.34105171519647,20.02848751298732,1473,2026-01-27 18:36:46,0.5409371853442208,0.2661826983374732,0.6657065078755382
mu_mig_c59_ws0208_2205,11,11,6.952245321162433,112.61415346583631,6.952245321162433,968,2026-01-27 18:34:01,0.7564650659835055,0.1805405889696179,0.51590449976692
mu_mig_c59_ws0208_2205,11,12,35.01958040595272,78.56595799611107,35.01958040595272,1076,2026-01-27 18:34:26,0.41411778143353806,0.2055411866685369,0.5346703279855034
mu_mig_c59_ws0208_2205,11,13,13.554929437215469,102.65722328892876,13.554929437215469,865,2026-01-27 18:32:58,0.46284632245060153,0.16430308906836474,0.6780436270274004
mu_mig_c59_ws0208_2205,11,14,18.79193416656725,95.71413881488137,18.79193416656725,1035,2026-01-27 18:33:33,0.635805937345335,0.18782229317553809,0.5101710181044042
mu_mig_c59_ws0208_2205,11,15,20.999892134474493,93.08361077985728,20.999892134474493,666,2026-01-27 18:31:41,0.7670378790372402,0.09906442353028026,0.5072653113282362
mu_mig_c59_ws0208_2205,11,16,73.30736541908077,43.80139241566013,73.30736541908077,950,2026-01-27 18:33:27,0.44152106474039027,0.18135078696848306,0.32917083260033286
mu_mig_c59_ws0208_2205,11,17,22.16673989610802,133.40467791619716,22.16673989610802,2915,2026-01-27 18:44:15,0.5133782673964283,0.4015661852158831,0.4643894646961925
mu_mig_c59_ws0208_2205,11,18,70.43364440714893,52.362175772747094,70.43364440714893,2745,2026-01-27 18:45:01,0.22146342380363992,0.3956274321290778,0.25878814214958673
mu_mig_c59_ws0208_2205,11,19,23.070717159407902,90.67244413770153,23.070717159407902,990,2026-01-27 18:33:11,0.3288839911396153,0.1833721625693183,0.6926919356346539
mu_mig_c59_ws0208_2205,11,20,53.23155108907363,63.31987379593186,53.23155108907363,1452,2026-01-27 19:07:14,0.34315237647951574,0.2617813258312698,0.4084439398639782
mu_mig_c59_ws0208_2205,11,21,86.03510949580908,34.976530328713594,86.03510949580908,1186,2026-01-27 19:06:19,0.3015832614378807,0.21648973781631287,0.3149148431593343
mu_mig_c59_ws0208_2205,11,22,22.942505654943616,90.67566708755545,22.942505654943616,1196,2026-01-27 19:06:46,0.448999517201479,0.2254384723154073,0.5524343403966187
mu_mig_c59_ws0208_2205,11,23,40.01540475622345,76.60167719421894,40.01540475622345,1589,2026-01-27 19:09:49,0.6356589116184662,0.2729181988976297,0.264085344083128
mu_mig_c59_ws0208_2205,11,24,25.258950456452798,91.8891545017298,25.258950456452798,1539,2026-01-27 19:06:42,0.6490274174067237,0.2776416939359566,0.3666714932787711
mu_mig_c59_ws0208_2205,12,0,93.37515916021731,28.906987844219625,93.37515916021731,684,2026-01-27 19:50:08,0.4688143852794395,0.10281956541471404,0.3235169517039953
mu_mig_c59_ws0208_2205,12,1,18.62059549371271,128.8422560987198,18.62059549371271,3803,2026-01-27 20:08:01,0.22613133321317966,0.4512083333723046,0.618910237955128
mu_mig_c59_ws0208_2205,12,2,74.12330922766172,185.95664338701516,74.12330922766172,4265,2026-01-27 20:08:25,0.5930799226173841,0.48561026741002367,0.504827067195057
mu_mig_c59_ws0208_2205,12,3,108.9850354012469,21.064559135581522,108.9850354012469,1216,2026-01-27 19:51:59,0.1739775093043829,0.2219910264499582,0.3487008468702089
mu_mig_c59_ws0208_2205,12,4,20.002733952973283,93.83259248780136,20.002733952973283,783,2026-01-27 19:50:36,0.510171651584347,0.1262327451221913,0.6317123167058115
mu_mig_c59_ws0208_2205,12,5,17.016420877214898,101.2872349742351,17.016420877214898,2281,2026-01-27 19:59:00,0.5291521640156633,0.34178106490231525,0.355436175833314
mu_mig_c59_ws0208_2205,12,6,48.74053452945704,68.03673865112279,48.74053452945704,738,2026-01-27 19:50:29,0.5347755471708103,0.1307172374852407,0.4406462600206399
mu_mig_c59_ws0208_2205,12,7,86.48211867216581,31.76299131696163,86.48211867216581,559,2026-01-27 19:48:47,0.4846911214049138,0.06710261022218902,0.34562473202221133
mu_mig_c59_ws0208_2205,12,8,177.4440251815018,68.22512612700538,177.4440251815018,660,2026-01-27 19:50:47,0.05869977403548397,0.10386195485501619,0.2742159712251892
mu_mig_c59_ws0208_2205,12,9,56.3442535997032,57.11333907415401,56.3442535997032,469,2026-01-27 19:49:57,0.3099293012739849,0.005777751195185421,0.6642332430202276
mu_mig_c59_ws0208_2205,12,10,20.853721349425978,129.23766008273688,20.853721349425978,1273,2026-01-27 19:53:27,0.5631713572201952,0.23295733938443142,0.6651651778546368
mu_mig_c59_ws0208_2205,12,11,10.624317341265431,118.50034869196372,10.624317341265431,1070,2026-01-27 19:51:42,0.707477070094681,0.19071309839440745,0.552911484053684
mu_mig_c59_ws0208_2205,12,12,13.1398422307633,101.60705777869225,13.1398422307633,1222,2026-01-27 19:52:54,0.4167918446283755,0.23170255388849034,0.6008144944244829
mu_mig_c59_ws0208_2205,12,13,17.284793412623227,123.96133227707362,17.284793412623227,839,2026-01-27 19:51:42,0.6012520075757415,0.15016707392762177,0.705370015831503
mu_mig_c59_ws0208_2205,12,14,18.93153792679905,96.39835060261419,18.93153792679905,1011,2026-01-27 19:50:09,0.5992482144567346,0.18678378268368073,0.48235391915669307
mu_mig_c59_ws0208_2205,12,15,12.120284770344487,104.16354877257538,12.120284770344487,660,2026-01-27 19:49:54,0.9094434402641317,0.10397487409877836,0.5049062518414272
mu_mig_c59_ws0208_2205,12,16,64.55209782391404,51.48098544888926,64.55209782391404,986,2026-01-27 19:53:15,0.45400743203447547,0.19039288704176163,0.3819507174759716
mu_mig_c59_ws0208_2205,12,17,37.144431438085626,148.37221279417565,37.144431438085626,3410,2026-01-27 20:04:25,0.5274095468168476,0.4220414152497215,0.45762259209481204
mu_mig_c59_ws0208_2205,12,18,46.17569232072245,74.53175891558396,46.17569232072245,3449,2026-01-27 20:06:10,0.1680873519154408,0.4280451678950647,0.2584264756518517
mu_mig_c59_ws0208_2205,12,19,26.67026036364256,87.63954083780087,26.67026036364256,1231,2026-01-27 19:51:53,0.34360429811583343,0.22837545808482715,0.6711538955446263
mu_mig_c59_ws0208_2205,12,20,74.76445906485581,43.87025595729476,74.76445906485581,1396,2026-01-27 20:24:54,0.25582098404722897,0.25616503870887086,0.412200170855907
mu_mig_c59_ws0208_2205,12,21,83.25229900558577,37.205010198284725,83.25229900558577,1120,2026-01-27 20:24:06,0.378999510504633,0.21208955849948025,0.30291518967081016
mu_mig_c59_ws0208_2205,12,22,54.49897938612872,60.682704456572665,54.49897938612872,1042,2026-01-27 20:22:36,0.3231546566957715,0.19972853787104594,0.4983507469456418
mu_mig_c59_ws0208_2205,12,23,36.31812197647353,80.82265089815856,36.31812197647353,1613,2026-01-27 20:25:35,0.6670355514514177,0.28132506546998876,0.2983243082798208
mu_mig_c59_ws0208_2205,12,24,19.87809510039613,98.62173324518432,19.87809510039613,1613,2026-01-27 20:27:13,0.6386285522260605,0.29301178112330517,0.40045028650973286
mu_mig_c59_ws0208_2205,13,0,82.9860631630724,35.715639771968696,82.9860631630724,708,2026-01-27 21:08:30,0.4533638674306241,0.11213179296038349,0.3509821710186173
mu_mig_c59_ws0208_2205,13,1,20.722056741353825,131.10206083415946,20.722056741353825,4076,2026-01-27 21:27:39,0.22624025595415156,0.4733701624984208,0.6109890457515146
mu_mig_c59_ws0208_2205,13,2,70.35306734994428,181.94196599686572,70.35306734994428,3742,2026-01-27 21:27:50,0.6472367732986111,0.43929772250049326,0.5246422545163675
mu_mig_c59_ws0208_2205,13,3,92.97068542113189,28.050765181349284,92.97068542113189,1214,2026-01-27 21:09:37,0.23461458907045243,0.22580931542526617,0.3623452247438929
mu_mig_c59_ws0208_2205,13,4,13.976342722491282,118.44318042461306,13.976342722491282,790,2026-01-27 21:07:42,0.5905724861470092,0.1460197886368313,0.6538143548404658
mu_mig_c59_ws0208_2205,13,5,20.867988805896445,98.72263665115848,20.867988805896445,2426,2026-01-27 21:17:25,0.5747487439603927,0.3649207420001691,0.31583529330437715
mu_mig_c59_ws0208_2205,13,6,43.58799156367325,71.7928095723541,43.58799156367325,917,2026-01-27 21:09:18,0.5190344910494077,0.16846482250852102,0.4698134415156996
mu_mig_c59_ws0208_2205,13,7,88.5128946622795,29.39797888079228,88.5128946622795,554,2026-01-27 21:06:55,0.5258136146239829,0.06290740570517309,0.3244202149745081
mu_mig_c59_ws0208_2205,13,8,148.60053999411747,38.56929724538787,148.60053999411747,758,2026-01-27 21:09:01,0.11129266314295347,0.125800485494369,0.31087456206318637
mu_mig_c59_ws0208_2205,13,9,54.68359222519183,59.05017116250796,54.68359222519183,542,2026-01-27 21:06:09,0.3274356997550617,0.06104114343263241,0.6511373094666288
mu_mig_c59_ws0208_2205,13,10,21.06470967430825,129.58293396660508,21.06470967430825,1114,2026-01-27 21:08:33,0.5924673792894626,0.19853675865052406,0.670526769886175
mu_mig_c59_ws0208_2205,13,11,19.87298539547231,128.66281482347455,19.87298539547231,1090,2026-01-27 21:08:26,0.6682866733836214,0.1988511059342391,0.5825170714830953
mu_mig_c59_ws0208_2205,13,12,8.481867502654321,115.87843865714103,8.481867502654321,1433,2026-01-27 21:12:03,0.41893109518424543,0.25263164766445306,0.6537298275756664
mu_mig_c59_ws0208_2205,13,13,28.97421612679905,135.47042416541916,28.97421612679905,799,2026-01-27 21:07:13,0.7119765556758535,0.1388582618150274,0.7272311268747851
mu_mig_c59_ws0208_2205,13,14,27.341943590873544,86.6537140428529,27.341943590873544,1001,2026-01-27 21:09:11,0.5700020361458542,0.18595297429019486,0.4601002399985241
mu_mig_c59_ws0208_2205,13,15,193.22088598335736,83.38127801069228,193.22088598335736,749,2026-01-27 21:08:30,0.0026900733769985585,0.12016370361147405,0.5049840308342582
mu_mig_c59_ws0208_2205,13,16,48.487266272269444,68.01128859997974,48.487266272269444,1022,2026-01-27 21:06:48,0.4639965258697436,0.19762656710038448,0.4241746253764826
mu_mig_c59_ws0208_2205,13,17,40.0185396923705,151.42450139567796,40.0185396923705,3581,2026-01-27 21:22:42,0.5386345703531831,0.4384215992767922,0.4522090940137077
mu_mig_c59_ws0208_2205,13,18,45.262458878137615,78.16752768072138,45.262458878137615,3800,2026-01-27 21:22:02,0.23900697876142965,0.45118619652946235,0.28126008953171816
mu_mig_c59_ws0208_2205,13,19,15.315426925567536,102.3701731471459,15.315426925567536,1439,2026-01-27 21:11:56,0.3780744715480086,0.26442709414001864,0.6438945802855732
mu_mig_c59_ws0208_2205,13,20,83.63266985963986,34.02448624229313,83.63266985963986,1378,2026-01-27 21:41:40,0.18595587010139958,0.25167200901095177,0.41520515564945004
mu_mig_c59_ws0208_2205,13,21,75.76882769174196,43.390825515054935,75.76882769174196,1088,2026-01-27 21:39:38,0.4676257633812317,0.20707805345239647,0.31866558265622125
mu_mig_c59_ws0208_2205,13,22,92.55686009954302,28.34894647742967,92.55686009954302,958,2026-01-27 21:44:56,0.22247876829120547,0.17916059031555684,0.45508387218486035
mu_mig_c59_ws0208_2205,13,23,21.254908309185108,95.44711538717054,21.254908309185108,1720,2026-01-27 21:43:03,0.6820045943058045,0.2880610759177293,0.3600104104281522
mu_mig_c59_ws0208_2205,13,24,11.713088864555136,109.8862180651173,11.713088864555136,1857,2026-01-27 21:47:31,0.6300291388993795,0.307471161118503,0.4248863514110673
mu_mig_c59_ws0208_2205,14,0,82.17268494435577,36.55721114968369,82.17268494435577,725,2026-01-27 22:26:29,0.4410034531515718,0.11958157499691904,0.3729543464703149
mu_mig_c59_ws0208_2205,14,1,28.289521057994722,139.15660817948768,28.289521057994722,4134,2026-01-27 22:45:22,0.2559546087530609,0.4802919281271515,0.6048731949845902
mu_mig_c59_ws0208_2205,14,2,63.39553783760295,174.78038401259695,63.39553783760295,2924,2026-01-27 22:39:50,0.6820064563698106,0.40212159173988804,0.5361858023750476
mu_mig_c59_ws0208_2205,14,3,72.19834753994867,45.841093408398585,72.19834753994867,1224,2026-01-27 22:30:22,0.28214612195796995,0.23472417330600145,0.38538242577095555
mu_mig_c59_ws0208_2205,14,4,15.306624993011704,122.63220795535526,15.306624993011704,882,2026-01-27 22:28:21,0.654893153797139,0.16184942344854328,0.6714959853481891
mu_mig_c59_ws0208_2205,14,5,23.401803491552585,98.6241385746105,23.401803491552585,2573,2026-01-27 22:39:36,0.6112260079161761,0.3834324836784522,0.28415458728122767
mu_mig_c59_ws0208_2205,14,6,26.83620193779117,88.58070596546824,26.83620193779117,1077,2026-01-27 22:29:27,0.5175445910137317,0.20407076189031878,0.4898565780524175
mu_mig_c59_ws0208_2205,14,7,79.20227915972971,37.742504953869584,79.20227915972971,578,2026-01-27 22:26:22,0.5386517446034709,0.07544778063649472,0.31724795834768893
mu_mig_c59_ws0208_2205,14,8,133.46386245535754,29.85962356660903,133.46386245535754,948,2026-01-27 22:29:29,0.1753811776909876,0.1731009800321421,0.35779788416873326
mu_mig_c59_ws0208_2205,14,9,37.02464848933911,76.93393318136117,37.02464848933911,698,2026-01-27 22:27:23,0.39819319749542753,0.11818299040577013,0.6414576073618825
mu_mig_c59_ws0208_2205,14,10,16.814298552868745,122.67550244848447,16.814298552868745,854,2026-01-27 22:28:30,0.6156249300688339,0.1614914719096111,0.6696924710543397
mu_mig_c59_ws0208_2205,14,11,16.275356536190078,122.99624744843028,16.275356536190078,1092,2026-01-27 22:29:18,0.6369343560147737,0.20536151196610444,0.6062015414266243
mu_mig_c59_ws0208_2205,14,12,12.206645779962365,118.77606139287602,12.206645779962365,1510,2026-01-27 22:33:43,0.4206424956289414,0.2693749226852233,0.6960620940966133
mu_mig_c59_ws0208_2205,14,13,30.940009493238655,138.2607297492138,30.940009493238655,769,2026-01-27 22:25:46,0.7815630447398111,0.12991977128735255,0.7159912892242164
mu_mig_c59_ws0208_2205,14,14,39.97836334382687,74.39563542961882,39.97836334382687,941,2026-01-27 22:30:34,0.5466050934971499,0.18528832757540617,0.44229729667198897
mu_mig_c59_ws0208_2205,14,15,114.51257055419471,17.470857529929113,114.51257055419471,814,2026-01-27 22:28:32,0.14438062414344197,0.15257858734527466,0.48641695343482017
mu_mig_c59_ws0208_2205,14,16,41.627380590152406,74.66345399790947,41.627380590152406,1131,2026-01-27 22:29:42,0.48520405111654913,0.19789290831494064,0.47096930389423813
mu_mig_c59_ws0208_2205,14,17,46.46784073342695,158.30776539986275,46.46784073342695,3733,2026-01-27 22:44:52,0.5476145891822515,0.4515257464984488,0.4478782955488242
mu_mig_c59_ws0208_2205,14,18,27.85743358212133,94.69916796908468,27.85743358212133,3632,2026-01-27 22:44:50,0.3377710064439255,0.44688913080944953,0.3025665063288928
mu_mig_c59_ws0208_2205,14,19,9.434639170478144,113.46010342213403,9.434639170478144,1642,2026-01-27 22:33:27,0.41064809504918603,0.293140036887436,0.6227816189120021
mu_mig_c59_ws0208_2205,14,20,97.7224290916647,26.781991902725544,97.7224290916647,1393,2026-01-27 23:02:41,0.13006377894473606,0.24807758525261647,0.41760914348428446
mu_mig_c59_ws0208_2205,14,21,61.39365176169324,54.58613065784157,61.39365176169324,1097,2026-01-27 22:59:22,0.5385267656825107,0.20306884941472944,0.3312658970445501
mu_mig_c59_ws0208_2205,14,22,129.0564952288823,25.728068375272642,129.0564952288823,997,2026-01-27 22:58:58,0.13303279761218567,0.17858738752279602,0.40735381481328725
mu_mig_c59_ws0208_2205,14,23,12.6113022193032,117.9674872177924,12.6113022193032,1744,2026-01-27 23:05:26,0.692462320159947,0.3005835437934237,0.4160554103269792
mu_mig_c59_ws0208_2205,14,24,10.452008134183542,118.29614918500616,10.452008134183542,1940,2026-01-27 23:05:15,0.6231496082380348,0.3190386651146612,0.4444352033321348
mu_mig_c59_ws0208_2205,15,0,70.16000897862122,46.1477966694952,70.16000897862122,718,2026-01-27 23:45:47,0.45513140767471516,0.11796571231912738,0.36842863781953683
mu_mig_c59_ws0208_2205,15,1,45.77939164547813,157.38706035285156,45.77939164547813,3985,2026-01-28 00:04:16,0.3401965371285426,0.459164417384409,0.6027978331869035
mu_mig_c59_ws0208_2205,15,2,56.09944511266157,167.37526399091686,56.09944511266157,2614,2026-01-27 23:55:23,0.6980561806621013,0.3814730900468526,0.5364813963834705
mu_mig_c59_ws0208_2205,15,3,80.9974289985012,39.59435253620617,80.9974289985012,1278,2026-01-27 23:50:07,0.320171348267984,0.24185605961058967,0.40381218659260565
mu_mig_c59_ws0208_2205,15,4,33.487150710516794,141.57110646372527,33.487150710516794,953,2026-01-27 23:47:34,0.7063496879172428,0.17451313129791288,0.6856412897543678
mu_mig_c59_ws0208_2205,15,5,19.930201676644515,102.0574853542799,19.930201676644515,2993,2026-01-27 23:58:26,0.6404078190808028,0.3982418770210786,0.2588100224627081
mu_mig_c59_ws0208_2205,15,6,14.479704945923316,101.66392879697881,14.479704945923316,1242,2026-01-27 23:46:43,0.516352670985191,0.232555513395757,0.5058910872817919
mu_mig_c59_ws0208_2205,15,7,87.09475488442152,32.72926327778496,87.09475488442152,616,2026-01-27 23:45:05,0.5489222485870612,0.08548008058155203,0.31151015304623353
mu_mig_c59_ws0208_2205,15,8,82.76758405897313,34.882002091018784,82.76758405897313,1184,2026-01-27 23:49:27,0.2114950691804231,0.213012471481892,0.40993143166849993
mu_mig_c59_ws0208_2205,15,9,11.943895386516562,104.70146066798324,11.943895386516562,906,2026-01-27 23:48:43,0.5193840316891538,0.1681170601307514,0.6374541719047407
mu_mig_c59_ws0208_2205,15,10,9.627454359206316,108.02312431515372,9.627454359206316,758,2026-01-27 23:46:54,0.6420685594567864,0.13188470424828816,0.6695075421683552
mu_mig_c59_ws0208_2205,15,11,10.546320838700499,118.57992041937285,10.546320838700499,1120,2026-01-27 23:47:09,0.6118525021196956,0.21056983679159672,0.6251491173814475
mu_mig_c59_ws0208_2205,15,12,17.633037528856676,127.86552007706455,17.633037528856676,1672,2026-01-27 23:51:31,0.42019406926813396,0.2895539826796701,0.717285007100226
mu_mig_c59_ws0208_2205,15,13,29.296204075036353,136.52892663529872,29.296204075036353,760,2026-01-27 23:47:25,0.813622732266494,0.1310177385530058,0.7056149676818478
mu_mig_c59_ws0208_2205,15,14,40.419200184479294,74.02162591300689,40.419200184479294,982,2026-01-27 23:45:40,0.5278875393781866,0.1847566102035752,0.42805494201076083
mu_mig_c59_ws0208_2205,15,15,88.76263503310923,30.21400484749505,88.76263503310923,961,2026-01-27 23:45:07,0.2577330647565967,0.17851049433231514,0.4715632915152697
mu_mig_c59_ws0208_2205,15,16,35.769724570271215,79.33837248881753,35.769724570271215,1040,2026-01-27 23:47:48,0.502208233922919,0.19843043370787192,0.5100843351778155
mu_mig_c59_ws0208_2205,15,17,43.445537623588585,155.34544206573494,43.445537623588585,3862,2026-01-28 00:03:16,0.5547986042455062,0.46200906427577404,0.4444136567769174
mu_mig_c59_ws0208_2205,15,18,15.787930854255936,113.32048724462403,15.787930854255936,3187,2026-01-28 00:00:07,0.5198437641870017,0.42517568202876505,0.318053483808504
mu_mig_c59_ws0208_2205,15,19,14.8728992149905,125.72940486175482,14.8728992149905,1959,2026-01-27 23:51:16,0.43670699385012796,0.3161103910853699,0.6058912498131452
mu_mig_c59_ws0208_2205,15,20,108.60565908398638,19.226368530507454,108.60565908398638,1287,2026-01-28 00:23:10,0.08535010601940524,0.24520204624594824,0.41953233375215204
mu_mig_c59_ws0208_2205,15,21,56.394925013308104,60.163791654722345,56.394925013308104,1039,2026-01-28 00:21:17,0.5952475675235338,0.19986148618459582,0.3413461485552132
mu_mig_c59_ws0208_2205,15,22,165.06493502657838,55.02964431898758,165.06493502657838,935,2026-01-28 00:21:49,0.061476021068969836,0.17812882528858734,0.3691697689160288
mu_mig_c59_ws0208_2205,15,23,22.99225366306714,134.10981496369553,22.99225366306714,1948,2026-01-28 00:25:53,0.6908004187089342,0.3159506992908574,0.4688350085325326
mu_mig_c59_ws0208_2205,15,24,17.050953055960115,127.49925389753605,17.050953055960115,2046,2026-01-28 00:26:40,0.617645983708959,0.3282926683115878,0.4600742848689888
mu_mig_c59_ws0208_2205,16,0,79.14668146773994,38.25199924552987,79.14668146773994,708,2026-01-28 01:06:59,0.4664337712932299,0.11667302217689404,0.3648080708989144
mu_mig_c59_ws0208_2205,16,1,32.5392401911399,143.51933567096987,32.5392401911399,2826,2026-01-28 01:18:16,0.4379975719573374,0.39761812329620894,0.6013126133035647
mu_mig_c59_ws0208_2205,16,2,38.794697134808985,150.23100870869746,38.794697134808985,2258,2026-01-28 01:16:51,0.7095500360736899,0.3461384955125395,0.5162348397213826
mu_mig_c59_ws0208_2205,16,3,64.11146682818439,54.49397433155588,64.11146682818439,1411,2026-01-28 01:10:49,0.3505915293159952,0.24756156865426027,0.4185559952499257
mu_mig_c59_ws0208_2205,16,4,34.40115496123866,142.58513969730052,34.40115496123866,964,2026-01-28 01:08:56,0.7293670315204942,0.17716331366241203,0.6937911469942148
mu_mig_c59_ws0208_2205,16,5,19.466053809605054,103.06828185790901,19.466053809605054,3150,2026-01-28 01:21:21,0.6252220125237169,0.41494633558929694,0.2622260524331529
mu_mig_c59_ws0208_2205,16,6,9.524269432560816,105.86085416731213,9.524269432560816,1411,2026-01-28 01:10:08,0.5153991349623585,0.25534331460010756,0.5187186946652913
mu_mig_c59_ws0208_2205,16,7,80.36728463033592,37.54829782249895,80.36728463033592,646,2026-01-28 01:07:36,0.5529438154181469,0.09414056788396213,0.3149843750064518
mu_mig_c59_ws0208_2205,16,8,58.92052517601599,57.72731203870047,58.92052517601599,1450,2026-01-28 01:08:52,0.26761716308139544,0.24981365935843844,0.4494769693100864
mu_mig_c59_ws0208_2205,16,9,17.873637723418096,128.03366682147166,17.873637723418096,1211,2026-01-28 01:10:46,0.6361249382421343,0.20978520716646565,0.6319326688725755
mu_mig_c59_ws0208_2205,16,10,13.158046167955868,114.7341195457323,13.158046167955868,709,2026-01-28 01:08:03,0.6632234629671485,0.1081992901192298,0.6693595990595677
mu_mig_c59_ws0208_2205,16,11,14.972637852649072,122.6098877695958,14.972637852649072,1181,2026-01-28 01:08:47,0.5917870190036331,0.21473649665199052,0.640307178145306
mu_mig_c59_ws0208_2205,16,12,30.738850182818425,140.43228095706016,30.738850182818425,1813,2026-01-28 01:14:04,0.42338346116085596,0.31517367761357024,0.7322881738162507
mu_mig_c59_ws0208_2205,16,13,37.65342067156454,144.51149480562378,37.65342067156454,780,2026-01-28 01:06:37,0.8392704822878403,0.1318961123655284,0.6973139104479531
mu_mig_c59_ws0208_2205,16,14,45.370221706951625,68.9077439480724,45.370221706951625,971,2026-01-28 01:07:52,0.5060763670124022,0.18801971934006165,0.43173436469094567
mu_mig_c59_ws0208_2205,16,15,66.79323708578326,50.51150334702517,66.79323708578326,1077,2026-01-28 01:09:30,0.34444349346016107,0.20101927399846023,0.4398452374142444
mu_mig_c59_ws0208_2205,16,16,18.90877174233732,95.81453454997312,18.90877174233732,1133,2026-01-28 01:10:58,0.5201914582667584,0.19947470649823465,0.5400356923408232
mu_mig_c59_ws0208_2205,16,17,37.49623025966579,148.65721541645104,37.49623025966579,4029,2026-01-28 01:24:56,0.5552553648687597,0.456795664088165,0.39788614122101246
mu_mig_c59_ws0208_2205,16,18,19.555437291674913,128.75519148893872,19.555437291674913,3089,2026-01-28 01:23:06,0.6655019703814627,0.40780492300421745,0.33044306579219296
mu_mig_c59_ws0208_2205,16,19,17.811220788585015,126.99056746078992,17.811220788585015,2029,2026-01-28 01:12:40,0.4575541128908815,0.33448667444371705,0.5923789545340596
mu_mig_c59_ws0208_2205,16,20,127.4653048439193,26.976774287977342,127.4653048439193,1304,2026-01-28 01:44:42,0.08810302921502107,0.23014486570401887,0.4191971772173051
mu_mig_c59_ws0208_2205,16,21,48.869546205281765,68.11841763969568,48.869546205281765,990,2026-01-28 01:39:38,0.6216970743185748,0.19614984005041247,0.37245831328027124
mu_mig_c59_ws0208_2205,16,22,168.5043687006222,59.31641810242066,168.5043687006222,1039,2026-01-28 01:45:06,0.0046600679975616205,0.1865060320677123,0.352727571901056
mu_mig_c59_ws0208_2205,16,23,36.10067182136847,147.3128390590415,36.10067182136847,2164,2026-01-28 01:47:24,0.6715996758897333,0.3323692653796776,0.5092458227251264
mu_mig_c59_ws0208_2205,16,24,14.102023265711008,122.60258791982288,14.102023265711008,2041,2026-01-28 01:44:18,0.6132430840856983,0.3356958708691291,0.4725855500984721
mu_mig_c59_ws0208_2205,17,0,72.10016030475771,42.47195202270877,72.10016030475771,702,2026-01-28 02:29:23,0.47547566218804166,0.11563887006310737,0.3619116173624165
mu_mig_c59_ws0208_2205,17,1,34.17079143789555,144.89558427145627,34.17079143789555,1953,2026-01-28 02:33:17,0.5201166750937629,0.3245865738708501,0.5998421953002497
mu_mig_c59_ws0208_2205,17,2,29.902721928763107,141.0751451262641,29.902721928763107,1919,2026-01-28 02:34:20,0.7143450249656605,0.3159882323893885,0.49771810587098764
mu_mig_c59_ws0208_2205,17,3,45.72348999305905,69.75986049334846,45.72348999305905,1514,2026-01-28 02:33:18,0.37492767415440414,0.2521259758891967,0.4303510421757818
mu_mig_c59_ws0208_2205,17,4,38.39159888285502,146.36704764490509,38.39159888285502,960,2026-01-28 02:30:35,0.7477809064030954,0.17928345955401134,0.7003110327860924
mu_mig_c59_ws0208_2205,17,5,13.983471826313774,111.82820759086262,13.983471826313774,3302,2026-01-28 02:42:49,0.6130733672780482,0.4283099024438716,0.26495887640950877
mu_mig_c59_ws0208_2205,17,6,6.821763006676513,114.73760310874513,6.821763006676513,1532,2026-01-28 02:33:41,0.5146363061440924,0.27357355556358803,0.5289807805720909
mu_mig_c59_ws0208_2205,17,7,79.90588731286816,37.815621068576405,79.90588731286816,684,2026-01-28 02:28:01,0.5298131747682066,0.10187056576132855,0.32932789675547813
mu_mig_c59_ws0208_2205,17,8,43.97488150477676,71.8355126524441,43.97488150477676,1493,2026-01-28 02:29:34,0.3125148382021733,0.2792546096596756,0.48111339942335557
mu_mig_c59_ws0208_2205,17,9,35.96319285779626,146.37164531432592,35.96319285779626,1419,2026-01-28 02:32:07,0.7169338116486429,0.24440822016468125,0.6291401109823065
mu_mig_c59_ws0208_2205,17,10,11.30946108390538,113.93520656234769,11.30946108390538,624,2026-01-28 02:25:40,0.6801473857754381,0.0892509588159831,0.6692412445725375
mu_mig_c59_ws0208_2205,17,11,18.59297050135218,127.42338330341077,18.59297050135218,1129,2026-01-28 02:29:18,0.575734632510783,0.21806982454030557,0.6524336267563929
mu_mig_c59_ws0208_2205,17,12,34.03879361556028,144.56259167287078,34.03879361556028,2112,2026-01-28 02:36:49,0.43796492773183937,0.3422928822779014,0.6940869427042162
mu_mig_c59_ws0208_2205,17,13,41.62219440532564,149.36037789505158,41.62219440532564,842,2026-01-28 02:27:05,0.8476547457348822,0.14462956813460823,0.6902514206920061
mu_mig_c59_ws0208_2205,17,14,46.791228110218164,68.34667857665491,46.791228110218164,1023,2026-01-28 02:28:33,0.4886274291197747,0.19063020664925082,0.43467790283509355
mu_mig_c59_ws0208_2205,17,15,50.68394933537967,65.60858892900679,50.68394933537967,1197,2026-01-28 02:31:44,0.41516740916120787,0.22692898781635096,0.4093926701072571
mu_mig_c59_ws0208_2205,17,16,9.466511423944704,109.71745592875277,9.466511423944704,1146,2026-01-28 02:30:27,0.5338716086371063,0.21424540566916364,0.5555251641048025
mu_mig_c59_ws0208_2205,17,17,18.77506001853609,127.04039469721513,18.77506001853609,3445,2026-01-28 02:41:56,0.5640381424357229,0.43996461158302486,0.3358813333753254
mu_mig_c59_ws0208_2205,17,18,19.62781267324847,129.40170911344813,19.62781267324847,2783,2026-01-28 02:39:23,0.780530506773749,0.39587683935316464,0.31849751276544847
mu_mig_c59_ws0208_2205,17,19,23.137198520278968,134.1387205887001,23.137198520278968,2247,2026-01-28 02:36:31,0.4742318081234843,0.34918770113039477,0.5815691183107912
mu_mig_c59_ws0208_2205,17,20,132.13928560253157,27.837257419246388,132.13928560253157,1124,2026-01-28 03:02:01,0.09030536777151374,0.2180991212704754,0.4189290519894275
mu_mig_c59_ws0208_2205,17,21,40.06798520645715,75.52244701380691,40.06798520645715,970,2026-01-28 02:59:19,0.6018213177892722,0.1902294035090821,0.4191463118166916
mu_mig_c59_ws0208_2205,17,22,16.620600900906044,99.0080150607829,16.620600900906044,1088,2026-01-28 03:04:57,0.9762762648934349,0.20075833361313455,0.348810848321944
mu_mig_c59_ws0208_2205,17,23,41.97828318463126,153.12919877983293,41.97828318463126,2234,2026-01-28 03:09:03,0.6562390816343726,0.34550411825073374,0.5415744740792016
mu_mig_c59_ws0208_2205,17,24,20.12528280693685,130.24307730316127,20.12528280693685,2124,2026-01-28 03:09:31,0.6097207643870898,0.34161843291516214,0.48259456228205866
mu_mig_c59_ws0208_2205,18,0,75.4885261978505,41.98163707324401,75.4885261978505,718,2026-01-28 03:51:18,0.4827091749038911,0.11481154837207803,0.35959445453321814
mu_mig_c59_ws0208_2205,18,1,17.910156481658962,127.77309174028073,17.910156481658962,1460,2026-01-28 03:53:50,0.5851789252862428,0.2678851098279731,0.5963961088665828
mu_mig_c59_ws0208_2205,18,2,19.068876373511245,128.17494724240382,19.068876373511245,1802,2026-01-28 03:57:12,0.6801845631770373,0.2979162260678055,0.47810214592999967
mu_mig_c59_ws0208_2205,18,3,44.26894249281302,71.41435979673462,44.26894249281302,1363,2026-01-28 03:54:22,0.39439659002513133,0.2557775016771459,0.4397870797164667
mu_mig_c59_ws0208_2205,18,4,42.404640506235395,150.51054918018605,42.404640506235395,967,2026-01-28 03:51:33,0.7625120063091763,0.1809795762672908,0.7055269414195945
mu_mig_c59_ws0208_2205,18,5,16.5062119855545,122.5175439591587,16.5062119855545,3624,2026-01-28 04:06:54,0.6033544510815132,0.43900075592753135,0.26714513559059344
mu_mig_c59_ws0208_2205,18,6,7.10696025206726,111.57780077473916,7.10696025206726,1683,2026-01-28 03:56:04,0.5140260430894795,0.2881577483343724,0.5371904492975306
mu_mig_c59_ws0208_2205,18,7,68.64834123320873,46.61973241688483,68.64834123320873,688,2026-01-28 03:49:41,0.4916561614607,0.11344928221806136,0.34851256868224467
mu_mig_c59_ws0208_2205,18,8,26.409940609622964,88.6171878268871,26.409940609622964,1804,2026-01-28 03:58:38,0.3484329782987956,0.3028073699006653,0.5064225435139709
mu_mig_c59_ws0208_2205,18,9,40.67368159582186,150.59337327421767,40.67368159582186,1512,2026-01-28 03:55:56,0.7321516333859678,0.2685756928517014,0.6323928542600215
mu_mig_c59_ws0208_2205,18,10,11.074893800313816,109.98310779575588,11.074893800313816,578,2026-01-28 03:48:39,0.6936865240220698,0.07409229377338575,0.6691465609829135
mu_mig_c59_ws0208_2205,18,11,18.42125145008269,126.455172678892,18.42125145008269,1161,2026-01-28 03:54:02,0.5628927233165031,0.22073648685095762,0.6621347856452624
mu_mig_c59_ws0208_2205,18,12,44.798149124527654,155.82148532558085,44.798149124527654,2553,2026-01-28 03:58:37,0.4496301009886261,0.36398824600936636,0.6635259578145887
mu_mig_c59_ws0208_2205,18,13,40.2165541812779,147.99065280659792,40.2165541812779,893,2026-01-28 03:49:38,0.8163108583682591,0.15724932199894048,0.6864456524346477
mu_mig_c59_ws0208_2205,18,14,48.713908665432015,66.96185663054302,48.713908665432015,1021,2026-01-28 03:52:12,0.4746682788056727,0.19271859649660214,0.4370327333504118
mu_mig_c59_ws0208_2205,18,15,41.78463646692722,74.2793135303209,41.78463646692722,1416,2026-01-28 03:54:23,0.4592685367891228,0.25466440227975284,0.3882063838083445
mu_mig_c59_ws0208_2205,18,16,6.857756711214355,110.51714488813067,6.857756711214355,1235,2026-01-28 03:50:41,0.543611043572203,0.24205740260159653,0.5644881456834727
mu_mig_c59_ws0208_2205,18,17,15.98834865225715,110.023893479383,15.98834865225715,3264,2026-01-28 04:05:33,0.580501125642225,0.42273651410296975,0.2849423497908178
mu_mig_c59_ws0208_2205,18,18,18.696902161242893,125.67528585370941,18.696902161242893,2753,2026-01-28 04:03:11,0.8524826511826618,0.38929735059881415,0.28977413936603513
mu_mig_c59_ws0208_2205,18,19,28.375333721541843,139.16458910547738,28.375333721541843,2246,2026-01-28 03:58:59,0.48757396430956657,0.3609485224797369,0.5729212493321765
mu_mig_c59_ws0208_2205,18,20,95.91765305523197,25.413503553615257,95.91765305523197,1154,2026-01-28 04:27:39,0.1568219607813624,0.21756645332972827,0.4403634910888261
mu_mig_c59_ws0208_2205,18,21,27.57154868937398,86.24878572490785,27.57154868937398,969,2026-01-28 04:26:31,0.5859207125658301,0.1854930542760178,0.4564967106458279
mu_mig_c59_ws0208_2205,18,22,21.008664610880363,94.47882043983925,21.008664610880363,1083,2026-01-28 04:27:55,0.9535692224101334,0.21216017484947236,0.3456774694586543
mu_mig_c59_ws0208_2205,18,23,55.225754742065554,166.2168893261853,55.225754742065554,2363,2026-01-28 04:29:01,0.6654908170839436,0.3505058977338283,0.5519199918671309
mu_mig_c59_ws0208_2205,18,24,18.066076992460832,127.40268245065106,18.066076992460832,2096,2026-01-28 04:28:34,0.606902908628203,0.3463564825519886,0.49060177202892796
mu_mig_c59_ws0208_2205,19,0,76.9063999538586,40.85018508218876,76.9063999538586,735,2026-01-29 15:42:34,0.4827091749038911,0.114811548372078,0.3595944545332181
mu_mig_c59_ws0208_2205,19,1,21.130878307686444,131.1645405635252,21.130878307686444,1501,2026-01-29 15:44:41,0.5851789252862428,0.2678851098279731,0.5963961088665828
mu_mig_c59_ws0208_2205,19,2,14.333007811354463,125.2090958445873,14.333007811354463,1767,2026-01-29 15:47:46,0.6801845631770373,0.2979162260678055,0.4781021459299996
mu_mig_c59_ws0208_2205,19,3,39.18176990893107,77.39914858425328,39.18176990893107,1455,2026-01-29 15:46:18,0.3943965900251313,0.2557775016771459,0.4397870797164667
mu_mig_c59_ws0208_2205,19,4,35.42704540557231,143.4270213892061,35.42704540557231,929,2026-01-29 15:43:11,0.7625120063091763,0.1809795762672908,0.7055269414195945
mu_mig_c59_ws0208_2205,19,5,17.3807706546805,111.51729823106183,17.3807706546805,3386,2026-01-29 15:55:37,0.6033544510815132,0.4390007559275313,0.2671451355905934
mu_mig_c59_ws0208_2205,19,6,12.80291096991449,122.88721441561273,12.80291096991449,1666,2026-01-29 15:45:22,0.5140260430894795,0.2881577483343724,0.5371904492975306
mu_mig_c59_ws0208_2205,19,7,76.70239416146882,39.15042171640342,76.70239416146882,699,2026-01-29 15:39:38,0.4916561614607,0.1134492822180613,0.3485125686822446
mu_mig_c59_ws0208_2205,19,8,36.07687540537755,80.08824752243494,36.07687540537755,1664,2026-01-29 15:45:22,0.3484329782987956,0.3028073699006653,0.5064225435139709
mu_mig_c59_ws0208_2205,19,9,50.33789763602914,160.1885041668786,50.33789763602914,1514,2026-01-29 15:46:05,0.7321516333859678,0.2685756928517014,0.6323928542600215
mu_mig_c59_ws0208_2205,19,10,13.082396976244429,110.00644311954778,13.082396976244429,592,2026-01-29 15:38:01,0.6936865240220698,0.0740922937733857,0.6691465609829135
mu_mig_c59_ws0208_2205,19,11,20.575030556400247,129.02476486174507,20.575030556400247,1196,2026-01-29 15:42:34,0.5628927233165031,0.2207364868509576,0.6621347856452624
mu_mig_c59_ws0208_2205,19,12,33.34533031753045,144.75547322156623,33.34533031753045,2429,2026-01-29 15:50:02,0.4496301009886261,0.3639882460093663,0.6635259578145887
mu_mig_c59_ws0208_2205,19,13,35.60164545697015,143.85092923271745,35.60164545697015,881,2026-01-29 15:42:32,0.8163108583682591,0.1572493219989404,0.6864456524346477
mu_mig_c59_ws0208_2205,19,14,46.25354451737413,69.10585003875981,46.25354451737413,1049,2026-01-29 15:43:19,0.4746682788056727,0.1927185964966021,0.4370327333504118
mu_mig_c59_ws0208_2205,19,15,40.834963666749644,75.58068523888414,40.834963666749644,1363,2026-01-29 15:41:56,0.4592685367891228,0.2546644022797528,0.3882063838083445
mu_mig_c59_ws0208_2205,19,16,6.819646611809176,109.0746071769108,6.819646611809176,1252,2026-01-29 15:42:39,0.543611043572203,0.2420574026015965,0.5644881456834727
mu_mig_c59_ws0208_2205,19,17,15.475457049679898,110.63594432655678,15.475457049679898,3124,2026-01-29 15:54:52,0.580501125642225,0.4227365141029697,0.2849423497908178
mu_mig_c59_ws0208_2205,19,18,19.163466038985597,128.37845222574626,19.163466038985597,2761,2026-01-29 15:52:42,0.8524826511826618,0.3892973505988141,0.2897741393660351
mu_mig_c59_ws0208_2205,19,19,27.57138522167336,139.20157029701855,27.57138522167336,2355,2026-01-29 15:48:44,0.4875739643095665,0.3609485224797369,0.5729212493321765
mu_mig_c59_ws0208_2205,19,20,99.75584726884476,20.564332365570586,99.75584726884476,1234,2026-01-29 16:13:25,0.1568219607813624,0.2175664533297282,0.4403634910888261
mu_mig_c59_ws0208_2205,19,21,23.48076357195156,90.09909928857653,23.48076357195156,1012,2026-01-29 16:14:12,0.5859207125658301,0.1854930542760178,0.4564967106458279
mu_mig_c59_ws0208_2205,19,22,21.11608829581876,94.30040238090626,21.11608829581876,1095,2026-01-29 16:16:14,0.9535692224101334,0.2121601748494723,0.3456774694586543
mu_mig_c59_ws0208_2205,19,23,46.976932626342155,157.98596222979313,46.976932626342155,2207,2026-01-29 16:18:37,0.6654908170839436,0.3505058977338283,0.5519199918671309
mu_mig_c59_ws0208_2205,19,24,26.321628512701928,138.01387375944003,26.321628512701928,2251,2026-01-29 16:18:43,0.606902908628203,0.3463564825519886,0.4906017720289279
mu_mig_c59_ws0208_2205,20,0,102.54552190295337,24.531999135875342,102.54552190295337,542,2026-01-29 17:06:47,0.4734068779689017,0.05616881638887005,0.3388140464611752
mu_mig_c59_ws0208_2205,20,1,19.13322589325661,129.25226598224668,19.13322589325661,1217,2026-01-29 17:01:45,0.6668776490909165,0.2288553410746366,0.6148381699573828
mu_mig_c59_ws0208_2205,20,2,8.588185972719971,110.95398316182201,8.588185972719971,1716,2026-01-29 17:06:52,0.6757266863498579,0.2941850524735058,0.42395870427134624
mu_mig_c59_ws0208_2205,20,3,41.205154699977456,74.49233061277975,41.205154699977456,1468,2026-01-29 17:05:38,0.429382915464278,0.2633662601642553,0.4524624647333685
mu_mig_c59_ws0208_2205,20,4,49.424247497678856,158.46039155595832,49.424247497678856,1228,2026-01-29 16:59:02,0.7459826997434581,0.22822121885695168,0.7311108886308446
mu_mig_c59_ws0208_2205,20,5,17.762146178176415,119.94701913889496,17.762146178176415,3813,2026-01-29 17:14:51,0.5877963208460742,0.4469659214042642,0.27310296289829805
mu_mig_c59_ws0208_2205,20,6,16.178827219850668,100.5403188548869,16.178827219850668,1422,2026-01-29 17:04:36,0.511374150912609,0.2603667005768307,0.5015692890295502
mu_mig_c59_ws0208_2205,20,7,72.42950662327006,42.33840721973299,72.42950662327006,480,2026-01-29 16:57:59,0.5110875838182335,0.02368314832747316,0.37771067405612224
mu_mig_c59_ws0208_2205,20,8,13.55359506035112,107.79680273293391,13.55359506035112,2040,2026-01-29 17:08:11,0.3682930746972897,0.3240398977497942,0.5353631720081515
mu_mig_c59_ws0208_2205,20,9,42.52191929047937,153.20886970659765,42.52191929047937,1753,2026-01-29 17:03:27,0.7012666597361933,0.2900710044324044,0.6268597579058784
mu_mig_c59_ws0208_2205,20,10,12.319815707880165,104.94338839110902,12.319815707880165,547,2026-01-29 16:59:01,0.6950119497534603,0.06790131089442857,0.6633080739748924
mu_mig_c59_ws0208_2205,20,11,21.294434941330184,129.3780878506535,21.294434941330184,1179,2026-01-29 16:59:53,0.5533392977707358,0.22279162979838946,0.670050423596315
mu_mig_c59_ws0208_2205,20,12,34.811881064115816,146.31143593732105,34.811881064115816,2612,2026-01-29 17:08:34,0.4422852444020417,0.3836831800290248,0.6417503058096488
mu_mig_c59_ws0208_2205,20,13,37.6476958636351,145.2703906090381,37.6476958636351,889,2026-01-29 17:00:26,0.7688440624000129,0.16850191390315475,0.6910472778411649
mu_mig_c59_ws0208_2205,20,14,29.42232161896296,86.07693582482021,29.42232161896296,1501,2026-01-29 17:03:31,0.5214361872113596,0.2669700428067236,0.422936875600854
mu_mig_c59_ws0208_2205,20,15,37.85182389825755,79.29682666831009,37.85182389825755,1596,2026-01-29 17:05:30,0.5017304498044438,0.2834861940097841,0.39201637894391617
mu_mig_c59_ws0208_2205,20,16,8.192412231602344,115.68598196322759,8.192412231602344,1503,2026-01-29 17:04:25,0.5516280748834006,0.2839348496734437,0.5569416377643621
mu_mig_c59_ws0208_2205,20,17,91.60740314480901,202.47281006386487,91.60740314480901,3536,2026-01-29 17:15:10,0.6148598503888116,0.4308480135781583,0.7494382089969549
mu_mig_c59_ws0208_2205,20,18,17.2172980734174,118.86968702483699,17.2172980734174,2893,2026-01-29 17:13:09,0.838628988360216,0.4016647889188226,0.266841040048838
mu_mig_c59_ws0208_2205,20,19,12.929081363469493,123.91417759351026,12.929081363469493,1875,2026-01-29 17:06:30,0.5174895526099297,0.3147869946352788,0.5447637817865243
mu_mig_c59_ws0208_2205,20,20,83.89688889702637,36.15009002080321,83.89688889702637,1289,2026-01-29 17:33:28,0.2126062184936574,0.2431697096832282,0.4670759104894305
mu_mig_c59_ws0208_2205,20,21,37.547165819542776,76.96859976232318,37.547165819542776,844,2026-01-29 17:33:23,0.6174226521029694,0.15254346331444085,0.4380726345094883
mu_mig_c59_ws0208_2205,20,22,19.15996190311928,96.7961177009364,19.15996190311928,1241,2026-01-29 17:34:34,0.8717405648642832,0.2341137270040923,0.3477721726726365
mu_mig_c59_ws0208_2205,20,23,41.885738070592325,152.6961483057512,41.885738070592325,1703,2026-01-29 17:37:40,0.7519442418939528,0.2890593132361253,0.556888534569324
mu_mig_c59_ws0208_2205,20,24,45.244083957838285,156.9243170077882,45.244083957838285,3207,2026-01-29 17:40:56,0.5802041320790314,0.42404877290651255,0.5069911750879685
mu_mig_c59_ws0208_2205,21,0,29.21980184928479,138.23074757319628,29.21980184928479,4848,2026-01-29 18:40:46,0.4665901000270919,0.4987776622823964,0.33501101616249945
mu_mig_c59_ws0208_2205,21,1,24.64523114250034,133.71106049510567,24.64523114250034,1034,2026-01-29 18:23:30,0.7322366281346555,0.19763152607196738,0.6295918188300229
mu_mig_c59_ws0208_2205,21,2,12.17252005871524,105.49281151519975,12.17252005871524,1633,2026-01-29 18:27:44,0.6721603848881144,0.291200113598066,0.38064395094442355
mu_mig_c59_ws0208_2205,21,3,21.590288562324183,94.28916120598032,21.590288562324183,1566,2026-01-29 18:25:11,0.4930764007121349,0.27070315118740085,0.46163119596018365
mu_mig_c59_ws0208_2205,21,4,60.65337430749287,169.40538273530578,60.65337430749287,1415,2026-01-29 18:24:48,0.7366996404762699,0.2523136356547324,0.7466054163832244
mu_mig_c59_ws0208_2205,21,5,16.483441414137395,120.4444799345932,16.483441414137395,3655,2026-01-29 18:36:33,0.5969404896489688,0.4406823164757968,0.2769023146183088
mu_mig_c59_ws0208_2205,21,6,23.976413751407506,91.08672018417512,23.976413751407506,1346,2026-01-29 18:25:30,0.5121817506066833,0.2474312000945803,0.47971832737698067
mu_mig_c59_ws0208_2205,21,7,24.237989728186,134.96707363957185,24.237989728186,3614,2026-01-29 18:38:20,0.5266327217042602,0.45187024121500263,0.4010691583552244
mu_mig_c59_ws0208_2205,21,8,15.82483639079515,126.12901887718348,15.82483639079515,2197,2026-01-29 18:30:22,0.4327130666744319,0.33875816481109533,0.5614538106045692
mu_mig_c59_ws0208_2205,21,9,41.99820987942382,152.81513555319071,41.99820987942382,1773,2026-01-29 18:26:05,0.6759018990815896,0.3002630653622337,0.6223257244788175
mu_mig_c59_ws0208_2205,21,10,12.854274705894166,103.51697135704279,12.854274705894166,545,2026-01-29 18:19:50,0.6960722903385727,0.06294852459126285,0.6586372843684756
mu_mig_c59_ws0208_2205,21,11,19.58041333737538,128.50715619750673,19.58041333737538,1197,2026-01-29 18:24:54,0.5889590901090979,0.22597154034068237,0.6599709776848734
mu_mig_c59_ws0208_2205,21,12,37.58245761479294,149.19578952484127,37.58245761479294,2679,2026-01-29 18:33:03,0.4489390479619711,0.39128741284349217,0.6106313378455532
mu_mig_c59_ws0208_2205,21,13,40.3058928032843,148.31188053853182,40.3058928032843,1002,2026-01-29 18:20:53,0.7308706256254159,0.1775039874265262,0.6947285781663787
mu_mig_c59_ws0208_2205,21,14,10.524034563422955,110.46465136133911,10.524034563422955,2074,2026-01-29 18:29:29,0.5588505139359092,0.32637119985482077,0.41166018940120785
mu_mig_c59_ws0208_2205,21,15,24.678505218926684,92.8586895684719,24.678505218926684,1789,2026-01-29 18:29:56,0.5425818003424593,0.30638285342428484,0.3972316838121104
mu_mig_c59_ws0208_2205,21,16,26.176592345754685,137.0175387077634,26.176592345754685,1996,2026-01-29 18:28:32,0.5580416999323586,0.31743680733092144,0.5509044314290737
mu_mig_c59_ws0208_2205,21,17,85.28086309899649,195.95989943053112,85.28086309899649,3190,2026-01-29 18:39:48,0.626010286897753,0.4273401326750488,0.7099574941046047
mu_mig_c59_ws0208_2205,21,18,104.28475210874811,214.30588267483944,104.28475210874811,3138,2026-01-29 18:34:46,0.8275460581022595,0.41155873957482947,0.7484945605950803
mu_mig_c59_ws0208_2205,21,19,6.0960543418733035,112.93043477552729,6.0960543418733035,1456,2026-01-29 18:25:54,0.5491104492558782,0.2744599967220899,0.5225402284106045
mu_mig_c59_ws0208_2205,21,20,56.361498777322865,60.35819481994719,56.361498777322865,1471,2026-01-29 18:55:42,0.31568567474585524,0.26703428222795533,0.4838143379306394
mu_mig_c59_ws0208_2205,21,21,46.271573237629084,69.35025581677122,46.271573237629084,843,2026-01-29 18:54:24,0.6263784827198017,0.1479244238791017,0.41770848692123647
mu_mig_c59_ws0208_2205,21,22,11.392041858960402,105.72917100922889,11.392041858960402,1574,2026-01-29 19:04:28,0.8017472370898504,0.2701797344817529,0.3538941775163491
mu_mig_c59_ws0208_2205,21,23,30.664314864285853,140.85317715197894,30.664314864285853,1349,2026-01-29 19:03:06,0.8211069817419602,0.23990204563796294,0.5608633687310782
mu_mig_c59_ws0208_2205,21,24,59.31721983643467,171.39750302597378,59.31721983643467,4062,2026-01-29 19:11:14,0.5480365020611769,0.458472151101239,0.5275212157593638
mu_mig_c59_ws0208_2205,22,0,15.47697927095909,118.99456810516659,15.47697927095909,3539,2026-01-29 20:09:26,0.48129323356150266,0.4386404125288448,0.342984657171545
mu_mig_c59_ws0208_2205,22,1,25.902720979399295,134.07030450489117,25.902720979399295,895,2026-01-29 19:50:25,0.7845238113696467,0.17265247406983203,0.6413947379281348
mu_mig_c59_ws0208_2205,22,2,29.935305397102145,87.32534449819997,29.935305397102145,1588,2026-01-29 19:58:58,0.6693073437187196,0.2888121624977142,0.3459921482828854
mu_mig_c59_ws0208_2205,22,3,22.317942910025348,94.67103288939603,22.317942910025348,1590,2026-01-29 19:56:11,0.5440311889104205,0.2765726640059173,0.4689661809416358
mu_mig_c59_ws0208_2205,22,4,59.93046976852032,168.51232456898154,59.93046976852032,1275,2026-01-29 19:52:30,0.7275787544997773,0.24922769091929362,0.7467132820821811
mu_mig_c59_ws0208_2205,22,5,16.99430230240051,122.3061314739509,16.99430230240051,3401,2026-01-29 20:05:49,0.6042558246912845,0.43565543253302286,0.2799417959943174
mu_mig_c59_ws0208_2205,22,6,31.336485664571512,83.36495520802892,31.336485664571512,1319,2026-01-29 19:54:49,0.5080850268330721,0.23939327646231598,0.46091880312250183
mu_mig_c59_ws0208_2205,22,7,15.48204212986403,125.42611494605151,15.48204212986403,2794,2026-01-29 20:03:53,0.5390688320130816,0.3944199155250262,0.4197559457945061
mu_mig_c59_ws0208_2205,22,8,20.435367173350052,131.7314326333196,20.435367173350052,2233,2026-01-29 20:01:50,0.4842490602561456,0.35053277846013625,0.5823263214817035
mu_mig_c59_ws0208_2205,22,9,37.43395574675131,147.8293354144029,37.43395574675131,1607,2026-01-29 19:56:18,0.6330575234245536,0.280237431797922,0.6334202381117479
mu_mig_c59_ws0208_2205,22,10,13.244072249967633,106.21945087745979,13.244072249967633,541,2026-01-29 19:49:56,0.6969205628066626,0.058986295548730285,0.6549006526833422
mu_mig_c59_ws0208_2205,22,11,27.846801954496282,135.68523334684124,27.846801954496282,1230,2026-01-29 19:56:11,0.6174549239797875,0.2285154687745167,0.6519074209557203
mu_mig_c59_ws0208_2205,22,12,21.45921599041412,132.89069218192543,21.45921599041412,2640,2026-01-29 20:04:34,0.45123215487349244,0.3922207626262681,0.572519171569267
mu_mig_c59_ws0208_2205,22,13,32.54535588753406,139.84735301692794,32.54535588753406,979,2026-01-29 19:53:11,0.7007733965438862,0.18473791138219034,0.694837615720027
mu_mig_c59_ws0208_2205,22,14,12.235821422874812,120.69593172797701,12.235821422874812,2455,2026-01-29 20:01:30,0.5887819753155489,0.37389212549329853,0.4026388404414909
mu_mig_c59_ws0208_2205,22,15,11.762907207465446,114.56515309911772,11.762907207465446,2047,2026-01-29 19:59:01,0.5804471320452751,0.32856810257041835,0.4038447517410335
mu_mig_c59_ws0208_2205,22,16,25.895280874449284,137.35181726937643,25.895280874449284,2083,2026-01-29 20:00:27,0.5613721064409819,0.33121448647537766,0.5424427927948638
mu_mig_c59_ws0208_2205,22,17,87.03454294707397,197.9180459012166,87.03454294707397,3397,2026-01-29 20:08:01,0.634930636104906,0.42453382795256117,0.6783729221907248
mu_mig_c59_ws0208_2205,22,18,97.83057388029991,208.09990522263791,97.83057388029991,3097,2026-01-29 20:03:58,0.8098635740168483,0.4245636798989816,0.719536010108127
mu_mig_c59_ws0208_2205,22,19,11.160745764233251,103.80723917549682,11.160745764233251,1368,2026-01-29 19:56:35,0.5744071665726369,0.24219839839153884,0.5047613857098687
mu_mig_c59_ws0208_2205,22,20,14.126779924652945,100.58413887674304,14.126779924652945,1654,2026-01-29 20:28:16,0.4091858704900987,0.2874752066011289,0.4912834330565006
mu_mig_c59_ws0208_2205,22,21,43.71025888583021,70.77672950560722,43.71025888583021,882,2026-01-29 20:25:51,0.6101800470900332,0.16393090957918258,0.41717857257258506
mu_mig_c59_ws0208_2205,22,22,15.64126881852935,103.89027888870453,15.64126881852935,1719,2026-01-29 20:31:14,0.7457525748703042,0.2990325404638814,0.3587917813913191
mu_mig_c59_ws0208_2205,22,23,24.66010292414102,133.61873417747327,24.66010292414102,1073,2026-01-29 20:29:51,0.852288051261801,0.19273728536760212,0.5830839675601712
mu_mig_c59_ws0208_2205,22,24,61.33449322729618,173.34965253970734,61.33449322729618,4346,2026-01-29 20:36:56,0.48724939757237395,0.48110421716231244,0.5642208654360048
mu_mig_c59_ws0208_2205,23,0,21.04883693763176,100.46506201219127,21.04883693763176,2803,2026-01-29 21:30:02,0.49305574038903127,0.39053061272600353,0.3493635699787815
mu_mig_c59_ws0208_2205,23,1,29.8471219790601,137.97516286459023,29.8471219790601,838,2026-01-29 21:16:29,0.8263535579576397,0.15266923246812375,0.6508370732066245
mu_mig_c59_ws0208_2205,23,2,26.31465377139066,90.8806384970958,26.31465377139066,1739,2026-01-29 21:25:04,0.6776717068544553,0.2870052806495982,0.32170403502710665
mu_mig_c59_ws0208_2205,23,3,12.842810563326532,102.13530251898756,12.842810563326532,1489,2026-01-29 21:21:26,0.5847950194690489,0.2812682742607304,0.4748341689267975
mu_mig_c59_ws0208_2205,23,4,52.43862362209025,160.90469939295846,52.43862362209025,1274,2026-01-29 21:20:03,0.7184895001515178,0.22985663163885056,0.7429824813466936
mu_mig_c59_ws0208_2205,23,5,16.20528372126128,116.4366235494868,16.20528372126128,3633,2026-01-29 21:35:37,0.5765611322413028,0.43228718845732766,0.28281525590110174
mu_mig_c59_ws0208_2205,23,6,27.49381359387473,86.83576219499574,27.49381359387473,1315,2026-01-29 21:20:56,0.512820320958932,0.24257292998229601,0.4475374452294843
mu_mig_c59_ws0208_2205,23,7,9.038613652687845,114.83367333948236,9.038613652687845,2188,2026-01-29 21:26:18,0.5684886623049554,0.34732860456574566,0.4335272252082066
mu_mig_c59_ws0208_2205,23,8,35.538950011967806,146.57296323115352,35.538950011967806,2351,2026-01-29 21:27:43,0.5254778551215166,0.359952469379369,0.5990243301834108
mu_mig_c59_ws0208_2205,23,9,27.63219592818274,137.50255688738181,27.63219592818274,1432,2026-01-29 21:21:57,0.5940679018328456,0.2593660728335037,0.6472302292812971
mu_mig_c59_ws0208_2205,23,10,12.385484538565585,105.3485310840292,12.385484538565585,527,2026-01-29 21:16:34,0.6975991807811346,0.055816512314704234,0.6519113473352354
mu_mig_c59_ws0208_2205,23,11,21.61866766598101,131.42469348068232,21.61866766598101,1210,2026-01-29 21:20:20,0.6402515910763392,0.23055061152158415,0.6454565755723977
mu_mig_c59_ws0208_2205,23,12,24.116767089064144,135.76151764573402,24.116767089064144,2735,2026-01-29 21:29:13,0.4570712743836679,0.38835125628428513,0.5447698721942333
mu_mig_c59_ws0208_2205,23,13,37.72677929280635,146.14426004702568,37.72677929280635,1018,2026-01-29 21:17:44,0.7042448877176555,0.18859475339066334,0.6830468260232301
mu_mig_c59_ws0208_2205,23,14,24.289055249842683,135.5984315067816,24.289055249842683,3022,2026-01-29 21:31:13,0.6127271444192606,0.4119088660040807,0.3954217612737173
mu_mig_c59_ws0208_2205,23,15,11.03076257190562,119.23819211433614,11.03076257190562,2206,2026-01-29 21:26:10,0.6107393974075278,0.34631630188732515,0.409135206084172
mu_mig_c59_ws0208_2205,23,16,22.346273417954695,133.80696320911684,22.346273417954695,2181,2026-01-29 21:28:00,0.5356378795444331,0.3452956064028393,0.5449192960381418
mu_mig_c59_ws0208_2205,23,17,78.2282511328735,189.38837234923554,78.2282511328735,3314,2026-01-29 21:32:04,0.6420669154706284,0.4222887841745711,0.6531052646596207
mu_mig_c59_ws0208_2205,23,18,98.71342047309251,209.085404962395,98.71342047309251,3476,2026-01-29 21:33:08,0.7404935212516953,0.43495902659609853,0.687539881934695
mu_mig_c59_ws0208_2205,23,19,24.29740399741564,89.55388857359291,24.29740399741564,1132,2026-01-29 21:21:17,0.594644540426044,0.21638911972709796,0.49053831154928007
mu_mig_c59_ws0208_2205,23,20,12.31656520601275,103.6831215509559,12.31656520601275,1778,2026-01-29 21:55:10,0.48398602708549343,0.3038279460996678,0.49725870915718956
mu_mig_c59_ws0208_2205,23,21,32.69901187632073,81.9066648874715,32.69901187632073,980,2026-01-29 21:53:23,0.585969180220157,0.18379872048139698,0.4215881397940504
mu_mig_c59_ws0208_2205,23,22,15.379723993432611,103.18438292376534,15.379723993432611,2033,2026-01-29 21:57:13,0.7009568450946673,0.3221147852495842,0.36270986449129516
mu_mig_c59_ws0208_2205,23,23,22.489204926534676,131.1267821619327,22.489204926534676,855,2026-01-29 21:51:32,0.8772329068776736,0.15500547715131346,0.6008604466234455
mu_mig_c59_ws0208_2205,23,24,71.33428057123594,183.27463654667076,71.33428057123594,4769,2026-01-29 22:06:37,0.42777213228739125,0.4953063363915173,0.5950521508225216
mu_mig_c59_ws0208_2205,24,0,25.999091500420562,93.77281669311954,25.999091500420562,2336,2026-01-29 22:57:49,0.5024657458510542,0.35204277288373054,0.3544667002245706
mu_mig_c59_ws0208_2205,24,1,22.192438829192728,129.60678824427384,22.192438829192728,756,2026-01-29 22:45:56,0.8677758992264585,0.13678818387015318,0.6423988332386801
mu_mig_c59_ws0208_2205,24,2,35.42581121908378,83.61527672313535,35.42581121908378,1772,2026-01-29 22:54:52,0.686524750609238,0.2993437487722768,0.3026926185114519
mu_mig_c59_ws0208_2205,24,3,7.892809843517483,114.31596115048723,7.892809843517483,1666,2026-01-29 22:54:24,0.6174060839159516,0.2850247624645809,0.4795285593149268
mu_mig_c59_ws0208_2205,24,4,42.13661955137256,150.37475616778337,42.13661955137256,1102,2026-01-29 22:49:01,0.7107601496179594,0.20900572089927325,0.7325189125962026
mu_mig_c59_ws0208_2205,24,5,19.172110360917266,106.11595014596688,19.172110360917266,3212,2026-01-29 22:59:36,0.5544053782813175,0.4295925931967715,0.2851140238265292
mu_mig_c59_ws0208_2205,24,6,30.282737037807625,85.70532345714972,30.282737037807625,1338,2026-01-29 22:51:55,0.5370050586249518,0.24806392133818203,0.447181393472294
mu_mig_c59_ws0208_2205,24,7,10.841106949456822,119.10824190240156,10.841106949456822,1951,2026-01-29 22:52:38,0.5920245265384544,0.3096555557983212,0.444544248739167
mu_mig_c59_ws0208_2205,24,8,48.62519623746125,159.9428292102848,48.62519623746125,2588,2026-01-29 23:00:18,0.5620759562758688,0.367484635753656,0.6028604041958796
mu_mig_c59_ws0208_2205,24,9,23.34443239317958,130.91553744710077,23.34443239317958,1243,2026-01-29 22:50:46,0.581346673020001,0.23728272407526327,0.6581780760371402
mu_mig_c59_ws0208_2205,24,10,14.28155495729517,102.57795100946184,14.28155495729517,531,2026-01-29 22:45:48,0.6981420751607121,0.05328068572748339,0.64951990305675
mu_mig_c59_ws0208_2205,24,11,28.44190461431908,138.33830371973028,28.44190461431908,1258,2026-01-29 22:51:13,0.6584889247535806,0.23217872571923812,0.6402958992657396
mu_mig_c59_ws0208_2205,24,12,24.028710115031632,134.82297747936195,24.028710115031632,2719,2026-01-29 23:03:25,0.4712584083112652,0.38444928749742113,0.5226123687958684
mu_mig_c59_ws0208_2205,24,13,27.388390173482005,136.072478544236,27.388390173482005,1083,2026-01-29 22:48:58,0.7024125152704702,0.20646816447704092,0.6646890631192515
mu_mig_c59_ws0208_2205,24,14,25.7995975099927,137.01670841982036,25.7995975099927,3053,2026-01-29 23:05:11,0.631134331407473,0.4167007877188109,0.39167404639380543
mu_mig_c59_ws0208_2205,24,15,22.02007573592094,133.33659509601208,22.02007573592094,2492,2026-01-29 22:59:04,0.6263732571428358,0.3606474997949324,0.41995184893435866
mu_mig_c59_ws0208_2205,24,16,23.50446805158691,135.1499575671419,23.50446805158691,2338,2026-01-29 22:55:40,0.515050498027194,0.3565605023448086,0.5469004986327641
mu_mig_c59_ws0208_2205,24,17,73.2474199608246,184.37405543965073,73.2474199608246,3088,2026-01-29 22:59:03,0.6477759389632064,0.42049274915217905,0.6328911386347376
mu_mig_c59_ws0208_2205,24,18,83.989787225008,194.98403986055067,83.989787225008,3427,2026-01-29 23:06:47,0.6521334129307199,0.4392862650112155,0.6567739579072174
mu_mig_c59_ws0208_2205,24,19,21.476057139142437,91.99473586440381,21.476057139142437,1068,2026-01-29 22:46:22,0.6108344395087696,0.19574169679554526,0.47915985222080915
mu_mig_c59_ws0208_2205,24,20,7.744293192690028,114.53336183187494,7.744293192690028,1886,2026-01-29 23:27:54,0.5438261523618092,0.3169101376984989,0.5020389300377408
mu_mig_c59_ws0208_2205,24,21,47.838322801730015,68.51050198510536,47.838322801730015,1042,2026-01-29 23:21:20,0.5383992402047222,0.20242227312523642,0.42643244217035847
mu_mig_c59_ws0208_2205,24,22,13.196252797697511,110.46308548358405,13.196252797697511,2210,2026-01-29 23:23:27,0.6651202612741577,0.3405805810781464,0.365844330971276
mu_mig_c59_ws0208_2205,24,23,20.585441877662674,128.523653315158,20.585441877662674,733,2026-01-29 23:27:43,0.8971887913703718,0.12482003057828255,0.6150816298740651
mu_mig_c59_ws0208_2205,24,24,65.5874320003658,177.69086900629765,65.5874320003658,4852,2026-01-29 23:32:33,0.38064316560730127,0.4990408790587358,0.6141429123989388
mu_mig_c59_ws0208_2205,25,0,27.27487046572372,90.16220556065548,27.27487046572372,1895,2026-01-30 00:19:36,0.5585806759375155,0.31913606782638654,0.361337216226804
mu_mig_c59_ws0208_2205,25,1,29.26424899762733,136.82063180545654,29.26424899762733,733,2026-01-30 00:12:35,0.9116742847751031,0.1205246174019748,0.6327032590755326
mu_mig_c59_ws0208_2205,25,2,15.412184378443653,102.17121965653088,15.412184378443653,2008,2026-01-30 00:20:12,0.6933123219949724,0.32399689483022986,0.30894969444698867
mu_mig_c59_ws0208_2205,25,3,13.043850662956197,123.64020710729191,13.043850662956197,1691,2026-01-30 00:17:36,0.6434949354734738,0.2880299530276613,0.4832840716254303
mu_mig_c59_ws0208_2205,25,4,43.42012958599166,150.9319898595691,43.42012958599166,1007,2026-01-30 00:15:31,0.7034655000972525,0.19158253655310198,0.7207186167913779
mu_mig_c59_ws0208_2205,25,5,22.5883647797999,101.82572762504387,22.5883647797999,3127,2026-01-30 00:29:08,0.5366807751133292,0.4274369169883266,0.2869530381668712
mu_mig_c59_ws0208_2205,25,6,24.119477166879335,91.27819979604982,24.119477166879335,1424,2026-01-30 00:17:25,0.5563528487577677,0.25245671442289086,0.44689655206654183
mu_mig_c59_ws0208_2205,25,7,5.962192408500048,113.7483258972394,5.962192408500048,1601,2026-01-30 00:16:22,0.6142205159414119,0.2747376615216063,0.4571620660539602
mu_mig_c59_ws0208_2205,25,8,43.101353312598306,154.21012012308327,43.101353312598306,2442,2026-01-30 00:24:25,0.5726895272194055,0.3713374398962244,0.5879717185847328
mu_mig_c59_ws0208_2205,25,9,14.85433616251431,122.34515210212585,14.85433616251431,1166,2026-01-30 00:16:28,0.5711696899697253,0.2196160450686709,0.6669363534418147
mu_mig_c59_ws0208_2205,25,10,14.086692711484089,104.41500017684652,14.086692711484089,523,2026-01-30 00:12:47,0.6985763906643742,0.05125202445770671,0.6476067476339616
mu_mig_c59_ws0208_2205,25,11,29.2697804321316,138.73426848194836,29.2697804321316,1197,2026-01-30 00:16:19,0.6864028816437305,0.2245292227902633,0.6446816936103112
mu_mig_c59_ws0208_2205,25,12,22.647278078720674,132.96358454961359,22.647278078720674,2566,2026-01-30 00:25:07,0.48691705783788547,0.3792888235520402,0.5142465808132524
mu_mig_c59_ws0208_2205,25,13,33.55920864823466,141.98701791522504,33.55920864823466,1213,2026-01-30 00:13:55,0.700946617312722,0.220766893346143,0.6500028527960686
mu_mig_c59_ws0208_2205,25,14,27.55080101793105,138.45388378763792,27.55080101793105,3141,2026-01-30 00:27:51,0.6458286229326214,0.4122481236229752,0.3975402715478913
mu_mig_c59_ws0208_2205,25,15,21.179631513053305,130.78108609682732,21.179631513053305,2548,2026-01-30 00:24:56,0.6273006590444169,0.3705543648695695,0.4341223739973121
mu_mig_c59_ws0208_2205,25,16,28.855109645491755,139.92874151003804,28.855109645491755,2468,2026-01-30 00:22:41,0.4985805928134028,0.36557241909838406,0.548485460708462
mu_mig_c59_ws0208_2205,25,17,76.17767592792744,187.3664493727179,76.17767592792744,3189,2026-01-30 00:27:12,0.6523431577572688,0.4190559211342654,0.6167198378148309
mu_mig_c59_ws0208_2205,25,18,82.47639801484618,193.81643017046432,82.47639801484618,3818,2026-01-30 00:29:14,0.5797876368486536,0.44188356983369115,0.6227727075888128
mu_mig_c59_ws0208_2205,25,19,23.394569928068986,90.89800443667771,23.394569928068986,958,2026-01-30 00:13:13,0.6237863587749501,0.17922375845030308,0.47005708475803243
mu_mig_c59_ws0208_2205,25,20,17.95326211750397,129.15279752809744,17.95326211750397,1974,2026-01-30 00:52:05,0.5916982525828619,0.3273758909775638,0.5058631067421817
mu_mig_c59_ws0208_2205,25,21,41.68718555035977,73.79944014502748,41.68718555035977,1201,2026-01-30 00:50:16,0.4999416563357831,0.2194380888933989,0.4317112132192868
mu_mig_c59_ws0208_2205,25,22,9.893363690398491,112.30109454115448,9.893363690398491,2300,2026-01-30 00:51:53,0.63645099421775,0.3553532177409962,0.36835190415526065
mu_mig_c59_ws0208_2205,25,23,20.10499172165402,127.30020239051015,20.10499172165402,666,2026-01-30 00:48:20,0.9131534989645302,0.10067167331985781,0.6264585764745607
mu_mig_c59_ws0208_2205,25,24,54.79887289236203,166.29678146042556,54.79887289236203,4333,2026-01-30 00:59:24,0.3507907517756365,0.48983580738074883,0.6143816937718192
mu_mig_c59_ws0208_2205,26,0,27.868049409920978,88.83800257161792,27.868049409920978,1674,2026-01-30 01:44:27,0.6164939831726142,0.2938204813783998,0.36848574312115834
mu_mig_c59_ws0208_2205,26,1,21.84237071457604,129.28895059626305,21.84237071457604,655,2026-01-30 01:37:29,0.9470487996664275,0.10556171036178913,0.6233657695186081
mu_mig_c59_ws0208_2205,26,2,17.234902543152835,102.72178169177525,17.234902543152835,2249,2026-01-30 01:49:38,0.6963809744083288,0.34481450671110625,0.3158378375604459
mu_mig_c59_ws0208_2205,26,3,9.886045180287429,118.10288149443744,9.886045180287429,1629,2026-01-30 01:43:45,0.6602581642895643,0.2867251293127329,0.4838638166799972
mu_mig_c59_ws0208_2205,26,4,31.19145712164322,137.53335455832942,31.19145712164322,974,2026-01-30 01:41:35,0.6968947170389512,0.1852857718024369,0.6841550722603402
mu_mig_c59_ws0208_2205,26,5,14.502880600911663,116.07298942199024,14.502880600911663,3046,2026-01-30 01:54:15,0.559413580183954,0.4109641990842099,0.30104435708988136
mu_mig_c59_ws0208_2205,26,6,14.548485551841608,100.71369500408306,14.548485551841608,1464,2026-01-30 01:43:54,0.5766144268700243,0.26274663398511516,0.4478752004657953
mu_mig_c59_ws0208_2205,26,7,10.395327339824702,108.21563866379874,10.395327339824702,1387,2026-01-30 01:44:27,0.631977307463778,0.2468033461002343,0.4672563199057948
mu_mig_c59_ws0208_2205,26,8,44.012225919383205,154.9832962434552,44.012225919383205,2590,2026-01-30 01:52:35,0.5694618061547123,0.3728892785180367,0.5641414344232679
mu_mig_c59_ws0208_2205,26,9,20.410388235955864,128.45099486455862,20.410388235955864,1084,2026-01-30 01:39:51,0.5630281035295047,0.20548270186339704,0.6739429753655541
mu_mig_c59_ws0208_2205,26,10,14.146672851831426,102.01348544887794,14.146672851831426,505,2026-01-30 01:38:44,0.6989238430673038,0.049629095441885374,0.646076223295731
mu_mig_c59_ws0208_2205,26,11,27.20987869076337,136.17960501825186,27.20987869076337,1129,2026-01-30 01:43:26,0.7087340471558505,0.21840962044708345,0.6481903290859685
mu_mig_c59_ws0208_2205,26,12,24.581070948773377,135.2731798690498,24.581070948773377,2551,2026-01-30 01:51:50,0.4994439774591817,0.3751604523957354,0.5075539504271596
mu_mig_c59_ws0208_2205,26,13,33.88671306804324,142.85109303894916,33.88671306804324,1230,2026-01-30 01:41:14,0.6975805291803229,0.2331787570977575,0.6362795155940091
mu_mig_c59_ws0208_2205,26,14,30.853252078173966,142.12257060272552,30.853252078173966,2943,2026-01-30 01:51:34,0.6568813435404774,0.4069488147207268,0.40997006235284317
mu_mig_c59_ws0208_2205,26,15,33.052177898783015,144.6383612171178,33.052177898783015,2742,2026-01-30 01:52:35,0.6280425805656817,0.3784798569292792,0.44545879404767486
mu_mig_c59_ws0208_2205,26,16,27.972882096692814,139.7322592855013,27.972882096692814,2623,2026-01-30 01:51:33,0.480741034170379,0.3733343783872692,0.5463030270057884
mu_mig_c59_ws0208_2205,26,17,77.20779347850817,188.5339452349115,77.20779347850817,3245,2026-01-30 01:55:22,0.6559969327925187,0.4179064587199344,0.6037827971589056
mu_mig_c59_ws0208_2205,26,18,64.70432207939034,176.32361604321056,64.70432207939034,3497,2026-01-30 01:56:03,0.5355882503622887,0.44122258135684217,0.5952602224220996
mu_mig_c59_ws0208_2205,26,19,28.81190916771818,86.14026156403762,28.81190916771818,961,2026-01-30 01:41:59,0.6341478941878945,0.16600940777410936,0.462774870787811
mu_mig_c59_ws0208_2205,26,20,28.078648082959713,139.51848672769498,28.078648082959713,2141,2026-01-30 02:16:34,0.6380450129581104,0.3283022131033083,0.501088330249905
mu_mig_c59_ws0208_2205,26,21,33.08896636784534,81.36897813425996,33.08896636784534,1342,2026-01-30 02:16:48,0.47872303448966425,0.23783977362195835,0.43760497801353493
mu_mig_c59_ws0208_2205,26,22,11.67164916727042,118.68786969407014,11.67164916727042,2468,2026-01-30 02:19:06,0.6135155805726238,0.36717132707127603,0.3703579627024484
mu_mig_c59_ws0208_2205,26,23,15.11379646688562,120.69377777970827,15.11379646688562,612,2026-01-30 02:15:05,0.9259252650398571,0.08135298751311802,0.6355601337549571
mu_mig_c59_ws0208_2205,26,24,39.73039446544179,151.68075637081105,39.73039446544179,4355,2026-01-30 02:25:02,0.3269088207103047,0.48247175003835924,0.6145727188701234
mu_mig_c59_ws0208_2205,27,0,22.792094444957872,94.04576260482051,22.792094444957872,1620,2026-01-30 03:09:58,0.6621375342148326,0.27503578130617057,0.3743443153034953
mu_mig_c59_ws0208_2205,27,1,22.669161312441965,129.51946804753734,22.669161312441965,640,2026-01-30 03:05:04,0.9682905589578432,0.08625904259785809,0.6159211560210899
mu_mig_c59_ws0208_2205,27,2,12.049523702946482,111.30288194926588,12.049523702946482,2373,2026-01-30 03:16:41,0.6962946108654492,0.3637404663918509,0.33927518320525096
mu_mig_c59_ws0208_2205,27,3,12.30358452183891,122.63177340380534,12.30358452183891,1747,2026-01-30 03:11:14,0.6736687473424368,0.2856812703407902,0.48432761272365077
mu_mig_c59_ws0208_2205,27,4,24.93459721443682,133.36461821821212,24.93459721443682,1068,2026-01-30 03:04:54,0.6955582476524816,0.18987669077002053,0.6517378042287506
mu_mig_c59_ws0208_2205,27,5,12.548468428846071,111.87880867570138,12.548468428846071,2629,2026-01-30 03:19:29,0.5977619541859298,0.3897606720926844,0.33454054623573737
mu_mig_c59_ws0208_2205,27,6,14.96366171168302,102.99495772535275,14.96366171168302,1525,2026-01-30 03:10:57,0.5990768300661606,0.2706463202574794,0.44882928193270527
mu_mig_c59_ws0208_2205,27,7,16.411883862716337,98.76287287252428,16.411883862716337,1248,2026-01-30 03:08:17,0.6461827406816708,0.22445589376313674,0.47533172298726245
mu_mig_c59_ws0208_2205,27,8,36.420159613158056,147.2543570610753,36.420159613158056,2525,2026-01-30 03:16:44,0.5668043963529259,0.37429677030874403,0.5382366094855665
mu_mig_c59_ws0208_2205,27,9,13.808522647911518,119.4568067284022,13.808522647911518,1016,2026-01-30 03:06:30,0.5565148343773283,0.19417602729917793,0.6795482729045459
mu_mig_c59_ws0208_2205,27,10,14.610259351992282,100.52015145805429,14.610259351992282,550,2026-01-30 03:05:32,0.6992018049896476,0.0483307522292283,0.6448518038251465
mu_mig_c59_ws0208_2205,27,11,32.80231795067922,141.35528610481816,32.80231795067922,1107,2026-01-30 03:07:47,0.7265989795655465,0.21351393857253959,0.6509972374664944
mu_mig_c59_ws0208_2205,27,12,17.45925703852468,127.83759355641887,17.45925703852468,2514,2026-01-30 03:18:45,0.5094655131562187,0.3718577554706916,0.5021998461182853
mu_mig_c59_ws0208_2205,27,13,38.16035718843085,148.24312595259457,38.16035718843085,1338,2026-01-30 03:09:47,0.6960610046593942,0.24144431065718494,0.6299581526087423
mu_mig_c59_ws0208_2205,27,14,29.690698384248126,141.0552022673737,29.690698384248126,2855,2026-01-30 03:19:17,0.6657235200267623,0.4027093675989281,0.41991389499680465
mu_mig_c59_ws0208_2205,27,15,33.1525538910057,144.63761001645227,33.1525538910057,2680,2026-01-30 03:17:41,0.6367605745454882,0.3851753323007575,0.45383838983812763
mu_mig_c59_ws0208_2205,27,16,22.290073948997712,133.6392971618397,22.290073948997712,2590,2026-01-30 03:17:17,0.4679469876255302,0.3802163268722867,0.5424443574929038
mu_mig_c59_ws0208_2205,27,17,73.73048600759063,185.008230438901,73.73048600759063,3346,2026-01-30 03:20:28,0.6516475091134143,0.42546376524011287,0.5909601866224372
mu_mig_c59_ws0208_2205,27,18,58.02948100231191,169.51856641351426,58.02948100231191,3461,2026-01-30 03:22:40,0.5002287411731968,0.440693790575363,0.5732502342887291
mu_mig_c59_ws0208_2205,27,19,27.072583739914144,88.74862937392388,27.072583739914144,1003,2026-01-30 03:08:09,0.6416621348827668,0.18692655612110212,0.45696687966632915
mu_mig_c59_ws0208_2205,27,20,24.989748794055597,136.21479860739453,24.989748794055597,1910,2026-01-30 03:41:19,0.6794171162859899,0.323959056855073,0.4970742045578049
mu_mig_c59_ws0208_2205,27,21,35.117667953823776,80.94030036365801,35.117667953823776,1424,2026-01-30 03:42:10,0.4937218426653441,0.2534818092228494,0.4429893606813814
mu_mig_c59_ws0208_2205,27,22,11.882924594307896,113.07161498826036,11.882924594307896,2488,2026-01-30 03:45:26,0.5951672496565229,0.3766258145354999,0.37196280954019856
mu_mig_c59_ws0208_2205,27,23,16.13852918719945,122.06207978685778,16.13852918719945,545,2026-01-30 03:39:58,0.9361426779001185,0.06589803886772619,0.6428413795792742
mu_mig_c59_ws0208_2205,27,24,36.243605090993434,147.4141052391958,36.243605090993434,4180,2026-01-30 03:49:20,0.30780327585803924,0.4765805041644476,0.6147255389487669
mu_mig_c59_ws0208_2205,28,0,21.054952016817587,95.8000582999393,21.054952016817587,1471,2026-01-30 04:33:17,0.674294918168609,0.25879095291481835,0.39567920754397184
mu_mig_c59_ws0208_2205,28,1,17.426817168599797,123.22622469072499,17.426817168599797,551,2026-01-30 04:30:32,0.9795191149720684,0.06937262858263009,0.6168658673930465
mu_mig_c59_ws0208_2205,28,2,18.138834706623793,128.11264376505667,18.138834706623793,2721,2026-01-30 04:46:13,0.6962255200311455,0.37888123413644664,0.358025059721095
mu_mig_c59_ws0208_2205,28,3,11.875288920864458,122.02680641993149,11.875288920864458,1661,2026-01-30 04:33:44,0.6843972137847347,0.28484618316323607,0.48469864955857356
mu_mig_c59_ws0208_2205,28,4,23.788509373332875,131.9127866155485,23.788509373332875,1023,2026-01-30 04:29:09,0.694489072143306,0.19354942594408742,0.625803989803479
mu_mig_c59_ws0208_2205,28,5,11.486142113670384,119.37203987350595,11.486142113670384,2520,2026-01-30 04:38:19,0.6282168348999604,0.37156886225403546,0.37076470862398714
mu_mig_c59_ws0208_2205,28,6,7.62016028018032,115.10411548150825,7.62016028018032,1623,2026-01-30 04:35:59,0.6171357027161009,0.2802770250016834,0.4587904260795118
mu_mig_c59_ws0208_2205,28,7,11.809436336028712,102.56357513144368,11.809436336028712,1133,2026-01-30 04:31:17,0.6575470872559851,0.2065779318934587,0.4817920454524366
mu_mig_c59_ws0208_2205,28,8,31.24096819325211,142.9494347569426,31.24096819325211,2664,2026-01-30 04:41:20,0.5534222902636708,0.37504627188796447,0.5104148980946863
mu_mig_c59_ws0208_2205,28,9,16.1143804270983,122.5586238908448,16.1143804270983,1013,2026-01-30 04:30:46,0.5513042190555871,0.18513068764780266,0.6840325109357391
mu_mig_c59_ws0208_2205,28,10,15.068525695914747,100.9457446771716,15.068525695914747,530,2026-01-30 04:29:48,0.6994241745275226,0.04729207765910264,0.6438722682486788
mu_mig_c59_ws0208_2205,28,11,33.614993440275136,142.15566021573264,33.614993440275136,1073,2026-01-30 04:29:38,0.7357316566170374,0.2077625788475703,0.6534671145761437
mu_mig_c59_ws0208_2205,28,12,20.27101477727283,131.08575819936047,20.27101477727283,2474,2026-01-30 04:40:54,0.5174827417138482,0.36921559793065656,0.4979165626711858
mu_mig_c59_ws0208_2205,28,13,37.30136665618506,147.026276782219,37.30136665618506,1312,2026-01-30 04:34:16,0.7047598289333087,0.24745698499685548,0.6269524742222667
mu_mig_c59_ws0208_2205,28,14,33.245350789300794,144.45277666406463,33.245350789300794,2759,2026-01-30 04:47:10,0.6727972612157901,0.39931780990148913,0.4278689611119738
mu_mig_c59_ws0208_2205,28,15,35.86691851519261,147.08008061684498,35.86691851519261,2746,2026-01-30 04:42:05,0.6443720647794757,0.3952707462653657,0.4533246342817998
mu_mig_c59_ws0208_2205,28,16,24.22179433502496,135.6197190850001,24.22179433502496,2850,2026-01-30 04:41:45,0.46404245395741517,0.3838318705211106,0.5282914495614465
mu_mig_c59_ws0208_2205,28,17,71.80315804018024,183.3802956148037,71.80315804018024,3507,2026-01-30 04:50:25,0.6115910004241079,0.4337931270752426,0.5752439381271546
mu_mig_c59_ws0208_2205,28,18,43.18720945789498,154.97342995574024,43.18720945789498,3411,2026-01-30 04:44:48,0.4690711174083346,0.4382893771204312,0.5492231230450333
mu_mig_c59_ws0208_2205,28,19,26.703630687228376,87.25100260751711,26.703630687228376,1109,2026-01-30 04:31:50,0.6480203876586937,0.2099399488397637,0.4533836061572619
mu_mig_c59_ws0208_2205,28,20,34.99414570503664,145.77129707346043,34.99414570503664,1976,2026-01-30 05:07:41,0.7124302220240287,0.32039178478244945,0.49111518208367744
mu_mig_c59_ws0208_2205,28,21,13.469308342777625,102.13085434399554,13.469308342777625,1622,2026-01-30 05:07:01,0.5379810701449264,0.27176686428159874,0.44836274765405126
mu_mig_c59_ws0208_2205,28,22,16.91776957509355,125.38058286586154,16.91776957509355,2717,2026-01-30 05:08:57,0.5804885849236422,0.384189404506879,0.37324668701039876
mu_mig_c59_ws0208_2205,28,23,21.149202104910678,127.05442475359754,21.149202104910678,556,2026-01-30 05:07:03,0.9443166081883276,0.053534079951412725,0.648666376238728
mu_mig_c59_ws0208_2205,28,24,32.50908084800732,144.20069775577423,32.50908084800732,4123,2026-01-30 05:15:43,0.2925188399762269,0.47186750746531825,0.6148477950116815
mu_mig_c59_ws0208_2205,29,0,17.66525911692645,98.04289150050874,17.66525911692645,1370,2026-01-30 05:59:30,0.6681532286904606,0.25332246784035517,0.4363095923543429
mu_mig_c59_ws0208_2205,29,1,17.643591082094467,123.56543420762114,17.643591082094467,538,2026-01-30 05:54:26,0.9885019597834486,0.05586349737044769,0.617621636490612
mu_mig_c59_ws0208_2205,29,2,19.537819091642973,130.53713883428432,19.537819091642973,2703,2026-01-30 06:07:11,0.6889753311153991,0.3880846861211646,0.37567747567984167
mu_mig_c59_ws0208_2205,29,3,12.33802886267689,122.59263954786061,12.33802886267689,1662,2026-01-30 06:01:10,0.6929799869385731,0.2841781134211927,0.4849954790265118
mu_mig_c59_ws0208_2205,29,4,22.139625738683364,131.03682218401448,22.139625738683364,1079,2026-01-30 05:57:25,0.6936337317359654,0.19648761408334092,0.6050569382632616
mu_mig_c59_ws0208_2205,29,5,13.375021010903378,120.99517991202015,13.375021010903378,2349,2026-01-30 06:04:25,0.6525807394711848,0.3570154143831163,0.39974403853458695
mu_mig_c59_ws0208_2205,29,6,9.567962497307686,107.02304634263926,9.567962497307686,1633,2026-01-30 06:02:19,0.631582800836053,0.28798158879704655,0.4667593413969571
mu_mig_c59_ws0208_2205,29,7,18.478580836712474,95.68440713972619,18.478580836712474,1036,2026-01-30 05:57:00,0.6666385645154365,0.19227556239771623,0.48696030342457597
mu_mig_c59_ws0208_2205,29,8,22.535239174738813,132.8097664462239,22.535239174738813,2705,2026-01-30 06:09:37,0.5330438745159704,0.37483148565742447,0.48349081025565566
mu_mig_c59_ws0208_2205,29,9,11.803373628850832,115.83765623925025,11.803373628850832,970,2026-01-30 05:55:16,0.5471357267981942,0.17789441592670244,0.6876199013606938
mu_mig_c59_ws0208_2205,29,10,18.32805032090856,98.6394883953662,18.32805032090856,523,2026-01-30 05:54:33,0.6996020701578226,0.04646113800300212,0.6430886397875047
mu_mig_c59_ws0208_2205,29,11,25.933594114503745,134.18599833814235,25.933594114503745,1070,2026-01-30 05:58:12,0.7406203424860605,0.2005073734377702,0.6454342568975299
mu_mig_c59_ws0208_2205,29,12,16.489850882743454,125.67750225998753,16.489850882743454,2452,2026-01-30 06:07:36,0.5238965245599518,0.36710187189862853,0.4944899359135062
mu_mig_c59_ws0208_2205,29,13,40.03591041083472,149.2853323983028,40.03591041083472,1424,2026-01-30 05:57:38,0.718159396659285,0.25171657278767745,0.6350372965009297
mu_mig_c59_ws0208_2205,29,14,34.58288430695681,146.26427584841926,34.58288430695681,2946,2026-01-30 06:11:15,0.6784562541670124,0.396604563743538,0.4342330140041092
mu_mig_c59_ws0208_2205,29,15,45.7392088615596,157.39882190264515,45.7392088615596,2972,2026-01-30 06:08:08,0.6581615015931975,0.4034578909334486,0.449348650061444
mu_mig_c59_ws0208_2205,29,16,23.643339166223253,134.73543831945625,23.643339166223253,2654,2026-01-30 06:07:57,0.47958383111309383,0.38332652999387534,0.5058667148936212
mu_mig_c59_ws0208_2205,29,17,63.87596029978242,175.61662805729068,63.87596029978242,3632,2026-01-30 06:11:05,0.5729568716011951,0.44202815206954676,0.5576382268286357
mu_mig_c59_ws0208_2205,29,18,39.057845994254194,150.71737496983442,39.057845994254194,3546,2026-01-30 06:13:41,0.4431867795196078,0.4339766574029189,0.5224434184334112
mu_mig_c59_ws0208_2205,29,19,15.13513931819606,100.71667996620677,15.13513931819606,1263,2026-01-30 05:58:52,0.6564911554694531,0.22733170372886669,0.4535657681507106
mu_mig_c59_ws0208_2205,29,20,28.48718089879917,139.79876938557553,28.48718089879917,1838,2026-01-30 06:33:31,0.7313346315319027,0.3060407570441221,0.48419078595099996
mu_mig_c59_ws0208_2205,29,21,12.901018342844292,104.27391750992162,12.901018342844292,1663,2026-01-30 06:31:33,0.5897582309795764,0.28885254437448454,0.45313787718188203
mu_mig_c59_ws0208_2205,29,22,15.118463651755293,124.12270814567374,15.118463651755293,2723,2026-01-30 06:33:39,0.5731057010212075,0.38581347839261837,0.37333705657574334
mu_mig_c59_ws0208_2205,29,23,19.75060381405488,124.81813606983842,19.75060381405488,516,2026-01-30 06:30:56,0.9583007197159779,0.04449043432725749,0.6494336269479051
mu_mig_c59_ws0208_2205,29,24,33.29515346963854,144.72253837231176,33.29515346963854,4168,2026-01-30 06:39:25,0.280291291270777,0.4680971101060148,0.6149455998620134
mu_mig_c59_ws0208_2205,30,0,12.041178449295968,103.5256681797766,12.041178449295968,1309,2026-01-30 07:31:44,0.6598261770301233,0.2439746003931067,0.4720358750961817
mu_mig_c59_ws0208_2205,30,1,16.39266992031115,121.49198207787684,16.39266992031115,514,2026-01-30 07:19:38,0.9956882356325527,0.04505619240070177,0.6182262517686642
mu_mig_c59_ws0208_2205,30,2,24.56077772350846,135.3152946467609,24.56077772350846,2650,2026-01-30 07:33:01,0.6719492242608908,0.38792556525079014,0.3976590795028254
mu_mig_c59_ws0208_2205,30,3,12.939481809244983,122.87780001578436,12.939481809244983,1573,2026-01-30 07:26:23,0.6998462054616438,0.28364365762755805,0.4852329426008624
mu_mig_c59_ws0208_2205,30,4,14.243926167039364,122.60358692174815,14.243926167039364,1069,2026-01-30 07:22:32,0.692949459410093,0.19883816459474374,0.5884592970310878
mu_mig_c59_ws0208_2205,30,5,19.976501808731932,131.02937018179094,19.976501808731932,2280,2026-01-30 07:30:50,0.6720718631281644,0.34537265608638096,0.4229275024630668
mu_mig_c59_ws0208_2205,30,6,14.084375584291747,121.77589996610901,14.084375584291747,1768,2026-01-30 07:27:40,0.6431404793320148,0.29414523983333707,0.4731344736509132
mu_mig_c59_ws0208_2205,30,7,20.71630637084424,93.89748487180398,20.71630637084424,1005,2026-01-30 07:19:21,0.6731180054704706,0.18676522902273493,0.48750038155093744
mu_mig_c59_ws0208_2205,30,8,14.578290193684824,122.50763269200804,14.578290193684824,2626,2026-01-30 07:33:40,0.5131218771347051,0.3726616703392369,0.46259018257694007
mu_mig_c59_ws0208_2205,30,9,9.138746843650281,114.3005815066775,9.138746843650281,935,2026-01-30 07:20:57,0.5438009329922798,0.17210539854982226,0.6904898137006574
mu_mig_c59_ws0208_2205,30,10,17.858177129608645,98.63102241812754,17.858177129608645,510,2026-01-30 07:17:55,0.6997443866620626,0.0457963862781217,0.6424617370185655
mu_mig_c59_ws0208_2205,30,11,32.4899749295762,140.73196033766854,32.4899749295762,1055,2026-01-30 07:21:01,0.7407163688712176,0.19424765180724074,0.6335432602188942
mu_mig_c59_ws0208_2205,30,12,14.544599317875416,123.34785714588341,14.544599317875416,2312,2026-01-30 07:29:29,0.5290275508368347,0.3654108910730061,0.4917486345073626
mu_mig_c59_ws0208_2205,30,13,50.35988690369091,159.44325139358392,50.35988690369091,1425,2026-01-30 07:23:32,0.7334524282714227,0.2538107484980381,0.643684952446598
mu_mig_c59_ws0208_2205,30,14,39.87482934289081,151.49403998747445,39.87482934289081,2788,2026-01-30 07:33:42,0.6829834485279902,0.394433966817177,0.43932425631781746
mu_mig_c59_ws0208_2205,30,15,43.00643650273514,154.80306948680868,43.00643650273514,3020,2026-01-30 07:33:28,0.6755830722714538,0.40754813623986486,0.44429903659407355
mu_mig_c59_ws0208_2205,30,16,17.13699353049806,125.26827644574067,17.13699353049806,2600,2026-01-30 07:32:08,0.5089381418972514,0.3785748639378576,0.4849432038741135
mu_mig_c59_ws0208_2205,30,17,57.320132505597556,169.16109988200427,57.320132505597556,3694,2026-01-30 07:35:51,0.5133480340628045,0.44763991750499377,0.5378482558210105
mu_mig_c59_ws0208_2205,30,18,20.683033763867197,132.0589559830553,20.683033763867197,2985,2026-01-30 07:33:04,0.42857888322963,0.41474524187252726,0.4997044096377292
mu_mig_c59_ws0208_2205,30,19,12.14371085339663,104.39930145369449,12.14371085339663,1272,2026-01-30 07:22:08,0.6632677697180606,0.2412451076401491,0.45371149774546954
mu_mig_c59_ws0208_2205,30,20,21.246354913697033,131.88175882843544,21.246354913697033,1742,2026-01-30 07:55:12,0.7439447454580872,0.29444588747070133,0.4788061534939055
mu_mig_c59_ws0208_2205,30,21,12.020328971045219,116.04599032202684,12.020328971045219,1759,2026-01-30 07:56:44,0.6353346043311732,0.30218184690215355,0.4603233292328335
mu_mig_c59_ws0208_2205,30,22,12.543409687140732,114.48881869257342,12.543409687140732,2390,2026-01-30 07:59:49,0.5965992791206968,0.3762420927200487,0.3744884383098247
mu_mig_c59_ws0208_2205,30,23,18.12857502295226,123.62348739966606,18.12857502295226,504,2026-01-30 07:53:45,0.973112789945076,0.04115742426338561,0.6407113608780497
mu_mig_c59_ws0208_2205,30,24,32.27595057771948,143.41175529040999,32.27595057771948,4114,2026-01-30 08:05:07,0.2705092523064171,0.465080792218572,0.6150238437422788
mu_mig_c59_ws0208_2205,31,0,11.042567692340597,120.66951315814428,11.042567692340597,1375,2026-01-30 08:48:06,0.6531645357018534,0.23649630643530792,0.5006169012896527
mu_mig_c59_ws0208_2205,31,1,208.90211333177513,100.48704850805728,208.90211333177513,496,2026-01-30 08:43:54,0.0014372563118361104,0.03641034842490504,0.618709943991106
mu_mig_c59_ws0208_2205,31,2,31.51843213815011,141.4703196914997,31.51843213815011,2775,2026-01-30 09:00:56,0.6583283387772841,0.38779826855449057,0.41524436256121244
mu_mig_c59_ws0208_2205,31,3,17.726007213920756,127.49115400277226,17.726007213920756,1594,2026-01-30 08:49:38,0.7053391802801003,0.2832160929926503,0.4854229134603429
mu_mig_c59_ws0208_2205,31,4,9.285987554523755,116.46375166113502,9.285987554523755,1071,2026-01-30 08:46:53,0.6924020415493951,0.20071860500386599,0.5751811840453487
mu_mig_c59_ws0208_2205,31,5,23.19398804095457,134.6271594304052,23.19398804095457,2065,2026-01-30 08:53:54,0.687664762053748,0.3360584494489927,0.4414742736058507
mu_mig_c59_ws0208_2205,31,6,10.213947816347865,120.47664709070001,10.213947816347865,1679,2026-01-30 08:51:59,0.6518700690786513,0.3001680074967445,0.477982752861908
mu_mig_c59_ws0208_2205,31,7,17.242219142834063,96.84869189776944,17.242219142834063,1086,2026-01-30 08:47:02,0.6782658872604234,0.20307549481003168,0.4818042435950794
mu_mig_c59_ws0208_2205,31,8,16.101991948618625,125.40483948787627,16.101991948618625,2539,2026-01-30 08:56:59,0.497184279229693,0.3709258180846869,0.4458696804339677
mu_mig_c59_ws0208_2205,31,9,15.62902838372845,121.69083272427726,15.62902838372845,927,2026-01-30 08:45:35,0.5411330979475484,0.16747418464831812,0.6927857435726285
mu_mig_c59_ws0208_2205,31,10,19.57303832087634,95.27424197030072,19.57303832087634,491,2026-01-30 08:46:33,0.6998582398654546,0.045264584898217365,0.641960214803414
mu_mig_c59_ws0208_2205,31,11,23.238831815646865,132.33113922929994,23.238831815646865,975,2026-01-30 08:47:42,0.7359095432717754,0.19102446796059408,0.6114630481326239
mu_mig_c59_ws0208_2205,31,12,15.893383004789987,126.67280974247033,15.893383004789987,2310,2026-01-30 08:59:35,0.5331323718583411,0.3640581064125082,0.4895555933824477
mu_mig_c59_ws0208_2205,31,13,41.084983407091215,149.6670929668703,41.084983407091215,1251,2026-01-30 08:46:29,0.7459171687539814,0.24432390394540732,0.6466540980104514
mu_mig_c59_ws0208_2205,31,14,33.28401988197881,144.6797950033422,33.28401988197881,2870,2026-01-30 09:00:38,0.6866052040167725,0.3926974892760883,0.44339725016878406
mu_mig_c59_ws0208_2205,31,15,45.601114626186416,157.2990901171412,45.601114626186416,3197,2026-01-30 08:58:18,0.6899114245787771,0.40787909279679574,0.439404848518712
mu_mig_c59_ws0208_2205,31,16,14.488769503903951,124.30952299273177,14.488769503903951,2546,2026-01-30 09:00:08,0.5329450142899033,0.3740367039699159,0.46992178386683714
mu_mig_c59_ws0208_2205,31,17,37.73715365359458,149.57559937637924,37.73715365359458,3471,2026-01-30 08:59:39,0.4358907370225654,0.4471525290256835,0.5183136753934477
mu_mig_c59_ws0208_2205,31,18,17.675992042019914,125.63457550300262,17.675992042019914,2747,2026-01-30 09:00:06,0.4448822830736997,0.39110293876911123,0.4801904167155643
mu_mig_c59_ws0208_2205,31,19,8.015405993251724,110.85132033626772,8.015405993251724,1401,2026-01-30 08:48:29,0.6680734176376617,0.25305616232895173,0.4589663156622106
mu_mig_c59_ws0208_2205,31,20,17.353167424701816,127.57461178247496,17.353167424701816,1609,2026-01-30 09:25:52,0.7460376587238396,0.2844623128079473,0.47615295494022
mu_mig_c59_ws0208_2205,31,21,17.33448525232182,128.0415965776363,17.33448525232182,1937,2026-01-30 09:26:55,0.6717957030124506,0.31284528892428876,0.46607169087359457
mu_mig_c59_ws0208_2205,31,22,13.853219162599657,109.34321059892123,13.853219162599657,2465,2026-01-30 09:27:52,0.6153941416002882,0.368584984181993,0.37540954369708984
mu_mig_c59_ws0208_2205,31,23,14.679626139688628,119.49865114016615,14.679626139688628,499,2026-01-30 09:24:50,0.9923140215958997,0.0387020533061643,0.6294623635171483
mu_mig_c59_ws0208_2205,31,24,19.08402364103517,126.93076902719876,19.08402364103517,3833,2026-01-30 09:33:38,0.26268362113492916,0.4626677379086178,0.6150864388464912
mu_mig_c59_ws0208_2205,32,0,13.444705002681768,118.16127279064142,13.444705002681768,1254,2026-01-30 10:15:52,0.6478352226392375,0.2305136712690689,0.5234817222444296
mu_mig_c59_ws0208_2205,32,1,76.88092380262042,38.143587031631064,76.88092380262042,586,2026-01-30 10:12:55,0.20535511531394596,0.0772107380270467,0.6365445786438739
mu_mig_c59_ws0208_2205,32,2,25.450712481316987,137.25892522771434,25.450712481316987,2619,2026-01-30 10:24:41,0.6474316303903989,0.3876964311974509,0.42931258900792213
mu_mig_c59_ws0208_2205,32,3,17.90351790309249,128.26876870467783,17.90351790309249,1554,2026-01-30 10:18:48,0.7175350679604259,0.2831170507688635,0.48247758700060994
mu_mig_c59_ws0208_2205,32,4,11.700075144527645,120.17799773689774,11.700075144527645,1095,2026-01-30 10:14:51,0.6919641072608368,0.20222295733116377,0.5645586936567574
mu_mig_c59_ws0208_2205,32,5,22.829065487188064,134.28127252978774,22.829065487188064,1976,2026-01-30 10:20:29,0.7000776542480202,0.3282316740067261,0.4643107010347484
mu_mig_c59_ws0208_2205,32,6,13.046046029637228,122.09297231144507,13.046046029637228,1818,2026-01-30 10:21:05,0.6588537408759605,0.3049862216274704,0.4818613762307038
mu_mig_c59_ws0208_2205,32,7,15.019003897694125,103.65893146826396,15.019003897694125,1200,2026-01-30 10:15:44,0.6782562230014826,0.21840655384488977,0.4815284230098985
mu_mig_c59_ws0208_2205,32,8,12.06563105470731,118.75857461671933,12.06563105470731,2598,2026-01-30 10:26:43,0.4858297772612213,0.37006785289411415,0.43618660016343413
mu_mig_c59_ws0208_2205,32,9,9.319204505528983,113.0479325064151,9.319204505528983,893,2026-01-30 10:16:02,0.5389988299117632,0.1637692135271148,0.6946224874702052
mu_mig_c59_ws0208_2205,32,10,11.719232818062466,106.43660702271919,11.719232818062466,513,2026-01-30 10:11:44,0.7470981064918336,0.043050785789045226,0.6408435624242192
mu_mig_c59_ws0208_2205,32,11,9.436529114654823,117.38262860653464,9.436529114654823,979,2026-01-30 10:14:24,0.7219801126377547,0.18930251009241167,0.5795383155167144
mu_mig_c59_ws0208_2205,32,12,29.917418770052304,141.44844598022294,29.917418770052304,2551,2026-01-30 10:24:54,0.5364002925160812,0.3639161165602314,0.48430349010310114
mu_mig_c59_ws0208_2205,32,13,46.3485324805132,155.18999589097982,46.3485324805132,1223,2026-01-30 10:16:10,0.752775639411683,0.2353492801577181,0.6483138792550376
mu_mig_c59_ws0208_2205,32,14,31.19881710543668,142.98404269775912,31.19881710543668,2664,2026-01-30 10:26:01,0.6895026084077983,0.3913083072432173,0.44665564524955736
mu_mig_c59_ws0208_2205,32,15,45.286550807660184,157.05071514839798,45.286550807660184,3029,2026-01-30 10:27:31,0.700920624086983,0.40469653623271207,0.4355060142872773
mu_mig_c59_ws0208_2205,32,16,23.41778128461306,134.763256394201,23.41778128461306,2636,2026-01-30 10:24:13,0.5521505122040248,0.3704061759955625,0.45790464786101603
mu_mig_c59_ws0208_2205,32,17,23.374591135071345,133.67121927971704,23.374591135071345,3526,2026-01-30 10:29:56,0.3761328791832768,0.4312683725287706,0.49718687614473417
mu_mig_c59_ws0208_2205,32,18,11.028606937779205,117.65672575285895,11.028606937779205,2487,2026-01-30 10:25:13,0.4617640678561089,0.36416475737166615,0.4607660043951834
mu_mig_c59_ws0208_2205,32,19,7.688262097660886,116.47051183350233,7.688262097660886,1495,2026-01-30 10:17:34,0.6719179359733426,0.26250500607999383,0.46317016999560345
mu_mig_c59_ws0208_2205,32,20,15.251421359315811,124.3891886835805,15.251421359315811,1589,2026-01-30 10:49:33,0.7477119893364417,0.27647545307774407,0.4740303960972716
mu_mig_c59_ws0208_2205,32,21,11.446916023156122,122.07039081777502,11.446916023156122,1723,2026-01-30 10:51:10,0.693038627544194,0.318628505041007,0.474698598432601
mu_mig_c59_ws0208_2205,32,22,12.150394947424775,122.59798425798294,12.150394947424775,2477,2026-01-30 10:53:16,0.6304300315839613,0.3624592973515484,0.3761464280069019
mu_mig_c59_ws0208_2205,32,23,208.6366930926198,100.19400910926903,208.6366930926198,479,2026-01-30 10:47:35,0.0076750069165585355,0.03673775654038726,0.6204631656284272
mu_mig_c59_ws0208_2205,32,24,33.06526392247315,145.01132884964656,33.06526392247315,4157,2026-01-30 10:59:31,0.25642311619773883,0.4607372944606544,0.6151365149298611
mu_mig_c59_ws0208_2205,33,0,6.33245533526242,113.87024187216268,6.33245533526242,1254,2026-01-30 11:43:40,0.6435717721891449,0.2257275631360777,0.541773579008251
mu_mig_c59_ws0208_2205,33,1,52.82861125119705,62.00180231258311,52.82861125119705,666,2026-01-30 11:40:11,0.36848940251563383,0.10985104970876003,0.6508122863660881
mu_mig_c59_ws0208_2205,33,2,23.620946714063574,135.02600630858223,23.620946714063574,2684,2026-01-30 11:50:13,0.6387142636808906,0.38761496131181916,0.4405671701652898
mu_mig_c59_ws0208_2205,33,3,17.805679759247344,128.8292463003724,17.805679759247344,1701,2026-01-30 11:48:04,0.7345045332458203,0.2820200854969983,0.4788317184569119
mu_mig_c59_ws0208_2205,33,4,14.727952697005055,123.82678671557917,14.727952697005055,1073,2026-01-30 11:42:04,0.701220505132739,0.20165710482813065,0.558220822757896
mu_mig_c59_ws0208_2205,33,5,29.111977041355896,140.49795400386628,29.111977041355896,1956,2026-01-30 11:49:33,0.7090182815340929,0.3184344458882804,0.48599444923487023
mu_mig_c59_ws0208_2205,33,6,16.569102676682192,125.42317975874636,16.569102676682192,1814,2026-01-30 11:47:40,0.6702746463308221,0.31020487751296383,0.4843278944007703
mu_mig_c59_ws0208_2205,33,7,10.495503722458011,108.8350114690878,10.495503722458011,1290,2026-01-30 11:44:49,0.6760820443061129,0.23202667409021738,0.4960789080189633
mu_mig_c59_ws0208_2205,33,8,12.577969250080114,112.27301188054885,12.577969250080114,2478,2026-01-30 11:52:22,0.4763003375514796,0.36852125366306926,0.4342451979187506
mu_mig_c59_ws0208_2205,33,9,13.081613258417574,118.07784516608899,13.081613258417574,919,2026-01-30 11:39:36,0.5372914154831351,0.16080523663015214,0.6960918825882667
mu_mig_c59_ws0208_2205,33,10,10.63169660203153,107.94023542446445,10.63169660203153,534,2026-01-30 11:36:31,0.783021898511226,0.059110427837812396,0.6268923003239326
mu_mig_c59_ws0208_2205,33,11,8.993527026950025,114.82325747432776,8.993527026950025,983,2026-01-30 11:42:36,0.7108365681305383,0.18792494379786576,0.5539985294239869
mu_mig_c59_ws0208_2205,33,12,16.933183813694438,127.53816725090155,16.933183813694438,2469,2026-01-30 11:50:16,0.5433391234985413,0.364764425850603,0.4726793009133536
mu_mig_c59_ws0208_2205,33,13,35.32606357357067,144.69609622191902,35.32606357357067,1150,2026-01-30 11:42:43,0.7560869871165327,0.21144029848258322,0.6333574104062214
mu_mig_c59_ws0208_2205,33,14,40.00510290582541,151.17313446232154,40.00510290582541,2763,2026-01-30 11:52:16,0.691820531920619,0.3901969616169205,0.4492623613141761
mu_mig_c59_ws0208_2205,33,15,45.84041212913596,157.7038182770929,45.84041212913596,3003,2026-01-30 11:52:17,0.7063943831195759,0.401858055340933,0.43341713423114836
mu_mig_c59_ws0208_2205,33,16,17.930361527081036,128.99411282354907,17.930361527081036,2472,2026-01-30 11:49:04,0.567514910535322,0.36750175361607984,0.4482909390563591
mu_mig_c59_ws0208_2205,33,17,14.71799693954249,110.17564327214723,14.71799693954249,2781,2026-01-30 11:53:57,0.35150916762496076,0.3997418729219743,0.47519757894342884
mu_mig_c59_ws0208_2205,33,18,13.203166383846096,106.69432271383124,13.203166383846096,2257,2026-01-30 11:49:45,0.4752694956820363,0.3426142122537101,0.4452264745388787
mu_mig_c59_ws0208_2205,33,19,7.880778481346662,115.96104282597737,7.880778481346662,1510,2026-01-30 11:42:59,0.6749935506418873,0.2700640810808275,0.4665332534623177
mu_mig_c59_ws0208_2205,33,20,15.12087466067452,125.91230872397531,15.12087466067452,1558,2026-01-30 12:11:58,0.7490514538265233,0.2700859652935815,0.4723323490229129
mu_mig_c59_ws0208_2205,33,21,28.186802439378706,139.76040485449772,28.186802439378706,1946,2026-01-30 12:16:57,0.7100329671695886,0.3232550779343816,0.48160012447980605
mu_mig_c59_ws0208_2205,33,22,13.576539776413533,116.39951908098419,13.576539776413533,2403,2026-01-30 12:21:25,0.6424587435708997,0.3575587478871928,0.3767359354547516
mu_mig_c59_ws0208_2205,33,23,187.00878465652553,77.74617543850685,187.00878465652553,509,2026-01-30 12:14:04,0.0632670586983701,0.046681984011707284,0.617401386640275
mu_mig_c59_ws0208_2205,33,24,26.256997245936596,137.64836097539057,26.256997245936596,3805,2026-01-30 12:26:28,0.28687191049375077,0.4545439914925255,0.5964445233005548
mu_mig_c59_ws0208_2205,34,0,10.234136298034851,118.6211109675792,10.234136298034851,1116,2026-01-30 13:07:58,0.6401610118290707,0.2218986766296847,0.5564070644193082
mu_mig_c59_ws0208_2205,34,1,11.426819840512396,108.61484136757556,11.426819840512396,838,2026-01-30 13:08:20,0.5274344832951957,0.154621208000141,0.6654581319214408
mu_mig_c59_ws0208_2205,34,2,35.036157075188854,146.8891747395069,35.036157075188854,2783,2026-01-30 13:18:08,0.631740370313284,0.3875497854033138,0.44957083509118395
mu_mig_c59_ws0208_2205,34,3,16.065960056530713,126.70902829130026,16.065960056530713,1534,2026-01-30 13:11:38,0.74844419164223,0.2798976354386609,0.474591762982961
mu_mig_c59_ws0208_2205,34,4,9.196764711314321,113.28334044080458,9.196764711314321,1033,2026-01-30 13:10:12,0.7089209305298045,0.20074225862542697,0.5530213452975395
mu_mig_c59_ws0208_2205,34,5,28.94687143345099,139.68865970696103,28.94687143345099,1865,2026-01-30 13:12:49,0.7165208698031358,0.31087163722115685,0.5016434460153667
mu_mig_c59_ws0208_2205,34,6,29.937305059079076,139.77383656533945,29.937305059079076,2029,2026-01-30 13:15:53,0.6794113706947115,0.3143798022213586,0.48630110893682355
mu_mig_c59_ws0208_2205,34,7,7.68858211656901,110.900140567829,7.68858211656901,1274,2026-01-30 13:09:43,0.6742180291053852,0.2457143616557405,0.5054373541713921
mu_mig_c59_ws0208_2205,34,8,14.76268785216562,105.6944513295454,14.76268785216562,2481,2026-01-30 13:18:00,0.46867678578368627,0.36728397427823334,0.4326920761230037
mu_mig_c59_ws0208_2205,34,9,14.104145883328057,112.76163398828496,14.104145883328057,874,2026-01-30 13:06:28,0.5359254839402325,0.15843405511258202,0.6972673986827158
mu_mig_c59_ws0208_2205,34,10,9.975807674344649,110.88489202464126,9.975807674344649,591,2026-01-30 13:06:14,0.8023884901294213,0.08037632370878853,0.5976452013578781
mu_mig_c59_ws0208_2205,34,11,7.971698315040037,108.68820214434389,7.971698315040037,1024,2026-01-30 13:07:55,0.7019217325247651,0.18682289076222902,0.5335667005498048
mu_mig_c59_ws0208_2205,34,12,28.100329098029576,139.767787154767,28.100329098029576,2513,2026-01-30 13:18:25,0.5488901882845093,0.36544307328290027,0.4633799495615556
mu_mig_c59_ws0208_2205,34,13,18.685513039728217,126.94567117321178,18.685513039728217,1043,2026-01-30 13:09:48,0.7545910828228982,0.19077786982041603,0.6114773589004296
mu_mig_c59_ws0208_2205,34,14,36.36680818275536,147.64365072108313,36.36680818275536,2605,2026-01-30 13:19:21,0.6936748707308755,0.3893078851158831,0.45134773416587093
mu_mig_c59_ws0208_2205,34,15,43.40290545852782,154.26832133207014,43.40290545852782,2949,2026-01-30 13:19:44,0.7083064031869236,0.39658784672406844,0.43787299220539944
mu_mig_c59_ws0208_2205,34,16,17.777355608477215,126.83162786108748,17.777355608477215,2333,2026-01-30 13:18:03,0.5709928668002725,0.3646111781611939,0.4410371629019778
mu_mig_c59_ws0208_2205,34,17,18.36487556712544,99.74832339123972,18.36487556712544,2572,2026-01-30 13:19:24,0.36852204822621004,0.37400214986429353,0.4476841910974251
mu_mig_c59_ws0208_2205,34,18,17.63611615257254,101.80533741583594,17.63611615257254,1979,2026-01-30 13:13:56,0.4863541492523845,0.32901819842407853,0.42985779321082146
mu_mig_c59_ws0208_2205,34,19,10.108330749084901,119.99244800876896,10.108330749084901,1578,2026-01-30 13:10:22,0.677454042376723,0.2761113410814945,0.46922372023568915
mu_mig_c59_ws0208_2205,34,20,19.879454106985932,129.86120110260669,19.879454106985932,1495,2026-01-30 13:45:23,0.7501230254185886,0.26497437506625143,0.47097391136342587
mu_mig_c59_ws0208_2205,34,21,34.79830662431076,146.09529535031808,34.79830662431076,1943,2026-01-30 13:45:38,0.7236284388699044,0.3269563362490812,0.4871213453175701
mu_mig_c59_ws0208_2205,34,22,14.706352590111965,115.86311956645118,14.706352590111965,2296,2026-01-30 13:47:41,0.6520817131604505,0.35363830831570825,0.37720754141303137
mu_mig_c59_ws0208_2205,34,23,97.22813309442297,26.761402970569236,97.22813309442297,563,2026-01-30 13:41:34,0.13794396461918462,0.06926198349437132,0.6215936635605912
mu_mig_c59_ws0208_2205,34,24,21.725132896580003,131.8225631362597,21.725132896580003,3457,2026-01-30 13:52:40,0.3134717992756321,0.43665406791739003,0.5760231360765649
mu_mig_c59_ws0208_2205,35,0,9.297199314504141,118.13728830325678,9.297199314504141,1167,2026-01-30 14:35:58,0.6518512490847108,0.2176332390462396,0.5672987808836906
mu_mig_c59_ws0208_2205,35,1,22.42516676289186,130.6265765453705,22.42516676289186,1026,2026-01-30 14:35:35,0.6545905479188452,0.1904373346332458,0.6771748083657227
mu_mig_c59_ws0208_2205,35,2,33.22522318462316,144.84942393879402,33.22522318462316,2805,2026-01-30 14:45:57,0.6261612556191987,0.3874976446765095,0.4567737670318993
mu_mig_c59_ws0208_2205,35,3,22.04168608663279,131.77966238488094,22.04168608663279,1576,2026-01-30 14:38:43,0.7595959183593577,0.27819967539199103,0.47119979860380035
mu_mig_c59_ws0208_2205,35,4,10.363751888576848,116.89245827834068,10.363751888576848,1077,2026-01-30 14:35:56,0.7149416566676948,0.1997915218114498,0.5422366546639422
mu_mig_c59_ws0208_2205,35,5,32.46676373528033,143.48212602316434,32.46676373528033,1758,2026-01-30 14:40:57,0.7225229404183702,0.304821390287458,0.5141626434397639
mu_mig_c59_ws0208_2205,35,6,24.47320783140131,135.64945923390755,24.47320783140131,1911,2026-01-30 14:40:52,0.6984477528284888,0.31692713018469426,0.48981160419938974
mu_mig_c59_ws0208_2205,35,7,15.981243035198302,125.9294247144211,15.981243035198302,1440,2026-01-30 14:39:02,0.6727268169448031,0.256664511708159,0.5129241110933354
mu_mig_c59_ws0208_2205,35,8,14.123066114515355,107.37527956717302,14.123066114515355,2394,2026-01-30 14:43:49,0.4625779443694516,0.3662941507703646,0.4314495786864062
mu_mig_c59_ws0208_2205,35,9,13.286891077435241,114.58505569965547,13.286891077435241,856,2026-01-30 14:35:02,0.5332513798315653,0.15633898665170828,0.6878720275527104
mu_mig_c59_ws0208_2205,35,10,10.90397124679674,114.35508982850425,10.90397124679674,666,2026-01-30 14:31:56,0.8178817634239774,0.09738904040556942,0.5742475221850345
mu_mig_c59_ws0208_2205,35,11,9.762015931472405,105.40631510158057,9.762015931472405,1029,2026-01-30 14:34:29,0.6947898640401465,0.18594124833371964,0.5172212374504592
mu_mig_c59_ws0208_2205,35,12,18.5824881828015,126.12649241823927,18.5824881828015,2494,2026-01-30 14:43:40,0.5566864339301053,0.36593933770500653,0.4556617982497951
mu_mig_c59_ws0208_2205,35,13,14.520149244844779,123.57794541058455,14.520149244844779,990,2026-01-30 14:31:18,0.7439755053377993,0.17715394067923151,0.5796169568779448
mu_mig_c59_ws0208_2205,35,14,37.17075430070319,148.46992418451435,37.17075430070319,2682,2026-01-30 14:44:25,0.6951583417790808,0.3885966239150532,0.4530160324472269
mu_mig_c59_ws0208_2205,35,15,35.997616213790224,147.6158690700939,35.997616213790224,2571,2026-01-30 14:44:42,0.7042746358111123,0.39018390819440923,0.442104769517964
mu_mig_c59_ws0208_2205,35,16,14.858703332569101,123.35008712710737,14.858703332569101,2339,2026-01-30 14:44:23,0.5737752318122329,0.3622987177972852,0.4352341419784728
mu_mig_c59_ws0208_2205,35,17,18.662047709429505,100.52138111328682,18.662047709429505,2367,2026-01-30 14:43:00,0.42167281706076004,0.35279886467108956,0.4232379525861231
mu_mig_c59_ws0208_2205,35,18,18.87995739232501,100.67488384267384,18.87995739232501,2018,2026-01-30 14:41:05,0.4934680941871301,0.32836996894735604,0.41766255993453655
mu_mig_c59_ws0208_2205,35,19,8.504142924568349,114.61285486806196,8.504142924568349,1525,2026-01-30 14:38:01,0.6794224357645916,0.28094914908202806,0.47137609365438626
mu_mig_c59_ws0208_2205,35,20,8.13044278846329,117.43394189224516,8.13044278846329,1431,2026-01-30 15:06:41,0.7509403761557963,0.2667262587074946,0.47079080776391546
mu_mig_c59_ws0208_2205,35,21,37.8508969982154,148.98121938359415,37.8508969982154,1988,2026-01-30 15:11:26,0.734465157876671,0.32530600498655854,0.4938278075104026
mu_mig_c59_ws0208_2205,35,22,12.076089162689428,120.08413512073507,12.076089162689428,2317,2026-01-30 15:15:03,0.6597800888320912,0.35050195665852063,0.37758482617965516
mu_mig_c59_ws0208_2205,35,23,71.59467507726289,42.699333613833026,71.59467507726289,718,2026-01-30 15:10:42,0.21232299145471245,0.11257086493628121,0.6398765717936284
mu_mig_c59_ws0208_2205,35,24,15.695661416406772,124.9582643541224,15.695661416406772,3017,2026-01-30 15:18:47,0.3385323216262008,0.4072841757262078,0.5511416811001616
mu_mig_c59_ws0208_2205,36,0,14.034913531534622,123.19908204455902,14.034913531534622,1152,2026-01-30 16:03:57,0.661203438889223,0.21422088897948352,0.5760121540551965
mu_mig_c59_ws0208_2205,36,1,39.45523329231691,147.6619696078206,39.45523329231691,1148,2026-01-30 16:00:24,0.7558368191398975,0.21539139964492782,0.6879690923512458
mu_mig_c59_ws0208_2205,36,2,32.34449615601692,143.99786439733714,32.34449615601692,2768,2026-01-30 16:11:34,0.6216979638639304,0.38745593209506607,0.4625361125844716
mu_mig_c59_ws0208_2205,36,3,13.141652337724045,123.36172525034988,13.141652337724045,1578,2026-01-30 16:06:01,0.7655443254373657,0.2764985405990047,0.46842007438601796
mu_mig_c59_ws0208_2205,36,4,9.879761299824233,116.18682293249786,9.879761299824233,1081,2026-01-30 16:01:29,0.7140464752493025,0.19612021838453655,0.5310056754523153
mu_mig_c59_ws0208_2205,36,5,30.2292178096993,141.17960354995375,30.2292178096993,1725,2026-01-30 16:05:23,0.7273245969105576,0.29998119274049895,0.5241780013792818
mu_mig_c59_ws0208_2205,36,6,24.016613098334137,135.41506228330314,24.016613098334137,1909,2026-01-30 16:05:30,0.7136768585355107,0.3189649925553628,0.4926200004094427
mu_mig_c59_ws0208_2205,36,7,19.875856367258177,130.15613275635928,19.875856367258177,1657,2026-01-30 16:02:56,0.6715907007282199,0.2706179252896211,0.5139896757593376
mu_mig_c59_ws0208_2205,36,8,13.009981843459638,107.56142271141155,13.009981843459638,2523,2026-01-30 16:10:57,0.45769887123806385,0.36550229196406964,0.4304555807371282
mu_mig_c59_ws0208_2205,36,9,13.609181113188926,108.30632878578666,13.609181113188926,845,2026-01-30 15:58:46,0.5311120965446315,0.15466293188300928,0.6803557306487061
mu_mig_c59_ws0208_2205,36,10,10.134712695101388,105.95672669618611,10.134712695101388,654,2026-01-30 15:58:47,0.8302763820596224,0.11099921376299414,0.5555293788467596
mu_mig_c59_ws0208_2205,36,11,8.693836855392037,106.99781043202572,8.693836855392037,1038,2026-01-30 16:02:33,0.6890843692524516,0.18523593439091213,0.5041448669709827
mu_mig_c59_ws0208_2205,36,12,19.41986188527641,128.97018631902358,19.41986188527641,2471,2026-01-30 16:12:36,0.567604349233342,0.3657442077635345,0.4487823269022839
mu_mig_c59_ws0208_2205,36,13,9.325523096151525,117.19880026470555,9.325523096151525,963,2026-01-30 16:02:34,0.7250310308852295,0.16715079207071032,0.5526963548808221
mu_mig_c59_ws0208_2205,36,14,37.49128917105449,149.3044228393643,37.49128917105449,2727,2026-01-30 16:10:09,0.6975851740102399,0.3884960103496262,0.45187742299674094
mu_mig_c59_ws0208_2205,36,15,35.716044501952894,146.5855896887575,35.716044501952894,2505,2026-01-30 16:10:33,0.7010492219104631,0.38506075737068185,0.4454901913680157
mu_mig_c59_ws0208_2205,36,16,15.20985216188025,125.43169813278061,15.20985216188025,2460,2026-01-30 16:13:11,0.5760011238218011,0.3604487495061582,0.4305917252396688
mu_mig_c59_ws0208_2205,36,17,20.78496958232905,98.18167283272157,20.78496958232905,2188,2026-01-30 16:10:46,0.47003921370329205,0.33738451624677035,0.4047113811184966
mu_mig_c59_ws0208_2205,36,18,17.562741200869667,100.81822017881467,17.562741200869667,2119,2026-01-30 16:06:16,0.48855866467362336,0.3303675690431458,0.4084233042270337
mu_mig_c59_ws0208_2205,36,19,10.382855214853134,118.8353851431761,10.382855214853134,1612,2026-01-30 16:02:30,0.6863894980503283,0.280539170565182,0.47288756159014755
mu_mig_c59_ws0208_2205,36,20,12.791627380212992,122.9528796871281,12.791627380212992,1501,2026-01-30 16:36:26,0.7515942567455626,0.2681277656204892,0.4706443248843072
mu_mig_c59_ws0208_2205,36,21,34.141316004863214,145.63689644293805,34.141316004863214,1962,2026-01-30 16:39:08,0.7409590823455664,0.32223819620406463,0.49828886890431934
mu_mig_c59_ws0208_2205,36,22,11.968124132596497,112.94708672722247,11.968124132596497,2194,2026-01-30 16:42:14,0.6659387893694036,0.3479928753327705,0.3778866539929542
mu_mig_c59_ws0208_2205,36,23,34.162444113979156,79.14602509792411,34.162444113979156,869,2026-01-30 16:33:47,0.36245441816838075,0.16439351044463346,0.6601594904933499
mu_mig_c59_ws0208_2205,36,24,10.069562449286849,111.78324018384161,10.069562449286849,2603,2026-01-30 16:42:17,0.3777346120949406,0.3799204854069486,0.5005153933640314
mu_mig_c59_ws0208_2205,37,0,12.040840918776158,120.14645080750539,12.040840918776158,1047,2026-01-30 17:39:20,0.686483340438222,0.20497532778977126,0.5787151408237556
mu_mig_c59_ws0208_2205,37,1,54.9762304478568,163.905189651056,54.9762304478568,1303,2026-01-30 17:29:50,0.8320168524593702,0.2349842833107209,0.6799357574958641
mu_mig_c59_ws0208_2205,37,2,24.500698830545364,135.08113415128798,24.500698830545364,2691,2026-01-30 17:50:26,0.6154453944281776,0.38049819026356,0.4633705074437283
mu_mig_c59_ws0208_2205,37,3,17.18627020621506,127.59952048910128,17.18627020621506,1547,2026-01-30 17:42:35,0.768121892847454,0.2719580090117858,0.46629270455098176
mu_mig_c59_ws0208_2205,37,4,6.92328907968411,113.21416370162677,6.92328907968411,1045,2026-01-30 17:28:44,0.7110553438166974,0.19246335538751144,0.5131350412871275
mu_mig_c59_ws0208_2205,37,5,26.191867585377953,137.06884025106368,26.191867585377953,1652,2026-01-30 17:44:23,0.7311659221043076,0.2961090347029317,0.5321902877308959
mu_mig_c59_ws0208_2205,37,6,27.125068264882085,138.69480103520755,27.125068264882085,1995,2026-01-30 17:45:35,0.7258601431011281,0.32059528245189767,0.4948667173774851
mu_mig_c59_ws0208_2205,37,7,22.86190659721355,133.60855989632236,22.86190659721355,1703,2026-01-30 17:45:32,0.6706818077549533,0.2817806561547907,0.5148421274921395
mu_mig_c59_ws0208_2205,37,8,16.126164961331348,106.43876465842159,16.126164961331348,2442,2026-01-30 17:47:47,0.45379561273295366,0.3648688049190337,0.4296603823777058
mu_mig_c59_ws0208_2205,37,9,11.449153820924222,110.98989442633754,11.449153820924222,827,2026-01-30 17:29:00,0.5294006699150845,0.1533220880680501,0.6743426931255028
mu_mig_c59_ws0208_2205,37,10,9.44474533283453,111.73262317589284,9.44474533283453,795,2026-01-30 17:29:07,0.8064639138490597,0.13604680591031942,0.539629489256025
mu_mig_c59_ws0208_2205,37,11,7.815426553169977,110.06128442770388,7.815426553169977,1042,2026-01-30 17:29:27,0.6845199734222958,0.1846716832366661,0.4936837705874014
mu_mig_c59_ws0208_2205,37,12,15.900308763090708,125.70352793077313,15.900308763090708,2409,2026-01-30 17:49:10,0.5785974150408095,0.3645383506068811,0.4419803116072901
mu_mig_c59_ws0208_2205,37,13,12.14226814488151,102.24017447697067,12.14226814488151,836,2026-01-30 17:36:39,0.7098754513231736,0.15914827318389335,0.531159873283124
mu_mig_c59_ws0208_2205,37,14,41.868102277383805,153.5842737330186,41.868102277383805,2795,2026-01-30 17:43:18,0.7003057699480802,0.38767436895414675,0.4506327309333082
mu_mig_c59_ws0208_2205,37,15,37.958157126057,149.3860630301508,37.958157126057,2556,2026-01-30 17:40:27,0.6984688907899439,0.3809622367117,0.448198528848057
mu_mig_c59_ws0208_2205,37,16,11.896624983899196,121.30548740598438,11.896624983899196,2334,2026-01-30 17:38:09,0.5777818374294558,0.35896877487325657,0.4268777918486256
mu_mig_c59_ws0208_2205,37,17,25.445082297258597,92.93700262699585,25.445082297258597,1964,2026-01-30 17:45:17,0.515725314600399,0.32340352472599054,0.39116494230934695
mu_mig_c59_ws0208_2205,37,18,20.9111354227452,94.97566577528659,20.9111354227452,2143,2026-01-30 17:39:28,0.48463112106281797,0.3319656491197776,0.4010318996610315
mu_mig_c59_ws0208_2205,37,19,13.15266895384588,123.97125169877002,13.15266895384588,1653,2026-01-30 17:35:45,0.6919631478789178,0.28021118775170517,0.4740967359387566
mu_mig_c59_ws0208_2205,37,20,14.01220963076613,122.99095383724908,14.01220963076613,1504,2026-01-30 18:05:21,0.7521173612173756,0.2692489711508848,0.47052713858062056
mu_mig_c59_ws0208_2205,37,21,33.7496118044924,145.19354894377273,33.7496118044924,1940,2026-01-30 18:09:43,0.7434685615132225,0.31945957635344086,0.5014556212949486
mu_mig_c59_ws0208_2205,37,22,11.334911408732772,113.98155314053253,11.334911408732772,2104,2026-01-30 18:09:45,0.6708657497992536,0.34598561027217045,0.37812811624359344
mu_mig_c59_ws0208_2205,37,23,13.248833878636486,119.06477688019767,13.248833878636486,1089,2026-01-30 18:04:44,0.519998779451533,0.20500317808375532,0.6784802380661077
mu_mig_c59_ws0208_2205,37,24,9.089612834263056,109.80490283838931,9.089612834263056,2394,2026-01-30 18:10:44,0.40909644446993243,0.3580295331515413,0.4600143631751272
mu_mig_c59_ws0208_2205,38,0,19.40191236885102,128.39299732999228,19.40191236885102,1064,2026-01-30 18:53:59,0.7067072616774213,0.19757887883800146,0.5808775302386029
mu_mig_c59_ws0208_2205,38,1,54.185189198537834,163.46686889510275,54.185189198537834,1339,2026-01-30 18:55:58,0.8542307241185955,0.24897673722941885,0.6377960919183547
mu_mig_c59_ws0208_2205,38,2,24.807463846118257,136.21264421452526,24.807463846118257,2563,2026-01-30 19:03:03,0.5982110087958528,0.3716018650434713,0.4555968140928836
mu_mig_c59_ws0208_2205,38,3,12.651267844195543,122.63260659570189,12.651267844195543,1561,2026-01-30 18:56:14,0.7645464844832784,0.2676056245429563,0.4661288823432844
mu_mig_c59_ws0208_2205,38,4,14.626754924853085,99.8212269681809,14.626754924853085,1059,2026-01-30 18:53:26,0.7086624386706134,0.18953786498989134,0.49883853395497735
mu_mig_c59_ws0208_2205,38,5,24.59393246602202,135.80628147426455,24.59393246602202,1659,2026-01-30 18:57:34,0.718543388584844,0.28951719016369554,0.5372180410780061
mu_mig_c59_ws0208_2205,38,6,39.35251626920342,150.38693668944353,39.35251626920342,1980,2026-01-30 18:59:34,0.7356067707536221,0.32189951436912556,0.496664090951919
mu_mig_c59_ws0208_2205,38,7,19.620697697643998,130.79016174963135,19.620697697643998,1706,2026-01-30 18:57:46,0.6699546933763402,0.2907108408469264,0.515524088878381
mu_mig_c59_ws0208_2205,38,8,12.07087961650964,107.24562585878061,12.07087961650964,2410,2026-01-30 19:03:05,0.44829730140101526,0.3622933043093455,0.42959458598595646
mu_mig_c59_ws0208_2205,38,9,11.517723041898323,114.48920165430738,11.517723041898323,863,2026-01-30 18:52:50,0.5280315286114469,0.15224941301608275,0.66953226310694
mu_mig_c59_ws0208_2205,38,10,8.008065407660462,114.67908487135905,8.008065407660462,859,2026-01-30 18:49:25,0.7874139392806095,0.15608487962817963,0.5269095775834374
mu_mig_c59_ws0208_2205,38,11,18.184483603817412,96.77316879481609,18.184483603817412,1030,2026-01-30 18:50:35,0.6827687013335233,0.1855170890504666,0.4853769317844215
mu_mig_c59_ws0208_2205,38,12,14.404254320645563,124.23876462051155,14.404254320645563,2434,2026-01-30 19:02:28,0.5872794819559509,0.36238009414457373,0.4342427539937747
mu_mig_c59_ws0208_2205,38,13,10.86064098545218,105.52617562272798,10.86064098545218,882,2026-01-30 18:53:25,0.6978160065748497,0.15906531259062462,0.5083477220675157
mu_mig_c59_ws0208_2205,38,14,39.88604225431692,151.6631482908812,39.88604225431692,2652,2026-01-30 19:00:48,0.7021482492932987,0.3861972677863404,0.44943218192277173
mu_mig_c59_ws0208_2205,38,15,35.234149664794344,147.00975099123386,35.234149664794344,2522,2026-01-30 19:02:47,0.6964046258935285,0.37768342018451445,0.4503651988320901
mu_mig_c59_ws0208_2205,38,16,16.635067188134435,126.18314026249583,16.635067188134435,2337,2026-01-30 18:59:20,0.5792064083155795,0.3577847951669353,0.423906645135791
mu_mig_c59_ws0208_2205,38,17,24.093871214010864,94.08027868590696,24.093871214010864,1865,2026-01-30 18:59:39,0.550189614593602,0.3144396057389545,0.383081795795881
mu_mig_c59_ws0208_2205,38,18,19.302371164391534,97.84236617653161,19.302371164391534,2054,2026-01-30 19:00:55,0.48148908617417363,0.33324411318108305,0.39511877600822964
mu_mig_c59_ws0208_2205,38,19,14.743067655204355,123.16231461530758,14.743067655204355,1572,2026-01-30 18:53:58,0.6964220677417893,0.2799488015009237,0.47506407541764384
mu_mig_c59_ws0208_2205,38,20,18.979932774723828,128.99961467831594,18.979932774723828,1444,2026-01-30 19:24:29,0.7525358447948259,0.27014593557520133,0.4704333895376712
mu_mig_c59_ws0208_2205,38,21,35.28218921876688,146.50733634731046,35.28218921876688,1947,2026-01-30 19:28:36,0.7417527003856452,0.3174130353736226,0.503443896847562
mu_mig_c59_ws0208_2205,38,22,11.029135537165287,116.22439362308633,11.029135537165287,2163,2026-01-30 19:32:50,0.6748073181431337,0.34437979822369036,0.37832128604410475
mu_mig_c59_ws0208_2205,38,23,40.57876790731131,149.71137315587063,40.57876790731131,1295,2026-01-30 19:30:25,0.6471017134163431,0.23275879345941938,0.6921533081177499
mu_mig_c59_ws0208_2205,38,24,26.85731009427885,92.91457236942462,26.85731009427885,2152,2026-01-30 19:31:46,0.4341859103699259,0.3405167713472154,0.4276135390240039
mu_mig_c59_ws0208_2205,39,0,7.777666761049029,112.11041098187276,7.777666761049029,944,2026-01-30 20:16:38,0.7272883210864186,0.18041494533334626,0.56354890903376
mu_mig_c59_ws0208_2205,39,1,45.19385441471904,155.00925305554696,45.19385441471904,1404,2026-01-30 20:18:16,0.8423349545031968,0.24764341700785059,0.6016906046566173
mu_mig_c59_ws0208_2205,39,2,17.71933094392402,127.48365707041874,17.71933094392402,2465,2026-01-30 20:26:05,0.5839511890720093,0.3616361726627735,0.44227756366147497
mu_mig_c59_ws0208_2205,39,3,10.919357079222841,121.01956797989853,10.919357079222841,1475,2026-01-30 20:19:27,0.761686157791938,0.26412371696789266,0.4659978245771266
mu_mig_c59_ws0208_2205,39,4,18.73954061669651,96.19674541750138,18.73954061669651,1028,2026-01-30 20:14:39,0.7067481145537462,0.18719747267179526,0.4874013280892572
mu_mig_c59_ws0208_2205,39,5,34.891684329111364,145.64495208805516,34.891684329111364,1713,2026-01-30 20:18:48,0.7055835906310716,0.28464956959004584,0.5383656944012458
mu_mig_c59_ws0208_2205,39,6,33.86311332794792,145.39280345112238,33.86311332794792,1954,2026-01-30 20:22:21,0.7438240848975363,0.3226151837738695,0.4988897427024884
mu_mig_c59_ws0208_2205,39,7,23.284780386921042,134.36925501656557,23.284780386921042,1707,2026-01-30 20:20:24,0.6693730018734496,0.297854988600635,0.5160696579873741
mu_mig_c59_ws0208_2205,39,8,15.144101344802504,106.20543262990435,15.144101344802504,2328,2026-01-30 20:24:30,0.4438986523354645,0.3602329038215949,0.42954194887255703
mu_mig_c59_ws0208_2205,39,9,9.720110529379935,110.81419655369272,9.720110529379935,830,2026-01-30 20:12:00,0.5269362155685368,0.15139127297450886,0.6656839190920898
mu_mig_c59_ws0208_2205,39,10,7.506112804602664,111.71156966247054,7.506112804602664,933,2026-01-30 20:14:29,0.7721739596258494,0.1721153386024678,0.5167336482453673
mu_mig_c59_ws0208_2205,39,11,14.040365951593133,100.17849099687902,14.040365951593133,1025,2026-01-30 20:13:51,0.6826659906796173,0.1867458441909565,0.4792597856131102
mu_mig_c59_ws0208_2205,39,12,15.47572515901306,125.18255050659964,15.47572515901306,2393,2026-01-30 20:25:32,0.594225135488064,0.3606534889747278,0.42805270790296235
mu_mig_c59_ws0208_2205,39,13,19.7684926689307,93.63019012713391,19.7684926689307,865,2026-01-30 20:14:00,0.6881684507761905,0.15899894411600962,0.4900980010950291
mu_mig_c59_ws0208_2205,39,14,36.10096793992638,147.8747747562205,36.10096793992638,2659,2026-01-30 20:25:26,0.703278703498472,0.38298937951475753,0.4487492803221665
mu_mig_c59_ws0208_2205,39,15,34.613514692617514,146.11359571255795,34.613514692617514,2530,2026-01-30 20:25:48,0.6947532139763961,0.37506036696276607,0.4520985348193165
mu_mig_c59_ws0208_2205,39,16,14.267415848275649,122.51197982361725,14.267415848275649,2444,2026-01-30 20:24:46,0.5833578640207187,0.3581261752071078,0.42260142127089523
mu_mig_c59_ws0208_2205,39,17,28.312412608747447,88.99571627642824,28.312412608747447,1863,2026-01-30 20:22:04,0.567545517491666,0.31410365057256245,0.37751810166886723
mu_mig_c59_ws0208_2205,39,18,25.433939701903377,94.528241301517,25.433939701903377,2142,2026-01-30 20:21:54,0.47897545826325816,0.3342668844301274,0.3903882770859882
mu_mig_c59_ws0208_2205,39,19,14.400819937678941,124.12367468940754,14.400819937678941,1578,2026-01-30 20:18:16,0.6999892036320865,0.27973889250029854,0.47583794700075366
mu_mig_c59_ws0208_2205,39,20,13.693043643852672,122.99041646106878,13.693043643852672,1531,2026-01-30 20:49:17,0.7529959577518265,0.2708182866290292,0.4699365555568108
mu_mig_c59_ws0208_2205,39,21,31.007974630824798,142.22558730128142,31.007974630824798,1859,2026-01-30 20:52:39,0.7403800114835833,0.31577580258976795,0.5050345172896527
mu_mig_c59_ws0208_2205,39,22,11.90528967966403,114.39286381632292,11.90528967966403,2195,2026-01-30 20:52:32,0.6779605728182376,0.3430951485849063,0.3784758218845139
mu_mig_c59_ws0208_2205,39,23,45.88605656046896,154.67288411901094,45.88605656046896,1282,2026-01-30 20:51:25,0.746952161695722,0.24374071912262993,0.6980432235752162
mu_mig_c59_ws0208_2205,39,24,23.96096010549317,93.88014618923877,23.96096010549317,2020,2026-01-30 20:53:09,0.4583885694032225,0.32757828265956124,0.4021467449413041
mu_mig_c59_ws0208_2205,40,0,8.174231245521362,112.16755400190148,8.174231245521362,914,2026-01-30 21:44:20,0.761103132409722,0.16404627459521381,0.5441231100711376
mu_mig_c59_ws0208_2205,40,1,27.586181404889363,137.98273896688602,27.586181404889363,1236,2026-01-30 21:37:05,0.7947700549731505,0.23433527698424733,0.5659364124164008
mu_mig_c59_ws0208_2205,40,2,11.640600235547739,115.56166286930026,11.640600235547739,2187,2026-01-30 21:44:30,0.5757983850826816,0.35329619709660537,0.4267382778298747
mu_mig_c59_ws0208_2205,40,3,12.557845624633694,123.11432694938493,12.557845624633694,1462,2026-01-30 21:39:25,0.7593978964388657,0.26133819090784177,0.4658929783642003
mu_mig_c59_ws0208_2205,40,4,16.126000979036828,97.74447831169039,16.126000979036828,944,2026-01-30 21:34:59,0.6991020213184662,0.18525024490334913,0.4775333960452964
mu_mig_c59_ws0208_2205,40,5,24.611279279343055,135.74362445531946,24.611279279343055,1609,2026-01-30 21:41:58,0.6846115523391769,0.2809589205594823,0.5367072670385894
mu_mig_c59_ws0208_2205,40,6,34.975679405076505,146.50331081501355,34.975679405076505,2059,2026-01-30 21:42:17,0.7493232425794076,0.32129382230123177,0.5016039733539406
mu_mig_c59_ws0208_2205,40,7,21.55747701293948,132.9441363684698,21.55747701293948,1848,2026-01-30 21:39:23,0.6689076486711372,0.3035703068036018,0.5165061132745687
mu_mig_c59_ws0208_2205,40,8,14.44265570316283,109.33830980343087,14.44265570316283,2516,2026-01-30 21:46:38,0.4403797330830239,0.35858458343139443,0.42949983918183743
mu_mig_c59_ws0208_2205,40,9,11.268894025577836,114.03550177345599,11.268894025577836,868,2026-01-30 21:34:53,0.6047820196295064,0.15630004302861997,0.6510132678311187
mu_mig_c59_ws0208_2205,40,10,7.691119729975598,110.77866204355023,7.691119729975598,973,2026-01-30 21:34:44,0.7599819759020413,0.18493970578189833,0.5085929047749113
mu_mig_c59_ws0208_2205,40,11,13.2930126975695,100.78022185715709,13.2930126975695,965,2026-01-30 21:34:05,0.6825838221564926,0.1877288483033484,0.47436606867606124
mu_mig_c59_ws0208_2205,40,12,13.591114018367973,123.82221561402363,13.591114018367973,2374,2026-01-30 21:46:36,0.5972223657556565,0.3587063345624421,0.42169872862469115
mu_mig_c59_ws0208_2205,40,13,25.482728174012443,88.52206033672971,25.482728174012443,877,2026-01-30 21:33:52,0.6828121600040223,0.15906622444893934,0.4747336307562452
mu_mig_c59_ws0208_2205,40,14,38.92507196661892,150.64856704153206,38.92507196661892,2647,2026-01-30 21:46:16,0.7041007475197709,0.37889172341927035,0.4491696921717554
mu_mig_c59_ws0208_2205,40,15,33.923480026809095,145.40457305546826,33.923480026809095,2487,2026-01-30 21:44:09,0.6934320844426902,0.37296192438536735,0.4534852036090977
mu_mig_c59_ws0208_2205,40,16,13.853185464565295,118.10699366437181,13.853185464565295,2267,2026-01-30 21:43:59,0.58667902858483,0.3583992792392458,0.4215572421789786
mu_mig_c59_ws0208_2205,40,17,19.25987292309156,97.28319989542331,19.25987292309156,1883,2026-01-30 21:42:51,0.5805809999062479,0.31507494639640016,0.3743378502746819
mu_mig_c59_ws0208_2205,40,18,21.720304553195607,96.52984365024166,21.720304553195607,2133,2026-01-30 21:45:26,0.47695494062410915,0.3346038216003726,0.38841662381509645
mu_mig_c59_ws0208_2205,40,19,14.974387672289708,123.03337069419327,14.974387672289708,1573,2026-01-30 21:40:19,0.7174817424051723,0.27634412413766446,0.47563201422954937
mu_mig_c59_ws0208_2205,40,20,19.663892759177635,130.73005634148413,19.663892759177635,1542,2026-01-30 22:14:06,0.7542336194752906,0.26913273641928276,0.46920629551383164
mu_mig_c59_ws0208_2205,40,21,31.03658874951874,142.3834775778258,31.03658874951874,1900,2026-01-30 22:13:30,0.7392818603619339,0.31446601636268423,0.5063070136433252
mu_mig_c59_ws0208_2205,40,22,12.709777760489764,119.9961233057693,12.709777760489764,2145,2026-01-30 22:16:47,0.6804831765583208,0.3420674288738791,0.3785994505568412
mu_mig_c59_ws0208_2205,40,23,65.93291904051422,175.34354965076574,65.93291904051422,1431,2026-01-30 22:13:21,0.8347452310824982,0.25336212595338664,0.7007313051562187
mu_mig_c59_ws0208_2205,40,24,20.878437283756295,95.87757997997824,20.878437283756295,1896,2026-01-30 22:17:10,0.47775069662985975,0.31722749170943787,0.3817733096751442
mu_mig_c59_ws0208_2205,41,0,8.076044786165102,110.24794326265734,8.076044786165102,863,2026-01-30 22:57:19,0.7881078581112593,0.15709307449173748,0.5209100686030687
mu_mig_c59_ws0208_2205,41,1,10.765601393626154,120.06818452259108,10.765601393626154,1057,2026-01-30 22:59:43,0.7514873111326326,0.1957365222813539,0.5356124087542506
mu_mig_c59_ws0208_2205,41,2,11.578294290506902,114.89490749014394,11.578294290506902,2243,2026-01-30 23:08:50,0.5692761418912193,0.3466242166436709,0.4143068491645946
mu_mig_c59_ws0208_2205,41,3,13.07084273694579,122.27090957564164,13.07084273694579,1419,2026-01-30 22:58:38,0.7575672873564078,0.25910977005980107,0.46580910139385934
mu_mig_c59_ws0208_2205,41,4,19.99878983753613,93.9827236227911,19.99878983753613,993,2026-01-30 23:00:24,0.6928207617655332,0.18425542119640986,0.4694172730186069
mu_mig_c59_ws0208_2205,41,5,19.320021252960778,130.21018128365316,19.320021252960778,1632,2026-01-30 23:03:20,0.665303396285129,0.2856574970109839,0.5333873408812049
mu_mig_c59_ws0208_2205,41,6,40.64731036712539,151.37334424836502,40.64731036712539,1887,2026-01-30 23:04:25,0.7531314234392118,0.3199563210611825,0.5038848570552372
mu_mig_c59_ws0208_2205,41,7,27.079965944224387,138.43050200479894,27.079965944224387,1896,2026-01-30 23:04:12,0.6685353661092872,0.3081425613659753,0.5168552775043243
mu_mig_c59_ws0208_2205,41,8,14.56896362631003,103.50988910153043,14.56896362631003,2311,2026-01-30 23:08:45,0.4375645976810714,0.35726592711923405,0.42946615142926176
mu_mig_c59_ws0208_2205,41,9,12.293702318879893,117.69547851021633,12.293702318879893,877,2026-01-30 22:59:09,0.685842999601048,0.16149735276474508,0.6384550583396884
mu_mig_c59_ws0208_2205,41,10,9.228989426031672,114.48050063210876,9.228989426031672,1070,2026-01-30 23:00:48,0.7502283889229948,0.19519919952544276,0.5020803099985465
mu_mig_c59_ws0208_2205,41,11,19.726249247539492,94.61281292995552,19.726249247539492,1014,2026-01-30 23:00:37,0.6825180873379928,0.18851525159326193,0.4704510951264221
mu_mig_c59_ws0208_2205,41,12,12.196115880990785,112.94061092838088,12.196115880990785,2216,2026-01-30 23:08:28,0.5996201499697305,0.3571486110326135,0.4166155452020741
mu_mig_c59_ws0208_2205,41,13,26.316926579088445,89.31518358574144,26.316926579088445,900,2026-01-30 23:00:22,0.6833955995748685,0.15956277660609294,0.4626582000404704
mu_mig_c59_ws0208_2205,41,14,40.54413997811793,152.18815637907622,40.54413997811793,2529,2026-01-30 23:07:43,0.7026995611936985,0.3741269037668273,0.44970275001227755
mu_mig_c59_ws0208_2205,41,15,33.305383932152054,145.04315626879142,33.305383932152054,2475,2026-01-30 23:08:54,0.6923751808157255,0.3712831703234484,0.4545945386409226
mu_mig_c59_ws0208_2205,41,16,15.381890960593909,124.84404191207972,15.381890960593909,2342,2026-01-30 23:08:56,0.5902510336275569,0.35872024310890177,0.42075231078452335
mu_mig_c59_ws0208_2205,41,17,22.364839228637752,94.52861947510553,22.364839228637752,1855,2026-01-30 23:06:27,0.5910093858379133,0.3158519830554703,0.37179364915933366
mu_mig_c59_ws0208_2205,41,18,27.74902589129033,89.2632768121046,27.74902589129033,2041,2026-01-30 23:05:22,0.4755592653048449,0.3344044036387894,0.3855291878119806
mu_mig_c59_ws0208_2205,41,19,14.152987453220167,125.00807497895799,14.152987453220167,1544,2026-01-30 23:01:59,0.7314757734236409,0.27362830944755717,0.4754672680125859
mu_mig_c59_ws0208_2205,41,20,15.136787124676951,125.78900286583374,15.136787124676951,1439,2026-01-30 23:34:25,0.7567456911841152,0.2667801575566091,0.4676445697960815
mu_mig_c59_ws0208_2205,41,21,35.78426996168354,146.8666100500387,35.78426996168354,1931,2026-01-30 23:36:56,0.7384033394646143,0.3134181873810173,0.5073250107262632
mu_mig_c59_ws0208_2205,41,22,10.857107325407458,117.40385251990212,10.857107325407458,2122,2026-01-30 23:36:43,0.6825012595503873,0.34124525310505727,0.37869835349470304
mu_mig_c59_ws0208_2205,41,23,65.81949277120782,175.04061314720522,65.81949277120782,1467,2026-01-30 23:36:12,0.9010011212089127,0.2572682872073838,0.6748457923520572
mu_mig_c59_ws0208_2205,41,24,35.11571924510622,81.98952928263355,35.11571924510622,1732,2026-01-30 23:38:47,0.49324039841116957,0.3089468589493392,0.3654745614622163
mu_mig_c59_ws0208_2205,42,0,10.603511613967783,109.24358501468203,10.603511613967783,828,2026-01-31 00:19:28,0.8097116386724891,0.15153051440895643,0.5023396354286135
mu_mig_c59_ws0208_2205,42,1,10.61577043631029,104.70341266444454,10.61577043631029,896,2026-01-31 00:18:39,0.7166208008295488,0.16470288420305784,0.5047299369263885
mu_mig_c59_ws0208_2205,42,2,9.763150998425019,109.66059338075023,9.763150998425019,2140,2026-01-31 00:29:45,0.5640583473380496,0.3412866322813233,0.40436170623237044
mu_mig_c59_ws0208_2205,42,3,11.220754231059491,116.5263639255627,11.220754231059491,1392,2026-01-31 00:22:13,0.7561028000904415,0.25732703338136853,0.46574199981758646
mu_mig_c59_ws0208_2205,42,4,22.25354745776265,92.14213672532095,22.25354745776265,986,2026-01-31 00:21:07,0.6861314376593813,0.18396053768303,0.46310370924298694
mu_mig_c59_ws0208_2205,42,5,15.335672017523857,125.3649908659888,15.335672017523857,1636,2026-01-31 00:25:03,0.6498568714418907,0.2894163581721852,0.5307313999552974
mu_mig_c59_ws0208_2205,42,6,39.46089389972121,150.38084580806148,39.46089389972121,1952,2026-01-31 00:28:47,0.752595185925281,0.31759895196075005,0.5061283305430794
mu_mig_c59_ws0208_2205,42,7,30.574279539308723,141.7021755912424,30.574279539308723,1814,2026-01-31 00:25:32,0.6679211054011488,0.3049501214542364,0.5223920496034682
mu_mig_c59_ws0208_2205,42,8,22.02988712074177,98.17338803821573,22.02988712074177,2377,2026-01-31 00:32:19,0.43531248935950945,0.3562110020695058,0.42943920122720125
mu_mig_c59_ws0208_2205,42,9,14.681784688454123,120.98613117953137,14.681784688454123,860,2026-01-31 00:19:00,0.7627160845231084,0.16585455355923423,0.6169108616473037
mu_mig_c59_ws0208_2205,42,10,10.01383467730917,110.51623390035942,10.01383467730917,1138,2026-01-31 00:21:11,0.7424255193397576,0.20340679452027832,0.4968702341774545
mu_mig_c59_ws0208_2205,42,11,25.50260352341753,90.0718571868847,25.50260352341753,983,2026-01-31 00:20:19,0.6824654994831929,0.18914437422519276,0.46731911628671075
mu_mig_c59_ws0208_2205,42,12,13.566424979538597,122.09189810349056,13.566424979538597,2329,2026-01-31 00:30:31,0.6015383773409896,0.3559024322087507,0.4125489984639805
mu_mig_c59_ws0208_2205,42,13,26.72456237511001,87.32232702061279,26.72456237511001,870,2026-01-31 00:18:49,0.6855660137924504,0.16356377078119738,0.45452126391209385
mu_mig_c59_ws0208_2205,42,14,28.751494017731545,140.29520342584985,28.751494017731545,2491,2026-01-31 00:32:17,0.69942284901701,0.3699212120236747,0.4507427192480403
mu_mig_c59_ws0208_2205,42,15,31.275800378531546,143.05612804587392,31.275800378531546,2572,2026-01-31 00:33:10,0.6915296579141537,0.3699401670739132,0.45548200666638256
mu_mig_c59_ws0208_2205,42,16,11.041967355483896,115.64509776057024,11.041967355483896,2298,2026-01-31 00:29:07,0.5947880629675486,0.3587677305088482,0.4195023343701658
mu_mig_c59_ws0208_2205,42,17,14.121348131886675,105.54237556368071,14.121348131886675,1984,2026-01-31 00:27:37,0.5993520945832457,0.3164736123827264,0.36975828826705504
mu_mig_c59_ws0208_2205,42,18,20.065565001571333,97.80232602750385,20.065565001571333,2151,2026-01-31 00:28:19,0.47444272504943347,0.33424486926952285,0.3832192390094879
mu_mig_c59_ws0208_2205,42,19,18.503168228083894,128.81411000542207,18.503168228083894,1543,2026-01-31 00:23:34,0.7426709982384158,0.27145565769547136,0.4753354710390152
mu_mig_c59_ws0208_2205,42,20,13.973176968768188,123.85775499529193,13.973176968768188,1530,2026-01-31 00:54:36,0.7589615004313236,0.2639507160959984,0.46622783914800037
mu_mig_c59_ws0208_2205,42,21,26.525299287762532,137.19253278959548,26.525299287762532,1818,2026-01-31 00:57:11,0.7377005227467587,0.3125799241956837,0.5081394083926136
mu_mig_c59_ws0208_2205,42,22,11.382186413413558,118.88767289728789,11.382186413413558,2129,2026-01-31 00:56:23,0.6841157259440406,0.34058751248999986,0.37877747584499244
mu_mig_c59_ws0208_2205,42,23,59.42075899902994,168.76466736260707,59.42075899902994,1351,2026-01-31 00:53:28,0.9063354942217073,0.24603089219583746,0.648558948323375
mu_mig_c59_ws0208_2205,42,24,31.06578045484559,85.55457551007387,31.06578045484559,1750,2026-01-31 00:56:22,0.499067000597605,0.30236691439269586,0.35414399224545456
mu_mig_c59_ws0208_2205,43,0,9.058567055452134,108.83132955237978,9.058567055452134,846,2026-01-31 01:37:54,0.8269946631214729,0.1470804663427316,0.48748328888904935
mu_mig_c59_ws0208_2205,43,1,19.069115188007952,94.86362617258216,19.069115188007952,876,2026-01-31 01:38:59,0.6959863333640223,0.1497796150596618,0.4785754736173765
mu_mig_c59_ws0208_2205,43,2,13.412593926728595,109.43237858702626,13.412593926728595,2194,2026-01-31 01:48:03,0.5598841116955138,0.3370165647914452,0.39640559188659114
mu_mig_c59_ws0208_2205,43,3,9.211443536756754,118.45599250934771,9.211443536756754,1444,2026-01-31 01:43:47,0.7549312102776684,0.25590084403862245,0.4656883185565682
mu_mig_c59_ws0208_2205,43,4,21.969947345100607,92.4535917758664,21.969947345100607,973,2026-01-31 01:42:00,0.6807799783744599,0.1837246308723261,0.458052858222491
mu_mig_c59_ws0208_2205,43,5,25.78637930307594,136.2724229594501,25.78637930307594,1798,2026-01-31 01:44:45,0.6374996515673002,0.29242344710114626,0.5286066472145713
mu_mig_c59_ws0208_2205,43,6,30.336648153303823,141.32113181576932,30.336648153303823,1842,2026-01-31 01:46:33,0.7470998834659675,0.3148974043652211,0.5086263521149041
mu_mig_c59_ws0208_2205,43,7,25.061613876465557,136.01012763155353,25.061613876465557,1871,2026-01-31 01:47:14,0.6604419838000096,0.29957906171732424,0.5295440394447724
mu_mig_c59_ws0208_2205,43,8,16.770251368493156,102.13545438274906,16.770251368493156,2367,2026-01-31 01:46:34,0.43585136706179667,0.34810745171314905,0.41257536047893795
mu_mig_c59_ws0208_2205,43,9,21.714697043048478,129.74511650472235,21.714697043048478,930,2026-01-31 01:36:39,0.8242145524607566,0.16934031419482556,0.5996755042933959
mu_mig_c59_ws0208_2205,43,10,10.340296130807845,119.51373998217693,10.340296130807845,1193,2026-01-31 01:37:50,0.7361832236731679,0.20997287051614677,0.492702173520581
mu_mig_c59_ws0208_2205,43,11,24.49263984604235,90.35884185593869,24.49263984604235,997,2026-01-31 01:40:53,0.6835071300621487,0.18894663384762939,0.46361309632571973
mu_mig_c59_ws0208_2205,43,12,11.18012066016435,117.14584850822247,11.18012066016435,2296,2026-01-31 01:44:40,0.6010203509978806,0.35563816941452825,0.41194880814369894
mu_mig_c59_ws0208_2205,43,13,19.76530262316873,93.9965781159129,19.76530262316873,971,2026-01-31 01:38:27,0.6874360485731869,0.17448694409380489,0.4482026989908836
mu_mig_c59_ws0208_2205,43,14,32.579981930943305,144.1140828544818,32.579981930943305,2369,2026-01-31 01:50:08,0.6968014792756593,0.36655665862915254,0.45157469463665056
mu_mig_c59_ws0208_2205,43,15,39.123903079984146,151.01318419308555,39.123903079984146,2587,2026-01-31 01:51:11,0.6932316680614058,0.3688617215025854,0.45475073623738926
mu_mig_c59_ws0208_2205,43,16,14.459140948571493,123.4284406629447,14.459140948571493,2402,2026-01-31 01:49:21,0.598417686439542,0.3588057204288053,0.4185023532386798
mu_mig_c59_ws0208_2205,43,17,16.334397598350677,100.7510954022797,16.334397598350677,1887,2026-01-31 01:41:48,0.5942330932465975,0.3189673754541139,0.36906144865749935
mu_mig_c59_ws0208_2205,43,18,19.56842365347085,96.30550225704923,19.56842365347085,2041,2026-01-31 01:46:56,0.47354949284510434,0.3341172417741096,0.38137127996749376
mu_mig_c59_ws0208_2205,43,19,13.108664608372024,122.90613325023743,13.108664608372024,1455,2026-01-31 01:40:56,0.7534932075978591,0.2669281933120328,0.47349340139303653
mu_mig_c59_ws0208_2205,43,20,14.344468744566063,123.7585878857426,14.344468744566063,1423,2026-01-31 02:15:30,0.7604458977510057,0.25969273822878625,0.46500238459283333
mu_mig_c59_ws0208_2205,43,21,34.86449360897816,146.29941054925825,34.86449360897816,1928,2026-01-31 02:12:29,0.7371382693724742,0.31190931364741686,0.508790926525694
mu_mig_c59_ws0208_2205,43,22,14.60521744334589,117.63935366457738,14.60521744334589,2285,2026-01-31 02:20:17,0.6854072990589631,0.3400613199979539,0.37884077372522407
mu_mig_c59_ws0208_2205,43,23,46.84559047013797,156.44528487195635,46.84559047013797,1288,2026-01-31 02:18:09,0.8592414146290873,0.23434588658090286,0.6273096864329357
mu_mig_c59_ws0208_2205,43,24,38.14627475896428,78.88602292123726,38.14627475896428,1796,2026-01-31 02:16:57,0.5005372223888672,0.30567540076021016,0.35327951035026617
mu_mig_c59_ws0208_2205,44,0,13.321203952146922,101.2466986443498,13.321203952146922,796,2026-01-31 03:00:48,0.8408210826806599,0.1435204278897517,0.4755982116573981
mu_mig_c59_ws0208_2205,44,1,25.118363776474077,88.34668834489906,25.118363776474077,793,2026-01-31 03:02:26,0.6794787593916011,0.13784099974494496,0.4576519029701669
mu_mig_c59_ws0208_2205,44,2,18.426750938706537,101.37063676014725,18.426750938706537,1992,2026-01-31 03:09:26,0.558818858592461,0.3339692581692086,0.39436951961738026
mu_mig_c59_ws0208_2205,44,3,9.701738025979349,119.9399500785495,9.701738025979349,1377,2026-01-31 03:05:23,0.75399393842745,0.2547598925644256,0.4656453735477536
mu_mig_c59_ws0208_2205,44,4,20.489273130224582,93.90933001076861,20.489273130224582,1011,2026-01-31 03:01:19,0.6764988109465228,0.18353590542376297,0.45401217740609423
mu_mig_c59_ws0208_2205,44,5,23.11614154402037,133.50077954044067,23.11614154402037,1797,2026-01-31 03:05:37,0.6294355492465274,0.2974540594797341,0.5271323496651006
mu_mig_c59_ws0208_2205,44,6,24.661188337518578,136.06270484510097,24.661188337518578,1847,2026-01-31 03:08:06,0.7427036414985166,0.31273616628879797,0.510624769372364
mu_mig_c59_ws0208_2205,44,7,24.777688818330468,135.72765965783373,24.777688818330468,1706,2026-01-31 03:06:16,0.6544586865190983,0.2952822139277945,0.5352656313178159
mu_mig_c59_ws0208_2205,44,8,14.318313784661475,103.16587460381304,14.318313784661475,2255,2026-01-31 03:09:39,0.43628246922362646,0.34162461142806366,0.39908428788032735
mu_mig_c59_ws0208_2205,44,9,26.3433441144755,134.78144802015422,26.3433441144755,933,2026-01-31 03:01:33,0.8734133268108752,0.17212892270329863,0.5858872184102697
mu_mig_c59_ws0208_2205,44,10,8.957292235328165,112.31465082455361,8.957292235328165,1152,2026-01-31 03:03:07,0.7311893871398961,0.21522573131284153,0.4893677249950822
mu_mig_c59_ws0208_2205,44,11,22.43778451298557,92.99352567373815,22.43778451298557,1020,2026-01-31 03:03:17,0.6842031015360904,0.18803534844418404,0.45929947984484365
mu_mig_c59_ws0208_2205,44,12,10.954844120278405,115.27353184977912,10.954844120278405,2219,2026-01-31 03:11:01,0.6006059299233936,0.3554267591791503,0.4114686558874737
mu_mig_c59_ws0208_2205,44,13,23.775820460111312,91.20140661516282,23.775820460111312,1003,2026-01-31 03:02:13,0.688932076397776,0.1832254827438909,0.44314784705391547
mu_mig_c59_ws0208_2205,44,14,30.554213974903355,142.12403121705995,30.554213974903355,2315,2026-01-31 03:08:56,0.6947043834825787,0.3638650159135349,0.4522402749475388
mu_mig_c59_ws0208_2205,44,15,40.92746196866361,152.21375228320534,40.92746196866361,2564,2026-01-31 03:11:20,0.6949148343497755,0.3673063138383005,0.4538632811891259
mu_mig_c59_ws0208_2205,44,16,12.375778931421427,121.91876446498897,12.375778931421427,2293,2026-01-31 03:10:41,0.6014158284119325,0.3585518742267349,0.41584991216072764
mu_mig_c59_ws0208_2205,44,17,20.23213532643166,101.20654209730846,20.23213532643166,2111,2026-01-31 03:11:32,0.5820158672830085,0.32671945054028045,0.3699055440079363
mu_mig_c59_ws0208_2205,44,18,38.86295550533873,79.60143529361008,38.86295550533873,2088,2026-01-31 03:10:49,0.46314692587198,0.3357945242703012,0.3815612363280537
mu_mig_c59_ws0208_2205,44,19,11.667001557927861,121.30663276657391,11.667001557927861,1407,2026-01-31 03:03:22,0.7621509750854137,0.26330622180528196,0.4720197456762537
mu_mig_c59_ws0208_2205,44,20,13.306322427401692,123.04935282981857,13.306322427401692,1411,2026-01-31 03:36:48,0.7603595820864573,0.2557507888143211,0.4641725982660738
mu_mig_c59_ws0208_2205,44,21,36.187000482418206,147.39550588559476,36.187000482418206,1946,2026-01-31 03:39:53,0.7383084183710712,0.31159538273115645,0.5092845911641586
mu_mig_c59_ws0208_2205,44,22,12.750737810934346,113.38083493420656,12.750737810934346,2107,2026-01-31 03:39:52,0.6864405575509012,0.33964036600431713,0.3788914120294093
mu_mig_c59_ws0208_2205,44,23,32.59125073978348,141.7540155049036,32.59125073978348,1166,2026-01-31 03:36:00,0.8102640232518797,0.2225045556423166,0.6008336899333553
mu_mig_c59_ws0208_2205,44,24,26.73637080421485,91.7519531928893,26.73637080421485,2012,2026-01-31 03:40:24,0.49641416658928605,0.3116850942041854,0.35460231653946805
mu_mig_c59_ws0208_2205,45,0,15.804750736308954,98.85654207609265,15.804750736308954,811,2026-01-31 04:21:00,0.8518822183280096,0.1406723971273678,0.46609014987207703
mu_mig_c59_ws0208_2205,45,1,39.57118433914539,75.05589020729242,39.57118433914539,816,2026-01-31 04:22:17,0.6654255974117432,0.14516021743625812,0.44046424451417243
mu_mig_c59_ws0208_2205,45,2,14.73549836412425,106.67493556985195,14.73549836412425,2130,2026-01-31 04:30:15,0.5579666561100189,0.3315314128714193,0.39274066180201156
mu_mig_c59_ws0208_2205,45,3,9.911257699124493,112.81195320033089,9.911257699124493,1419,2026-01-31 04:25:38,0.7532441209472752,0.25384713138506815,0.46561101754070194
mu_mig_c59_ws0208_2205,45,4,29.26848755094379,86.25080531609154,29.26848755094379,1002,2026-01-31 04:23:27,0.673073877004173,0.18338492506491247,0.4507796327529768
mu_mig_c59_ws0208_2205,45,5,16.649025294008815,127.36649756038697,16.649025294008815,1812,2026-01-31 04:28:47,0.6229842673899093,0.3014785493826043,0.525952911625524
mu_mig_c59_ws0208_2205,45,6,37.06527645279721,148.62089824793895,37.06527645279721,1991,2026-01-31 04:29:00,0.739186647924556,0.31100717582765947,0.512223503178332
mu_mig_c59_ws0208_2205,45,7,20.037867253051534,131.09954289950082,20.037867253051534,1688,2026-01-31 04:27:07,0.6418919930644932,0.2921021751690306,0.5385421650838278
mu_mig_c59_ws0208_2205,45,8,21.133164428100727,97.58635311011975,21.133164428100727,2169,2026-01-31 04:31:27,0.4366273509530903,0.33643833919999533,0.3882914298014388
mu_mig_c59_ws0208_2205,45,9,26.485989600829033,135.62580937301604,26.485989600829033,954,2026-01-31 04:22:35,0.9127723462909701,0.17435980951007707,0.5748565897037687
mu_mig_c59_ws0208_2205,45,10,7.137503428908354,114.33459672193486,7.137503428908354,1200,2026-01-31 04:24:36,0.7271943179132787,0.21942801995019734,0.48670016617468315
mu_mig_c59_ws0208_2205,45,11,21.55722617639011,92.06335967082319,21.55722617639011,979,2026-01-31 04:22:22,0.6817397112913667,0.18575077505569956,0.4539920168547992
mu_mig_c59_ws0208_2205,45,12,15.76277528113227,125.15890047546063,15.76277528113227,2364,2026-01-31 04:31:43,0.6002743930638039,0.35525763099084795,0.41108453408249346
mu_mig_c59_ws0208_2205,45,13,17.20133135944002,96.6430093548989,17.20133135944002,1052,2026-01-31 04:20:44,0.6888641595608979,0.19029702915032656,0.439660174037469
mu_mig_c59_ws0208_2205,45,14,22.564309950034207,133.67916520396983,22.564309950034207,2290,2026-01-31 04:30:37,0.6930267068481142,0.3617117017410407,0.4527727391962494
mu_mig_c59_ws0208_2205,45,15,36.33887803022687,147.8158671417974,36.33887803022687,2428,2026-01-31 04:31:23,0.6962065756231919,0.36593580732282616,0.45292274148649825
mu_mig_c59_ws0208_2205,45,16,17.453766238758423,128.03637033000305,17.453766238758423,2393,2026-01-31 04:31:36,0.6037382407198741,0.3571612443453973,0.41303595060375586
mu_mig_c59_ws0208_2205,45,17,9.63506250144323,108.38540095521141,9.63506250144323,2034,2026-01-31 04:29:05,0.5670586626060345,0.3340926406526486,0.37507839517817404
mu_mig_c59_ws0208_2205,45,18,31.85157183978644,85.98079131553482,31.85157183978644,2106,2026-01-31 04:30:12,0.45424908056580326,0.33927287245098353,0.3836221621315276
mu_mig_c59_ws0208_2205,45,19,12.072992500894678,122.7997075698714,12.072992500894678,1485,2026-01-31 04:24:38,0.7690771890754575,0.2604086445998813,0.4708408211028274
mu_mig_c59_ws0208_2205,45,20,10.988568824972601,120.1287779384974,10.988568824972601,1453,2026-01-31 04:56:14,0.7595221715641939,0.252381860641639,0.46365836466022226
mu_mig_c59_ws0208_2205,45,21,32.503744223771264,143.79182236689715,32.503744223771264,1808,2026-01-31 05:00:00,0.7399116136838889,0.31138650154770964,0.5098547043691333
mu_mig_c59_ws0208_2205,45,22,13.64685778607369,122.55565814102584,13.64685778607369,2154,2026-01-31 05:00:51,0.6872671643444517,0.33930360280940774,0.3789319226727575
mu_mig_c59_ws0208_2205,45,23,23.601209148690533,133.03298160731,23.601209148690533,1131,2026-01-31 04:57:22,0.7866572169895608,0.21041884200241207,0.5750880485919662
mu_mig_c59_ws0208_2205,45,24,29.939636720776242,87.59669920297135,29.939636720776242,1941,2026-01-31 05:02:12,0.4931157219496211,0.3164928489593656,0.3556605614908296
mu_mig_c59_ws0208_2205,46,0,17.573622776001017,97.35313183462763,17.573622776001017,783,2026-01-31 05:41:55,0.8607311268458893,0.13839397251746066,0.4584837004438202
mu_mig_c59_ws0208_2205,46,1,40.87183837000766,73.4616549868246,40.87183837000766,878,2026-01-31 05:42:38,0.6550912268175192,0.1599861919290341,0.4270499973558659
mu_mig_c59_ws0208_2205,46,2,13.099586539884653,105.25951367502017,13.099586539884653,2036,2026-01-31 05:49:18,0.559767898519843,0.33011232152346326,0.3913370480051167
mu_mig_c59_ws0208_2205,46,3,12.223220660747927,122.16698506545788,12.223220660747927,1439,2026-01-31 05:48:10,0.7526442669631355,0.2531169224415822,0.4655835327350606
mu_mig_c59_ws0208_2205,46,4,22.892137701049606,91.06868823285396,22.892137701049606,1032,2026-01-31 05:44:31,0.6729027605371702,0.1838509656556776,0.44911210070176255
mu_mig_c59_ws0208_2205,46,5,20.45777961574589,131.62071275839796,20.45777961574589,1745,2026-01-31 05:52:08,0.6178232419046148,0.3046981413049005,0.5250093611938629
mu_mig_c59_ws0208_2205,46,6,38.899218925055536,150.12804030256072,38.899218925055536,1899,2026-01-31 05:51:35,0.7364096640783763,0.30969265279635405,0.5131789416000125
mu_mig_c59_ws0208_2205,46,7,11.829447469533372,122.23575469562807,11.829447469533372,1626,2026-01-31 05:51:46,0.6300584980534869,0.2921719118248759,0.5363174702771194
mu_mig_c59_ws0208_2205,46,8,31.182057592055852,87.02154733487835,31.182057592055852,1995,2026-01-31 05:51:01,0.4369032563366614,0.33228932141754064,0.379657143338328
mu_mig_c59_ws0208_2205,46,9,32.18186521235686,141.19916351692575,32.18186521235686,1029,2026-01-31 05:46:16,0.9050418287003605,0.18570326070560908,0.5661057356916588
mu_mig_c59_ws0208_2205,46,10,9.818166320057331,111.53338895754123,9.818166320057331,1147,2026-01-31 05:45:32,0.7239982625319847,0.222789850860082,0.48456611911836395
mu_mig_c59_ws0208_2205,46,11,27.828654006289568,86.77864929454451,27.828654006289568,1025,2026-01-31 05:43:30,0.6797689990955877,0.18392311634491199,0.4497460464627635
mu_mig_c59_ws0208_2205,46,12,13.800586154677012,124.01026700944034,13.800586154677012,2356,2026-01-31 05:54:17,0.6000091635761322,0.3551223284402061,0.4107772366385093
mu_mig_c59_ws0208_2205,46,13,21.39193730021614,92.4709866998714,21.39193730021614,1043,2026-01-31 05:45:14,0.6888098260913954,0.1959542662754751,0.4368700356243118
mu_mig_c59_ws0208_2205,46,14,39.0723017963902,150.62348839780543,39.0723017963902,2352,2026-01-31 05:54:40,0.6916845655405426,0.3599890504030454,0.45319871059521777
mu_mig_c59_ws0208_2205,46,15,36.75429041100939,148.08105896440742,36.75429041100939,2266,2026-01-31 05:55:08,0.6968976444095126,0.36363675946416124,0.45212399422318983
mu_mig_c59_ws0208_2205,46,16,16.770090860008438,127.70086864079336,16.770090860008438,2383,2026-01-31 05:54:19,0.6053953782515527,0.3554188993250337,0.41064023001576266
mu_mig_c59_ws0208_2205,46,17,20.656040619762795,99.26440575043893,20.656040619762795,2193,2026-01-31 05:52:53,0.5550928988644555,0.3399911927425431,0.3792166761143642
mu_mig_c59_ws0208_2205,46,18,32.00560704549743,89.07456283074995,32.00560704549743,2088,2026-01-31 05:54:33,0.44347280624910007,0.34120664342681917,0.3865699983706715
mu_mig_c59_ws0208_2205,46,19,12.362801071309212,121.41351643920954,12.362801071309212,1457,2026-01-31 05:43:50,0.7696317409192031,0.25733503147029974,0.46939141827291514
mu_mig_c59_ws0208_2205,46,20,8.354566164046199,111.41405973736877,8.354566164046199,1335,2026-01-31 06:23:14,0.7566331017770699,0.24995397090731344,0.463547442768969
mu_mig_c59_ws0208_2205,46,21,33.652182540128436,144.06195830219437,33.652182540128436,1848,2026-01-31 06:24:16,0.7411941699341431,0.31121939660095216,0.5103107949331132
mu_mig_c59_ws0208_2205,46,22,12.660869128231626,121.44803222631823,12.660869128231626,2188,2026-01-31 06:20:51,0.687928449779292,0.3390341922534802,0.37896433118743605
mu_mig_c59_ws0208_2205,46,23,14.67961680843796,124.10472361450462,14.67961680843796,1095,2026-01-31 06:22:01,0.7677717719797057,0.20075027109048843,0.5544915355188549
mu_mig_c59_ws0208_2205,46,24,31.757747531958504,85.96190843673399,31.757747531958504,1992,2026-01-31 06:28:09,0.49047696623788917,0.32033905276350977,0.35650715745191885
mu_mig_c59_ws0208_2205,47,0,12.52644476598717,102.15193527793791,12.52644476598717,786,2026-01-31 07:10:27,0.867810253660193,0.13657123282953496,0.45239854090121473
mu_mig_c59_ws0208_2205,47,1,33.7915295842514,80.67598522365785,33.7915295842514,998,2026-01-31 07:11:40,0.6535863410780575,0.17920463291241623,0.4212560221668602
mu_mig_c59_ws0208_2205,47,2,19.088586212323506,101.11668935828789,19.088586212323506,2188,2026-01-31 07:20:56,0.5612088924477022,0.32897704844509845,0.39021415696760087
mu_mig_c59_ws0208_2205,47,3,15.556323383061754,125.10952291716892,15.556323383061754,1451,2026-01-31 07:13:37,0.7530472377993386,0.2521882934926209,0.46532050610818376
mu_mig_c59_ws0208_2205,47,4,22.96382338298237,91.04619581412223,22.96382338298237,1017,2026-01-31 07:10:20,0.672765867363568,0.1842237981282897,0.44777807506079115
mu_mig_c59_ws0208_2205,47,5,23.4721810605357,134.5477175893708,23.4721810605357,1814,2026-01-31 07:14:47,0.6164238413665174,0.3024347781494648,0.5287349788726465
mu_mig_c59_ws0208_2205,47,6,33.63921036578503,144.8090984071311,33.63921036578503,1808,2026-01-31 07:15:58,0.7351032675452314,0.30886244413988667,0.5133404092070799
mu_mig_c59_ws0208_2205,47,7,13.220699681216557,124.11880761167394,13.220699681216557,1608,2026-01-31 07:15:27,0.6205917020446818,0.29222770114955215,0.5345377144317527
mu_mig_c59_ws0208_2205,47,8,33.08281180861421,84.20806970533734,33.08281180861421,1982,2026-01-31 07:17:08,0.43712398064351826,0.32897010719157693,0.3727497141678394
mu_mig_c59_ws0208_2205,47,9,33.640229034472476,142.4471161815272,33.640229034472476,1099,2026-01-31 07:11:59,0.8681352630393568,0.19565108783929924,0.557907366160016
mu_mig_c59_ws0208_2205,47,10,9.973909194089709,108.12420488714666,9.973909194089709,1221,2026-01-31 07:08:41,0.7257237029069238,0.23292453495173507,0.4767988437009459
mu_mig_c59_ws0208_2205,47,11,27.38793762069334,87.72095766076313,27.38793762069334,990,2026-01-31 07:10:41,0.6773656765235545,0.1824458090486498,0.44629711696028374
mu_mig_c59_ws0208_2205,47,12,13.333592318280026,122.77303080876061,13.333592318280026,2326,2026-01-31 07:21:49,0.5997969799859948,0.35501408639969256,0.410531398683322
mu_mig_c59_ws0208_2205,47,13,27.05863120106501,87.37916765481896,27.05863120106501,1019,2026-01-31 07:09:36,0.6887663593157934,0.20048005597559393,0.43463792489378605
mu_mig_c59_ws0208_2205,47,14,29.232753846631102,140.74183082438535,29.232753846631102,2361,2026-01-31 07:20:11,0.690774206626826,0.3596316147845987,0.4531565376360397
mu_mig_c59_ws0208_2205,47,15,22.104790252152295,133.32266150620796,22.104790252152295,2365,2026-01-31 07:20:22,0.6974504994385693,0.3617975211772293,0.45148499641254314
mu_mig_c59_ws0208_2205,47,16,12.089230543561694,117.3404070879538,12.089230543561694,2345,2026-01-31 07:18:27,0.6060251146596408,0.35392023235839515,0.4087728297474898
mu_mig_c59_ws0208_2205,47,17,15.990033176892126,104.11544109136791,15.990033176892126,2188,2026-01-31 07:21:30,0.5455803360200014,0.3441780380502952,0.3859190897224215
mu_mig_c59_ws0208_2205,47,18,23.70693003614574,94.63472623054793,23.70693003614574,2174,2026-01-31 07:18:30,0.4340190694410573,0.34269070295911375,0.38624141886284014
mu_mig_c59_ws0208_2205,47,19,15.10625489820049,125.88267176257183,15.10625489820049,1433,2026-01-31 07:15:27,0.7688733850312492,0.25338343365449634,0.4670872088428061
mu_mig_c59_ws0208_2205,47,20,8.333631280459247,113.68397891793512,8.333631280459247,1332,2026-01-31 07:44:00,0.7543218459473706,0.248011659119853,0.46345870525596633
mu_mig_c59_ws0208_2205,47,21,33.65145471693344,144.78988532761957,33.65145471693344,1882,2026-01-31 07:45:18,0.7422202149343464,0.3110857126435462,0.5106756673842971
mu_mig_c59_ws0208_2205,47,22,10.688927862422197,110.68500824710921,10.688927862422197,2102,2026-01-31 07:49:48,0.6884574781271643,0.33881866380873815,0.3789902579991789
mu_mig_c59_ws0208_2205,47,23,6.32028239482493,110.903270335483,6.32028239482493,1020,2026-01-31 07:46:23,0.7526634159718216,0.19301541436094952,0.5380143250603658
mu_mig_c59_ws0208_2205,47,24,31.077401154235766,86.38340118273703,31.077401154235766,1997,2026-01-31 07:47:57,0.47659825356163815,0.3258602608674267,0.36010579516964714
mu_mig_c59_ws0208_2205,48,0,16.285462324315972,98.00010160205139,16.285462324315972,807,2026-01-31 08:29:46,0.873473555111636,0.1351130410791944,0.4475304132671304
mu_mig_c59_ws0208_2205,48,1,33.762677158646014,81.38803873410286,33.762677158646014,1099,2026-01-31 08:33:03,0.6611067318554226,0.19540235300840883,0.4214278736789825
mu_mig_c59_ws0208_2205,48,2,12.647539196838444,106.26955671798314,12.647539196838444,2078,2026-01-31 08:39:27,0.562337885571154,0.329347252740443,0.3881659003080057
mu_mig_c59_ws0208_2205,48,3,18.16128948559099,127.20164283313372,18.16128948559099,1435,2026-01-31 08:37:53,0.7537360789594003,0.25065718612933646,0.4647646560441353
mu_mig_c59_ws0208_2205,48,4,19.479066882190658,94.53936779405338,19.479066882190658,1013,2026-01-31 08:33:35,0.6726563528246863,0.1845220641063794,0.44671085454801407
mu_mig_c59_ws0208_2205,48,5,14.580229209329763,125.3263890599853,14.580229209329763,1685,2026-01-31 08:39:45,0.6159306974538105,0.30018608775094374,0.5322172394056459
mu_mig_c59_ws0208_2205,48,6,38.21334268904955,148.9881191821205,38.21334268904955,1840,2026-01-31 08:39:25,0.7340581503187154,0.30819827721471277,0.5134695832927337
mu_mig_c59_ws0208_2205,48,7,17.811953076956236,128.10445776860274,17.811953076956236,1673,2026-01-31 08:36:52,0.6130182652376378,0.29227233260929314,0.5331139097554594
mu_mig_c59_ws0208_2205,48,8,32.4034480665986,86.06503580482145,32.4034480665986,2046,2026-01-31 08:40:23,0.4361951944988807,0.33047545084771934,0.3707816473206212
mu_mig_c59_ws0208_2205,48,9,19.15006159681825,128.7990077223688,19.15006159681825,1117,2026-01-31 08:36:36,0.8347662922818095,0.20259741752924262,0.5443857273563228
mu_mig_c59_ws0208_2205,48,10,9.508481500606585,113.24325370420614,9.508481500606585,1340,2026-01-31 08:34:27,0.7355265554965713,0.24520277016633032,0.4700496871114152
mu_mig_c59_ws0208_2205,48,11,27.572040306000932,87.08224313555621,27.572040306000932,977,2026-01-31 08:31:53,0.6748655641667336,0.18184987556150037,0.44409971771072365
mu_mig_c59_ws0208_2205,48,12,11.97981953267005,121.03781317332839,11.97981953267005,2342,2026-01-31 08:41:25,0.6006890198061983,0.3547150813051069,0.41005265034812566
mu_mig_c59_ws0208_2205,48,13,23.69285793939507,91.29473309877106,23.69285793939507,1099,2026-01-31 08:32:23,0.6887315858953118,0.204100687735689,0.4328522363093655
mu_mig_c59_ws0208_2205,48,14,28.468894469689083,139.66207483270423,28.468894469689083,2272,2026-01-31 08:41:24,0.6911972409970182,0.3595031184450466,0.45310986530463415
mu_mig_c59_ws0208_2205,48,15,34.63737010936089,146.03759322470216,34.63737010936089,2462,2026-01-31 08:41:42,0.6978927834618146,0.36032613054768375,0.45097379816402583
mu_mig_c59_ws0208_2205,48,16,13.125049310397936,120.76257745902271,13.125049310397936,2298,2026-01-31 08:40:51,0.6065289037861114,0.35272129878508435,0.4072789095328715
mu_mig_c59_ws0208_2205,48,17,15.913093033350007,104.9969650545441,15.913093033350007,2285,2026-01-31 08:41:39,0.5379702857444383,0.3475275142964968,0.3912810206088673
mu_mig_c59_ws0208_2205,48,18,29.773548965991637,89.06934516744612,29.773548965991637,2203,2026-01-31 08:41:35,0.42645607999462304,0.3438779505849494,0.385978555256575
mu_mig_c59_ws0208_2205,48,19,12.97282408707632,120.5740561211328,12.97282408707632,1425,2026-01-31 08:36:49,0.7682667003208862,0.2502221554018536,0.4652438412987189
mu_mig_c59_ws0208_2205,48,20,7.759088226608604,110.85122394190284,7.759088226608604,1312,2026-01-31 09:06:50,0.7524728412836112,0.24645780968988468,0.4633877152455642
mu_mig_c59_ws0208_2205,48,21,29.697212010566137,141.1631978852762,29.697212010566137,1874,2026-01-31 09:09:15,0.74135601071965,0.3101700775798523,0.512024309942066
mu_mig_c59_ws0208_2205,48,22,16.890289882122385,126.71179415925343,16.890289882122385,2282,2026-01-31 09:12:49,0.6888807008054622,0.33864624105294455,0.3790109994485732
mu_mig_c59_ws0208_2205,48,23,9.244565772072768,112.24322705793024,9.244565772072768,968,2026-01-31 09:07:27,0.7405767311655144,0.18682752897731839,0.5248325566935746
mu_mig_c59_ws0208_2205,48,24,27.58226582645744,89.73455973480172,27.58226582645744,2049,2026-01-31 09:11:43,0.46549528342063734,0.33027722735056025,0.3629847053438298
mu_mig_c59_ws0208_2205,49,0,15.011467109666059,99.47541307860568,15.011467109666059,770,2026-01-31 09:52:46,0.8780041962727905,0.13394648767892195,0.4436359111598629
mu_mig_c59_ws0208_2205,49,1,19.367921499364027,95.00387513591119,19.367921499364027,1144,2026-01-31 09:55:10,0.6671451014204951,0.21120685579735538,0.4240345644811867
mu_mig_c59_ws0208_2205,49,2,21.517535977213715,101.24355646332981,21.517535977213715,2075,2026-01-31 10:00:54,0.5632410800699156,0.32964341617671866,0.38652729498032956
mu_mig_c59_ws0208_2205,49,3,9.811106127946033,116.13999425786679,9.811106127946033,1426,2026-01-31 09:56:15,0.7539819627745793,0.24898983187070375,0.4640053118348696
mu_mig_c59_ws0208_2205,49,4,23.926246427423173,90.48459981352339,23.926246427423173,1014,2026-01-31 09:55:12,0.6725687411935809,0.18476067688885114,0.4458570781377924
mu_mig_c59_ws0208_2205,49,5,22.107253726724547,130.59212707057765,22.107253726724547,1742,2026-01-31 09:59:52,0.6155361823236449,0.29838713543212686,0.5350030478320453
mu_mig_c59_ws0208_2205,49,6,36.16294343583859,147.29639555403116,36.16294343583859,1867,2026-01-31 10:00:47,0.7354825750295768,0.3083715643877562,0.5134629905232027
mu_mig_c59_ws0208_2205,49,7,25.842994250460013,136.7608649431924,25.842994250460013,1784,2026-01-31 10:00:25,0.6075709301116954,0.29481428962891437,0.5317318453788612
mu_mig_c59_ws0208_2205,49,8,21.04383846970368,96.9684239941289,21.04383846970368,2195,2026-01-31 10:03:11,0.4361391552947034,0.33165189531065287,0.36838143193736905
mu_mig_c59_ws0208_2205,49,9,18.06204877698378,127.86511574455764,18.06204877698378,1122,2026-01-31 09:56:04,0.7933979960224194,0.20617084117939258,0.5317910794573284
mu_mig_c59_ws0208_2205,49,10,6.543819319478542,114.39707517690677,6.543819319478542,1359,2026-01-31 09:57:32,0.7478627546897745,0.25544349404326305,0.46291829107286486
mu_mig_c59_ws0208_2205,49,11,28.53180448357473,86.9437280164433,28.53180448357473,1008,2026-01-31 09:55:53,0.6728324940495041,0.18160376655167795,0.4427433849601373
mu_mig_c59_ws0208_2205,49,12,11.185671003343328,118.26137827064042,11.185671003343328,2172,2026-01-31 10:03:24,0.601402651662361,0.35447587722943846,0.40966965167996866
mu_mig_c59_ws0208_2205,49,13,21.867736968895315,93.91907080543417,21.867736968895315,1057,2026-01-31 09:53:03,0.6887037671589266,0.20699719314376508,0.43142368544182896
mu_mig_c59_ws0208_2205,49,14,31.93374643035573,143.27070414152482,31.93374643035573,2424,2026-01-31 10:04:52,0.6915356684931719,0.35940032137340494,0.45307252743950965
mu_mig_c59_ws0208_2205,49,15,26.34198069112485,137.72474065270495,26.34198069112485,2339,2026-01-31 10:04:03,0.6959936459338681,0.35890950366359825,0.45107558475079546
mu_mig_c59_ws0208_2205,49,16,10.737162217311337,119.63190532907298,10.737162217311337,2217,2026-01-31 10:02:24,0.606187394049294,0.352156434693847,0.4069006847099781
mu_mig_c59_ws0208_2205,49,17,13.527985282400929,109.12319373422619,13.527985282400929,2373,2026-01-31 10:03:43,0.5376127095582612,0.34616291844273384,0.39476091699487026
mu_mig_c59_ws0208_2205,49,18,27.896487806304645,92.9759526445417,27.896487806304645,2199,2026-01-31 10:01:50,0.42040568843747567,0.34482774868561794,0.38576826437156286
mu_mig_c59_ws0208_2205,49,19,10.071810169852315,119.23151979808854,10.071810169852315,1373,2026-01-31 09:55:10,0.7677813525525957,0.24769313279973942,0.4637691472634491
mu_mig_c59_ws0208_2205,49,20,9.402695482900306,116.90268667041606,9.402695482900306,1323,2026-01-31 10:31:08,0.7509936375526037,0.24521473014591,0.46333092323724245
mu_mig_c59_ws0208_2205,49,21,29.321136038573037,139.79955660088606,29.321136038573037,1752,2026-01-31 10:29:08,0.7406646473478928,0.3094375695288972,0.5131032239882813
mu_mig_c59_ws0208_2205,49,22,13.10110110923044,109.43259587896155,13.10110110923044,2045,2026-01-31 10:33:55,0.6584361210770384,0.3416791206461305,0.38077351283963495
mu_mig_c59_ws0208_2205,49,23,6.505828415489863,112.52745358392497,6.505828415489863,1019,2026-01-31 10:31:30,0.7309073833204686,0.18187722067041348,0.5142871420001417
mu_mig_c59_ws0208_2205,49,24,28.065727466677867,89.38757360325621,28.065727466677867,2098,2026-01-31 10:31:22,0.4566129073078367,0.3338108005370671,0.36528783348317595
mu_mig_c59_ws0208_2205,50,0,17.097206424437775,98.22626072358186,17.097206424437775,869,2026-01-31 11:24:35,0.8615421900064111,0.1503615877701808,0.45191711993111505
mu_mig_c59_ws0208_2205,50,1,24.421950003891908,90.04827178074409,24.421950003891908,1204,2026-01-31 11:17:51,0.6719757970725531,0.2238504580285126,0.42611991712295005
mu_mig_c59_ws0208_2205,50,2,14.405688840904366,107.46880588047775,14.405688840904366,2101,2026-01-31 11:24:19,0.5603743797465968,0.33084297777101107,0.38672707599626555
mu_mig_c59_ws0208_2205,50,3,13.770133746444793,122.59566383470523,13.770133746444793,1365,2026-01-31 11:17:41,0.7530595396109655,0.24673054151968207,0.4632222218422391
mu_mig_c59_ws0208_2205,50,4,21.696015255670638,92.5111232448569,21.696015255670638,996,2026-01-31 11:15:00,0.6724986518886966,0.18495156711482855,0.44517405700961504
mu_mig_c59_ws0208_2205,50,5,21.120319422370834,131.4252635850098,21.120319422370834,1771,2026-01-31 11:19:22,0.6152205702195125,0.29694797357707337,0.5372316945731648
mu_mig_c59_ws0208_2205,50,6,33.86920220624389,145.2695666877742,33.86920220624389,1803,2026-01-31 11:23:07,0.7368638702079361,0.3085987541110517,0.5133974168204065
mu_mig_c59_ws0208_2205,50,7,11.677890632386948,120.62534787271885,11.677890632386948,1629,2026-01-31 11:19:28,0.6049321152983157,0.29697783069278816,0.5307872541128944
mu_mig_c59_ws0208_2205,50,8,31.053784134905857,86.59341003835968,31.053784134905857,2127,2026-01-31 11:25:50,0.4360943239313615,0.33259305088099966,0.36646125963076737
mu_mig_c59_ws0208_2205,50,9,13.988017481753781,122.16810511448503,13.988017481753781,1123,2026-01-31 11:15:51,0.7372080010739879,0.20420549070760516,0.5183306785885338
mu_mig_c59_ws0208_2205,50,10,12.614893061142595,123.14203215065864,12.614893061142595,1503,2026-01-31 11:20:14,0.757731714044337,0.26363607314480925,0.45721317424202457
mu_mig_c59_ws0208_2205,50,11,26.23961529892939,88.57864151714577,26.23961529892939,1002,2026-01-31 11:15:00,0.6711467139771079,0.18166471928096037,0.44281600487768613
mu_mig_c59_ws0208_2205,50,12,14.249942067843094,122.55980254522086,14.249942067843094,2322,2026-01-31 11:26:14,0.6029476245256423,0.35402410464978873,0.4092883830891274
mu_mig_c59_ws0208_2205,50,13,18.427596523803157,97.68172423496787,18.427596523803157,1172,2026-01-31 11:17:08,0.6828103751318969,0.21076108066402058,0.427992069529176
mu_mig_c59_ws0208_2205,50,14,28.255685771235783,139.4915178166267,28.255685771235783,2390,2026-01-31 11:25:49,0.6932216547972581,0.3591261561794335,0.45287822407011835
mu_mig_c59_ws0208_2205,50,15,24.45314955006391,135.64763902275195,24.45314955006391,2360,2026-01-31 11:26:33,0.694474335911511,0.3577762021563298,0.45115701402021124
mu_mig_c59_ws0208_2205,50,16,12.006208646572524,120.13362752933801,12.006208646572524,2261,2026-01-31 11:25:19,0.6059141862598401,0.3517045434208571,0.4065981048516634
mu_mig_c59_ws0208_2205,50,17,12.256656978874025,111.81621292268008,12.256656978874025,2167,2026-01-31 11:23:01,0.5373266486093196,0.3450712417597235,0.3975448341036726
mu_mig_c59_ws0208_2205,50,18,34.668883884032766,84.43794571033877,34.668883884032766,2154,2026-01-31 11:23:14,0.4214046364282599,0.34291364712953715,0.38156723662858893
mu_mig_c59_ws0208_2205,50,19,9.910195491320325,119.25548865497689,9.910195491320325,1356,2026-01-31 11:19:55,0.7648512267848564,0.2456845452539141,0.46264471082068803
mu_mig_c59_ws0208_2205,50,20,8.08230053149481,111.32622450410918,8.08230053149481,1322,2026-01-31 11:50:06,0.7498102745677977,0.24422026651073026,0.46328548963058513
mu_mig_c59_ws0208_2205,50,21,37.436589214151745,147.96421199320733,37.436589214151745,1866,2026-01-31 11:54:34,0.7401115566504871,0.30885156308813316,0.5139663552252535
mu_mig_c59_ws0208_2205,50,22,11.588482982008713,114.36980936931977,11.588482982008713,2133,2026-01-31 11:56:36,0.632703852516662,0.3442879201003624,0.39055005240074014
mu_mig_c59_ws0208_2205,50,23,10.755617847449606,104.02185012745282,10.755617847449606,961,2026-01-31 11:50:00,0.7231719050444319,0.17791697402488957,0.5058508102453954
mu_mig_c59_ws0208_2205,50,24,32.368313727563,84.73760106501723,32.368313727563,2156,2026-01-31 11:58:26,0.44693498508787566,0.3366038016581318,0.36810277613596
mu_mig_c59_ws0208_2205,51,0,11.212161435637091,105.8705424877964,11.212161435637091,896,2026-01-31 12:39:56,0.8049535026629447,0.16460985579710982,0.4724304789498246
mu_mig_c59_ws0208_2205,51,1,12.228078405217754,102.8449508412657,12.228078405217754,1231,2026-01-31 12:42:42,0.6791631476550652,0.23058349534049924,0.428298661621456
mu_mig_c59_ws0208_2205,51,2,17.75728608773226,101.27689013509212,17.75728608773226,2138,2026-01-31 12:47:26,0.5545948450070605,0.3349608337004794,0.39081021602107224
mu_mig_c59_ws0208_2205,51,3,8.136738333848704,116.82267316982893,8.136738333848704,1337,2026-01-31 12:41:07,0.75163232172103,0.24448690112171587,0.462607580043097
mu_mig_c59_ws0208_2205,51,4,24.64003565984956,89.92165384814665,24.64003565984956,1002,2026-01-31 12:40:18,0.6724425804447891,0.18510427929561046,0.4446276401070732
mu_mig_c59_ws0208_2205,51,5,19.44868802870557,130.08692301327227,19.44868802870557,1736,2026-01-31 12:43:08,0.6135108850347573,0.29580469872577025,0.5366390221122901
mu_mig_c59_ws0208_2205,51,6,33.72737495970435,144.80548040084182,33.72737495970435,1877,2026-01-31 12:47:06,0.7379689063506235,0.3087805058896881,0.5133449578581697
mu_mig_c59_ws0208_2205,51,7,23.86973331775525,134.4198587829895,23.86973331775525,1732,2026-01-31 12:45:43,0.602821063447612,0.2987086635438872,0.5300315811001208
mu_mig_c59_ws0208_2205,51,8,38.54770085543768,78.50622864746916,38.54770085543768,2041,2026-01-31 12:48:15,0.436058458840688,0.3333459753372771,0.364925121785486
mu_mig_c59_ws0208_2205,51,9,10.102917925875346,104.82058520284441,10.102917925875346,1034,2026-01-31 12:40:55,0.6889721977554214,0.19961756710246087,0.5059325210789476
mu_mig_c59_ws0208_2205,51,10,10.554644355658086,118.94389518665022,10.554644355658086,1433,2026-01-31 12:43:55,0.7656268815279871,0.2701901364260462,0.4526490807773524
mu_mig_c59_ws0208_2205,51,11,25.417163999579977,88.69208562360133,25.417163999579977,985,2026-01-31 12:40:25,0.6700752781476798,0.1826592429899583,0.4429807496482789
mu_mig_c59_ws0208_2205,51,12,14.676821452056634,124.21180666012727,14.676821452056634,2250,2026-01-31 12:49:53,0.6043336079316206,0.35342744297074086,0.40871417582201375
mu_mig_c59_ws0208_2205,51,13,18.54644567798807,96.35701361654328,18.54644567798807,1207,2026-01-31 12:41:36,0.6780956615102732,0.21377219068022496,0.4252467767990536
mu_mig_c59_ws0208_2205,51,14,30.73930620015099,142.23828170306405,30.73930620015099,2428,2026-01-31 12:50:20,0.6948494884202461,0.35855647800398727,0.45237305521752313
mu_mig_c59_ws0208_2205,51,15,28.462416494369528,140.05340221567906,28.462416494369528,2396,2026-01-31 12:47:20,0.6932588878936252,0.3568695609505151,0.45122215743574384
mu_mig_c59_ws0208_2205,51,16,12.103625432986567,116.80295823434696,12.103625432986567,2341,2026-01-31 12:50:22,0.6056956200282769,0.3513430304024652,0.40635604096501166
mu_mig_c59_ws0208_2205,51,17,16.126405087505645,104.37190119279995,16.126405087505645,2241,2026-01-31 12:49:48,0.5370977998501663,0.3441979004133152,0.3997719677907145
mu_mig_c59_ws0208_2205,51,18,33.40050242181005,85.433566683542,33.40050242181005,2249,2026-01-31 12:47:24,0.4250429660844286,0.3405141994060307,0.3748209028226362
mu_mig_c59_ws0208_2205,51,19,8.179122531392064,114.06080087751161,8.179122531392064,1265,2026-01-31 12:41:22,0.762507126170665,0.24407767521725382,0.46174516166647916
mu_mig_c59_ws0208_2205,51,20,8.275492573182344,114.21877030849404,8.275492573182344,1355,2026-01-31 13:17:21,0.7488635841799529,0.24342469560258645,0.46324914274525925
mu_mig_c59_ws0208_2205,51,21,36.57996613963155,147.77143808714996,36.57996613963155,1843,2026-01-31 13:16:04,0.7395382154136183,0.30832376642024756,0.514640973848784
mu_mig_c59_ws0208_2205,51,22,11.494335674267,111.34659896939554,11.494335674267,2178,2026-01-31 13:19:33,0.6121180376683608,0.34637495966374793,0.3983712840496243
mu_mig_c59_ws0208_2205,51,23,13.159022391357347,103.5389529825549,13.159022391357347,983,2026-01-31 13:16:43,0.7169835224236025,0.17474877670847044,0.4991017448415982
mu_mig_c59_ws0208_2205,51,24,38.31889913255461,80.74014058757453,38.31889913255461,2111,2026-01-31 13:16:37,0.43618603174287807,0.33749026516926095,0.36997227885594863
mu_mig_c59_ws0208_2205,52,0,11.2263455097124,103.94378846691697,11.2263455097124,967,2026-01-31 13:59:15,0.7596825527881716,0.17600847021865304,0.48884116616479223
mu_mig_c59_ws0208_2205,52,1,15.80433253944157,99.26437200246487,15.80433253944157,1323,2026-01-31 14:05:40,0.6849130281210749,0.23596992519008853,0.4300416572202608
mu_mig_c59_ws0208_2205,52,2,19.30375146189113,99.8596542300434,19.30375146189113,2096,2026-01-31 14:10:11,0.5449402570061783,0.339861129653342,0.3946609632114899
mu_mig_c59_ws0208_2205,52,3,9.916829799805884,119.07870310472917,9.916829799805884,1330,2026-01-31 14:05:40,0.7504905474090816,0.24269198880334292,0.4621158666037833
mu_mig_c59_ws0208_2205,52,4,19.783454367978692,94.4431045546462,19.783454367978692,1031,2026-01-31 14:01:56,0.6723977232896632,0.185226449040236,0.44419050658503967
mu_mig_c59_ws0208_2205,52,5,18.554438065894658,128.50916262895268,18.554438065894658,1624,2026-01-31 14:05:57,0.6121431368869531,0.2948900788447278,0.5361648841435903
mu_mig_c59_ws0208_2205,52,6,31.773508348656573,143.1310381495445,31.773508348656573,1843,2026-01-31 14:05:25,0.7388529352647735,0.30892590731259717,0.5133029906883801
mu_mig_c59_ws0208_2205,52,7,16.469709042121,125.53972070758202,16.469709042121,1812,2026-01-31 14:07:02,0.6027651802391452,0.29986700269797006,0.5304586184918568
mu_mig_c59_ws0208_2205,52,8,30.825632359753808,86.01544167368378,30.825632359753808,2102,2026-01-31 14:10:31,0.43606412352815566,0.33455939064839174,0.36451576146163717
mu_mig_c59_ws0208_2205,52,9,13.018234795340245,103.08443705581956,13.018234795340245,1084,2026-01-31 13:59:29,0.6503835551005682,0.19594722821834543,0.4960139950712787
mu_mig_c59_ws0208_2205,52,10,9.289483245877186,116.45809108466467,9.289483245877186,1437,2026-01-31 14:06:05,0.7711046716451476,0.26510885662126726,0.4508099428971542
mu_mig_c59_ws0208_2205,52,11,28.421342577385776,86.04966272095969,28.421342577385776,994,2026-01-31 14:02:05,0.6695200370574174,0.18418571254355812,0.4431539658982613
mu_mig_c59_ws0208_2205,52,12,11.504871991695316,116.34333353640463,11.504871991695316,2238,2026-01-31 14:11:59,0.6056901002133127,0.35270908153070346,0.40770996745144406
mu_mig_c59_ws0208_2205,52,13,25.503199449409465,90.23321953213208,25.503199449409465,1191,2026-01-31 14:04:13,0.6745065350060593,0.21987522283820976,0.4235300981378317
mu_mig_c59_ws0208_2205,52,14,25.922065030343237,137.16003080889115,25.922065030343237,2305,2026-01-31 14:11:26,0.6958359336224349,0.35766408072390005,0.451883632323753
mu_mig_c59_ws0208_2205,52,15,23.842955054373512,134.72471657927113,23.842955054373512,2328,2026-01-31 14:10:46,0.6922865294793166,0.3561442479858633,0.45127427216816995
mu_mig_c59_ws0208_2205,52,16,10.868696874822922,113.69505338897221,10.868696874822922,2275,2026-01-31 14:10:48,0.6055207670430264,0.35105381998775165,0.40616238985569025
mu_mig_c59_ws0208_2205,52,17,13.088306586776039,105.544416422233,13.088306586776039,2203,2026-01-31 14:10:50,0.5369147208428436,0.3434992273361886,0.401553674740348
mu_mig_c59_ws0208_2205,52,18,39.52198267769385,78.0381718901817,39.52198267769385,2119,2026-01-31 14:09:56,0.4279536298093635,0.3385946412272256,0.36942383577787397
mu_mig_c59_ws0208_2205,52,19,12.02866446335474,121.67239115603837,12.02866446335474,1426,2026-01-31 14:04:03,0.7586084829908488,0.24279672746739128,0.46126064440659886
mu_mig_c59_ws0208_2205,52,20,15.17748881629778,123.9360634255726,15.17748881629778,1331,2026-01-31 14:35:32,0.7483152300828769,0.2427993302911876,0.4631575129007715
mu_mig_c59_ws0208_2205,52,21,34.39307133578134,145.39768532102383,34.39307133578134,1848,2026-01-31 14:37:31,0.7386836194533067,0.3079405778736654,0.5147320331598315
mu_mig_c59_ws0208_2205,52,22,10.214115473440858,113.46309713976177,10.214115473440858,2253,2026-01-31 14:41:02,0.5956493857897198,0.34804459131445636,0.4046282693687316
mu_mig_c59_ws0208_2205,52,23,13.872599363214816,102.73809878203616,13.872599363214816,979,2026-01-31 14:38:20,0.7086370565740019,0.17811459393337975,0.4954161209464194
mu_mig_c59_ws0208_2205,52,24,33.179756288915186,85.63590078015119,33.179756288915186,2091,2026-01-31 14:41:43,0.42758686906688,0.33819943597816426,0.3714678810319395
mu_mig_c59_ws0208_2205,53,0,8.657874292073412,107.2976816925579,8.657874292073412,992,2026-01-31 15:21:45,0.7234657928883532,0.18512736175588762,0.5019697159367663
mu_mig_c59_ws0208_2205,53,1,9.858386705197422,104.72760202219706,9.858386705197422,1292,2026-01-31 15:27:27,0.6895129324938827,0.24027906906975996,0.4314360536993046
mu_mig_c59_ws0208_2205,53,2,12.103033885376874,111.48749415698343,12.103033885376874,2192,2026-01-31 15:30:49,0.5372147886701788,0.3440780391343416,0.40038149448198557
mu_mig_c59_ws0208_2205,53,3,5.93366436380581,112.53301558642325,5.93366436380581,1292,2026-01-31 15:23:40,0.7495771279595229,0.24125605894864455,0.4617224958523323
mu_mig_c59_ws0208_2205,53,4,26.12181425331182,88.96942678096278,26.12181425331182,1004,2026-01-31 15:22:23,0.6723618375655624,0.18532418483593643,0.44384079976741286
mu_mig_c59_ws0208_2205,53,5,21.247758704334036,131.67343124642323,21.247758704334036,1776,2026-01-31 15:27:49,0.6085291861195161,0.2943679640471663,0.5353302766892971
mu_mig_c59_ws0208_2205,53,6,36.13052453697304,147.06841807402512,36.13052453697304,1867,2026-01-31 15:31:13,0.7395601583960935,0.30904222845092444,0.5132694169525486
mu_mig_c59_ws0208_2205,53,7,16.110134052248533,127.01469820928747,16.110134052248533,1702,2026-01-31 15:27:11,0.6027204736723717,0.30079367402123636,0.5308002484052456
mu_mig_c59_ws0208_2205,53,8,32.69884329061539,85.1474720125511,32.69884329061539,2044,2026-01-31 15:32:28,0.43606865527812977,0.33553012289728346,0.3641882732025581
mu_mig_c59_ws0208_2205,53,9,11.438997913748459,103.5233429229831,11.438997913748459,1060,2026-01-31 15:26:53,0.6195126409766857,0.1930109571110531,0.4880791742651436
mu_mig_c59_ws0208_2205,53,10,13.195346189579245,122.57867178934146,13.195346189579245,1431,2026-01-31 15:27:42,0.7754869037388761,0.2610438327774441,0.44933863259299567
mu_mig_c59_ws0208_2205,53,11,32.18189464687975,84.50513080414795,32.18189464687975,993,2026-01-31 15:25:29,0.6698511925432012,0.18565016195037798,0.44336968371556923
mu_mig_c59_ws0208_2205,53,12,13.855511199479844,106.18342107230181,13.855511199479844,2159,2026-01-31 15:31:58,0.6067463680579069,0.3517010003221678,0.40679213040900697
mu_mig_c59_ws0208_2205,53,13,19.45846009351443,96.80636529034363,19.45846009351443,1179,2026-01-31 15:27:40,0.6750357215789755,0.2250456725838795,0.4237703794527835
mu_mig_c59_ws0208_2205,53,14,29.956024371220092,141.21955574684182,29.956024371220092,2292,2026-01-31 15:33:15,0.6952355141164475,0.35677671892348917,0.4513853909168954
mu_mig_c59_ws0208_2205,53,15,34.122591516322885,145.87504573412522,34.122591516322885,2357,2026-01-31 15:32:48,0.6915086427478697,0.35556399761414187,0.4513159639541108
mu_mig_c59_ws0208_2205,53,16,13.749231284570826,121.54229151299849,13.749231284570826,2330,2026-01-31 15:31:56,0.605380884654826,0.3508224516559808,0.40600746896823314
mu_mig_c59_ws0208_2205,53,17,13.292913011272672,104.6906982113531,13.292913011272672,2099,2026-01-31 15:33:30,0.5367682576369855,0.3429402888744873,0.4029790403000548
mu_mig_c59_ws0208_2205,53,18,41.36470597836579,77.91474246221057,41.36470597836579,2115,2026-01-31 15:32:22,0.4302812540894725,0.3369315337883638,0.36516474566013335
mu_mig_c59_ws0208_2205,53,19,11.748562388666018,120.90784946097465,11.748562388666018,1323,2026-01-31 15:26:59,0.7524759186291006,0.24176301734036384,0.4610976637013794
mu_mig_c59_ws0208_2205,53,20,7.776976790703444,115.44394667903511,7.776976790703444,1313,2026-01-31 15:58:15,0.7485801285843138,0.24226050238414315,0.46280294216815815
mu_mig_c59_ws0208_2205,53,21,33.12870061559767,144.4866038544275,33.12870061559767,1835,2026-01-31 16:00:31,0.7380631851751756,0.3078360109193363,0.5144872073482453
mu_mig_c59_ws0208_2205,53,22,10.267347060357325,114.86269995387833,10.267347060357325,2322,2026-01-31 16:03:47,0.582474464286807,0.3493802966350231,0.40963385762401744
mu_mig_c59_ws0208_2205,53,23,16.513971676482416,99.02400003775423,16.513971676482416,977,2026-01-31 16:00:03,0.7033762573386977,0.18008785140233155,0.4911894988562901
mu_mig_c59_ws0208_2205,53,24,30.140912092994682,86.27908472325198,30.140912092994682,2101,2026-01-31 16:03:54,0.42070753892608154,0.3387667726252869,0.37266436277273224
mu_mig_c59_ws0208_2205,54,0,12.97152965871279,105.40716611893403,12.97152965871279,1006,2026-01-31 16:47:29,0.6944923849684985,0.19242247498567527,0.5124725557543456
mu_mig_c59_ws0208_2205,54,1,9.14365724033253,107.51295046096705,9.14365724033253,1349,2026-01-31 16:46:55,0.6931928559921289,0.24372638417349712,0.43255157088253965
mu_mig_c59_ws0208_2205,54,2,17.49414682464846,102.41210140531678,17.49414682464846,2329,2026-01-31 16:56:26,0.5310344140013792,0.3474515667191413,0.4049579194983821
mu_mig_c59_ws0208_2205,54,3,11.67890395979086,108.57250685039794,11.67890395979086,1295,2026-01-31 16:49:07,0.7488463923998759,0.24010731506488586,0.4614077992511716
mu_mig_c59_ws0208_2205,54,4,22.943186282397296,90.50363917836134,22.943186282397296,998,2026-01-31 16:43:49,0.6723331289862818,0.18540237347249677,0.4435610343133114
mu_mig_c59_ws0208_2205,54,5,17.527509671657725,127.32287884554788,17.527509671657725,1716,2026-01-31 16:49:18,0.6042014515889267,0.2962964799523698,0.5329451043872147
mu_mig_c59_ws0208_2205,54,6,34.91264846682326,146.03605987729318,34.91264846682326,1801,2026-01-31 16:49:13,0.7399833185349572,0.30894236959181326,0.5132846306577811
mu_mig_c59_ws0208_2205,54,7,18.120526063301412,129.1947862822768,18.120526063301412,1812,2026-01-31 16:53:00,0.6026847084189529,0.30153501107984937,0.5310735523359567
mu_mig_c59_ws0208_2205,54,8,35.6063681842291,83.53999111419665,35.6063681842291,2120,2026-01-31 16:55:20,0.43607228067810905,0.33630670869639684,0.3639262825952948
mu_mig_c59_ws0208_2205,54,9,25.638646773656014,88.95990286675159,25.638646773656014,1048,2026-01-31 16:46:33,0.5948159096775797,0.1906619402252192,0.48173131762023547
mu_mig_c59_ws0208_2205,54,10,9.960463320330868,116.4765716033841,9.960463320330868,1457,2026-01-31 16:49:56,0.7709618646793042,0.2548182903620053,0.4483028164727361
mu_mig_c59_ws0208_2205,54,11,22.654346401180835,91.4973054835908,22.654346401180835,1010,2026-01-31 16:46:31,0.6705485107579782,0.18670251109728772,0.44372703137528025
mu_mig_c59_ws0208_2205,54,12,10.681394037435576,115.284220956433,10.681394037435576,2189,2026-01-31 16:54:21,0.6073717498359223,0.3506127437863578,0.40594273155407073
mu_mig_c59_ws0208_2205,54,13,16.209979821677475,99.70428806477561,16.209979821677475,1252,2026-01-31 16:48:50,0.6805928958235358,0.23205288077494304,0.4241865117496767
mu_mig_c59_ws0208_2205,54,14,33.36435045269674,144.78115263957662,33.36435045269674,2432,2026-01-31 16:56:10,0.6947551785116576,0.35606682948316043,0.45098679779140927
mu_mig_c59_ws0208_2205,54,15,32.2611019800562,143.85654737671155,32.2611019800562,2360,2026-01-31 16:53:47,0.6910353474979042,0.35515167779710094,0.45136479560312204
mu_mig_c59_ws0208_2205,54,16,14.567888129893309,118.62164164659353,14.567888129893309,2287,2026-01-31 16:53:11,0.6052689787442657,0.35063735699056414,0.40588353225826745
mu_mig_c59_ws0208_2205,54,17,11.874501324170321,110.20976103022946,11.874501324170321,2288,2026-01-31 16:54:30,0.5368169895525015,0.3425964598723133,0.403930551658779
mu_mig_c59_ws0208_2205,54,18,42.50877111324725,76.31525627057563,42.50877111324725,2035,2026-01-31 16:53:06,0.43340483017787584,0.3355758568217287,0.3616669872765504
mu_mig_c59_ws0208_2205,54,19,10.795923073051148,116.06085931909331,10.795923073051148,1320,2026-01-31 16:48:55,0.7466262226137461,0.24075301671016008,0.46121157817628977
mu_mig_c59_ws0208_2205,54,20,7.953740513426848,113.8175296558922,7.953740513426848,1330,2026-01-31 17:17:56,0.7488995686577202,0.2415433327310239,0.46246794357595944
mu_mig_c59_ws0208_2205,54,21,35.35768302418038,146.48010576696652,35.35768302418038,1820,2026-01-31 17:26:32,0.7375668377526706,0.30775235735587303,0.5142913466989762
mu_mig_c59_ws0208_2205,54,22,12.432470314768322,119.37459570598777,12.432470314768322,2255,2026-01-31 17:27:22,0.5719345270844769,0.35044886089147653,0.4136383282282461
mu_mig_c59_ws0208_2205,54,23,13.55196214542183,103.81890972873676,13.55196214542183,991,2026-01-31 17:24:16,0.6995782352652575,0.18195222659366217,0.4912838158902518
mu_mig_c59_ws0208_2205,54,24,36.029526679982304,82.31293950010725,36.029526679982304,2133,2026-01-31 17:25:18,0.4152040748134428,0.339220641942985,0.3736215481653664
mu_mig_c59_ws0208_2205,55,0,9.587335264419227,105.60885029679488,9.587335264419227,1103,2026-01-31 18:10:04,0.6713136586326147,0.1982585655695054,0.520874827608409
mu_mig_c59_ws0208_2205,55,1,12.492897967571558,102.91497233340667,12.492897967571558,1365,2026-01-31 18:10:34,0.6961367947907259,0.24648423625648685,0.4334439846291277
mu_mig_c59_ws0208_2205,55,2,13.890750868226874,104.68636253592268,13.890750868226874,2215,2026-01-31 18:17:28,0.5267258824147668,0.3484964287292677,0.40827900863547384
mu_mig_c59_ws0208_2205,55,3,6.497182456315235,114.66920921571018,6.497182456315235,1323,2026-01-31 18:12:43,0.7476561314346781,0.23943510491524336,0.46112590720810276
mu_mig_c59_ws0208_2205,55,4,18.63653069955863,95.65304593355873,18.63653069955863,1082,2026-01-31 18:12:36,0.6719293876901777,0.1857543550770428,0.44340026228912865
mu_mig_c59_ws0208_2205,55,5,11.049479727228263,122.04050797709158,11.049479727228263,1718,2026-01-31 18:14:47,0.6007392639644552,0.2978392926765326,0.5310369665455485
mu_mig_c59_ws0208_2205,55,6,28.226658709830176,139.74445140757493,28.226658709830176,1866,2026-01-31 18:17:14,0.7403218466460483,0.3088624825045243,0.513296801621967
mu_mig_c59_ws0208_2205,55,7,17.530175816882593,128.32495552781802,17.530175816882593,1785,2026-01-31 18:15:15,0.6030811072383235,0.30154820528846643,0.5320090464309171
mu_mig_c59_ws0208_2205,55,8,36.05579561442185,82.6714867167285,36.05579561442185,2152,2026-01-31 18:19:38,0.43607518099809245,0.3369279773356875,0.3637166901094842
mu_mig_c59_ws0208_2205,55,9,22.489831411095523,91.1725632770332,22.489831411095523,1028,2026-01-31 18:09:05,0.6043088659241539,0.1883983094197874,0.46832612944023844
mu_mig_c59_ws0208_2205,55,10,10.282923527508274,114.78935324200165,10.282923527508274,1292,2026-01-31 18:10:38,0.7666366456432355,0.24480133511900684,0.4493113579121944
mu_mig_c59_ws0208_2205,55,11,19.7788904796811,94.33592816591073,19.7788904796811,1049,2026-01-31 18:12:10,0.6711063653297997,0.18754439041481552,0.44401290950304906
mu_mig_c59_ws0208_2205,55,12,11.194404506236998,112.55362619631664,11.194404506236998,2156,2026-01-31 18:18:42,0.6078720552583347,0.34974213855770986,0.40526321247012176
mu_mig_c59_ws0208_2205,55,13,13.84010914282068,100.97471535136633,13.84010914282068,1364,2026-01-31 18:11:47,0.6893738502200596,0.24165526087910608,0.4257640295875843
mu_mig_c59_ws0208_2205,55,14,31.072894948552946,141.51882966564452,31.072894948552946,2303,2026-01-31 18:19:27,0.6934621563726697,0.3553583055318822,0.45074693202273663
mu_mig_c59_ws0208_2205,55,15,29.888803346069977,140.70791850462786,29.888803346069977,2344,2026-01-31 18:19:51,0.6906567112979317,0.3548218219434682,0.451403860922331
mu_mig_c59_ws0208_2205,55,16,10.465209404082495,116.06545682617714,10.465209404082495,2260,2026-01-31 18:18:16,0.6052307253088682,0.3504835921827982,0.4057922433304543
mu_mig_c59_ws0208_2205,55,17,16.131716108653634,103.22594573727504,16.131716108653634,2225,2026-01-31 18:18:14,0.5368559750849142,0.3423213966705741,0.40469176074575836
mu_mig_c59_ws0208_2205,55,18,27.713614893061962,90.31023175352581,27.713614893061962,2244,2026-01-31 18:20:20,0.4363577711665815,0.33475104091997826,0.3596625392014007
mu_mig_c59_ws0208_2205,55,19,6.400971637921679,111.14353472547695,6.400971637921679,1328,2026-01-31 18:13:21,0.7419464658014626,0.23994501620599706,0.461302709756218
mu_mig_c59_ws0208_2205,55,20,8.01736931577081,117.68709281303299,8.01736931577081,1328,2026-01-31 18:45:40,0.7491551207164454,0.24096959700852852,0.4621999447022005
mu_mig_c59_ws0208_2205,55,21,32.7893246315712,143.11027704825023,32.7893246315712,1857,2026-01-31 18:49:42,0.7375471961105579,0.30812360666276234,0.5138920226763882
mu_mig_c59_ws0208_2205,55,22,11.358338298195337,115.26069548941643,11.358338298195337,2265,2026-01-31 18:52:08,0.5635025773226128,0.35130371229663926,0.4168419047116291
mu_mig_c59_ws0208_2205,55,23,11.593117223513973,102.96001215369886,11.593117223513973,1004,2026-01-31 18:46:49,0.694784285634449,0.184145181711342,0.4942615669346304
mu_mig_c59_ws0208_2205,55,24,39.183614839682825,79.0148321545743,39.183614839682825,2113,2026-01-31 18:53:22,0.41136038116493023,0.33868958267149907,0.3724633111116837
mu_mig_c59_ws0208_2205,56,0,7.844214289591997,111.91642683889222,7.844214289591997,1079,2026-01-31 19:35:05,0.6527706775639077,0.2029274380365695,0.5275966450916598
mu_mig_c59_ws0208_2205,56,1,15.40842489410277,100.61292042320507,15.40842489410277,1355,2026-01-31 19:39:05,0.6984919458296035,0.24869051792287863,0.43415791562639816
mu_mig_c59_ws0208_2205,56,2,13.671557037517575,103.35288357895885,13.671557037517575,2172,2026-01-31 19:44:44,0.5232790571454768,0.3493323183373689,0.41093587994514724
mu_mig_c59_ws0208_2205,56,3,8.293861863076419,116.63528616643998,8.293861863076419,1330,2026-01-31 19:34:26,0.74670392266252,0.23889733679552935,0.46090039357364776
mu_mig_c59_ws0208_2205,56,4,21.29318773452295,93.03891205010478,21.29318773452295,1018,2026-01-31 19:38:19,0.6716063946532945,0.18603594036067964,0.4432716446697825
mu_mig_c59_ws0208_2205,56,5,15.061574291524103,125.29819065428883,15.061574291524103,1710,2026-01-31 19:41:18,0.597969513864878,0.2990735428558628,0.5295104562722157
mu_mig_c59_ws0208_2205,56,6,29.36223676664091,140.56176268490876,29.36223676664091,1766,2026-01-31 19:41:06,0.7405926691349211,0.30879857283469314,0.5133065383933159
mu_mig_c59_ws0208_2205,56,7,22.478811078106038,133.55574476329616,22.478811078106038,1719,2026-01-31 19:40:37,0.6031768128666524,0.3001541984715306,0.5323724381769894
mu_mig_c59_ws0208_2205,56,8,33.34190055155665,84.81663504763496,33.34190055155665,2104,2026-01-31 19:41:47,0.4360957740761803,0.337230325046222,0.36222688621538207
mu_mig_c59_ws0208_2205,56,9,29.080142510661616,85.13160665227737,29.080142510661616,959,2026-01-31 19:36:47,0.6134319672578176,0.18649066419562194,0.45281211168718527
mu_mig_c59_ws0208_2205,56,10,7.236210368363472,116.27053046764179,7.236210368363472,1337,2026-01-31 19:38:21,0.7565313661654697,0.2361757205065553,0.45394184073555754
mu_mig_c59_ws0208_2205,56,11,23.92574411085585,90.6199954554496,23.92574411085585,1026,2026-01-31 19:35:40,0.6716964076321436,0.1876338708535304,0.4441247829792705
mu_mig_c59_ws0208_2205,56,12,10.060355620675399,111.24421075136043,10.060355620675399,2091,2026-01-31 19:44:14,0.6075308143565548,0.3491925980376114,0.40477922473293937
mu_mig_c59_ws0208_2205,56,13,7.026378035864909,109.25648351634216,7.026378035864909,1351,2026-01-31 19:39:34,0.6988600320648145,0.24986539332493082,0.42875196718043296
mu_mig_c59_ws0208_2205,56,14,29.107888292127562,140.5885812169067,29.107888292127562,2348,2026-01-31 19:44:41,0.6923455124252791,0.3547629454218652,0.4505684706266695
mu_mig_c59_ws0208_2205,56,15,27.956847159272396,139.34464351498997,27.956847159272396,2296,2026-01-31 19:43:26,0.6903538023379537,0.35455793726056195,0.4514351131776982
mu_mig_c59_ws0208_2205,56,16,12.311094648334217,118.69550445295053,12.311094648334217,2305,2026-01-31 19:46:07,0.6052001225605502,0.3503605803365854,0.40571921218820384
mu_mig_c59_ws0208_2205,56,17,18.66696058478624,100.42099277187305,18.66696058478624,2146,2026-01-31 19:43:22,0.53497220793213,0.34233508251817224,0.40602967810970936
mu_mig_c59_ws0208_2205,56,18,34.06379183071072,83.82168395471763,34.06379183071072,2197,2026-01-31 19:44:06,0.438720123957546,0.3340911881985779,0.35805898074128095
mu_mig_c59_ws0208_2205,56,19,9.002000321761857,111.11355998150826,9.002000321761857,1334,2026-01-31 19:39:20,0.7382026603516358,0.23929861580266665,0.4613756150201606
mu_mig_c59_ws0208_2205,56,20,12.153811850655336,119.42289901148494,12.153811850655336,1337,2026-01-31 20:10:14,0.7489527399748812,0.24049133508484088,0.4616723512861123
mu_mig_c59_ws0208_2205,56,21,31.577371452938,143.17394998806938,31.577371452938,1850,2026-01-31 20:13:28,0.7383153629809337,0.3086200933697164,0.5135255181567232
mu_mig_c59_ws0208_2205,56,22,9.55714687582764,115.32132632960813,9.55714687582764,2259,2026-01-31 20:14:46,0.5567570175131215,0.3519875934207694,0.4194047658983354
mu_mig_c59_ws0208_2205,56,23,11.620181421267002,105.41175153942774,11.620181421267002,1013,2026-01-31 20:12:01,0.6892472520524265,0.1911072379020894,0.5045113182778698
mu_mig_c59_ws0208_2205,56,24,30.665191408337606,86.9285097057816,30.665191408337606,2117,2026-01-31 20:16:14,0.40946586859482337,0.3382373903469665,0.37124613756173863
mu_mig_c59_ws0208_2205,57,0,7.976473357665199,111.40432320549138,7.976473357665199,1123,2026-01-31 21:00:45,0.6379362927089421,0.2066625360102208,0.5329740990782603
mu_mig_c59_ws0208_2205,57,1,7.418727162871218,111.22415150625991,7.418727162871218,1425,2026-01-31 21:03:03,0.7004880533843197,0.2504816929466178,0.4330506391333757
mu_mig_c59_ws0208_2205,57,2,10.618982073095928,115.1234754904549,10.618982073095928,2384,2026-01-31 21:09:09,0.520521596930045,0.3500010300238498,0.4130613769928859
mu_mig_c59_ws0208_2205,57,3,7.704978640527588,109.37601317135665,7.704978640527588,1301,2026-01-31 20:57:24,0.7459421556447934,0.23846712229975814,0.4607199826660837
mu_mig_c59_ws0208_2205,57,4,23.454071922192103,92.44463845184612,23.454071922192103,1029,2026-01-31 20:58:44,0.6713480002237879,0.1862612085875891,0.44316875057430555
mu_mig_c59_ws0208_2205,57,5,17.116349751306917,127.7692887752828,17.116349751306917,1723,2026-01-31 21:03:51,0.5957537137852161,0.30006094299932695,0.5282892480535495
mu_mig_c59_ws0208_2205,57,6,28.941468204059394,139.56635132476114,28.941468204059394,1764,2026-01-31 21:02:04,0.7408093271260193,0.30874744509882823,0.5133143278103949
mu_mig_c59_ws0208_2205,57,7,19.078067171386554,129.8568397094305,19.078067171386554,1711,2026-01-31 21:02:12,0.6022428518334987,0.29883924983795546,0.532236810293518
mu_mig_c59_ws0208_2205,57,8,34.855418099858284,82.40161367449413,34.855418099858284,2012,2026-01-31 21:06:21,0.43611224853865055,0.3374722032146496,0.3610350431001004
mu_mig_c59_ws0208_2205,57,9,31.559757863229006,83.58895525392967,31.559757863229006,1008,2026-01-31 20:57:53,0.6308118335999676,0.18506593695404144,0.4391647305945443
mu_mig_c59_ws0208_2205,57,10,5.988989959900846,111.46380116564062,5.988989959900846,1247,2026-01-31 20:59:09,0.748447142583257,0.22927522881659407,0.4576462269942481
mu_mig_c59_ws0208_2205,57,11,24.15807634443693,90.04397514573537,24.15807634443693,1043,2026-01-31 20:57:30,0.6721429130901342,0.18738413172684662,0.44414052972489504
mu_mig_c59_ws0208_2205,57,12,12.54431484516671,116.7987832233096,12.54431484516671,2257,2026-01-31 21:07:30,0.6072578216351309,0.3487529656215326,0.4043920345431935
mu_mig_c59_ws0208_2205,57,13,11.739569237421621,107.18465982131829,11.739569237421621,1385,2026-01-31 21:00:12,0.7064489775406184,0.2564334992815906,0.43114231725471186
mu_mig_c59_ws0208_2205,57,14,31.948146638791986,142.87296856388045,31.948146638791986,2241,2026-01-31 21:07:41,0.6910760819161541,0.35423364279862846,0.4504765421833688
mu_mig_c59_ws0208_2205,57,15,31.7982556879723,143.18627451085456,31.7982556879723,2376,2026-01-31 21:07:23,0.6901114751699714,0.354346829514237,0.45146011498199196
mu_mig_c59_ws0208_2205,57,16,11.185521728476807,114.87077818875922,11.185521728476807,2228,2026-01-31 21:08:37,0.6057005191707038,0.3500517926635018,0.405529379614582
mu_mig_c59_ws0208_2205,57,17,11.599992060169715,109.28690165814474,11.599992060169715,2216,2026-01-31 21:08:23,0.5292291494959898,0.3448168588165337,0.4088069783023147
mu_mig_c59_ws0208_2205,57,18,33.51605337111105,84.26919168744918,33.51605337111105,2150,2026-01-31 21:04:00,0.4400490300437168,0.33472800611201575,0.3571902196210501
mu_mig_c59_ws0208_2205,57,19,6.611455147488715,111.082018664106,6.611455147488715,1271,2026-01-31 21:01:30,0.7375508255609571,0.23874981636042478,0.4614132318952644
mu_mig_c59_ws0208_2205,57,20,10.554077037288828,118.1654162918392,10.554077037288828,1304,2026-01-31 21:33:16,0.7482357584122981,0.23995265548226669,0.46098003134696697
mu_mig_c59_ws0208_2205,57,21,39.61434548673937,150.12073611915156,39.61434548673937,1857,2026-01-31 21:35:54,0.7390392183210117,0.3090309875931428,0.5131539746099976
mu_mig_c59_ws0208_2205,57,22,9.637753783106383,116.56012903585221,9.637753783106383,2348,2026-01-31 21:35:17,0.5513605696655284,0.35253469832007356,0.4214550548477005
mu_mig_c59_ws0208_2205,57,23,7.716414020454741,107.12461429806842,7.716414020454741,1075,2026-01-31 21:34:54,0.672220122790141,0.19856027836519935,0.5196770023383132
mu_mig_c59_ws0208_2205,57,24,30.553691866251462,87.92970419481067,30.553691866251462,2150,2026-01-31 21:38:10,0.40795025853873784,0.3378756364873404,0.3702723987217826
mu_mig_c59_ws0208_2205,58,0,7.84615108280954,107.44283583944554,7.84615108280954,1082,2026-01-31 22:17:45,0.6390247138367128,0.2067698414471391,0.5348743857642435
mu_mig_c59_ws0208_2205,58,1,14.589339019197062,101.12958606878456,14.589339019197062,1301,2026-01-31 22:23:56,0.7020849394280927,0.2519146329656092,0.4321648179389577
mu_mig_c59_ws0208_2205,58,2,19.462432144476793,100.49758880044173,19.462432144476793,2228,2026-01-31 22:29:29,0.5183156287576994,0.35053599937303453,0.4147617746310769
mu_mig_c59_ws0208_2205,58,3,6.25522354427995,112.5835102822874,6.25522354427995,1289,2026-01-31 22:22:23,0.7453327420306122,0.23812295070314118,0.4605756539400325
mu_mig_c59_ws0208_2205,58,4,22.443411695278005,91.9749122238461,22.443411695278005,1002,2026-01-31 22:17:55,0.6711412846801826,0.18644142316911666,0.443086435297924
mu_mig_c59_ws0208_2205,58,5,17.21783956270512,127.62369585283646,17.21783956270512,1759,2026-01-31 22:25:26,0.5939810737214867,0.3008508631140983,0.5273122814786164
mu_mig_c59_ws0208_2205,58,6,29.885775001331567,140.7922095975245,29.885775001331567,1813,2026-01-31 22:27:53,0.7409826535188979,0.3087065429101363,0.5133205593440582
mu_mig_c59_ws0208_2205,58,7,15.002031046255436,123.00300672565528,15.002031046255436,1688,2026-01-31 22:23:04,0.6003504815519688,0.29806411041202735,0.5306081683149169
mu_mig_c59_ws0208_2205,58,8,38.43344466736128,80.37512914594738,38.43344466736128,2153,2026-01-31 22:29:54,0.43659874377844143,0.3371509306552564,0.358979967422685
mu_mig_c59_ws0208_2205,58,9,28.606010670411397,84.98005332784244,28.606010670411397,996,2026-01-31 22:21:01,0.6557980321826463,0.18420393942339627,0.42977821014758544
mu_mig_c59_ws0208_2205,58,10,7.73076979684979,110.57177469845894,7.73076979684979,1205,2026-01-31 22:21:28,0.7419797637174868,0.2237548354646251,0.4606097360012006
mu_mig_c59_ws0208_2205,58,11,19.067728892611342,94.91805057595175,19.067728892611342,977,2026-01-31 22:21:52,0.6723170966031327,0.18684634036162617,0.44391388531873865
mu_mig_c59_ws0208_2205,58,12,11.24131152218854,116.63211134922935,11.24131152218854,2280,2026-01-31 22:25:34,0.6064285906729261,0.3487177966562159,0.40443990487250536
mu_mig_c59_ws0208_2205,58,13,9.629381129690136,112.92145190777032,9.629381129690136,1468,2026-01-31 22:24:29,0.7118414040976603,0.2612682127178464,0.4333420117059473
mu_mig_c59_ws0208_2205,58,14,27.6786119005261,138.8836556698874,27.6786119005261,2266,2026-01-31 22:26:48,0.6897070002335363,0.3538117706449498,0.45058066485290016
mu_mig_c59_ws0208_2205,58,15,37.07478001817392,148.6927059013453,37.07478001817392,2427,2026-01-31 22:31:31,0.6899176134355856,0.35417794331717706,0.45148011642542696
mu_mig_c59_ws0208_2205,58,16,9.022525376276931,112.48389603788144,9.022525376276931,2200,2026-01-31 22:30:30,0.6061008364588266,0.3498047625250349,0.4053775135556845
mu_mig_c59_ws0208_2205,58,17,13.179115401481676,107.17361927584082,13.179115401481676,2131,2026-01-31 22:28:55,0.524480718659272,0.34826461779736567,0.4115857049545738
mu_mig_c59_ws0208_2205,58,18,33.90416061373939,83.88837422388404,33.90416061373939,2074,2026-01-31 22:30:26,0.44111215491265343,0.33523746044276603,0.3564952107248654
mu_mig_c59_ws0208_2205,58,19,8.833723047562092,107.66306729616467,8.833723047562092,1225,2026-01-31 22:20:48,0.737029357728414,0.23831077680663126,0.4614433253953475
mu_mig_c59_ws0208_2205,58,20,6.75600811519597,112.2564661129133,6.75600811519597,1303,2026-01-31 22:51:34,0.7467510510699759,0.23923488248886382,0.46034263972867573
mu_mig_c59_ws0208_2205,58,21,36.252954234795276,147.0646915727671,36.252954234795276,1824,2026-01-31 22:55:08,0.740146690268313,0.3092840514676113,0.5129063360428348
mu_mig_c59_ws0208_2205,58,22,10.741768555734113,116.87038243718762,10.741768555734113,2254,2026-01-31 22:59:47,0.5470434113874539,0.3529723822395169,0.4230952860071926
mu_mig_c59_ws0208_2205,58,23,8.226067525691008,107.62172331306041,8.226067525691008,1093,2026-01-31 22:57:33,0.6585984193803126,0.2045227107356873,0.5318095495866678
mu_mig_c59_ws0208_2205,58,24,35.803855971563735,82.03793277634418,35.803855971563735,2154,2026-01-31 23:00:38,0.40673777049386944,0.33758623339963956,0.36949340764981775
mu_mig_c59_ws0208_2205,59,0,38.33826632278173,76.04714871823947,76.04714871823947,475,2026-02-04 18:21:25,0.6390247138367128,0.01833791856439782,0.5348743857642435
mu_mig_c59_ws0208_2205,59,1,27.46122057793966,138.48670924376944,138.48670924376944,2567,2026-02-04 18:25:55,0.7020849394280927,0.3794886257049064,0.4321648179389577
mu_mig_c59_ws0208_2205,59,2,46.33276089366821,68.75785156900766,68.75785156900766,849,2026-02-04 18:18:09,0.5183156287576994,0.1487269291276561,0.4147617746310769
mu_mig_c59_ws0208_2205,59,3,40.31670220177204,73.43477292769005,73.43477292769005,478,2026-02-04 18:10:37,0.7453327420306122,0.009939361039170426,0.4605756539400325
mu_mig_c59_ws0208_2205,59,4,54.492228891500915,166.21843107749424,166.21843107749424,3680,2026-02-04 18:29:56,0.6711412846801826,0.45062132613010353,0.443086435297924
mu_mig_c59_ws0208_2205,59,5,32.40188954266913,80.74628242006096,80.74628242006096,731,2026-02-04 18:18:22,0.5939810737214867,0.1227399203279145,0.5273122814786164
mu_mig_c59_ws0208_2205,59,6,72.5112279445453,184.28406822814514,184.28406822814514,3576,2026-02-04 18:37:40,0.7409826535188979,0.45350781643237204,0.5133205593440582
mu_mig_c59_ws0208_2205,59,7,25.90934106618056,137.3620904781021,137.3620904781021,2099,2026-02-04 18:21:25,0.6003504815519688,0.3391384915810056,0.5306081683149169
mu_mig_c59_ws0208_2205,59,8,74.10707044850321,42.36335402526773,42.36335402526773,863,2026-02-04 18:25:50,0.4365987437784414,0.1574518524406016,0.358979967422685
mu_mig_c59_ws0208_2205,59,9,9.324613335195362,118.46548322290454,118.46548322290454,1896,2026-02-04 18:20:02,0.6557980321826463,0.31841017295004775,0.4297782101475854
mu_mig_c59_ws0208_2205,59,10,10.971110026108901,109.77284160599059,109.77284160599059,1242,2026-02-04 18:16:23,0.7419797637174868,0.23145189564972196,0.4606097360012006
mu_mig_c59_ws0208_2205,59,11,7.428566823365086,116.34909134242842,116.34909134242842,1605,2026-02-04 18:22:37,0.6723170966031327,0.273810248204946,0.4439138853187386
mu_mig_c59_ws0208_2205,59,12,64.88301745325286,50.938487196218304,50.938487196218304,597,2026-02-04 18:14:41,0.6064285906729261,0.07808046137880333,0.4044399048725053
mu_mig_c59_ws0208_2205,59,13,41.79704313084628,153.5686586205435,153.5686586205435,2761,2026-02-04 18:35:03,0.7118414040976603,0.3947959995432952,0.4333420117059473
mu_mig_c59_ws0208_2205,59,14,36.106735069283886,78.39416016348193,78.39416016348193,693,2026-02-04 18:16:25,0.6897070002335363,0.10583333161195338,0.4505806648529001
mu_mig_c59_ws0208_2205,59,15,21.159880699405484,131.7142271870914,131.7142271870914,2055,2026-02-04 18:22:19,0.6899176134355856,0.3318813135804178,0.4514801164254269
mu_mig_c59_ws0208_2205,59,16,15.013474335169992,101.30608532602736,101.30608532602736,1697,2026-02-04 18:29:27,0.6061008364588266,0.28579354071130997,0.4053775135556845
mu_mig_c59_ws0208_2205,59,17,26.97613194818888,137.51843472638654,137.51843472638654,3447,2026-02-04 18:29:14,0.524480718659272,0.4294648812653044,0.4115857049545738
mu_mig_c59_ws0208_2205,59,18,39.48721446991215,77.91500507820233,77.91500507820233,2000,2026-02-04 18:26:16,0.4411121549126534,0.32490597833769014,0.3564952107248654
mu_mig_c59_ws0208_2205,59,19,7.984835401831492,116.1798732537255,116.1798732537255,1444,2026-02-04 18:19:43,0.737029357728414,0.26816819006369735,0.4614433253953475
mu_mig_c59_ws0208_2205,59,20,46.35483092895816,67.36047475206782,67.36047475206782,465,2026-02-04 18:14:19,0.7467510510699759,0.010244420178992799,0.4603426397286757
mu_mig_c59_ws0208_2205,59,21,86.25138967911461,197.93396968756832,197.93396968756832,4339,2026-02-04 18:33:03,0.740146690268313,0.49986391966828925,0.5129063360428348
mu_mig_c59_ws0208_2205,59,22,55.82064871357454,58.75985719976496,58.75985719976496,537,2026-02-04 18:23:29,0.5470434113874539,0.053291972752729524,0.4230952860071926
mu_mig_c59_ws0208_2205,59,23,21.49691080497637,92.86931876493946,92.86931876493946,697,2026-02-04 18:14:39,0.6585984193803126,0.1061611815511446,0.5318095495866678
mu_mig_c59_ws0208_2205,59,24,97.94639269906965,23.2419461083546,23.2419461083546,521,2026-02-04 18:22:58,0.4067377704938694,0.04171667891370468,0.3694934076498177
mu_mig_c59_ws0208_2205,60,0,109.64063040297972,220.93105365325297,220.93105365325297,4713,2026-02-04 20:00:06,0.712666033501973,0.49396203398152033,0.6366596904066023
mu_mig_c59_ws0208_2205,60,1,14.037115299496882,105.99933949598636,105.99933949598636,2206,2026-02-04 19:46:09,0.6390269756162253,0.33739571137940705,0.34551703454828775
mu_mig_c59_ws0208_2205,60,2,8.349622071778386,116.36403406623367,116.36403406623367,1393,2026-02-04 19:39:19,0.7183380603676671,0.25270110244427096,0.4824518681677611
mu_mig_c59_ws0208_2205,60,3,65.01436754347452,177.0430189928529,177.0430189928529,4633,2026-02-04 19:53:34,0.6933455642706674,0.49511269947539427,0.3749790945286483
mu_mig_c59_ws0208_2205,60,4,56.09526141887288,168.18652341134896,168.18652341134896,4249,2026-02-04 19:54:42,0.6486561446244201,0.4800157554066907,0.4191340942804461
mu_mig_c59_ws0208_2205,60,5,23.1162861262062,91.78437455063543,91.78437455063543,556,2026-02-04 19:22:49,0.8219169000890016,0.05968772288676116,0.5163876600699443
mu_mig_c59_ws0208_2205,60,6,23.437853865577935,89.92178435174553,89.92178435174553,472,2026-02-04 19:33:48,0.8054490941344657,0.014238066514550729,0.5153196539317872
mu_mig_c59_ws0208_2205,60,7,58.23909807995811,169.0314218059589,169.0314218059589,2002,2026-02-04 19:29:49,0.7523670747755682,0.32959811168705394,0.5785474795419174
mu_mig_c59_ws0208_2205,60,8,32.05094145847984,85.09547449985499,85.09547449985499,1178,2026-02-04 19:37:42,0.6865987437784413,0.22329953694883065,0.3778027149823456
mu_mig_c59_ws0208_2205,60,9,25.894497780714868,92.18150647358821,92.18150647358821,2256,2026-02-04 19:44:04,0.5554464269104532,0.354979438031059,0.30775888137151136
mu_mig_c59_ws0208_2205,60,10,48.128672803358896,68.35805702810441,68.35805702810441,1059,2026-02-04 19:26:39,0.7228379587526464,0.19856201191273382,0.33622353635032876
mu_mig_c59_ws0208_2205,60,11,32.12724971034913,83.8092881916303,83.8092881916303,1662,2026-02-04 19:34:25,0.42231709660313266,0.2862350837746453,0.46589638638614606
mu_mig_c59_ws0208_2205,60,12,84.82977366728139,32.90111617872509,32.90111617872509,565,2026-02-04 19:33:52,0.5998048993756091,0.0622980018772641,0.2794399048725053
mu_mig_c59_ws0208_2205,60,13,48.97393558518939,64.81952026052706,64.81952026052706,473,2026-02-04 19:35:15,0.6183387952848648,0.006948991803073068,0.46165516557128544
mu_mig_c59_ws0208_2205,60,14,28.66969117159039,84.70090415165001,84.70090415165001,490,2026-02-04 19:22:47,0.8708874727060842,0.03144761402932321,0.4747394817002486
mu_mig_c59_ws0208_2205,60,15,25.56760028117409,91.90799718883092,91.90799718883092,1487,2026-02-04 19:29:58,0.4867607941329083,0.2581063777796416,0.44577546383778377
mu_mig_c59_ws0208_2205,60,16,33.39973183574485,144.543558536418,144.543558536418,2039,2026-02-04 19:36:54,0.6903539929878121,0.33482234696687624,0.5135110637374657
mu_mig_c59_ws0208_2205,60,17,22.436305503712127,133.5400519423694,133.5400519423694,2439,2026-02-04 19:37:55,0.7091055430274,0.354519304165623,0.4036594131996665
mu_mig_c59_ws0208_2205,60,18,58.80623331169904,59.400868535769696,59.400868535769696,1185,2026-02-04 19:39:28,0.4133607567899309,0.21969823202237615,0.4517230366928568
mu_mig_c59_ws0208_2205,60,19,61.89727625028843,172.6326713083991,172.6326713083991,2022,2026-02-04 19:36:51,0.8752639746567519,0.3251985676162267,0.5609840984950734
mu_mig_c59_ws0208_2205,60,20,40.80794618852582,152.38180659997923,152.38180659997923,3864,2026-02-04 19:53:46,0.7823069105580729,0.459090973955959,0.3353426397286757
mu_mig_c59_ws0208_2205,60,21,90.25205968341749,201.99217861782344,201.99217861782344,4412,2026-02-04 19:39:35,0.739964121596999,0.4817515865190928,0.5124243453957004
mu_mig_c59_ws0208_2205,60,22,47.08749996218901,158.59049333463355,158.59049333463355,3851,2026-02-04 19:39:14,0.7752927470194734,0.4544809743870872,0.3308954409366023
mu_mig_c59_ws0208_2205,60,23,17.203958669876194,123.73792234818156,123.73792234818156,818,2026-02-04 19:34:52,0.6691365360076827,0.1509710685577551,0.6523818526567785
mu_mig_c59_ws0208_2205,60,24,94.03978008021456,25.340273137219892,25.340273137219892,569,2026-02-04 19:33:38,0.29535999413214636,0.07073940626432329,0.4283235367671887
mu_mig_c59_ws0208_2205,61,0,104.99030473162425,215.73986583793933,215.73986583793933,3926,2026-02-04 21:18:10,0.7790843508462918,0.4710474074986174,0.6848500947951501
mu_mig_c59_ws0208_2205,61,1,47.84310627185115,71.20513514005445,71.20513514005445,1780,2026-02-04 21:06:58,0.5788754764375702,0.30849547041124853,0.27009459788700985
mu_mig_c59_ws0208_2205,61,2,66.09262772971309,177.03943538749127,177.03943538749127,2219,2026-02-04 21:11:19,0.8783560056556412,0.3358804410975629,0.5366039429971083
mu_mig_c59_ws0208_2205,61,3,32.37337205670874,142.7606978032933,142.7606978032933,4241,2026-02-04 20:58:57,0.6392264880609261,0.47833322799616707,0.3226934311024054
mu_mig_c59_ws0208_2205,61,4,65.27342726797768,50.64498283753094,50.64498283753094,462,2026-02-04 20:58:38,0.6306680325798101,0.0035312988279604385,0.3999722214664637
mu_mig_c59_ws0208_2205,61,5,110.71712177629465,222.08373111763905,222.08373111763905,4643,2026-02-04 21:20:33,0.9983353224845049,0.4978571137876905,0.5072811858250484
mu_mig_c59_ws0208_2205,61,6,19.306902668343675,94.30747799099929,94.30747799099929,549,2026-02-04 20:43:02,0.85702224662692,0.06282226658029372,0.5169189296019704
mu_mig_c59_ws0208_2205,61,7,72.98271605282318,183.18806540496428,183.18806540496428,1977,2026-02-04 21:07:10,0.8739803493544477,0.3219658077718926,0.6168989285235178
mu_mig_c59_ws0208_2205,61,8,11.188786437792116,120.67078421128141,120.67078421128141,1478,2026-02-04 21:01:02,0.8993099920587696,0.2668532017624727,0.3780923111248024
mu_mig_c59_ws0208_2205,61,9,56.79314402260507,167.70260648439833,167.70260648439833,2663,2026-02-04 21:09:54,0.4751651426926987,0.38423485009586805,0.7101434183506521
mu_mig_c59_ws0208_2205,61,10,33.618759778824845,141.15619924031222,141.15619924031222,926,2026-02-04 20:59:59,0.7075245147807743,0.1722501049231433,0.7367145766296312
mu_mig_c59_ws0208_2205,61,11,54.58719805579669,61.91813083334699,61.91813083334699,1676,2026-02-04 21:04:06,0.22231709660313265,0.29617495223040474,0.483482387240072
mu_mig_c59_ws0208_2205,61,12,15.14452605050073,100.1782651706901,100.1782651706901,534,2026-02-04 20:51:36,0.5945059463377554,0.04967203427603272,0.6794399048725053
mu_mig_c59_ws0208_2205,61,13,44.44021508625377,69.59591802064683,69.59591802064683,634,2026-02-04 21:00:01,0.5435367082346284,0.09667138561089539,0.48430568866355594
mu_mig_c59_ws0208_2205,61,14,49.03867424449028,73.75878729734525,73.75878729734525,4256,2026-02-04 21:00:46,0.015831850684122628,0.47193903996321906,0.4940665351781275
mu_mig_c59_ws0208_2205,61,15,75.25320715753082,42.829617779476955,42.829617779476955,1080,2026-02-04 21:00:38,0.3126975556869375,0.19939566981786577,0.44666350750045924
mu_mig_c59_ws0208_2205,61,16,69.44215022841117,180.3114685804318,180.3114685804318,2439,2026-02-04 21:09:53,0.7577565182110004,0.37404539197132924,0.6000179038828906
mu_mig_c59_ws0208_2205,61,17,11.608552595236718,117.82312627773722,117.82312627773722,1700,2026-02-04 20:49:52,0.8345532076645411,0.29417398020726165,0.38249750724142373
mu_mig_c59_ws0208_2205,61,18,45.71484259727491,68.49647573962092,68.49647573962092,759,2026-02-04 20:55:44,0.39115963829175293,0.13553203497012495,0.5279052974672499
mu_mig_c59_ws0208_2205,61,19,92.88518666778074,202.80303005261743,202.80303005261743,2488,2026-02-04 21:09:57,0.9692145965730345,0.37237238841127124,0.6469523170126144
mu_mig_c59_ws0208_2205,61,20,100.25140758189335,210.3549890156583,210.3549890156583,3096,2026-02-04 21:14:20,0.8107515981485505,0.418168216977532,0.7353426397286756
mu_mig_c59_ws0208_2205,61,21,74.6850032326263,186.5896691441049,186.5896691441049,4044,2026-02-04 21:14:36,0.70765117153995,0.46684319389472356,0.4916993750860146
mu_mig_c59_ws0208_2205,61,22,11.874756219103242,116.55095494148793,116.55095494148793,2555,2026-02-04 21:10:46,0.9589692331243345,0.376631517487401,0.2572977238479439
mu_mig_c59_ws0208_2205,61,23,36.80748379022676,144.89987890658986,144.89987890658986,944,2026-02-04 20:43:54,0.7206487851755767,0.17750411713047312,0.7222894395854313
mu_mig_c59_ws0208_2205,61,24,98.12907229239913,25.288662571708493,25.288662571708493,634,2026-02-04 20:58:46,0.20625777304276793,0.09395758814481818,0.47538764006108547
mu_mig_c59_ws0208_2205,62,0,108.18679524018405,217.99503794390094,217.99503794390094,3327,2026-02-04 22:33:40,0.8356110449676197,0.4367226533269641,0.7398190559847003
mu_mig_c59_ws0208_2205,62,1,48.119436212737384,157.13570128745485,157.13570128745485,1667,2026-02-04 22:17:11,0.5307542770946461,0.2853752776367217,0.7097566485579876
mu_mig_c59_ws0208_2205,62,2,76.7115371558014,46.17322717983641,46.17322717983641,3113,2026-02-04 22:19:07,0.00637036188602047,0.4024239120201964,0.5799256028605863
mu_mig_c59_ws0208_2205,62,3,21.344918000725993,126.57351299929168,126.57351299929168,4118,2026-02-04 22:40:54,0.595931227093133,0.4649096508127853,0.2808649003614111
mu_mig_c59_ws0208_2205,62,4,64.27586226751565,50.67473994480906,50.67473994480906,479,2026-02-04 22:21:29,0.6162775429441221,0.022343733564976247,0.38464272321527787
mu_mig_c59_ws0208_2205,62,5,65.06759938706087,58.54007493332869,58.54007493332869,3550,2026-02-04 22:39:13,0.04929911478048932,0.444606155022059,0.4976210455902937
mu_mig_c59_ws0208_2205,62,6,15.46002038387453,98.22644321708695,98.22644321708695,708,2026-02-04 22:21:56,0.8551634765481898,0.11355472255732335,0.5063261475163285
mu_mig_c59_ws0208_2205,62,7,79.011947003719,188.83935200710562,188.83935200710562,1846,2026-02-04 22:26:44,0.9712709690175513,0.3158599646397635,0.647580087708798
mu_mig_c59_ws0208_2205,62,8,95.84194317560335,28.894291384225774,28.894291384225774,1948,2026-02-04 22:31:36,0.05681539249827283,0.30959395238873333,0.37856648598862636
mu_mig_c59_ws0208_2205,62,9,26.47043083772718,138.02795012179922,138.02795012179922,2826,2026-02-04 22:23:58,0.41094011531849517,0.4076391797477153,0.6320510479339647
mu_mig_c59_ws0208_2205,62,10,22.493793545545493,129.94234670851165,129.94234670851165,844,2026-02-04 22:08:27,0.6952737596032765,0.15120057933147088,0.6571074088530733
mu_mig_c59_ws0208_2205,62,11,103.19171826311579,22.00018832032363,22.00018832032363,1495,2026-02-04 22:17:14,0.08473544314467399,0.26756623399743984,0.4901704800217714
mu_mig_c59_ws0208_2205,62,12,24.87850887534361,89.86556214504517,89.86556214504517,513,2026-02-04 22:21:37,0.5902667839074726,0.039571260195047614,0.5994399048725052
mu_mig_c59_ws0208_2205,62,13,40.47016955903292,73.89787843021213,73.89787843021213,975,2026-02-04 22:24:14,0.43845890259133374,0.18229883728995533,0.5072570046105651
mu_mig_c59_ws0208_2205,62,14,47.49407013839752,70.29659612477961,70.29659612477961,2467,2026-02-04 22:16:00,0.13198957653836477,0.3658448529755753,0.5081148343688436
mu_mig_c59_ws0208_2205,62,15,117.5292105587825,17.511572217387933,17.511572217387933,863,2026-02-04 22:06:13,0.1734469649301609,0.15242710344844507,0.4473739424305997
mu_mig_c59_ws0208_2205,62,16,96.46920797303055,206.70583790768595,206.70583790768595,3074,2026-02-04 22:17:34,0.8116785383895512,0.4054238279748917,0.6692233759992305
mu_mig_c59_ws0208_2205,62,17,11.695399749675012,107.40950144623763,107.40950144623763,1282,2026-02-04 22:21:43,0.934911339374254,0.2458977210405726,0.3655679824748295
mu_mig_c59_ws0208_2205,62,18,53.3511576589399,60.104011218342706,60.104011218342706,570,2026-02-04 22:21:26,0.37339874349321056,0.06819907732832399,0.5888511060867644
mu_mig_c59_ws0208_2205,62,19,54.702054371121,63.58597179482531,63.58597179482531,3016,2026-02-04 22:19:01,0.03918585489298354,0.401231980896502,0.708823104911447
mu_mig_c59_ws0208_2205,62,20,84.39868948091461,194.97005833443004,194.97005833443004,2699,2026-02-04 22:33:47,0.8335073482209325,0.3854300113947904,0.6553426397286757
mu_mig_c59_ws0208_2205,62,21,64.17276478034705,175.95598858657877,175.95598858657877,3582,2026-02-04 22:26:54,0.6947886575594422,0.4363603026071173,0.47808689882729
mu_mig_c59_ws0208_2205,62,22,54.1744185012215,61.82498551128637,61.82498551128637,2020,2026-02-04 22:17:02,0.10591042200822343,0.31435195196765203,0.6984195501770172
mu_mig_c59_ws0208_2205,62,23,56.99353191232693,59.60629856306449,59.60629856306449,1032,2026-02-04 22:20:32,0.7606536522285983,0.1978679321834743,0.2827290604511279
mu_mig_c59_ws0208_2205,62,24,112.56555618199054,18.3826201510829,18.3826201510829,686,2026-02-04 22:22:27,0.13497599617126518,0.11253213364921409,0.5130389226962029
mu_mig_c59_ws0208_2205,63,0,20.723190912836813,129.1409328722777,129.1409328722777,3020,2026-02-04 23:38:21,0.8750013430374017,0.4023985588221607,0.2758239487774895
mu_mig_c59_ws0208_2205,63,1,10.573808509247952,120.54327964367809,120.54327964367809,1679,2026-02-04 23:28:41,0.45706005068323907,0.28468031934281923,0.6452499615603389
mu_mig_c59_ws0208_2205,63,2,26.07872584181222,95.77025707205922,95.77025707205922,3818,2026-02-04 23:54:45,0.10878184687032394,0.45565868875830323,0.6145829307513686
mu_mig_c59_ws0208_2205,63,3,87.38962950320895,198.4144522205672,198.4144522205672,3822,2026-02-04 23:49:55,0.5612950183188985,0.4541707890660799,0.7474020757686156
mu_mig_c59_ws0208_2205,63,4,71.61334259905885,43.922892141266914,43.922892141266914,497,2026-02-04 23:38:33,0.6047651512355716,0.0373936813545889,0.3723791246143292
mu_mig_c59_ws0208_2205,63,5,57.6635755934229,62.21795434456866,62.21795434456866,3062,2026-02-04 23:35:40,0.09007014861727689,0.4020053880095538,0.48989293340248985
mu_mig_c59_ws0208_2205,63,6,10.232375965190645,109.08387470644155,109.08387470644155,863,2026-02-04 23:26:04,0.8536764604852056,0.15414068733894706,0.4978519218478152
mu_mig_c59_ws0208_2205,63,7,87.93048226763146,35.2001402126489,35.2001402126489,1846,2026-02-04 23:44:28,0.049103464748034176,0.3109752901340603,0.6721250150570224
mu_mig_c59_ws0208_2205,63,8,70.88360454332177,50.041496199658695,50.041496199658695,2030,2026-02-04 23:41:22,0.1929463595691125,0.32983385173656804,0.3850225365411959
mu_mig_c59_ws0208_2205,63,9,23.04634095947958,134.27383464410613,134.27383464410613,3338,2026-02-04 23:48:31,0.3595600934191323,0.42636264346919306,0.5695771516006148
mu_mig_c59_ws0208_2205,63,10,17.66461179953388,96.29299650771557,96.29299650771557,678,2026-02-04 23:29:14,0.6573002962157587,0.1068405832328565,0.583834534310213
mu_mig_c59_ws0208_2205,63,11,40.07475848344136,150.40959973023004,150.40959973023004,1355,2026-02-04 23:41:20,0.974670120377907,0.24467925941106794,0.4955209542471309
mu_mig_c59_ws0208_2205,63,12,51.000030718334244,62.8668155787492,62.8668155787492,503,2026-02-04 23:35:30,0.5212828594498583,0.036185546328802914,0.5353003069720348
mu_mig_c59_ws0208_2205,63,13,45.8631269740972,68.90553972252053,68.90553972252053,1243,2026-02-04 23:42:06,0.33109754615611237,0.23127746774669822,0.5437641462208335
mu_mig_c59_ws0208_2205,63,14,61.39073798430279,56.52917767157125,56.52917767157125,1654,2026-02-04 23:45:56,0.19360980873125752,0.2853009463181191,0.5177056663466961
mu_mig_c59_ws0208_2205,63,15,169.83600337682844,60.95521691197656,60.95521691197656,710,2026-02-04 23:40:05,0.062046492324739605,0.1148522503529085,0.447942290374712
mu_mig_c59_ws0208_2205,63,16,107.02929518953644,217.25973369444327,217.25973369444327,3280,2026-02-04 23:47:37,0.8556190770104963,0.42313483222048515,0.7213469778474115
mu_mig_c59_ws0208_2205,63,17,31.314775877242106,84.59822490559664,84.59822490559664,1008,2026-02-04 23:33:59,0.953288989402873,0.18917293313802203,0.3292781447440921
mu_mig_c59_ws0208_2205,63,18,43.371196542322465,69.62551658622365,69.62551658622365,478,2026-02-04 23:36:58,0.35919002765437663,0.01433271121488322,0.637607752982376
mu_mig_c59_ws0208_2205,63,19,70.03751368585652,52.1451478614571,52.1451478614571,2917,2026-02-04 23:50:04,0.09744569576140313,0.4061915529424866,0.2563853629162971
mu_mig_c59_ws0208_2205,63,20,74.4969348464906,185.210831826182,185.210831826182,2397,2026-02-04 23:45:46,0.8517119482788382,0.3592394469285971,0.5913426397286756
mu_mig_c59_ws0208_2205,63,21,42.80488885341218,154.73492281905493,154.73492281905493,2953,2026-02-04 23:36:18,0.6844986463750359,0.41197398957703224,0.4671969178203103
mu_mig_c59_ws0208_2205,63,22,41.64065849688692,72.68604785626506,72.68604785626506,1464,2026-02-04 23:40:08,0.22346337311533454,0.26452829955185286,0.6513170112402757
mu_mig_c59_ws0208_2205,63,23,34.905718189111056,80.12843262055803,80.12843262055803,1151,2026-02-04 23:42:09,0.7926575458710156,0.21415898422587523,0.33108075714368507
mu_mig_c59_ws0208_2205,63,24,148.46072978937568,40.459871872534364,40.459871872534364,799,2026-02-04 23:37:05,0.07875979747841835,0.13345232680311064,0.5313596938337163
mu_mig_c59_ws0208_2205,64,0,16.353394284615966,123.31304394315787,123.31304394315787,2387,2026-02-05 00:53:59,0.88737627063743,0.3550514235938889,0.30520349391250867
mu_mig_c59_ws0208_2205,64,1,20.974973387563164,93.81550716216924,93.81550716216924,1607,2026-02-05 00:48:01,0.3215425321894917,0.27713531459055485,0.5946892097529635
mu_mig_c59_ws0208_2205,64,2,28.628426229894618,139.96660752816186,139.96660752816186,4550,2026-02-05 01:05:30,0.19054596128100854,0.4926513998603796,0.6167688250895353
mu_mig_c59_ws0208_2205,64,3,82.75352258863083,193.74248738226416,193.74248738226416,3626,2026-02-05 01:01:27,0.5335860512995109,0.4455796996687156,0.7206318160943792
mu_mig_c59_ws0208_2205,64,4,73.81566328669925,42.687115911933,42.687115911933,524,2026-02-05 00:46:23,0.5955552378687313,0.04943363958627901,0.3625682457335702
mu_mig_c59_ws0208_2205,64,5,61.33978335665638,59.11190317516094,59.11190317516094,2358,2026-02-05 00:55:40,0.1246890887917705,0.35679091771964766,0.4933081236151868
mu_mig_c59_ws0208_2205,64,6,11.841459064656258,120.40572240662772,120.40572240662772,996,2026-02-05 00:44:09,0.8524868476348183,0.18660945916424604,0.49107254131300443
mu_mig_c59_ws0208_2205,64,7,64.46430787526674,54.315678718418695,54.315678718418695,1855,2026-02-05 00:59:55,0.1113694613324205,0.3070675505294977,0.6917609569356018
mu_mig_c59_ws0208_2205,64,8,35.24453315548991,83.15029129501073,83.15029129501073,2277,2026-02-05 00:53:36,0.3018511332257842,0.3460257712148358,0.39018737698325157
mu_mig_c59_ws0208_2205,64,9,20.990554175022737,131.20459633926993,131.20459633926993,3710,2026-02-05 01:07:21,0.31795466674016837,0.45189056041416314,0.5273113294430204
mu_mig_c59_ws0208_2205,64,10,33.97189734215802,79.4782569729469,79.4782569729469,584,2026-02-05 00:44:43,0.5818629869290773,0.06410185306253394,0.508356979165685
mu_mig_c59_ws0208_2205,64,11,17.392040100097105,127.66151962521387,127.66151962521387,1201,2026-02-05 00:46:58,0.8477178043652142,0.21844358673133288,0.5003585381779445
mu_mig_c59_ws0208_2205,64,12,62.02166602219801,53.45879550678723,53.45879550678723,490,2026-02-05 00:39:58,0.4660957198837669,0.03347697523580716,0.4839886286516583
mu_mig_c59_ws0208_2205,64,13,51.93371580623108,66.84384215762252,66.84384215762252,1664,2026-02-05 00:50:06,0.2353374557444111,0.2804143817712862,0.5709341978316387
mu_mig_c59_ws0208_2205,64,14,57.92970366355925,56.43424966135387,56.43424966135387,1185,2026-02-05 00:47:47,0.24290599448557174,0.2208658209921541,0.525378331928978
mu_mig_c59_ws0208_2205,64,15,20.407266795235795,93.32957044240695,93.32957044240695,606,2026-02-05 00:43:59,0.9754960251133968,0.08504698190067121,0.452706781139916
mu_mig_c59_ws0208_2205,64,16,110.88685466800216,220.82415101689855,220.82415101689855,3360,2026-02-05 01:06:56,0.8907488991429355,0.42502921731556287,0.7323431239312969
mu_mig_c59_ws0208_2205,64,17,43.54344340938448,71.46388105007628,71.46388105007628,806,2026-02-05 00:50:01,0.946820485043639,0.14564524862041633,0.3004797872502928
mu_mig_c59_ws0208_2205,64,18,59.70986587545888,171.57759079752324,171.57759079752324,4069,2026-02-05 01:08:32,0.3858723192926628,0.4784128467781892,0.6404273325339291
mu_mig_c59_ws0208_2205,64,19,61.634464720706994,60.56472608189556,60.56472608189556,2900,2026-02-05 00:57:56,0.16203510419208578,0.4007946039700527,0.30423581467138294
mu_mig_c59_ws0208_2205,64,20,62.71978264245609,173.5644026433018,173.5644026433018,2134,2026-02-05 00:54:06,0.8662756283251628,0.33828699535564244,0.5401426397286756
mu_mig_c59_ws0208_2205,64,21,40.82307045238543,152.6698867149364,152.6698867149364,2829,2026-02-05 00:56:36,0.6762666374275108,0.3924649391529642,0.4584849330147266
mu_mig_c59_ws0208_2205,64,22,46.07959586053546,68.53153900929932,68.53153900929932,1252,2026-02-05 00:46:11,0.2679680619836423,0.234395730206517,0.6190613778462777
mu_mig_c59_ws0208_2205,64,23,18.025006579904023,99.08234484163279,99.08234484163279,1217,2026-02-05 00:53:40,0.8182606607849493,0.22719182585979597,0.36976211449773083
mu_mig_c59_ws0208_2205,64,24,154.24329314435872,47.21815638556497,47.21815638556497,834,2026-02-05 00:52:52,0.03378683852414088,0.1501884813262279,0.546016310743727
mu_mig_c59_ws0208_2205,65,0,9.700960457841592,110.16755695587297,110.16755695587297,1620,2026-02-05 02:18:15,0.876180705524476,0.2962587105855171,0.35096718531972293
mu_mig_c59_ws0208_2205,65,1,64.38982132605827,55.025676183938266,55.025676183938266,1465,2026-02-05 02:19:04,0.18293977999484357,0.2715534006331506,0.5494121819710496
mu_mig_c59_ws0208_2205,65,2,70.22588889274695,43.31280565410772,43.31280565410772,474,2026-02-05 02:01:09,0.2559572528095562,0.022245568742040644,0.6185175405600687
mu_mig_c59_ws0208_2205,65,3,74.06457934143657,185.46208990656484,185.46208990656484,3744,2026-02-05 02:21:48,0.49487334199236105,0.447073562586701,0.6683005795983064
mu_mig_c59_ws0208_2205,65,4,72.54291446348394,44.054942493277714,44.054942493277714,538,2026-02-05 02:10:17,0.588187307175259,0.059065606171631105,0.35471954262896305
mu_mig_c59_ws0208_2205,65,5,73.02516903597568,50.670237067676446,50.670237067676446,1886,2026-02-05 02:22:11,0.15238424093136538,0.32061934148772275,0.49604027578534426
mu_mig_c59_ws0208_2205,65,6,12.452071685280107,119.30214452275177,119.30214452275177,1137,2026-02-05 01:47:26,0.8515351573545085,0.2125844766244852,0.4856490368851558
mu_mig_c59_ws0208_2205,65,7,36.12034559869077,81.1651197124251,81.1651197124251,1835,2026-02-05 02:11:37,0.16118225859992957,0.3039413588458476,0.7074697104384653
mu_mig_c59_ws0208_2205,65,8,29.12711427069026,90.11162355174744,90.11162355174744,2471,2026-02-05 02:25:49,0.3549252376574386,0.36265597830137375,0.36575503512006285
mu_mig_c59_ws0208_2205,65,9,20.727908493704458,129.23497715600413,129.23497715600413,4246,2026-02-05 02:30:39,0.2846703253969972,0.4723128939701392,0.49349867171694484
mu_mig_c59_ws0208_2205,65,10,60.791310591413776,54.17875346151769,54.17875346151769,492,2026-02-05 01:56:19,0.5071271823058963,0.024181180196030806,0.44073661657541635
mu_mig_c59_ws0208_2205,65,11,7.534194018981237,110.70116639907883,110.70116639907883,1070,2026-02-05 02:06:24,0.7475067577745098,0.1910063495812871,0.5017197765861092
mu_mig_c59_ws0208_2205,65,12,68.18802821258403,46.71200876086568,46.71200876086568,490,2026-02-05 01:59:47,0.4219460082308938,0.03131011836141055,0.44293928599535715
mu_mig_c59_ws0208_2205,65,13,58.67844036147496,61.13182682198192,61.13182682198192,1867,2026-02-05 02:22:35,0.15872938341505005,0.3197239129909566,0.5926702391202828
mu_mig_c59_ws0208_2205,65,14,63.748575196549304,50.98537151146121,50.98537151146121,902,2026-02-05 01:46:59,0.2823429430890231,0.1693177207313821,0.5315164643948036
mu_mig_c59_ws0208_2205,65,15,25.168452314747046,88.3756444133517,88.3756444133517,566,2026-02-05 01:46:32,0.9062556513443226,0.061202767138881384,0.4565183737520793
mu_mig_c59_ws0208_2205,65,16,112.10716572825919,221.8616706637159,221.8616706637159,3280,2026-02-05 02:18:45,0.8718401592457676,0.4323834193310566,0.737773415150633
mu_mig_c59_ws0208_2205,65,17,59.113683570390855,56.484778325566204,56.484778325566204,698,2026-02-05 02:00:12,0.9416456815562518,0.11082310100633178,0.27744110125525334
mu_mig_c59_ws0208_2205,65,18,57.53797559811887,169.20796280457674,169.20796280457674,3795,2026-02-05 02:14:05,0.40111096462276574,0.4532390292011394,0.6384206519131312
mu_mig_c59_ws0208_2205,65,19,48.23690742545582,71.81544925504672,71.81544925504672,2885,2026-02-05 02:10:50,0.2137066309366319,0.39647704479210555,0.34251617607545165
mu_mig_c59_ws0208_2205,65,20,28.046819504845274,138.86100342133915,138.86100342133915,1524,2026-02-05 02:03:09,0.8731531206115287,0.2802552199250298,0.48675759525504814
mu_mig_c59_ws0208_2205,65,21,31.799777804383176,142.62138911678812,142.62138911678812,2465,2026-02-05 02:26:34,0.6696810302694908,0.3768576988137098,0.4515153451702596
mu_mig_c59_ws0208_2205,65,22,35.16426201757909,79.04830695682092,79.04830695682092,1180,2026-02-05 02:02:34,0.3035718130782885,0.21028967473024832,0.5932568711310793
mu_mig_c59_ws0208_2205,65,23,8.386895616708903,109.06130314160748,109.06130314160748,1274,2026-02-05 01:49:30,0.8867484621177242,0.2333641434136462,0.37489392328654125
mu_mig_c59_ws0208_2205,65,24,27.732559419699246,136.68796067301065,136.68796067301065,868,2026-02-05 02:04:18,0.9978084713607189,0.1635774049447217,0.5577416042717356
mu_mig_c59_ws0208_2205,66,0,7.6534632776688305,110.2539568147703,110.2539568147703,1329,2026-02-05 03:29:14,0.8678223919767658,0.23440567597684409,0.390652827185321
mu_mig_c59_ws0208_2205,66,1,98.61615203352991,26.588889332327387,26.588889332327387,1529,2026-02-05 03:25:41,0.07205757823912506,0.2670878694672272,0.5131905597455184
mu_mig_c59_ws0208_2205,66,2,66.4050168055888,48.37794559683351,48.37794559683351,522,2026-02-05 03:31:05,0.3082862860323944,0.04592090384736952,0.6199165129364954
mu_mig_c59_ws0208_2205,66,3,57.39655634493391,169.13157441210174,169.13157441210174,3737,2026-02-05 03:35:23,0.4445354123152959,0.4492303754020784,0.6195872017024759
mu_mig_c59_ws0208_2205,66,4,68.96460838118216,46.54042264009069,46.54042264009069,580,2026-02-05 03:13:50,0.5822929626204812,0.06677117943991279,0.34844058014527735
mu_mig_c59_ws0208_2205,66,5,62.043578191329445,56.14416373389636,56.14416373389636,1775,2026-02-05 03:21:31,0.1745403626430413,0.2916820805021828,0.49822599752147034
mu_mig_c59_ws0208_2205,66,6,16.866505072447946,126.602027712845,126.602027712845,1251,2026-02-05 03:30:52,0.8232085923044248,0.2326726369491196,0.48647678308627595
mu_mig_c59_ws0208_2205,66,7,34.45291934774149,82.53636409747315,82.53636409747315,1839,2026-02-05 03:35:57,0.20096235934326134,0.3049086422414328,0.6917148469968393
mu_mig_c59_ws0208_2205,66,8,31.25842037513949,88.93717055647485,88.93717055647485,2847,2026-02-05 03:40:04,0.35501664220764706,0.38582543010927817,0.345819187928484
mu_mig_c59_ws0208_2205,66,9,20.51102172245294,127.80756792028971,127.80756792028971,4598,2026-02-05 03:47:08,0.2580428523224603,0.48865076081492004,0.46644854553608445
mu_mig_c59_ws0208_2205,66,10,24.949622063293738,133.97765964582644,133.97765964582644,4337,2026-02-05 03:30:47,0.4353446081402963,0.4928054287298655,0.3868208098126561
mu_mig_c59_ws0208_2205,66,11,19.69159180227566,94.03678429666738,94.03678429666738,893,2026-02-05 03:19:32,0.6673379205019464,0.16905655986125045,0.502808767312641
mu_mig_c59_ws0208_2205,66,12,82.60156501915745,33.865859696264515,33.865859696264515,485,2026-02-05 03:15:59,0.3866262389085953,0.029576632861893267,0.41009981187031624
mu_mig_c59_ws0208_2205,66,13,66.26327751980592,53.1509102853553,53.1509102853553,2158,2026-02-05 03:41:24,0.09780930308036162,0.33733219319313795,0.6047600659868239
mu_mig_c59_ws0208_2205,66,14,59.53332676506296,54.954253367757126,54.954253367757126,723,2026-02-05 03:29:41,0.3138925019717842,0.1280792405227645,0.536426970367464
mu_mig_c59_ws0208_2205,66,15,29.067256240685623,84.40381793649345,84.40381793649345,525,2026-02-05 03:15:09,0.8508633523290632,0.04212739532944952,0.4595676478418099
mu_mig_c59_ws0208_2205,66,16,102.61046287504745,212.99694984058735,212.99694984058735,3524,2026-02-05 03:44:41,0.7567003674472943,0.4425300102787537,0.7265250051371679
mu_mig_c59_ws0208_2205,66,17,70.18154511804866,47.1033480107097,47.1033480107097,600,2026-02-05 03:22:25,0.9375058387663421,0.08296538291506414,0.25901015245922177
mu_mig_c59_ws0208_2205,66,18,43.78145629518204,155.69721496612667,155.69721496612667,3429,2026-02-05 03:42:40,0.4133018808868481,0.4330999751394996,0.6368153074164928
mu_mig_c59_ws0208_2205,66,19,36.86379723123541,82.92611298020718,82.92611298020718,2765,2026-02-05 03:32:18,0.2550438523322688,0.39302299744974784,0.3731404651987066
mu_mig_c59_ws0208_2205,66,20,13.88528294666096,119.74176317478558,119.74176317478558,1213,2026-02-05 03:29:26,0.8753942313448944,0.2234250267597554,0.4437173361338635
mu_mig_c59_ws0208_2205,66,21,21.295558376962077,132.7527821050714,132.7527821050714,2255,2026-02-05 03:29:47,0.686335994606136,0.35273225447496537,0.45588686152593627
mu_mig_c59_ws0208_2205,66,22,39.437374224262754,74.06950010319741,74.06950010319741,1019,2026-02-05 03:32:49,0.3245928950606814,0.1876114888323906,0.554724759407772
mu_mig_c59_ws0208_2205,66,23,8.766473519200899,116.7754370852085,116.7754370852085,1354,2026-02-05 03:34:44,0.9415387031839442,0.2383019974567264,0.37899937031758957
mu_mig_c59_ws0208_2205,66,24,30.71898221679043,140.07158251345027,140.07158251345027,986,2026-02-05 03:17:11,0.9408074765955224,0.1794669050216816,0.5611168996586697
mu_mig_c59_ws0208_2205,67,0,8.69529916964598,107.33811897339481,107.33811897339481,1026,2026-02-05 04:47:21,0.8611357411385976,0.18492324828990567,0.42240134067779944
mu_mig_c59_ws0208_2205,67,1,41.65611212830379,152.32555220491082,152.32555220491082,1504,2026-02-05 04:49:42,0.9833518168345503,0.2635154445344885,0.4842132619650935
mu_mig_c59_ws0208_2205,67,2,49.29223900928558,63.82597169036152,63.82597169036152,547,2026-02-05 04:44:55,0.3501495126106649,0.06486117193163263,0.6210356908376369
mu_mig_c59_ws0208_2205,67,3,35.64550231286858,147.60486428119123,147.60486428119123,3458,2026-02-05 04:49:44,0.39244313219688975,0.4462426330024726,0.5834104582497648
mu_mig_c59_ws0208_2205,67,4,85.44030286097394,34.77660460951524,34.77660460951524,577,2026-02-05 04:43:17,0.5595079000898199,0.0705912076992673,0.3434719412705476
mu_mig_c59_ws0208_2205,67,5,67.35339807794881,47.46530918437579,47.46530918437579,1429,2026-02-05 04:36:59,0.16096980381666426,0.2641395064174778,0.5046214370132358
mu_mig_c59_ws0208_2205,67,6,18.531789521939665,128.9566457823856,128.9566457823856,1415,2026-02-05 04:34:54,0.8034926778895104,0.24587312287349267,0.48212744314006495
mu_mig_c59_ws0208_2205,67,7,28.73210564032848,86.60951607462695,86.60951607462695,1902,2026-02-05 04:52:08,0.21862561261159924,0.3110149045113168,0.6667361529515096
mu_mig_c59_ws0208_2205,67,8,35.34046355450721,84.35158070211126,84.35158070211126,2858,2026-02-05 04:46:20,0.32850680909412483,0.406781253499726,0.338745251060648
mu_mig_c59_ws0208_2205,67,9,84.41152963822952,31.368126669689552,31.368126669689552,454,2026-02-05 04:42:10,0.2367408738628308,0.0017210542907447612,0.4448084445913961
mu_mig_c59_ws0208_2205,67,10,14.92312883946994,120.49877486848894,120.49877486848894,4140,2026-02-05 04:53:30,0.3519106025082905,0.4663845724298303,0.3452821446321891
mu_mig_c59_ws0208_2205,67,11,21.027138324413897,92.65029454850489,92.65029454850489,860,2026-02-05 04:44:57,0.6032028506838957,0.15149672808522113,0.5036799598938664
mu_mig_c59_ws0208_2205,67,12,98.27491235069027,23.644774660587355,23.644774660587355,489,2026-02-05 04:34:22,0.35837042345075654,0.02818984446227944,0.38382823257028353
mu_mig_c59_ws0208_2205,67,13,86.03297104473296,35.92984033401301,35.92984033401301,2249,2026-02-05 04:53:14,0.04907323881261088,0.35141881735488306,0.6144319274800567
mu_mig_c59_ws0208_2205,67,14,60.86247393664484,54.64188813147406,54.64188813147406,627,2026-02-05 04:44:18,0.33913214907799305,0.09508845635587043,0.5403553751455924
mu_mig_c59_ws0208_2205,67,15,40.26762352219883,73.7404120321854,73.7404120321854,478,2026-02-05 04:31:46,0.8065495131168556,0.02686709788190403,0.4620070671135944
mu_mig_c59_ws0208_2205,67,16,87.25440042974476,198.4199919519423,198.4199919519423,3660,2026-02-05 04:59:01,0.5819171648184513,0.4526750514600443,0.7056090903683571
mu_mig_c59_ws0208_2205,67,17,38.09175557080996,143.51313727737826,143.51313727737826,558,2026-02-05 04:32:49,0.9341939645344143,0.06067920844205002,0.7442653934223965
mu_mig_c59_ws0208_2205,67,18,49.297868829244194,160.2347946082379,160.2347946082379,3025,2026-02-05 04:45:17,0.423054613898114,0.41698873189018776,0.635531031819182
mu_mig_c59_ws0208_2205,67,19,31.197468618949927,87.8451897016278,87.8451897016278,2719,2026-02-05 04:56:44,0.28811362944877833,0.3902597595758617,0.3976398964973106
mu_mig_c59_ws0208_2205,67,20,13.611265734985592,101.19132076583016,101.19132076583016,927,2026-02-05 04:35:34,0.8771871199315869,0.1779608722275359,0.4092851288369158
mu_mig_c59_ws0208_2205,67,21,14.580347103969537,123.01160608576552,123.01160608576552,1666,2026-02-05 04:50:04,0.7035684912778131,0.30308028324114766,0.46735925248801946
mu_mig_c59_ws0208_2205,67,22,53.7480328304726,60.31814461634714,60.31814461634714,815,2026-02-05 04:45:25,0.3382490098506524,0.15548004442855523,0.5204992258414453
mu_mig_c59_ws0208_2205,67,23,7.948138976516346,115.99864445118108,115.99864445118108,1257,2026-02-05 04:48:40,0.9579930371986486,0.24102386329372313,0.38672237877433535
mu_mig_c59_ws0208_2205,67,24,34.18738097484036,143.1305459863869,143.1305459863869,1157,2026-02-05 04:37:57,0.8934318323586501,0.21124040460472715,0.5423528991912453
mu_mig_c59_ws0208_2205,68,0,19.80389455907701,95.73539725984521,95.73539725984521,836,2026-02-05 05:50:06,0.8578508653333468,0.14502015766248183,0.44778586216016975
mu_mig_c59_ws0208_2205,68,1,21.747080575803047,132.55179643163572,132.55179643163572,1372,2026-02-05 05:47:38,0.9054923588679857,0.25487623581491364,0.46744224643446525
mu_mig_c59_ws0208_2205,68,2,39.76359321110812,73.4131181161211,73.4131181161211,623,2026-02-05 05:48:55,0.383560306500102,0.08735544648008532,0.5958238348322253
mu_mig_c59_ws0208_2205,68,3,32.238112843304634,143.3343162829483,143.3343162829483,3723,2026-02-05 06:11:49,0.35076930810216483,0.44385243908278793,0.5544690634875957
mu_mig_c59_ws0208_2205,68,4,83.9426398368094,33.2571401140024,33.2571401140024,552,2026-02-05 05:54:17,0.4837620692334213,0.06055975062970197,0.34008163666309676
mu_mig_c59_ws0208_2205,68,5,83.93586333386199,35.394516911171905,35.394516911171905,1295,2026-02-05 05:59:17,0.15011335675556262,0.24210544714971377,0.5097377886066483
mu_mig_c59_ws0208_2205,68,6,19.615316068337382,130.66999337796872,130.66999337796872,1514,2026-02-05 05:47:07,0.7780522273159818,0.26617455916077404,0.47550654044902074
mu_mig_c59_ws0208_2205,68,7,25.60437857784049,90.12886011896515,90.12886011896515,2067,2026-02-05 06:07:06,0.20399838966987605,0.31997241623212086,0.6401326646682666
mu_mig_c59_ws0208_2205,68,8,36.01014316649193,84.9717913557608,84.9717913557608,3141,2026-02-05 06:00:43,0.30729894260330703,0.42354591221208426,0.3330861015663792
mu_mig_c59_ws0208_2205,68,9,113.70912510796846,22.25461764298958,22.25461764298958,474,2026-02-05 05:44:59,0.23555086977163697,0.015159876292248391,0.40720108254173193
mu_mig_c59_ws0208_2205,68,10,31.741212660147642,87.9238362379947,87.9238362379947,3311,2026-02-05 06:09:25,0.277174657632137,0.42445876618829326,0.31013004651988707
mu_mig_c59_ws0208_2205,68,11,44.51911323718877,70.15356730844827,70.15356730844827,793,2026-02-05 05:59:28,0.4821551604191053,0.13777560024394545,0.5061421295181141
mu_mig_c59_ws0208_2205,68,12,113.7468532113296,19.39926404332138,19.39926404332138,482,2026-02-05 05:57:45,0.3357657710844855,0.027080413742588377,0.36281096913025734
mu_mig_c59_ws0208_2205,68,13,94.43311555893716,31.4256827706892,31.4256827706892,2465,2026-02-05 05:55:00,0.010084387398410284,0.36268811668427914,0.622169416674643
mu_mig_c59_ws0208_2205,68,14,60.30841949928747,54.35844117032999,54.35844117032999,571,2026-02-05 05:58:18,0.35932386676296013,0.06869582902235517,0.5434980989680951
mu_mig_c59_ws0208_2205,68,15,32.773883991068196,80.55518470842864,80.55518470842864,472,2026-02-05 05:47:57,0.7710984417470896,0.014658859923867633,0.463958602531022
mu_mig_c59_ws0208_2205,68,16,65.93877058331549,177.27180242024394,177.27180242024394,3764,2026-02-05 06:01:45,0.4126009995992281,0.4602746328442302,0.6668294576157128
mu_mig_c59_ws0208_2205,68,17,27.014778157823212,133.0321120046099,133.0321120046099,572,2026-02-05 05:57:23,0.9255237573265968,0.06627752745143549,0.7053104895890792
mu_mig_c59_ws0208_2205,68,18,42.99480537544993,154.3435428694222,154.3435428694222,3170,2026-02-05 06:09:13,0.42729297668330324,0.41177890502557374,0.6274484592014345
mu_mig_c59_ws0208_2205,68,19,17.87967468643978,103.03405036383519,103.03405036383519,2883,2026-02-05 06:10:51,0.31900679534425697,0.39370864455797344,0.4084215278879423
mu_mig_c59_ws0208_2205,68,20,34.83260460395555,80.49171137760159,80.49171137760159,793,2026-02-05 05:54:27,0.878621430800941,0.1415895486017603,0.3817393629993576
mu_mig_c59_ws0208_2205,68,21,10.992897297957084,120.76317760776803,120.76317760776803,1512,2026-02-05 06:02:51,0.7173544886151547,0.26335870625409347,0.47653716525768597
mu_mig_c59_ws0208_2205,68,22,59.89687353518739,53.97251416548241,53.97251416548241,731,2026-02-05 05:56:13,0.34951377169313236,0.12421876909622628,0.4931562007465199
mu_mig_c59_ws0208_2205,68,23,8.546405957681468,117.5660759470732,117.5660759470732,1225,2026-02-05 05:46:28,0.9607090300288897,0.23482155580555916,0.3990060448349256
mu_mig_c59_ws0208_2205,68,24,18.36030849366448,128.09136461159798,128.09136461159798,1188,2026-02-05 05:46:04,0.84876885144822,0.24033094075008737,0.507502250042241
mu_mig_c59_ws0208_2205,69,0,27.426914697161838,87.16301990184431,87.16301990184431,722,2026-02-05 07:10:23,0.8582437569542716,0.112513116588291,0.4485742605763412
mu_mig_c59_ws0208_2205,69,1,15.072628662061856,125.37900150125841,125.37900150125841,1354,2026-02-05 07:16:20,0.8350128696923551,0.24427915731360758,0.4562995045107334
mu_mig_c59_ws0208_2205,69,2,45.05808844915835,68.49214002504306,68.49214002504306,631,2026-02-05 07:11:53,0.4081239332705833,0.10234267060808808,0.5661943255185892
mu_mig_c59_ws0208_2205,69,3,15.48771249213937,119.89128949065686,119.89128949065686,3489,2026-02-05 07:15:42,0.3174302488263849,0.4419402839470402,0.5313159476778605
mu_mig_c59_ws0208_2205,69,4,93.03214319819197,25.22463177699325,25.22463177699325,521,2026-02-05 07:07:32,0.3849540813976078,0.04676498766990857,0.3439749808793616
mu_mig_c59_ws0208_2205,69,5,101.79143172983272,18.988058289275063,18.988058289275063,1200,2026-02-05 07:10:00,0.1414281991066813,0.22447819973550254,0.5138308698813783
mu_mig_c59_ws0208_2205,69,6,11.796344939850428,121.71044899575352,121.71044899575352,1596,2026-02-05 07:00:19,0.7358833478833271,0.28141767535553,0.4702994817159786
mu_mig_c59_ws0208_2205,69,7,46.6650575174372,71.05301341316871,71.05301341316871,2140,2026-02-05 07:04:13,0.16014823645474827,0.3331568077548896,0.6134742161599753
mu_mig_c59_ws0208_2205,69,8,34.59006074549585,88.93828408067834,88.93828408067834,3519,2026-02-05 07:09:32,0.29033264941065284,0.43695763918197084,0.3285587819709641
mu_mig_c59_ws0208_2205,69,9,117.41948337909866,18.49661573654241,18.49661573654241,491,2026-02-05 07:00:51,0.25803791487602296,0.028513236470065446,0.361589909694674
mu_mig_c59_ws0208_2205,69,10,61.09260189842047,60.483115598396736,60.483115598396736,2721,2026-02-05 07:21:34,0.22150003866963822,0.39091535922038817,0.28450895286255545
mu_mig_c59_ws0208_2205,69,11,48.97565571669306,65.11102778819476,65.11102778819476,768,2026-02-05 06:56:16,0.36250600105064457,0.12653983813224018,0.5031190501110734
mu_mig_c59_ws0208_2205,69,12,98.979980003841,18.939886979660884,18.939886979660884,483,2026-02-05 07:05:54,0.3176820491914687,0.02619286916683553,0.34599715837823636
mu_mig_c59_ws0208_2205,69,13,91.31042291529086,201.3765574489567,201.3765574489567,2477,2026-02-05 07:10:27,0.9788933062670498,0.371703556147796,0.628359408030312
mu_mig_c59_ws0208_2205,69,14,62.81633301223788,51.444376876990695,51.444376876990695,502,2026-02-05 07:08:42,0.3754772409109338,0.04758172715554296,0.5460122780260972
mu_mig_c59_ws0208_2205,69,15,38.96115551816491,74.61194272482318,74.61194272482318,464,2026-02-05 07:00:32,0.7427375846512768,0.004892269557438517,0.46551983086496407
mu_mig_c59_ws0208_2205,69,16,31.310557163592563,141.81706883195346,141.81706883195346,4019,2026-02-05 07:18:04,0.27868062546781225,0.4615718111457364,0.6292386496361075
mu_mig_c59_ws0208_2205,69,17,12.292804742693143,116.00503837638564,116.00503837638564,553,2026-02-05 07:09:21,0.9064070880879149,0.058199815625381325,0.6233052438555186
mu_mig_c59_ws0208_2205,69,18,45.43754714039278,156.4968897351792,156.4968897351792,2908,2026-02-05 07:21:53,0.4306836669114546,0.4076110435338825,0.6209824011072365
mu_mig_c59_ws0208_2205,69,19,24.256377261515215,96.36136031276989,96.36136031276989,2867,2026-02-05 07:19:19,0.34029486197897496,0.40542902767621564,0.410924757664883
mu_mig_c59_ws0208_2205,69,20,47.59846695577029,67.7064852174469,67.7064852174469,699,2026-02-05 07:10:14,0.8797688794964242,0.11249248970113981,0.3597027503293111
mu_mig_c59_ws0208_2205,69,21,9.937570690849974,117.30951329441177,117.30951329441177,1285,2026-02-05 06:56:40,0.728383286485028,0.2315814446644501,0.48387949547341924
mu_mig_c59_ws0208_2205,69,22,65.34024030962402,49.43679693412012,49.43679693412012,644,2026-02-05 07:11:21,0.3585255811671163,0.09920974883036313,0.47128178067057963
mu_mig_c59_ws0208_2205,69,23,10.87426395337569,119.70776966932443,119.70776966932443,1247,2026-02-05 07:03:38,0.9628818242930827,0.22985970981502798,0.40883297768339777
mu_mig_c59_ws0208_2205,69,24,24.059296593341948,134.38110975692834,134.38110975692834,1459,2026-02-05 07:16:08,0.8130384667198759,0.26360336966637554,0.4796217307230376
mu_mig_c59_ws0208_2205,70,0,33.8436387827388,80.02109719629574,80.02109719629574,619,2026-02-05 08:26:13,0.8595534336029698,0.08650131870283612,0.4206400672550354
mu_mig_c59_ws0208_2205,70,1,9.147253798927235,113.64604253485214,113.64604253485214,1359,2026-02-05 08:12:27,0.7786292783518506,0.23580149451256271,0.44738531097174794
mu_mig_c59_ws0208_2205,70,2,51.80420833781947,63.238529870889344,63.238529870889344,649,2026-02-05 08:20:45,0.4186389709223593,0.09629628049614702,0.5391703276365101
mu_mig_c59_ws0208_2205,70,3,12.600694731162404,113.36785390297723,113.36785390297723,3388,2026-02-05 08:35:42,0.29075900140576094,0.440410559838442,0.5127934550300723
mu_mig_c59_ws0208_2205,70,4,98.21047912357677,20.60691608346892,20.60691608346892,504,2026-02-05 08:09:16,0.29754612446375345,0.031589359741075976,0.3477976293399149
mu_mig_c59_ws0208_2205,70,5,98.24528526981997,27.393559958332695,27.393559958332695,1143,2026-02-05 08:18:49,0.13448007298757625,0.21037640180413356,0.5171053349011623
mu_mig_c59_ws0208_2205,70,6,10.459850102393489,119.77230047104621,119.77230047104621,1725,2026-02-05 08:26:23,0.7021482443372034,0.2936121683113347,0.4661338347295449
mu_mig_c59_ws0208_2205,70,7,59.24939859466042,59.38718394468273,59.38718394468273,2066,2026-02-05 08:16:17,0.12506811388264605,0.3437043209731046,0.5921474573533423
mu_mig_c59_ws0208_2205,70,8,28.53581250579782,91.9134104093258,91.9134104093258,3627,2026-02-05 08:22:01,0.2731610607334398,0.4473107785066269,0.3105161840714994
mu_mig_c59_ws0208_2205,70,9,123.51885654233917,23.17183726062982,23.17183726062982,503,2026-02-05 08:18:36,0.27602755095953174,0.03919592461231909,0.32510097141702765
mu_mig_c59_ws0208_2205,70,10,74.58036563437753,47.948221771653664,47.948221771653664,2402,2026-02-05 08:18:21,0.17696034349963918,0.36408063364606413,0.2640120779366902
mu_mig_c59_ws0208_2205,70,11,95.22789246049183,25.264986148602834,25.264986148602834,714,2026-02-05 08:20:35,0.2661190706374213,0.11122274919103045,0.4932694816154405
mu_mig_c59_ws0208_2205,70,12,119.97773370225266,19.5174383091438,19.5174383091438,484,2026-02-05 08:09:38,0.2797585464650685,0.025683860632255445,0.33733841072506815
mu_mig_c59_ws0208_2205,70,13,74.6914640869281,185.01418895612568,185.01418895612568,2086,2026-02-05 08:28:03,0.8927246905855037,0.33701144405625183,0.6274811526518718
mu_mig_c59_ws0208_2205,70,14,59.0921422599064,55.241027488700944,55.241027488700944,491,2026-02-05 08:19:30,0.3883999402293128,0.030690445662093186,0.5480236212724989
mu_mig_c59_ws0208_2205,70,15,85.03916618894556,196.96626909291774,196.96626909291774,4694,2026-02-05 08:38:55,0.7200488989746265,0.4970789972642952,0.46676881353211774
mu_mig_c59_ws0208_2205,70,16,13.614480977416376,115.90780382376825,115.90780382376825,3934,2026-02-05 08:25:17,0.17154432616267956,0.4626095537869414,0.5991660032524233
mu_mig_c59_ws0208_2205,70,17,20.83088658068263,92.53987113860873,92.53987113860873,535,2026-02-05 08:05:32,0.8822210680398034,0.06177227967542334,0.5100343971991572
mu_mig_c59_ws0208_2205,70,18,37.26356313384601,148.92242117585687,148.92242117585687,3211,2026-02-05 08:22:03,0.4132241039329015,0.4217361681444687,0.6172052642562861
mu_mig_c59_ws0208_2205,70,19,22.323359897676486,99.75578771313862,99.75578771313862,3235,2026-02-05 08:35:01,0.35033724325067095,0.4157207652781342,0.39548044700457713
mu_mig_c59_ws0208_2205,70,20,45.63653500379053,68.8678174785864,68.8678174785864,625,2026-02-05 08:17:58,0.8806868384528108,0.08921484258064342,0.3420734601932739
mu_mig_c59_ws0208_2205,70,21,6.782948923625937,111.0925682508575,111.0925682508575,1124,2026-02-05 08:22:42,0.7372063247809267,0.2061596353927354,0.4897533596460058
mu_mig_c59_ws0208_2205,70,22,75.02478365556466,40.620402865763054,40.620402865763054,618,2026-02-05 08:20:02,0.3657350287463035,0.0792025326176726,0.4537822446098274
mu_mig_c59_ws0208_2205,70,23,11.429033676751267,120.98370858838135,120.98370858838135,1213,2026-02-05 08:10:25,0.964620059704437,0.22589023302260305,0.41669452396217554
mu_mig_c59_ws0208_2205,70,24,16.49931071707367,127.54929307771506,127.54929307771506,1547,2026-02-05 08:14:25,0.7861591204426877,0.2750138803363594,0.4568526455309175
mu_mig_c59_ws0208_2205,71,0,43.929214060477754,70.47658402043946,70.47658402043946,562,2026-02-05 09:36:14,0.8640659295193379,0.06573897142243199,0.39381548862143556
mu_mig_c59_ws0208_2205,71,1,11.123300119295928,108.53303212556858,108.53303212556858,1340,2026-02-05 09:37:53,0.733522405279447,0.22901936427172684,0.4402539561405596
mu_mig_c59_ws0208_2205,71,2,53.814148482102574,60.05859893103969,60.05859893103969,634,2026-02-05 09:37:05,0.4169632154741451,0.07954193201751608,0.5182794387955945
mu_mig_c59_ws0208_2205,71,3,15.010347402918535,111.7157542128077,111.7157542128077,3455,2026-02-05 09:48:15,0.26942200346926176,0.43918678055156346,0.4979754609118418
mu_mig_c59_ws0208_2205,71,4,128.11955945429705,27.460334840708082,27.460334840708082,468,2026-02-05 09:28:44,0.2213241468195008,0.01746876954985787,0.3500807177421402
mu_mig_c59_ws0208_2205,71,5,104.00867320793743,25.70081213830346,25.70081213830346,998,2026-02-05 09:37:19,0.14431701062478394,0.18290704192397164,0.5182257548054059
mu_mig_c59_ws0208_2205,71,6,10.308960982534195,120.73831330818484,120.73831330818484,1739,2026-02-05 09:28:19,0.6751601615003043,0.3033677626759785,0.46280131714039796
mu_mig_c59_ws0208_2205,71,7,70.47949097532273,49.83485732265729,49.83485732265729,2192,2026-02-05 09:40:52,0.09700401582496426,0.3521423315476766,0.5750860503080358
mu_mig_c59_ws0208_2205,71,8,36.11118761265485,86.86676150501526,86.86676150501526,3766,2026-02-05 09:49:34,0.2594237897916694,0.4555932899663518,0.2960821057519276
mu_mig_c59_ws0208_2205,71,9,108.84369813823018,18.889817805392045,18.889817805392045,512,2026-02-05 09:34:23,0.2909259544732294,0.04547048247960268,0.2987825111632685
mu_mig_c59_ws0208_2205,71,10,38.19492691676766,78.0848511120781,78.0848511120781,2179,2026-02-05 09:39:38,0.14132858736363996,0.3426128531866049,0.747614577995998
mu_mig_c59_ws0208_2205,71,11,93.46114350885952,24.23805666660829,24.23805666660829,671,2026-02-05 09:36:21,0.1890095263068427,0.09896907803806268,0.4853898268189341
mu_mig_c59_ws0208_2205,71,12,140.38941671033166,33.117963013893494,33.117963013893494,488,2026-02-05 09:34:32,0.24941974428394828,0.02527665380459138,0.3304114126025336
mu_mig_c59_ws0208_2205,71,13,49.737081595894345,160.03055877445206,160.03055877445206,1634,2026-02-05 09:29:08,0.7940207193675025,0.28455287849095634,0.5938932054720791
mu_mig_c59_ws0208_2205,71,14,60.30802531096701,53.6485333629851,53.6485333629851,473,2026-02-05 09:34:54,0.39873809968401597,0.01717742046733337,0.5496326958696204
mu_mig_c59_ws0208_2205,71,15,69.32088443354375,181.1506304294306,181.1506304294306,3775,2026-02-05 09:51:51,0.6963526561791408,0.4513147100130636,0.4675486411899166
mu_mig_c59_ws0208_2205,71,16,29.05100036482361,91.086336899504,91.086336899504,3776,2026-02-05 09:38:08,0.13146560792683193,0.4582163754481912,0.5750062956506654
mu_mig_c59_ws0208_2205,71,17,41.60022254271024,73.1828597536969,73.1828597536969,565,2026-02-05 09:21:31,0.8620486108435969,0.06666583111095753,0.3968037535475674
mu_mig_c59_ws0208_2205,71,18,44.84589747299754,156.573998619619,156.573998619619,3605,2026-02-05 09:48:26,0.3827517260368373,0.4350621938877342,0.6129886441409316
mu_mig_c59_ws0208_2205,71,19,28.943198536210662,92.10316212378824,92.10316212378824,3175,2026-02-05 09:50:33,0.32866507777535636,0.4248043094868127,0.3580479370026086
mu_mig_c59_ws0208_2205,71,20,57.88550337931693,57.575903817246186,57.575903817246186,563,2026-02-05 09:34:59,0.88142120561792,0.07059272488424631,0.3279700280844441
mu_mig_c59_ws0208_2205,71,21,8.920580182799531,107.3719401862848,107.3719401862848,967,2026-02-05 09:34:11,0.7442647554176457,0.18582218797536365,0.4944524509840751
mu_mig_c59_ws0208_2205,71,22,85.72816808347936,31.620847620809116,31.620847620809116,572,2026-02-05 09:23:13,0.3322679566486382,0.06602248585946072,0.4399295824968267
mu_mig_c59_ws0208_2205,71,23,11.41733388362119,120.26146161401984,120.26146161401984,1217,2026-02-05 09:38:54,0.9497156136404976,0.2245964565256693,0.4242404572921666
mu_mig_c59_ws0208_2205,71,24,9.184522595923207,118.79742977926523,118.79742977926523,1479,2026-02-05 09:41:53,0.7640259324495688,0.26947022548908006,0.43583740899656
mu_mig_c59_ws0208_2205,72,0,50.498238904977825,64.1362193278007,64.1362193278007,541,2026-02-05 10:43:15,0.8676759262524325,0.049129093598108686,0.3723558257145556
mu_mig_c59_ws0208_2205,72,1,17.11263658208554,97.62934862357669,97.62934862357669,1230,2026-02-05 10:44:03,0.6974369068215241,0.22359366007905812,0.4345488722756089
mu_mig_c59_ws0208_2205,72,2,61.40956072304483,53.59417252248222,53.59417252248222,518,2026-02-05 10:42:52,0.4104979472716689,0.041741400281921685,0.5099848802365324
mu_mig_c59_ws0208_2205,72,3,22.426419393867338,100.2020562933886,100.2020562933886,3634,2026-02-05 11:06:28,0.21138912763653445,0.4423054824509971,0.49379003225254653
mu_mig_c59_ws0208_2205,72,4,121.49322398647098,18.34591138146704,18.34591138146704,466,2026-02-05 10:39:04,0.1603465647040987,0.006172297396883382,0.35190718846392044
mu_mig_c59_ws0208_2205,72,5,116.00768729436012,25.117796018562633,25.117796018562633,758,2026-02-05 10:41:56,0.15844742502357193,0.1313011251737803,0.5091471792495252
mu_mig_c59_ws0208_2205,72,6,9.584776794673589,116.01460721141343,116.01460721141343,1805,2026-02-05 10:50:07,0.6627540671916887,0.3064309574692804,0.4552278315777032
mu_mig_c59_ws0208_2205,72,7,68.84217477314516,50.995477843697806,50.995477843697806,2405,2026-02-05 10:59:31,0.07455273737881883,0.3588927400073342,0.5614369246717907
mu_mig_c59_ws0208_2205,72,8,33.92282556407641,90.87205315868553,90.87205315868553,3971,2026-02-05 11:00:38,0.2484339730382531,0.4622192991341317,0.28453484309627014
mu_mig_c59_ws0208_2205,72,9,109.15975394980981,14.364432901719365,14.364432901719365,527,2026-02-05 10:50:20,0.3028446772841875,0.050490128773429545,0.2777277429602611
mu_mig_c59_ws0208_2205,72,10,70.04115068570785,51.40573890943616,51.40573890943616,1933,2026-02-05 10:47:51,0.10502620900827021,0.32609887091217205,0.6766759715044788
mu_mig_c59_ws0208_2205,72,11,145.50312456243321,40.7345680835275,40.7345680835275,636,2026-02-05 10:44:12,0.12732189084237983,0.08916614111568846,0.47908610298172905
mu_mig_c59_ws0208_2205,72,12,130.43716399003793,27.569540856844927,27.569540856844927,476,2026-02-05 10:43:05,0.2242723061828928,0.022808076065518955,0.3297384928402325
mu_mig_c59_ws0208_2205,72,13,12.750392899064915,120.44535339795962,120.44535339795962,1136,2026-02-05 10:51:06,0.7144266555593537,0.21496486864054903,0.5334888898801939
mu_mig_c59_ws0208_2205,72,14,54.23003943461205,59.306689773206,59.306689773206,459,2026-02-05 10:48:28,0.4070086272477785,0.006367000311525515,0.5509199555473174
mu_mig_c59_ws0208_2205,72,15,44.484156584725206,156.28801681815528,156.28801681815528,2822,2026-02-05 11:01:57,0.6695057709053827,0.3907231235541174,0.4675711009635511
mu_mig_c59_ws0208_2205,72,16,38.73873454752062,84.21668434786795,84.21668434786795,4073,2026-02-05 10:56:02,0.09940263333815383,0.45470183277719106,0.555678529569259
mu_mig_c59_ws0208_2205,72,17,60.95789865659316,54.252418359238504,54.252418359238504,583,2026-02-05 10:42:55,0.8460717459032119,0.07046197459596593,0.3058977753543779
mu_mig_c59_ws0208_2205,72,18,35.46245569549237,147.4571894213139,147.4571894213139,3756,2026-02-05 11:06:06,0.315480214337994,0.44711535017630666,0.596503570687785
mu_mig_c59_ws0208_2205,72,19,20.513942675824786,102.71560103821622,102.71560103821622,3671,2026-02-05 10:57:34,0.2881784596042993,0.43842892247028326,0.32299179867120537
mu_mig_c59_ws0208_2205,72,20,60.18023817976963,55.08813034567737,55.08813034567737,548,2026-02-05 10:36:35,0.8820086993500075,0.05569503072712862,0.31668728239738025
mu_mig_c59_ws0208_2205,72,21,11.786812844199458,104.25090064197786,104.25090064197786,928,2026-02-05 10:46:22,0.7499114999270209,0.16955223004146625,0.49821172405453046
mu_mig_c59_ws0208_2205,72,22,84.27432612568164,30.46957228026191,30.46957228026191,534,2026-02-05 10:42:35,0.30549429897050595,0.05547844845289121,0.42884745280642605
mu_mig_c59_ws0208_2205,72,23,9.885890562501224,119.71992085887001,119.71992085887001,1256,2026-02-05 10:46:15,0.8916743122788137,0.23971651058033838,0.43079326340408214
mu_mig_c59_ws0208_2205,72,24,6.583204033100878,114.1196959685,114.1196959685,1411,2026-02-05 10:48:02,0.7431946155299539,0.249920212215182,0.4206606180274316
mu_mig_c59_ws0208_2205,73,0,60.31649849894232,55.995858588949055,55.995858588949055,507,2026-02-05 11:54:20,0.8724561075862463,0.03807613071787113,0.3385563527611846
mu_mig_c59_ws0208_2205,73,1,19.191722836669957,96.32263621665112,96.32263621665112,1223,2026-02-05 12:06:58,0.6685685080551859,0.21925309672492316,0.42998480518364834
mu_mig_c59_ws0208_2205,73,2,59.737987554458755,54.330062521299084,54.330062521299084,464,2026-02-05 12:01:00,0.4053257327096879,0.011500974893446168,0.5033492333892828
mu_mig_c59_ws0208_2205,73,3,37.438167996222546,85.3994224677479,85.3994224677479,3691,2026-02-05 12:14:44,0.12711394705487244,0.44846196506184044,0.49344289943254216
mu_mig_c59_ws0208_2205,73,4,40.94604387804092,84.00343953938443,84.00343953938443,4578,2026-02-05 12:14:56,0.11156449901177701,0.4971351196745038,0.3533683650413446
mu_mig_c59_ws0208_2205,73,5,113.3691706258542,23.055215175301026,23.055215175301026,650,2026-02-05 12:02:46,0.1697517565426023,0.09001639177362719,0.5018843188048208
mu_mig_c59_ws0208_2205,73,6,9.099695647355054,115.11307002893722,115.11307002893722,1794,2026-02-05 12:00:29,0.6726157661652522,0.3072783361155707,0.44054820615625734
mu_mig_c59_ws0208_2205,73,7,89.46810170635905,37.363072532559954,37.363072532559954,2398,2026-02-05 12:06:45,0.05659171462190249,0.36429306677506024,0.5505176241627945
mu_mig_c59_ws0208_2205,73,8,30.68726600280484,93.13533480104485,93.13533480104485,4096,2026-02-05 12:13:22,0.23964211963552004,0.46752010646835557,0.27529703297174424
mu_mig_c59_ws0208_2205,73,9,127.67437107595016,24.422159312790548,24.422159312790548,555,2026-02-05 11:58:38,0.312379655532954,0.05450584580849104,0.2608839283978552
mu_mig_c59_ws0208_2205,73,10,78.53378174590645,42.74025441488056,42.74025441488056,2001,2026-02-05 12:07:53,0.06941189577674889,0.3186777715066126,0.5802157339951189
mu_mig_c59_ws0208_2205,73,11,139.7792400466679,36.16410244009537,36.16410244009537,595,2026-02-05 11:56:04,0.08229386543044725,0.08280791136136641,0.4787896448673452
mu_mig_c59_ws0208_2205,73,12,140.13333723332212,33.831138250621756,33.831138250621756,473,2026-02-05 11:58:30,0.19137439799496056,0.01750085794773043,0.3355617690621856
mu_mig_c59_ws0208_2205,73,13,24.78797795656827,89.62515671995973,89.62515671995973,790,2026-02-05 11:55:17,0.6547927785350827,0.14625513120241507,0.4829426538359285
mu_mig_c59_ws0208_2205,73,14,59.27280236979116,171.18987644380462,171.18987644380462,4870,2026-02-05 12:17:21,0.4139338223559548,0.498448915890614,0.5433798490049871
mu_mig_c59_ws0208_2205,73,15,24.621999996286974,135.46796401776558,135.46796401776558,2190,2026-02-05 12:07:10,0.6472290690551111,0.34111547555300775,0.4675682554244773
mu_mig_c59_ws0208_2205,73,16,47.776223815012806,73.50626535066377,73.50626535066377,3760,2026-02-05 12:12:58,0.07375225366721135,0.4518901986403909,0.540216316704134
mu_mig_c59_ws0208_2205,73,17,23.918464105296767,130.30815134483018,130.30815134483018,579,2026-02-05 11:54:47,0.833290253950904,0.07349888938397264,0.7331729927998263
mu_mig_c59_ws0208_2205,73,18,15.473225218466045,123.92467682748851,123.92467682748851,3913,2026-02-05 12:19:24,0.23828036219510174,0.455617634641751,0.5626766431548382
mu_mig_c59_ws0208_2205,73,19,31.971138135540386,91.84513647141067,91.84513647141067,3765,2026-02-05 12:20:06,0.2453174824148668,0.4577324760146314,0.27961093601093334
mu_mig_c59_ws0208_2205,73,20,64.20052424117065,51.552693690624054,51.552693690624054,516,2026-02-05 11:56:16,0.8757372293801453,0.04571995923249027,0.30681654262325786
mu_mig_c59_ws0208_2205,73,21,16.84702162558124,99.03980180687313,99.03980180687313,877,2026-02-05 12:02:43,0.754428895534521,0.1565362636943483,0.5012191425108947
mu_mig_c59_ws0208_2205,73,22,97.15229028225042,23.425590732218765,23.425590732218765,523,2026-02-05 11:54:09,0.28407537282800016,0.04704321852763561,0.41998174905410557
mu_mig_c59_ws0208_2205,73,23,9.543755433086902,115.42598263636495,115.42598263636495,1324,2026-02-05 12:00:30,0.82554296837979,0.2521287760676452,0.4328788604389002
mu_mig_c59_ws0208_2205,73,24,14.673950400062035,101.71057332470964,101.71057332470964,1317,2026-02-05 12:06:57,0.7227174753871777,0.2323117190765066,0.41116850693682233
mu_mig_c59_ws0208_2205,74,0,65.99206417564979,49.542642359927484,49.542642359927484,485,2026-02-05 13:04:52,0.8763770121025496,0.03216147043731036,0.2997211623712782
mu_mig_c59_ws0208_2205,74,1,23.911129027407192,91.99975159574998,91.99975159574998,1186,2026-02-05 13:27:58,0.6454737890421152,0.21578064604161518,0.4263335515100799
mu_mig_c59_ws0208_2205,74,2,26.99096983915836,137.48398398116797,137.48398398116797,4405,2026-02-05 13:24:45,0.35540626190667174,0.48768438178743045,0.49647949328600716
mu_mig_c59_ws0208_2205,74,3,43.90735660466143,77.31450651347284,77.31450651347284,3906,2026-02-05 13:41:34,0.052110735249766255,0.4536156559947948,0.5034755269733724
mu_mig_c59_ws0208_2205,74,4,47.88083783694091,75.10185482118929,75.10185482118929,4283,2026-02-05 13:28:32,0.07253884645791966,0.4899053774966001,0.35453730630328395
mu_mig_c59_ws0208_2205,74,5,102.54322891272766,20.1300525859149,20.1300525859149,547,2026-02-05 13:05:04,0.1787952217578266,0.05698860505350472,0.49607403044905723
mu_mig_c59_ws0208_2205,74,6,7.3621083964444605,111.1253614748687,111.1253614748687,1686,2026-02-05 13:13:00,0.680505125344103,0.307956239032603,0.4288045058191007
mu_mig_c59_ws0208_2205,74,7,82.70480926038843,39.753111688005035,39.753111688005035,2518,2026-02-05 13:35:41,0.042222896416369414,0.3686133281892411,0.5417821837555976
mu_mig_c59_ws0208_2205,74,8,39.95409725980366,83.58425416274974,83.58425416274974,3958,2026-02-05 13:22:19,0.23392736663122138,0.4696465229314243,0.2693415381198934
mu_mig_c59_ws0208_2205,74,9,46.34804948529083,66.5693745167654,66.5693745167654,560,2026-02-05 13:06:42,0.3200076381319672,0.05771841943654024,0.7474088767479304
mu_mig_c59_ws0208_2205,74,10,102.68267789729414,27.94379993161795,27.94379993161795,2013,2026-02-05 13:19:38,0.03787780224958973,0.32247879839879906,0.5020823923790876
mu_mig_c59_ws0208_2205,74,11,163.34115067368398,54.31843894953155,54.31843894953155,596,2026-02-05 13:24:31,0.07944025008277202,0.07971517350185933,0.47932137689603516
mu_mig_c59_ws0208_2205,74,12,129.98987819291457,25.334621704035936,25.334621704035936,484,2026-02-05 13:07:20,0.19613122053099846,0.024102904257733395,0.3652089347086827
mu_mig_c59_ws0208_2205,74,13,55.44983622963728,61.57525088984442,61.57525088984442,618,2026-02-05 13:04:58,0.6070856769156658,0.0912873412519079,0.44250566500051614
mu_mig_c59_ws0208_2205,74,14,48.007228191302886,159.78899911040966,159.78899911040966,4469,2026-02-05 13:22:36,0.38596783706119936,0.487191299774922,0.5413940373970181
mu_mig_c59_ws0208_2205,74,15,11.050909494013586,120.63670042775655,120.63670042775655,1655,2026-02-05 13:30:57,0.6332691236194337,0.2907945021645237,0.4667804856345318
mu_mig_c59_ws0208_2205,74,16,60.24401192040971,62.336402397480214,62.336402397480214,3574,2026-02-05 13:27:18,0.05323194993045736,0.4496408913309508,0.5278465464120339
mu_mig_c59_ws0208_2205,74,17,10.799601696766366,110.82016369899237,110.82016369899237,645,2026-02-05 13:06:55,0.796129998710372,0.09811560844606312,0.6081729927998263
mu_mig_c59_ws0208_2205,74,18,25.842659585535774,97.02107111427881,97.02107111427881,3679,2026-02-05 13:26:27,0.17550530358344252,0.4617231928547181,0.5350515969365868
mu_mig_c59_ws0208_2205,74,19,42.00703703481375,153.09853858941443,153.09853858941443,4211,2026-02-05 13:42:02,0.21102870066332086,0.4731753188501099,0.7449062458827157
mu_mig_c59_ws0208_2205,74,20,68.10144938153257,48.44526995321191,48.44526995321191,498,2026-02-05 13:08:23,0.8707200534042555,0.037739902036779585,0.29891995080395994
mu_mig_c59_ws0208_2205,74,21,18.314170628758266,96.72168602526651,96.72168602526651,800,2026-02-05 13:02:55,0.7365139333217966,0.14516296150510277,0.5035775792853054
mu_mig_c59_ws0208_2205,74,22,95.46255859926826,23.525865273461683,23.525865273461683,510,2026-02-05 13:05:26,0.2669402319139955,0.040295034587431125,0.4128891860522492
mu_mig_c59_ws0208_2205,74,23,7.245844630062342,114.4233391544241,114.4233391544241,1444,2026-02-05 13:30:38,0.7610654029706936,0.25648815248205825,0.43303150059351164
mu_mig_c59_ws0208_2205,74,24,27.607740472581746,87.50578021840303,87.50578021840303,1127,2026-02-05 13:25:44,0.6883277640907289,0.21658199126646047,0.4073231713490508
mu_mig_c59_ws0208_2205,75,0,74.33207561938787,42.041671748868715,42.041671748868715,498,2026-02-05 14:30:23,0.8773838306136118,0.02819863343702773,0.26854124217990727
mu_mig_c59_ws0208_2205,75,1,29.76514993513644,84.71823233833898,84.71823233833898,1151,2026-02-05 14:38:34,0.6438163726792192,0.2133027816387434,0.42231711793746995
mu_mig_c59_ws0208_2205,75,2,25.92599835608077,136.40439166144006,136.40439166144006,4082,2026-02-05 14:50:36,0.3154706852642588,0.4686311073026179,0.4909837012033866
mu_mig_c59_ws0208_2205,75,3,102.69972932062683,214.04664309575085,214.04664309575085,3926,2026-02-05 14:56:47,0.9923859679910549,0.45687447767016104,0.5151833484087693
mu_mig_c59_ws0208_2205,75,4,54.89341784785388,69.86483535425596,69.86483535425596,4119,2026-02-05 14:58:52,0.04131832441483378,0.48412158375427716,0.35547245931283544
mu_mig_c59_ws0208_2205,75,5,111.5343212826522,21.758962501087776,21.758962501087776,486,2026-02-05 14:37:40,0.18602999393000605,0.03056637567740674,0.49142579976444634
mu_mig_c59_ws0208_2205,75,6,9.895844019197659,114.61637827668174,114.61637827668174,1861,2026-02-05 14:46:48,0.6868166126871836,0.30849856136622883,0.4194095455493754
mu_mig_c59_ws0208_2205,75,7,89.22395369061157,34.45886180319304,34.45886180319304,2340,2026-02-05 14:50:57,0.029515157035667632,0.3676291879988407,0.5293077302723634
mu_mig_c59_ws0208_2205,75,8,39.012375826176026,82.99341373538358,82.99341373538358,3881,2026-02-05 14:43:57,0.18517883925383002,0.47490055159874356,0.2794770681841909
mu_mig_c59_ws0208_2205,75,9,46.450629540342746,68.04879424270698,68.04879424270698,539,2026-02-05 14:36:28,0.29011830815299344,0.06001993169025035,0.7208357010038446
mu_mig_c59_ws0208_2205,75,10,106.6342413617494,23.16599746515686,23.16599746515686,1999,2026-02-05 14:45:12,0.012650527427862407,0.32551961991254824,0.43957571908626253
mu_mig_c59_ws0208_2205,75,11,128.1862290693834,20.89332043374253,20.89332043374253,566,2026-02-05 14:33:54,0.11588184015592125,0.07085483789454089,0.4817078463498451
mu_mig_c59_ws0208_2205,75,12,135.80467335420374,34.642242161271724,34.642242161271724,495,2026-02-05 14:26:42,0.21808849071069975,0.035249463938013564,0.39235368697904816
mu_mig_c59_ws0208_2205,75,13,66.22087444534775,49.391489652578294,49.391489652578294,518,2026-02-05 14:34:19,0.5689199956201324,0.047313109291502176,0.4101560739321863
mu_mig_c59_ws0208_2205,75,14,36.64015577081573,148.2052279901628,148.2052279901628,4073,2026-02-05 14:43:12,0.35647771649519083,0.47822160069143893,0.5295597370882456
mu_mig_c59_ws0208_2205,75,15,13.374626356633918,102.05287448413809,102.05287448413809,1468,2026-02-05 14:40:51,0.6379235197044614,0.25344006325673146,0.45590350715003825
mu_mig_c59_ws0208_2205,75,16,53.469241579709845,68.998104458713,68.998104458713,3801,2026-02-05 14:44:27,0.03681570694105417,0.4478414454833987,0.5179507301783538
mu_mig_c59_ws0208_2205,75,17,19.622609078869267,94.75971126774944,94.75971126774944,751,2026-02-05 14:31:49,0.7602681955153735,0.12657562596442476,0.4996224476275807
mu_mig_c59_ws0208_2205,75,18,33.941190443417035,87.73447532533318,87.73447532533318,4006,2026-02-05 14:52:59,0.0905198129164178,0.46628240116329733,0.5101192585498369
mu_mig_c59_ws0208_2205,75,19,21.89503377749069,131.36571220700156,131.36571220700156,4336,2026-02-05 14:51:44,0.17883331572656663,0.4812955242745296,0.6848928831117265
mu_mig_c59_ws0208_2205,75,20,71.49494236021324,45.224500697092004,45.224500697092004,494,2026-02-05 14:38:30,0.8667063126235437,0.031355856280211036,0.29260267734852163
mu_mig_c59_ws0208_2205,75,21,29.312150089454967,84.30234633297093,84.30234633297093,688,2026-02-05 14:40:48,0.6718259682718046,0.11563022265590306,0.4885223221518992
mu_mig_c59_ws0208_2205,75,22,109.38302315570682,18.176635089550686,18.176635089550686,505,2026-02-05 14:32:46,0.2532321191827918,0.034896487435267534,0.40721513565076406
mu_mig_c59_ws0208_2205,75,23,10.824042886419203,108.22892597743652,108.22892597743652,1412,2026-02-05 14:37:44,0.6993645778040881,0.25144293705156684,0.4239829571575159
mu_mig_c59_ws0208_2205,75,24,28.104422163101365,86.68818338235324,86.68818338235324,1129,2026-02-05 14:28:40,0.6608159950535699,0.20399820901842355,0.4042469028788337
mu_mig_c59_ws0208_2205,76,0,25.791233526305028,130.7879953598857,130.7879953598857,484,2026-02-05 16:03:35,0.8781892854224616,0.025028363836801626,0.7435973060268105
mu_mig_c59_ws0208_2205,76,1,26.670187729050294,87.69894410644679,87.69894410644679,1043,2026-02-05 15:56:21,0.6424904395889024,0.21132049011644596,0.41910397107938197
mu_mig_c59_ws0208_2205,76,2,16.18350987677011,111.22788984440848,111.22788984440848,3594,2026-02-05 15:56:43,0.28352222395032844,0.45338848771476786,0.4865870675372901
mu_mig_c59_ws0208_2205,76,3,81.77542544116704,193.09701503468267,193.09701503468267,3539,2026-02-05 16:11:15,0.8632500828079324,0.4421625383911716,0.496972849709174
mu_mig_c59_ws0208_2205,76,4,55.208744293770245,69.22635179033117,69.22635179033117,4199,2026-02-05 16:13:35,0.016341906780365074,0.4794945487604188,0.35622058172047666
mu_mig_c59_ws0208_2205,76,5,116.28508799745943,18.50416454561439,18.50416454561439,487,2026-02-05 15:41:44,0.18758730322418557,0.018291661442602136,0.48451504572198506
mu_mig_c59_ws0208_2205,76,6,11.416057406064802,106.01958855570024,106.01958855570024,1602,2026-02-05 15:47:43,0.6962518040027074,0.29521671856419635,0.41275015915035573
mu_mig_c59_ws0208_2205,76,7,86.2872625525122,36.08442434141317,36.08442434141317,2468,2026-02-05 16:06:44,0.019348965531106207,0.3668418758465204,0.5193281674857761
mu_mig_c59_ws0208_2205,76,8,45.21970631207449,78.49894062824353,78.49894062824353,4364,2026-02-05 16:00:55,0.09795442142489373,0.4799994643137212,0.29555451558057794
mu_mig_c59_ws0208_2205,76,9,59.93403026141552,53.72688857854384,53.72688857854384,542,2026-02-05 15:41:37,0.22785665163508273,0.05894599254373994,0.6980793239907097
mu_mig_c59_ws0208_2205,76,10,32.39263617491535,143.5576970302028,143.5576970302028,1918,2026-02-05 16:11:25,0.9924687075704806,0.3279522771235476,0.3895703804520025
mu_mig_c59_ws0208_2205,76,11,149.93281399151695,41.43069401856052,41.43069401856052,548,2026-02-05 16:00:35,0.14503511221444063,0.06376656940868614,0.483617021912893
mu_mig_c59_ws0208_2205,76,12,110.08151289474176,15.127579729447547,15.127579729447547,511,2026-02-05 16:02:44,0.24811134063336276,0.044040165396429735,0.416499762906831
mu_mig_c59_ws0208_2205,76,13,75.05182971585153,40.0068130755622,40.0068130755622,477,2026-02-05 15:54:48,0.5383874505837056,0.012133723723177593,0.38427640107752237
mu_mig_c59_ws0208_2205,76,14,19.941821258652002,129.78528061951275,129.78528061951275,4057,2026-02-05 16:18:34,0.33084124735590237,0.46970152365358175,0.5048611599707651
mu_mig_c59_ws0208_2205,76,15,16.105846596345913,98.81225354384878,98.81225354384878,1160,2026-02-05 15:57:14,0.6416470365724836,0.22355651213049768,0.44720192436244344
mu_mig_c59_ws0208_2205,76,16,68.00100036591714,54.27926840535495,54.27926840535495,3592,2026-02-05 16:18:57,0.023682712549531616,0.44640188880535703,0.5100340771914098
mu_mig_c59_ws0208_2205,76,17,38.139173114447004,75.92805172045497,75.92805172045497,847,2026-02-05 15:41:00,0.7155752669838489,0.14879962535354221,0.4108202881941212
mu_mig_c59_ws0208_2205,76,18,61.99430579932625,61.86813789314338,61.86813789314338,4170,2026-02-05 15:59:48,0.003308871280390452,0.46376678205169153,0.49093440014537393
mu_mig_c59_ws0208_2205,76,19,17.653487800510565,124.42290894329155,124.42290894329155,4323,2026-02-05 15:59:14,0.15307700777716324,0.48779168861406536,0.6368821928949351
mu_mig_c59_ws0208_2205,76,20,76.11853821434211,40.66750214827351,40.66750214827351,478,2026-02-05 15:40:18,0.8646888154892984,0.025938774726675037,0.2832381758137074
mu_mig_c59_ws0208_2205,76,21,43.92537208814144,70.7111898964441,70.7111898964441,633,2026-02-05 16:02:54,0.6200755962318111,0.09200403157654329,0.47647811644517424
mu_mig_c59_ws0208_2205,76,22,98.6425362637194,20.046688986659706,20.046688986659706,507,2026-02-05 15:55:03,0.24226562899782883,0.030577649713536662,0.40267589532957604
mu_mig_c59_ws0208_2205,76,23,17.883001279284624,97.83731980041631,97.83731980041631,1423,2026-02-05 16:08:02,0.6489121820752124,0.24756702408279707,0.42146808216210463
mu_mig_c59_ws0208_2205,76,24,31.389921576351533,83.04900870188611,83.04900870188611,1078,2026-02-05 15:44:21,0.6336964990803823,0.19477169125698143,0.4084945680027465
mu_mig_c59_ws0208_2205,77,0,18.632695020301096,122.47386103211004,122.47386103211004,487,2026-02-05 17:22:57,0.8656454553878516,0.03486958341360583,0.691851685968101
mu_mig_c59_ws0208_2205,77,1,25.095869766347718,89.33153931819096,89.33153931819096,1122,2026-02-05 17:26:06,0.6391142822197508,0.204251052131352,0.4159850834516531
mu_mig_c59_ws0208_2205,77,2,16.257377121949112,118.3541064961352,118.3541064961352,3615,2026-02-05 17:22:15,0.25796345489918415,0.44119439204448785,0.4830697606044129
mu_mig_c59_ws0208_2205,77,3,52.91184544482998,164.42713270176333,164.42713270176333,2680,2026-02-05 17:19:15,0.7794879488430383,0.39330676489083083,0.45109078107832495
mu_mig_c59_ws0208_2205,77,4,75.64394768868928,187.54998211744086,187.54998211744086,4164,2026-02-05 17:40:43,0.9963607726727901,0.47579292076533214,0.3568190796465896
mu_mig_c59_ws0208_2205,77,5,112.01019537983767,17.81432882503376,17.81432882503376,464,2026-02-05 17:06:50,0.1888331506595292,0.008471890054758452,0.47898644248801603
mu_mig_c59_ws0208_2205,77,6,13.861744354238827,103.99246874937778,103.99246874937778,1489,2026-02-05 17:06:18,0.6926285477140669,0.2769283579831654,0.40996290223204934
mu_mig_c59_ws0208_2205,77,7,91.56226828986176,33.48151707120995,33.48151707120995,2485,2026-02-05 17:34:20,0.011216012327457066,0.36621202612466414,0.5113445172565062
mu_mig_c59_ws0208_2205,77,8,50.462048988974594,73.25155638804472,73.25155638804472,4427,2026-02-05 17:29:25,0.027969956663306705,0.4839275451289335,0.31204046003229263
mu_mig_c59_ws0208_2205,77,9,77.37605404169508,37.380223122268276,37.380223122268276,535,2026-02-05 17:01:00,0.17161730225403676,0.05244348067109006,0.6733866899735164
mu_mig_c59_ws0208_2205,77,10,14.806465690610715,124.12377703977627,124.12377703977627,1950,2026-02-05 17:17:14,0.9143028810126524,0.31811963670350557,0.3550824702693659
mu_mig_c59_ws0208_2205,77,11,116.26106194404953,15.650201828505212,15.650201828505212,511,2026-02-05 17:04:53,0.17362363505789438,0.04676226885769604,0.48535219692202447
mu_mig_c59_ws0208_2205,77,12,93.78440257117697,26.561751589767738,26.561751589767738,504,2026-02-05 17:07:59,0.2721296205714932,0.05107272656316267,0.43581662364905727
mu_mig_c59_ws0208_2205,77,13,31.025197121675955,140.07046985556644,140.07046985556644,4389,2026-02-05 17:41:23,0.5139614145545642,0.48399021526851793,0.3635726627937913
mu_mig_c59_ws0208_2205,77,14,23.928840550271232,134.26841555388916,134.26841555388916,4022,2026-02-05 17:16:07,0.2990010285430844,0.46276708207580197,0.48250387749814727
mu_mig_c59_ws0208_2205,77,15,23.874354185556317,90.23385167293962,90.23385167293962,1037,2026-02-05 17:25:40,0.644818676510807,0.19923920618609756,0.43932250746744156
mu_mig_c59_ws0208_2205,77,16,70.1548775163482,53.42009431017532,53.42009431017532,3719,2026-02-05 17:26:07,0.013176317036313572,0.4452502434629237,0.5037007548018545
mu_mig_c59_ws0208_2205,77,17,51.36121809384345,64.9360447213608,64.9360447213608,905,2026-02-05 17:09:22,0.6798209241586292,0.16657882486483616,0.33977856064735357
mu_mig_c59_ws0208_2205,77,18,95.85824309810913,207.42535291639058,207.42535291639058,4075,2026-02-05 17:18:06,0.9342208658667018,0.45744317190859274,0.4825157957918286
mu_mig_c59_ws0208_2205,77,19,17.031193471237252,111.73336344486162,111.73336344486162,4430,2026-02-05 17:40:27,0.1309780124412046,0.4921628878917642,0.556265875324665
mu_mig_c59_ws0208_2205,77,20,73.94477281528523,42.01049530035785,42.01049530035785,475,2026-02-05 17:05:31,0.8630748177819022,0.021605109483846238,0.27574657458585605
mu_mig_c59_ws0208_2205,77,21,54.71651288272786,59.91397510718393,59.91397510718393,589,2026-02-05 17:08:23,0.5786752985998163,0.07310307871305546,0.4668427518797943
mu_mig_c59_ws0208_2205,77,22,111.25793080949221,13.633250238770813,13.633250238770813,497,2026-02-05 17:08:18,0.23433302947284568,0.03131883028960811,0.4038539017566758
mu_mig_c59_ws0208_2205,77,23,28.792315881984845,87.81132542943163,87.81132542943163,1434,2026-02-05 17:28:19,0.6085502654921118,0.24446629370778125,0.4194561821657756
mu_mig_c59_ws0208_2205,77,24,37.39504145604751,77.3638719297153,77.3638719297153,1010,2026-02-05 17:03:51,0.6120009023018322,0.18739047704782774,0.41189270010187684
mu_mig_c59_ws0208_2205,78,0,16.367469018245043,99.07230697989637,99.07230697989637,542,2026-02-05 18:24:01,0.7639594008497459,0.053794758610323706,0.5771974893457581
mu_mig_c59_ws0208_2205,78,1,33.37402923508354,80.8711219310368,80.8711219310368,1047,2026-02-05 18:41:01,0.6272617534323508,0.19534226730274404,0.41246526588802634
mu_mig_c59_ws0208_2205,78,2,14.248049559494751,109.31763968208934,109.31763968208934,3397,2026-02-05 18:55:37,0.23751643965826874,0.4314391155082638,0.48025591505811116
mu_mig_c59_ws0208_2205,78,3,26.260063610896374,137.48084205713647,137.48084205713647,2288,2026-02-05 18:41:40,0.7124782416711231,0.35422214609055824,0.4143851261736457
mu_mig_c59_ws0208_2205,78,4,79.87286409005691,191.821977178148,191.821977178148,4307,2026-02-05 18:57:44,0.9803758653867302,0.4728316183692628,0.3572978779874799
mu_mig_c59_ws0208_2205,78,5,101.00509622455593,19.379396913996224,19.379396913996224,470,2026-02-05 18:37:35,0.18817959244446003,0.003560947160578384,0.476856584782308
mu_mig_c59_ws0208_2205,78,6,24.610508243180245,90.48709915009826,90.48709915009826,1274,2026-02-05 18:36:22,0.6836877834556735,0.24963835676621987,0.4111258129301948
mu_mig_c59_ws0208_2205,78,7,93.92338474520805,31.895688278681117,31.895688278681117,2534,2026-02-05 18:51:49,0.004709649764537752,0.36570814634717913,0.5049575970730903
mu_mig_c59_ws0208_2205,78,8,76.34839462809455,188.40981495994905,188.40981495994905,4721,2026-02-05 18:58:40,0.967097951354236,0.48637983948933666,0.33903806504398437
mu_mig_c59_ws0208_2205,78,9,112.60726057482076,16.66577729310819,16.66577729310819,519,2026-02-05 18:38:26,0.12709616065064883,0.04607190929340014,0.5890639987245198
mu_mig_c59_ws0208_2205,78,10,14.819688109926076,103.16293872511586,103.16293872511586,1732,2026-02-05 18:42:51,0.7944281625231047,0.2983517165334111,0.3396281051009884
mu_mig_c59_ws0208_2205,78,11,112.96292408815223,22.255909809487537,22.255909809487537,502,2026-02-05 18:37:36,0.1964944533326574,0.033158828416903964,0.4867403369293296
mu_mig_c59_ws0208_2205,78,12,88.21323815589857,29.720520548697174,29.720520548697174,539,2026-02-05 18:38:03,0.29027690819261337,0.054074906507753734,0.4493481785927824
mu_mig_c59_ws0208_2205,78,13,21.290338423603977,130.04770346117155,130.04770346117155,3852,2026-02-05 18:40:16,0.4391927998236341,0.4554519210470562,0.36587551734657775
mu_mig_c59_ws0208_2205,78,14,17.275096732297552,106.46787659751404,106.46787659751404,3626,2026-02-05 18:38:21,0.2720466745506443,0.45439585533145455,0.46464067083276595
mu_mig_c59_ws0208_2205,78,15,35.34982976226398,79.79095327127901,79.79095327127901,954,2026-02-05 18:33:22,0.6462800886323428,0.18171189523744724,0.42900929692364786
mu_mig_c59_ws0208_2205,78,16,73.95133872641532,48.74755562172855,48.74755562172855,3266,2026-02-05 18:52:53,0.004164280524493424,0.4177004095272558,0.4994228267567846
mu_mig_c59_ws0208_2205,78,17,58.54354455197049,57.84771855759799,57.84771855759799,981,2026-02-05 18:34:54,0.6512174498984533,0.18080218447387134,0.28294517860993945
mu_mig_c59_ws0208_2205,78,18,74.19479427033545,185.73902832442718,185.73902832442718,3392,2026-02-05 18:55:25,0.8662055125462979,0.43460519699670846,0.4646591286958518
mu_mig_c59_ws0208_2205,78,19,43.159418545865186,79.00589455214502,79.00589455214502,4159,2026-02-05 18:40:58,0.06975559074875182,0.4880465137037607,0.47970509978973175
mu_mig_c59_ws0208_2205,78,20,74.00481105972487,42.195678180806695,42.195678180806695,480,2026-02-05 18:31:35,0.8617836196159853,0.0181381772895832,0.269753293603575
mu_mig_c59_ws0208_2205,78,21,56.43855425320527,57.750964871124516,57.750964871124516,543,2026-02-05 18:38:59,0.5455550604942204,0.05798231642226521,0.45913446022749027
mu_mig_c59_ws0208_2205,78,22,118.80957006493131,19.51803403977348,19.51803403977348,494,2026-02-05 18:25:09,0.22798694985285917,0.03191177475046526,0.4047963068983556
mu_mig_c59_ws0208_2205,78,23,29.849114912975534,86.51496011412142,86.51496011412142,1353,2026-02-05 18:42:21,0.5762607322256313,0.2419857094077686,0.41784666216871247
mu_mig_c59_ws0208_2205,78,24,42.476166840054724,71.91797312380648,71.91797312380648,1004,2026-02-05 18:33:22,0.5946444248789922,0.18148550568050478,0.41461120578118116
mu_mig_c59_ws0208_2205,79,0,128.62319730623102,240.38970747675077,240.38970747675077,6000,2026-02-08 23:51:28,0.7639594008497459,0.6417510942429853,0.5771974893457581
mu_mig_c59_ws0208_2205,79,1,94.61483732284661,206.6701030181378,206.6701030181378,6000,2026-02-08 23:34:06,0.6272617534323508,0.675770720742581,0.4124652658880263
mu_mig_c59_ws0208_2205,79,2,49.67452800705746,160.4457526953445,160.4457526953445,6000,2026-02-08 23:25:25,0.2375164396582687,0.6003180973564789,0.4802559150581111
mu_mig_c59_ws0208_2205,79,3,100.61493534296217,212.64193212167478,212.64193212167478,6000,2026-02-08 23:52:53,0.7124782416711231,0.6672279644127072,0.4143851261736457
mu_mig_c59_ws0208_2205,79,4,95.5967904628099,207.68465941799198,207.68465941799198,6000,2026-02-08 23:42:29,0.9803758653867302,0.549855839285442,0.3572978779874799
mu_mig_c59_ws0208_2205,79,5,27.759602412469427,133.41361310314042,133.41361310314042,6000,2026-02-08 23:21:07,0.18817959244446,0.552816869851827,0.476856584782308
mu_mig_c59_ws0208_2205,79,6,94.36538609292236,206.46921211434392,206.46921211434392,6000,2026-02-08 23:35:16,0.6836877834556735,0.675706683867082,0.4111258129301948
mu_mig_c59_ws0208_2205,79,7,53.38417372147611,70.89871453883771,70.89871453883771,4712,2026-02-08 23:35:46,0.0047096497645377,0.501940587385949,0.5049575970730903
mu_mig_c59_ws0208_2205,79,8,103.03753322572346,215.09338238570265,215.09338238570265,6000,2026-02-08 23:28:26,0.967097951354236,0.5920337101635722,0.3390380650439843
mu_mig_c59_ws0208_2205,79,9,24.97165339434697,130.62985132520515,130.62985132520515,6000,2026-02-08 23:24:19,0.1270961606506488,0.5610107447743793,0.5890639987245198
mu_mig_c59_ws0208_2205,79,10,94.3700290537277,206.44191415119815,206.44191415119815,6000,2026-02-08 23:51:10,0.7944281625231047,0.6337263523313348,0.3396281051009884
mu_mig_c59_ws0208_2205,79,11,46.123931928465154,156.28533699740518,156.28533699740518,6000,2026-02-08 23:35:22,0.1964944533326574,0.6485622365781286,0.4867403369293296
mu_mig_c59_ws0208_2205,79,12,64.38478660173176,176.10945684398177,176.10945684398177,6000,2026-02-08 23:54:07,0.2902769081926133,0.658215257573297,0.4493481785927824
mu_mig_c59_ws0208_2205,79,13,60.72636087286194,172.20764796221488,172.20764796221488,6000,2026-02-08 23:48:30,0.4391927998236341,0.5903860173284362,0.3658755173465777
mu_mig_c59_ws0208_2205,79,14,56.43656550125596,167.71277544347268,167.71277544347268,6000,2026-02-08 23:52:00,0.2720466745506443,0.6328323022097486,0.4646406708327659
mu_mig_c59_ws0208_2205,79,15,89.83221698325343,201.84510469979645,201.84510469979645,6000,2026-02-08 23:45:31,0.6462800886323428,0.5737519677317943,0.4290092969236478
mu_mig_c59_ws0208_2205,79,16,26.25632561935587,120.11028681624364,120.11028681624364,6000,2026-02-08 23:33:19,0.0041642805244934,0.6784523680354112,0.4994228267567846
mu_mig_c59_ws0208_2205,79,17,71.7251379523927,183.23561675600334,183.23561675600334,6000,2026-02-08 23:51:46,0.6512174498984533,0.6498208395668712,0.2829451786099394
mu_mig_c59_ws0208_2205,79,18,99.71509786582043,211.66812679918723,211.66812679918723,5149,2026-02-08 23:37:11,0.8662055125462979,0.5189662971858934,0.4646591286958518
mu_mig_c59_ws0208_2205,79,19,33.32034880963989,138.61273737292552,138.61273737292552,6000,2026-02-08 23:54:29,0.0697555907487518,0.6605000560557122,0.4797050997897317
mu_mig_c59_ws0208_2205,79,20,86.34643421257927,198.18796725739116,198.18796725739116,6000,2026-02-08 23:33:35,0.8617836196159853,0.6949121225982907,0.269753293603575
mu_mig_c59_ws0208_2205,79,21,80.51682548852368,192.6993497606188,192.6993497606188,6000,2026-02-08 23:20:17,0.5455550604942204,0.5525990214012045,0.4591344602274902
mu_mig_c59_ws0208_2205,79,22,45.41682274553568,155.95842708180737,155.95842708180737,6000,2026-02-09 00:19:06,0.2279869498528591,0.6259776556271548,0.4047963068983556
mu_mig_c59_ws0208_2205,79,23,79.50494280831978,191.56474963552824,191.56474963552824,6000,2026-02-09 00:14:54,0.5762607322256313,0.5676800341416754,0.4178466621687124
mu_mig_c59_ws0208_2205,79,24,80.80954666885542,192.79255822977692,192.79255822977692,6000,2026-02-09 00:16:44,0.5946444248789922,0.5650765409225044,0.4146112057811811
mu_mig_c59_ws0208_2205,80,0,125.2136803823955,236.89420868880703,236.89420868880703,6000,2026-02-09 02:01:43,0.7125588501288399,0.6049288445686772,0.5984606245991275
mu_mig_c59_ws0208_2205,80,1,124.81602706878007,236.70709800911877,236.70709800911877,6000,2026-02-09 01:47:09,0.8202588577120264,0.6608890681862005,0.5374652658880263
mu_mig_c59_ws0208_2205,80,2,26.49223435469964,129.64438950120586,129.64438950120586,6000,2026-02-09 01:51:50,0.2048314703906026,0.5757335600810873,0.38362085894338144
mu_mig_c59_ws0208_2205,80,3,81.81755814975344,193.73302461916265,193.73302461916265,6000,2026-02-09 01:51:00,0.48124712437178685,0.6731221538044597,0.36927860551953956
mu_mig_c59_ws0208_2205,80,4,25.461342568825692,127.85786352684117,127.85786352684117,6000,2026-02-09 01:34:03,0.23037586538673027,0.545054282684694,0.34006215918168836
mu_mig_c59_ws0208_2205,80,5,27.387763201398617,133.06665371286422,133.06665371286422,6000,2026-02-09 01:38:49,0.21071256984349537,0.5539361953597337,0.37967231886250397
mu_mig_c59_ws0208_2205,80,6,103.07099673132274,215.20016465952207,215.20016465952207,6000,2026-02-09 01:58:33,0.7306901453848611,0.6808049076620363,0.4118585000757824
mu_mig_c59_ws0208_2205,80,7,115.68297284535447,227.74127692257233,227.74127692257233,6000,2026-02-09 01:50:34,0.7547096497645377,0.6821690902841134,0.4712482072984201
mu_mig_c59_ws0208_2205,80,8,22.552210916862265,119.4679207641896,119.4679207641896,5984,2026-02-09 01:50:14,0.21709795135423615,0.544632526016596,0.35847283611484143
mu_mig_c59_ws0208_2205,80,9,134.19724704112414,245.80612683140166,245.80612683140166,6000,2026-02-09 01:54:40,0.8770961606506488,0.610193032648185,0.5718626404762424
mu_mig_c59_ws0208_2205,80,10,110.7547858474835,222.8114527744523,222.8114527744523,6000,2026-02-09 01:45:07,0.9732176762382222,0.6148691046797343,0.37936912553233776
mu_mig_c59_ws0208_2205,80,11,91.19192079660887,203.38386364968122,203.38386364968122,6000,2026-02-09 02:00:49,0.39617457775762616,0.6857996383742092,0.569451510963868
mu_mig_c59_ws0208_2205,80,12,66.64520659150102,178.50199898166545,178.50199898166545,6000,2026-02-09 01:50:27,0.2945940981449905,0.6874364706745214,0.4480972162205561
mu_mig_c59_ws0208_2205,80,13,31.900319662739737,136.73455373270212,136.73455373270212,6000,2026-02-09 01:55:16,0.18919279982363407,0.5999638083769504,0.3269534657301793
mu_mig_c59_ws0208_2205,80,14,44.706862342562765,154.49095416777553,154.49095416777553,6000,2026-02-09 02:00:06,0.1930400566089599,0.6828323022097487,0.41653498078989054
mu_mig_c59_ws0208_2205,80,15,90.8155034958827,202.95056135194915,202.95056135194915,6000,2026-02-09 01:40:15,0.5598854214906933,0.5628805710899697,0.5083505638973731
mu_mig_c59_ws0208_2205,80,16,47.31742640757894,157.4325980481073,157.4325980481073,6000,2026-02-09 02:01:59,0.12698739604888332,0.6875362762649131,0.574687336244045
mu_mig_c59_ws0208_2205,80,17,52.53646897635288,162.7396575910432,162.7396575910432,6000,2026-02-09 01:59:13,0.4012174498984533,0.6414648628534051,0.28287329851060145
mu_mig_c59_ws0208_2205,80,18,107.54484264071566,219.64086729294308,219.64086729294308,6000,2026-02-09 02:00:56,0.6162055125462979,0.6689662971858934,0.5284627155657226
mu_mig_c59_ws0208_2205,80,19,110.29559951145438,222.41167842255334,222.41167842255334,6000,2026-02-09 01:43:51,0.9395501712479213,0.6452152646727684,0.368099255119498
mu_mig_c59_ws0208_2205,80,20,95.36866060788483,207.4394604312878,207.4394604312878,6000,2026-02-09 01:49:23,0.8051100198291454,0.6987175210975651,0.3303889121590989
mu_mig_c59_ws0208_2205,80,21,63.04668753210643,175.26779853564935,175.26779853564935,5507,2026-02-09 01:43:52,0.42953829439441576,0.5384339922503112,0.5139530772161813
mu_mig_c59_ws0208_2205,80,22,80.1643074757698,192.14036763709234,192.14036763709234,6000,2026-02-09 02:33:07,0.4779869498528591,0.6287210884652945,0.43822119594268
mu_mig_c59_ws0208_2205,80,23,107.23221659770424,219.33842385224293,219.33842385224293,6000,2026-02-09 02:34:36,0.6429777491291999,0.6056118755324226,0.5176299288813737
mu_mig_c59_ws0208_2205,80,24,44.81774874652366,154.8406217017497,154.8406217017497,6000,2026-02-09 02:34:55,0.3681438294467824,0.5621794847778673,0.344402519802794
mu_mig_c59_ws0208_2205,81,0,120.18677247998932,231.82869350971072,231.82869350971072,6000,2026-02-09 04:05:54,0.6714384095521151,0.5754710448292307,0.6154711328018231
mu_mig_c59_ws0208_2205,81,1,150.92890228367298,261.90317262118344,261.90317262118344,6000,2026-02-09 03:58:50,0.9629784853717382,0.6572109528238419,0.6134775589872681
mu_mig_c59_ws0208_2205,81,2,24.471343893958604,115.18191845428275,115.18191845428275,6000,2026-02-09 03:53:27,0.1786834949764697,0.5560659302607741,0.3063128140515977
mu_mig_c59_ws0208_2205,81,3,42.97527469350815,151.59559279998314,151.59559279998314,6000,2026-02-09 04:13:33,0.2729135789011212,0.6677595181929995,0.2986572374209327
mu_mig_c59_ws0208_2205,81,4,37.18658741658679,146.54835641745214,146.54835641745214,5663,2026-02-09 04:01:29,0.42771778768009305,0.5411639579301425,0.32869239292308206
mu_mig_c59_ws0208_2205,81,5,27.646863356189296,131.04547511126043,131.04547511126043,6000,2026-02-09 03:51:49,0.22903287958527477,0.5546829847696829,0.2988796297315484
mu_mig_c59_ws0208_2205,81,6,110.34771473902269,222.43765940110885,222.43765940110885,6000,2026-02-09 04:01:32,0.7682920349282112,0.6848834866979997,0.4124446497922525
mu_mig_c59_ws0208_2205,81,7,86.40272483177142,198.37559122103048,198.37559122103048,6000,2026-02-09 04:14:27,0.5523699320258133,0.6659236129659772,0.4208644694596679
mu_mig_c59_ws0208_2205,81,8,32.275052072243575,142.48995571868772,142.48995571868772,4763,2026-02-09 03:58:27,0.41709795135423616,0.506711578699015,0.3740206529715271
mu_mig_c59_ws0208_2205,81,9,118.80563577788823,230.76628401867833,230.76628401867833,6000,2026-02-09 03:59:31,0.6558996321229982,0.6489531332773079,0.5653925330141256
mu_mig_c59_ws0208_2205,81,10,25.388953183869745,126.67228287249888,126.67228287249888,6000,2026-02-09 04:10:50,0.11467189773949604,0.6036542938028071,0.4092010178331352
mu_mig_c59_ws0208_2205,81,11,94.93999381942302,206.5388676165564,206.5388676165564,5046,2026-02-09 04:02:30,0.5559186772976012,0.5155895598110738,0.6356204501914988
mu_mig_c59_ws0208_2205,81,12,25.99296222471518,135.7193874468603,135.7193874468603,4997,2026-02-09 03:59:40,0.29781970340581726,0.5093655637212104,0.43859506438449275
mu_mig_c59_ws0208_2205,81,13,99.61135467196074,211.67348303363838,211.67348303363838,6000,2026-02-09 03:52:59,0.9952296743789639,0.6056260364129238,0.3164650339945817
mu_mig_c59_ws0208_2205,81,14,23.155144549438464,113.3584612775937,113.3584612775937,5487,2026-02-09 03:44:04,0.12983476225561236,0.5228323022097486,0.37805042875559025
mu_mig_c59_ws0208_2205,81,15,80.30125747900591,192.4134543412946,192.4134543412946,5656,2026-02-09 03:59:55,0.48150015592575,0.5473167346677033,0.5733844180584247
mu_mig_c59_ws0208_2205,81,16,78.82959068864041,191.08110293974465,191.08110293974465,6000,2026-02-09 03:59:38,0.22524588846839527,0.6948034028485145,0.6348989438338533
mu_mig_c59_ws0208_2205,81,17,34.93977076693835,141.7024623603514,141.7024623603514,6000,2026-02-09 04:14:22,0.2012174498984533,0.6347800814826322,0.2828157944311311
mu_mig_c59_ws0208_2205,81,18,91.1929263821043,203.40449865240953,203.40449865240953,6000,2026-02-09 04:14:06,0.41620551254629784,0.6289662971858934,0.5795055850616191
mu_mig_c59_ws0208_2205,81,19,82.91513994577156,194.77809378387593,194.77809378387593,6000,2026-02-09 04:08:07,0.8353858356472569,0.6329874315664133,0.278814579383311
mu_mig_c59_ws0208_2205,81,20,67.90734007850304,179.9289915653428,179.9289915653428,4671,2026-02-09 03:43:33,0.7597711399996735,0.5017618398969849,0.37889740700351804
mu_mig_c59_ws0208_2205,81,21,61.20464685313239,173.32863704703433,173.32863704703433,5646,2026-02-09 03:51:55,0.336724881514572,0.5271019689295965,0.5578079708071342
mu_mig_c59_ws0208_2205,81,22,107.47844954002194,219.58550586887907,219.58550586887907,6000,2026-02-09 04:44:36,0.6779869498528591,0.6309158347358061,0.46496110717813954
mu_mig_c59_ws0208_2205,81,23,124.89679760910498,236.72643472154274,236.72643472154274,6000,2026-02-09 04:41:29,0.6963513626520548,0.6359573486450202,0.5974565422515028
mu_mig_c59_ws0208_2205,81,24,23.68900429762156,115.64088601117086,115.64088601117086,6000,2026-02-09 04:43:41,0.14378412433413976,0.5586947843855741,0.2867882653868425
mu_mig_c59_ws0208_2205,82,0,100.97178417363608,212.8932888265873,212.8932888265873,5704,2026-02-09 05:59:20,0.597075600822461,0.5433045169920409,0.6145114297183056
mu_mig_c59_ws0208_2205,82,1,155.38185912745928,266.19223025264154,266.19223025264154,6000,2026-02-09 06:09:56,0.9733218482522856,0.6481770249357354,0.6686295705377162
mu_mig_c59_ws0208_2205,82,2,37.12837957183699,148.07450356829202,148.07450356829202,6000,2026-02-09 05:55:50,0.1577651146451634,0.5403318264045236,0.7444663781381706
mu_mig_c59_ws0208_2205,82,3,46.939805050742336,157.8229350863807,157.8229350863807,6000,2026-02-09 06:08:02,0.09843218385408226,0.6557861228148227,0.7421089649242876
mu_mig_c59_ws0208_2205,82,4,50.34804106244151,161.48232258070098,161.48232258070098,5562,2026-02-09 05:58:52,0.5837418348327063,0.5377898811033203,0.3247084803384993
mu_mig_c59_ws0208_2205,82,5,71.66231229452698,183.64774591465562,183.64774591465562,6000,2026-02-09 06:08:21,0.23491751249211762,0.5554689815826446,0.7370615356456811
mu_mig_c59_ws0208_2205,82,6,104.77271872272745,216.87639636851907,216.87639636851907,6000,2026-02-09 06:21:39,0.7569435604873097,0.687186206604043,0.4144455197895153
mu_mig_c59_ws0208_2205,82,7,63.88567466027408,175.24315690406922,175.24315690406922,6000,2026-02-09 06:08:28,0.39049815783483377,0.6529272311114682,0.3805574791886661
mu_mig_c59_ws0208_2205,82,8,92.7287878229235,204.8618074368611,204.8618074368611,6000,2026-02-09 06:23:04,0.5741533520872655,0.676993976100392,0.40872321557528835
mu_mig_c59_ws0208_2205,82,9,99.6609976176462,211.7038464030402,211.7038464030402,6000,2026-02-09 06:21:41,0.4789424093008777,0.6799612137806061,0.5602164470444324
mu_mig_c59_ws0208_2205,82,10,39.06666584554628,148.3759833267088,148.3759833267088,6000,2026-02-09 06:16:26,0.2278352749405152,0.5946824451012653,0.4330665316737733
mu_mig_c59_ws0208_2205,82,11,118.31851781519761,229.79815459824644,229.79815459824644,5772,2026-02-09 05:53:50,0.6625694801826654,0.5402326162349838,0.6834625862917908
mu_mig_c59_ws0208_2205,82,12,36.26115296098812,145.4943689086377,145.4943689086377,5738,2026-02-09 06:11:02,0.3004001876144787,0.5269088381585616,0.43099334291564206
mu_mig_c59_ws0208_2205,82,13,83.57230467791041,195.4854600796982,195.4854600796982,6000,2026-02-09 06:17:00,0.7786161703619527,0.6103652437646558,0.3065168477215824
mu_mig_c59_ws0208_2205,82,14,27.380122766310926,108.81293133287332,108.81293133287332,6000,2026-02-09 06:03:40,0.07927052677293434,0.5548323022097487,0.34726278712815006
mu_mig_c59_ws0208_2205,82,15,75.72897884131378,187.86026663709865,187.86026663709865,5564,2026-02-09 06:07:33,0.3994844176990269,0.5345696779694104,0.6201058874327241
mu_mig_c59_ws0208_2205,82,16,62.047288370874156,173.48088795429965,173.48088795429965,4657,2026-02-09 05:53:53,0.3038526824040048,0.5006171041153957,0.6830682299056999
mu_mig_c59_ws0208_2205,82,17,26.333781241966506,124.1728693573432,124.1728693573432,6000,2026-02-09 06:08:35,0.04121744989845327,0.6294322563860139,0.28276979116755474
mu_mig_c59_ws0208_2205,82,18,71.53303200454422,183.816759279414,183.816759279414,6000,2026-02-09 06:16:00,0.2562055125462978,0.5969662971858933,0.6203398806583365
mu_mig_c59_ws0208_2205,82,19,140.8354663380413,252.0189932134867,252.0189932134867,6000,2026-02-09 06:14:41,0.7520543671667254,0.6232051650813293,0.7073868387943614
mu_mig_c59_ws0208_2205,82,20,74.27270957986698,186.19887172650533,186.19887172650533,4985,2026-02-09 06:03:43,0.6863277584282086,0.5047151390384382,0.4176261025558849
mu_mig_c59_ws0208_2205,82,21,43.14319073604885,154.5283529081026,154.5283529081026,5271,2026-02-09 06:05:21,0.26247415121069706,0.5180363502730247,0.5928918856798966
mu_mig_c59_ws0208_2205,82,22,122.29802250954567,234.28649471444254,234.28649471444254,6000,2026-02-09 06:53:02,0.8379869498528592,0.6326716317522155,0.48635303616650716
mu_mig_c59_ws0208_2205,82,23,132.1197873348884,243.71709631500119,243.71709631500119,6000,2026-02-09 06:52:58,0.7388006357525285,0.6639772161783802,0.6496943564963966
mu_mig_c59_ws0208_2205,82,24,157.17471535672928,267.281152518325,267.281152518325,6000,2026-02-09 06:50:24,0.9745452224796822,0.5553178932161219,0.7464123023807012
mu_mig_c59_ws0208_2205,83,0,89.70308682064402,201.6591534032433,201.6591534032433,5156,2026-02-09 08:21:01,0.5375853538387378,0.5175712947222889,0.6137436672514918
mu_mig_c59_ws0208_2205,83,1,156.21353237272416,266.8651998673263,266.8651998673263,6000,2026-02-09 08:31:14,0.911275629348896,0.6450975933186355,0.7076716425970904
mu_mig_c59_ws0208_2205,83,2,24.052210069025453,133.35512803671352,133.35512803671352,5390,2026-02-09 08:14:53,0.14103041038011835,0.5277445433195231,0.6949892294074291
mu_mig_c59_ws0208_2205,83,3,158.10604380791094,268.6809717307675,268.6809717307675,6000,2026-02-09 08:18:02,0.9588470678164511,0.6462074065122813,0.6968703469269716
mu_mig_c59_ws0208_2205,83,4,65.00593855295101,176.87156002622027,176.87156002622027,5670,2026-02-09 08:07:54,0.7085610725547968,0.5350906196418626,0.32152135027083306
mu_mig_c59_ws0208_2205,83,5,59.284580780898416,171.20199877751352,171.20199877751352,6000,2026-02-09 08:12:37,0.21376052119526723,0.5502112002806431,0.6886030108526149
mu_mig_c59_ws0208_2205,83,6,103.44894401689194,215.57269814212012,215.57269814212012,6000,2026-02-09 08:33:41,0.693370758993499,0.6852404169174998,0.41441990700413023
mu_mig_c59_ws0208_2205,83,7,44.047533360417795,153.29288142466098,153.29288142466098,6000,2026-02-09 08:22:13,0.26100073848205013,0.642530125627861,0.34831188697186466
mu_mig_c59_ws0208_2205,83,8,103.81227411056864,215.9350163955264,215.9350163955264,6000,2026-02-09 08:24:58,0.699797672673689,0.6532198940214937,0.4364852656582973
mu_mig_c59_ws0208_2205,83,9,47.29295601278232,159.23119786722916,159.23119786722916,5023,2026-02-09 08:21:15,0.33866725037473877,0.5047518765679763,0.5044009624743131
mu_mig_c59_ws0208_2205,83,10,46.80608532468252,157.23466149620458,157.23466149620458,6000,2026-02-09 08:12:53,0.3080805925464827,0.5815201477520805,0.42159365760061623
mu_mig_c59_ws0208_2205,83,11,135.88184987707473,247.1018807257444,247.1018807257444,6000,2026-02-09 08:10:31,0.7467567850903329,0.5605410463922502,0.7165175694277057
mu_mig_c59_ws0208_2205,83,12,29.143006835063282,134.3972440922409,134.3972440922409,6000,2026-02-09 08:09:12,0.2339161375349298,0.5507466923818349,0.40194311227494617
mu_mig_c59_ws0208_2205,83,13,72.51757101611732,184.228382382448,184.228382382448,6000,2026-02-09 08:14:47,0.6053253671483438,0.6141566096460415,0.29855829870318285
mu_mig_c59_ws0208_2205,83,14,26.957200605005664,111.39991323406264,111.39991323406264,6000,2026-02-09 08:13:37,0.038819138386791914,0.5804323022097486,0.32263267382619787
mu_mig_c59_ws0208_2205,83,15,54.68548174730424,166.8905307119268,166.8905307119268,5420,2026-02-09 08:12:59,0.2942494768145527,0.5213405964316076,0.6474778076891563
mu_mig_c59_ws0208_2205,83,16,75.50268533691866,187.50209159469222,187.50209159469222,4939,2026-02-09 08:13:24,0.3643871095014777,0.511897545161978,0.6966909416165299
mu_mig_c59_ws0208_2205,83,17,86.55538053103514,198.4615669242735,198.4615669242735,6000,2026-02-09 08:27:52,0.9132174498984532,0.6251539963087193,0.2827329885566937
mu_mig_c59_ws0208_2205,83,18,26.535795081090953,134.10586666158628,134.10586666158628,5995,2026-02-09 08:07:22,0.125866614258663,0.5553880689852735,0.6851790118126122
mu_mig_c59_ws0208_2205,83,19,131.40958996150917,242.93982745919044,242.93982745919044,6000,2026-02-09 08:21:09,0.684470758418747,0.63036689482397,0.6393300831392006
mu_mig_c59_ws0208_2205,83,20,71.93021822007556,183.98182649762597,183.98182649762597,5253,2026-02-09 08:01:14,0.6230133006540082,0.5190975739810524,0.4286642327264428
mu_mig_c59_ws0208_2205,83,21,30.177181444008358,140.1650691728293,140.1650691728293,5023,2026-02-09 08:17:37,0.20307356696759707,0.5107838553477674,0.6209590175781065
mu_mig_c59_ws0208_2205,83,22,131.12526926461257,242.94100141235097,242.94100141235097,6000,2026-02-09 09:01:04,0.9406543694738998,0.6431055145901409,0.49573699486629424
mu_mig_c59_ws0208_2205,83,23,145.39159493323587,256.64429034070963,256.64429034070963,6000,2026-02-09 09:06:35,0.7727600542329075,0.6863931102050682,0.6914846078923118
mu_mig_c59_ws0208_2205,83,24,128.28879467368773,239.61643107284735,239.61643107284735,6000,2026-02-09 08:58:31,0.7405865517548635,0.5514936137609997,0.6976150377440853
mu_mig_c59_ws0208_2205,84,0,107.98679018298928,219.99946266540593,219.99946266540593,6000,2026-02-09 10:44:10,0.46879061258280486,0.6960086739909321,0.6462322981718762
mu_mig_c59_ws0208_2205,84,1,154.56726910138795,265.1645687864899,265.1645687864899,6000,2026-02-09 10:44:23,0.8616386542261845,0.6426340480249556,0.7389053002445896
mu_mig_c59_ws0208_2205,84,2,22.07252401539452,128.7400868522312,128.7400868522312,5429,2026-02-09 10:16:14,0.1276426469680823,0.5176747168515228,0.6554075104228358
mu_mig_c59_ws0208_2205,84,3,147.38799495619992,258.43788126617994,258.43788126617994,6000,2026-02-09 10:43:25,0.838371576253321,0.6384240416771353,0.6646792756919242
mu_mig_c59_ws0208_2205,84,4,70.826091776737,182.77751801371895,182.77751801371895,5540,2026-02-09 10:33:50,0.8084164627324693,0.5329312104726963,0.31897164621670004
mu_mig_c59_ws0208_2205,84,5,43.556550867140956,154.84044113860924,154.84044113860924,6000,2026-02-09 10:25:03,0.1855225850040908,0.5469752068401631,0.6493694990831577
mu_mig_c59_ws0208_2205,84,6,99.98161140023863,212.09194348186136,212.09194348186136,6000,2026-02-09 10:45:46,0.6425125177984504,0.6836837851682653,0.41439941677582215
mu_mig_c59_ws0208_2205,84,7,32.71883996377131,138.37165000188477,138.37165000188477,6000,2026-02-09 10:44:18,0.15740280299982323,0.6342124412409753,0.3225154131984236
mu_mig_c59_ws0208_2205,84,8,113.87061626408457,225.9480176192488,225.9480176192488,6000,2026-02-09 10:42:29,0.799010238962905,0.645399275934799,0.4585003679361411
mu_mig_c59_ws0208_2205,84,9,26.818544979339098,135.04546605994355,135.04546605994355,5462,2026-02-09 10:33:21,0.22353848566959542,0.5252186469564972,0.4904301264246429
mu_mig_c59_ws0208_2205,84,10,44.62268215205819,154.50716009903508,154.50716009903508,6000,2026-02-09 10:26:42,0.35329450025245185,0.5668085437893937,0.40875617260940955
mu_mig_c59_ws0208_2205,84,11,146.5007711648247,257.2474378597211,257.2474378597211,6000,2026-02-09 10:34:53,0.8120311085505109,0.5755287009439815,0.7392536393490219
mu_mig_c59_ws0208_2205,84,12,27.455459347259747,131.3461283287821,131.3461283287821,6000,2026-02-09 10:21:53,0.18072889747129067,0.5698169757604535,0.3787029277623894
mu_mig_c59_ws0208_2205,84,13,46.5924541437417,156.52343275472475,156.52343275472475,6000,2026-02-09 10:39:31,0.4666927245774567,0.61718970235115,0.29219145948846326
mu_mig_c59_ws0208_2205,84,14,27.8455380602075,109.35863479208078,109.35863479208078,6000,2026-02-09 10:38:11,0.006458027677877974,0.6009123022097487,0.3029285831846361
mu_mig_c59_ws0208_2205,84,15,35.94629499739209,147.89073448748212,147.89073448748212,5089,2026-02-09 10:20:47,0.1931554010261283,0.508036078885013,0.6598898211681328
mu_mig_c59_ws0208_2205,84,16,82.15391368867499,194.00839908690304,194.00839908690304,5558,2026-02-09 10:16:21,0.39953436376734774,0.5229861967178462,0.697319662011805
mu_mig_c59_ws0208_2205,84,17,82.94328779482115,194.80148295956678,194.80148295956678,6000,2026-02-09 10:30:57,0.7626529865016966,0.6211054863760408,0.28536147774244847
mu_mig_c59_ws0208_2205,84,18,33.010016885577535,93.05376056875468,93.05376056875468,5362,2026-02-09 10:34:46,0.021595495628555145,0.5221254864247777,0.7370503167360329
mu_mig_c59_ws0208_2205,84,19,115.99600797387914,227.89462394478733,227.89462394478733,6000,2026-02-09 10:31:53,0.6304038714203644,0.6360962786180826,0.5848846786150719
mu_mig_c59_ws0208_2205,84,20,65.3076735033065,177.36817033971045,177.36817033971045,5345,2026-02-09 10:15:35,0.598707550686416,0.5320465197050225,0.3953342707304619
mu_mig_c59_ws0208_2205,84,21,17.203052414060366,119.80203625277873,119.80203625277873,4808,2026-02-09 10:13:38,0.15555309957311708,0.5049818594075615,0.6434127230966744
mu_mig_c59_ws0208_2205,84,22,131.8369944673651,243.60225335835935,243.60225335835935,6000,2026-02-09 11:12:58,0.9927634330988756,0.654293386202726,0.49242242498090394
mu_mig_c59_ws0208_2205,84,23,124.46788786759842,234.90572220771196,234.90572220771196,4811,2026-02-09 11:03:20,0.7999275890172107,0.5043258254264187,0.7249168090090439
mu_mig_c59_ws0208_2205,84,24,105.0259700941633,216.98179619625796,216.98179619625796,6000,2026-02-09 11:07:47,0.5534196151750086,0.548434190196902,0.6585772260347926
mu_mig_c59_ws0208_2205,85,0,103.98581488035423,216.09030149766204,216.09030149766204,6000,2026-02-09 12:39:35,0.41375481957805843,0.6787585774058467,0.6722232029081837
mu_mig_c59_ws0208_2205,85,1,151.7600120572663,262.55033865710965,262.55033865710965,6000,2026-02-09 12:38:52,0.8213882938418153,0.639811243969732,0.7484612364023646
mu_mig_c59_ws0208_2205,85,2,19.182056251163814,122.39769201638498,122.39769201638498,4704,2026-02-09 12:19:27,0.12670745107878484,0.507816679527336,0.6237172132396425
mu_mig_c59_ws0208_2205,85,3,132.36721430938607,243.93049358865736,243.93049358865736,6000,2026-02-09 12:45:58,0.741991183002817,0.6321973498090185,0.6389264187038863
mu_mig_c59_ws0208_2205,85,4,83.02698559998652,195.1473352677823,195.1473352677823,5642,2026-02-09 12:28:36,0.8663634707336559,0.5309998339304015,0.33900138702518035
mu_mig_c59_ws0208_2205,85,5,27.556658902609964,136.31228606878915,136.31228606878915,5545,2026-02-09 12:27:44,0.15057637094572274,0.5354942481999414,0.6191488560387098
mu_mig_c59_ws0208_2205,85,6,93.24980805362516,205.33907139992817,205.33907139992817,6000,2026-02-09 12:53:12,0.6018259248424116,0.6824384797688777,0.41438302459317566
mu_mig_c59_ws0208_2205,85,7,25.548806065488623,120.76306842827145,120.76306842827145,6000,2026-02-09 12:47:16,0.05648950020449059,0.6203460964650893,0.29643836704540666
mu_mig_c59_ws0208_2205,85,8,121.00918522991836,233.0009241582363,233.0009241582363,6000,2026-02-09 12:46:50,0.8783802919942778,0.6391427814654431,0.47611244975841605
mu_mig_c59_ws0208_2205,85,9,22.525901588817796,118.80568959471633,118.80568959471633,5829,2026-02-09 12:40:49,0.13143547390548072,0.5415920632673141,0.4792534575849067
mu_mig_c59_ws0208_2205,85,10,45.7887710501618,156.60956243325418,156.60956243325418,6000,2026-02-09 12:29:23,0.3744560042041774,0.5560959147176742,0.38715197512943483
mu_mig_c59_ws0208_2205,85,11,143.71436159919713,254.77052867465449,254.77052867465449,6000,2026-02-09 12:45:29,0.8203269586466192,0.5860807799929322,0.7271217980531801
mu_mig_c59_ws0208_2205,85,12,23.80913570506473,125.15663757733314,125.15663757733314,6000,2026-02-09 12:43:46,0.13817910542037937,0.5850732024633485,0.360110780152344
mu_mig_c59_ws0208_2205,85,13,46.39829792715596,155.77140503872585,155.77140503872585,6000,2026-02-09 12:48:40,0.355786610520747,0.6196161765152368,0.28709798811668763
mu_mig_c59_ws0208_2205,85,14,90.57007807695541,202.57038632932682,202.57038632932682,6000,2026-02-09 12:48:54,0.9805691391107468,0.6172963022097486,0.28716531067138673
mu_mig_c59_ws0208_2205,85,15,52.76655342111509,164.33312950456818,164.33312950456818,6000,2026-02-09 12:42:56,0.10656640176659062,0.6968546339468515,0.6642891711805561
mu_mig_c59_ws0208_2205,85,16,88.89568940348215,200.62047160542497,200.62047160542497,5526,2026-02-09 12:22:11,0.4276521671800438,0.5318571179625406,0.697822638328025
mu_mig_c59_ws0208_2205,85,17,68.23405167426353,179.9539985468125,179.9539985468125,6000,2026-02-09 12:45:01,0.5987959945611301,0.616982905907219,0.29019013999325316
mu_mig_c59_ws0208_2205,85,18,93.327466123457,205.2298563558891,205.2298563558891,6000,2026-02-09 12:43:23,0.9381786007244689,0.6955154203763809,0.2785473606747695
mu_mig_c59_ws0208_2205,85,19,106.7620146988093,218.86867222952273,218.86867222952273,6000,2026-02-09 12:36:11,0.5871503618216583,0.6406797856533726,0.541328354995769
mu_mig_c59_ws0208_2205,85,20,76.50429955663421,188.60532344886374,188.60532344886374,6000,2026-02-09 12:39:55,0.5792629507123422,0.5424056762841984,0.36867030113367727
mu_mig_c59_ws0208_2205,85,21,15.640935187576707,112.61669718047783,112.61669718047783,4669,2026-02-09 12:33:24,0.11753672565753308,0.5003402626553967,0.6613756875115286
mu_mig_c59_ws0208_2205,85,22,133.84321241344165,245.61017107337472,245.61017107337472,6000,2026-02-09 13:20:54,0.9975419371977632,0.6599276460188748,0.4797094997265826
mu_mig_c59_ws0208_2205,85,23,128.8706184612805,239.66035901182389,239.66035901182389,5171,2026-02-09 13:13:26,0.7675487629313045,0.524347130512492,0.7414117278372652
mu_mig_c59_ws0208_2205,85,24,79.85952699840175,191.96807980774528,191.96807980774528,5880,2026-02-09 13:16:54,0.38212908726089334,0.5441449342855522,0.636123351789919
mu_mig_c59_ws0208_2205,86,0,83.46308746398957,195.71249267883778,195.71249267883778,6000,2026-02-09 15:02:12,0.2571276580272931,0.6698460930930947,0.6923585870953199
mu_mig_c59_ws0208_2205,86,1,147.50206561501176,258.3500813302709,258.3500813302709,6000,2026-02-09 14:53:51,0.7681789883245094,0.6352035664652174,0.7408954240214851
mu_mig_c59_ws0208_2205,86,2,42.926089291931056,153.18544834957348,153.18544834957348,6000,2026-02-09 15:04:10,0.12550873231841417,0.6981683045680214,0.5985641352132515
mu_mig_c59_ws0208_2205,86,3,124.77058355426911,236.54231151555194,236.54231151555194,6000,2026-02-09 14:53:00,0.6648868684024136,0.6272159963145251,0.6183241331134559
mu_mig_c59_ws0208_2205,86,4,87.0373603613918,199.09536889905783,199.09536889905783,5468,2026-02-09 14:44:54,0.8862505893688731,0.5333711341501892,0.3602173364743772
mu_mig_c59_ws0208_2205,86,5,20.816870383629606,120.46887591390656,120.46887591390656,5554,2026-02-09 14:50:39,0.12027375453345654,0.5217589969254689,0.5960491364952302
mu_mig_c59_ws0208_2205,86,6,91.84948229524606,203.94685110290493,203.94685110290493,5999,2026-02-09 14:46:39,0.5692766504775805,0.6814422354493677,0.41436991084705854
mu_mig_c59_ws0208_2205,86,7,89.53856423286571,201.47856062618573,201.47856062618573,6000,2026-02-09 14:56:59,0.9757588579682245,0.6092530206443807,0.2755767301229931
mu_mig_c59_ws0208_2205,86,8,129.0013044810526,240.87468409514972,240.87468409514972,6000,2026-02-09 14:40:59,0.9418763344193761,0.6341375858899585,0.4902021152162361
mu_mig_c59_ws0208_2205,86,9,24.63596366991296,111.52342940249942,111.52342940249942,6000,2026-02-09 14:39:46,0.05775306449418896,0.5546907963159675,0.47031212251311766
mu_mig_c59_ws0208_2205,86,10,44.75488852969472,155.14358743628142,155.14358743628142,5932,2026-02-09 14:33:58,0.3913852073655579,0.5475258114602984,0.3698686171454551
mu_mig_c59_ws0208_2205,86,11,146.45991713869338,257.3162934105731,257.3162934105731,6000,2026-02-09 14:43:08,0.8269636387235059,0.5945224432320929,0.7174163250165067
mu_mig_c59_ws0208_2205,86,12,25.007344411999576,123.7828166823115,123.7828166823115,6000,2026-02-09 14:46:01,0.09611649321655574,0.6023392529064897,0.32424158949423154
mu_mig_c59_ws0208_2205,86,13,36.205969966227414,143.67262897498927,143.67262897498927,6000,2026-02-09 14:45:45,0.26706171927537925,0.6215573558465064,0.2830232110192671
mu_mig_c59_ws0208_2205,86,14,84.13127190374996,196.02544115237774,196.02544115237774,6000,2026-02-09 14:48:19,0.8346187120123122,0.6302800449192469,0.2752384514554342
mu_mig_c59_ws0208_2205,86,15,32.638778508828416,137.55152947565037,137.55152947565037,6000,2026-02-09 15:04:04,0.03729520235896047,0.6879094779963223,0.6678086511904948
mu_mig_c59_ws0208_2205,86,16,92.11016991832383,204.13740930381366,204.13740930381366,5835,2026-02-09 14:35:57,0.4438370027106166,0.5400246519632089,0.6963540668064927
mu_mig_c59_ws0208_2205,86,17,49.90739932976953,160.1633676286593,160.1633676286593,6000,2026-02-09 14:55:03,0.3839311428333934,0.6144452683729652,0.2936840040531477
mu_mig_c59_ws0208_2205,86,18,90.85551266297618,202.82694572215883,202.82694572215883,6000,2026-02-09 15:00:35,0.8864201870904784,0.647262839253606,0.31453544504422526
mu_mig_c59_ws0208_2205,86,19,95.70061203322155,207.84098938788298,207.84098938788298,6000,2026-02-09 14:44:45,0.5525475541426933,0.6443465912816047,0.5064832961003267
mu_mig_c59_ws0208_2205,86,20,53.390035197814306,164.56352865062266,164.56352865062266,6000,2026-02-09 14:47:00,0.4942111907285278,0.5544737019834027,0.34935095781252246
mu_mig_c59_ws0208_2205,86,21,44.72945157542799,155.0935754296259,155.0935754296259,6000,2026-02-09 14:58:56,0.08712362652506588,0.6966269852536648,0.6757460590434121
mu_mig_c59_ws0208_2205,86,22,127.75645646774664,239.6224492771161,239.6224492771161,6000,2026-02-09 15:32:34,0.9570711721032984,0.6573233802202803,0.46854161093972735
mu_mig_c59_ws0208_2205,86,23,55.54949682541845,166.38995294158707,166.38995294158707,5968,2026-02-09 15:31:33,0.7416457020625795,0.5403641745813506,0.25460766289984205
mu_mig_c59_ws0208_2205,86,24,53.54531812272991,165.73752207014954,165.73752207014954,5859,2026-02-09 15:33:28,0.24509666492960114,0.5407135295564724,0.61816025239402
mu_mig_c59_ws0208_2205,87,0,55.91312968454881,167.69203880144346,167.69203880144346,6000,2026-02-09 17:04:18,0.12667137289030492,0.6717441674899796,0.7071288325877356
mu_mig_c59_ws0208_2205,87,1,142.7885715055413,253.8830382239324,253.8830382239324,6000,2026-02-09 16:56:28,0.73991575444498,0.6252964531388617,0.7267546209928244
mu_mig_c59_ws0208_2205,87,2,47.92188720713325,158.78854880067425,158.78854880067425,6000,2026-02-09 17:00:24,0.12454975731011764,0.6904496046005696,0.5784416727921387
mu_mig_c59_ws0208_2205,87,3,105.2672840946532,217.28407525441392,217.28407525441392,6000,2026-02-09 17:12:17,0.5747035748945708,0.6297571063027909,0.5704057786120943
mu_mig_c59_ws0208_2205,87,4,91.62694466213932,203.6866261448123,203.6866261448123,5734,2026-02-09 16:45:38,0.886535351991438,0.5354514177535042,0.373248120915453
mu_mig_c59_ws0208_2205,87,5,19.657278120625755,108.85484350773156,108.85484350773156,5104,2026-02-09 16:45:58,0.09603166140364358,0.5107707959058909,0.5775693608604464
mu_mig_c59_ws0208_2205,87,6,89.66781038422516,201.6471341438761,201.6471341438761,6000,2026-02-09 17:11:29,0.5432372309857156,0.6806452399937596,0.4143594198501648
mu_mig_c59_ws0208_2205,87,7,82.39098588546764,194.23945060167134,194.23945060167134,6000,2026-02-09 17:12:32,0.8983975879619357,0.6010174236326213,0.258780626486843
mu_mig_c59_ws0208_2205,87,8,132.86797190711977,244.57650892690913,244.57650892690913,6000,2026-02-09 17:05:58,0.9927929952009684,0.6327377116808469,0.49816090430135024
mu_mig_c59_ws0208_2205,87,9,121.12366519832415,232.98873483070528,232.98873483070528,6000,2026-02-09 16:59:41,0.9988071369651556,0.5651697827548903,0.4631590544556865
mu_mig_c59_ws0208_2205,87,10,35.81481250464759,145.4185303074544,145.4185303074544,5578,2026-02-09 16:46:45,0.40492856989466225,0.5406697288543979,0.3560419307582713
mu_mig_c59_ws0208_2205,87,11,146.74685761516173,257.6831262491884,257.6831262491884,6000,2026-02-09 16:51:44,0.8322729827850153,0.6012757738234215,0.709651946587168
mu_mig_c59_ws0208_2205,87,12,24.99167866631277,116.48959000561322,116.48959000561322,6000,2026-02-09 17:06:54,0.06246640345349684,0.6161520932610026,0.29554623696774157
mu_mig_c59_ws0208_2205,87,13,32.77001935871941,136.98469369511605,136.98469369511605,6000,2026-02-09 17:07:52,0.19608180627908506,0.623110299311522,0.27976338934133066
mu_mig_c59_ws0208_2205,87,14,74.58690769662076,186.25040020938016,186.25040020938016,6000,2026-02-09 17:12:01,0.7178583703335645,0.6406670390868456,0.2656969640826721
mu_mig_c59_ws0208_2205,87,15,160.133356168533,270.79986727841543,270.79986727841543,6000,2026-02-09 17:10:18,0.9818782428328563,0.680753353235899,0.6706242351984457
mu_mig_c59_ws0208_2205,87,16,90.40430665752541,202.56457507842532,202.56457507842532,5999,2026-02-09 17:05:53,0.398148391424036,0.5465598344277912,0.6902004800740205
mu_mig_c59_ws0208_2205,87,17,31.215295165041116,136.33162805748785,136.33162805748785,6000,2026-02-09 16:58:14,0.18539277679978827,0.6128903636208268,0.29355317074960613
mu_mig_c59_ws0208_2205,87,18,90.65017681026127,202.68126572684687,202.68126572684687,6000,2026-02-09 17:09:32,0.8419325882840206,0.6070379005064731,0.33441013220178223
mu_mig_c59_ws0208_2205,87,19,84.4423666899596,196.397875435563,196.397875435563,6000,2026-02-09 16:57:36,0.5281825100366678,0.6569743541418348,0.44426982795001324
mu_mig_c59_ws0208_2205,87,20,44.46792332390069,154.6601794473949,154.6601794473949,6000,2026-02-09 16:49:38,0.4239624537068174,0.5631379686711689,0.33771267916840664
mu_mig_c59_ws0208_2205,87,21,38.250226458791445,146.14250455553443,146.14250455553443,6000,2026-02-09 17:17:16,0.05048158829816127,0.6923704667614012,0.6847459772243789
mu_mig_c59_ws0208_2205,87,22,124.40436655455666,236.38010652972474,236.38010652972474,6000,2026-02-09 17:46:50,0.9246945600277265,0.6552399675814046,0.4596072999102431
mu_mig_c59_ws0208_2205,87,23,62.04995387162609,173.31093715575827,173.31093715575827,6000,2026-02-09 17:43:45,0.7209232533675995,0.5531778098364375,0.2651644109499036
mu_mig_c59_ws0208_2205,87,24,23.16093343495356,115.92525315216365,115.92525315216365,5619,2026-02-09 17:42:42,0.09619341306446658,0.5333189392361901,0.6016888233047499
mu_mig_c59_ws0208_2205,88,0,164.65342852162715,275.0119486699657,275.0119486699657,6000,2026-02-09 19:19:46,0.9923586066131181,0.678594746228321,0.718295960678289
mu_mig_c59_ws0208_2205,88,1,137.7383018056897,248.937402311056,248.937402311056,6000,2026-02-09 19:12:06,0.7173051673413566,0.6173707624777772,0.7154419785698958
mu_mig_c59_ws0208_2205,88,2,42.683688836018135,152.30829591625252,152.30829591625252,6000,2026-02-09 19:30:00,0.09793818971364898,0.6842813950411197,0.5814874505762466
mu_mig_c59_ws0208_2205,88,3,97.08061760318941,209.27505725545336,209.27505725545336,6000,2026-02-09 19:11:25,0.5020158434114792,0.6410695097922987,0.5216294111378035
mu_mig_c59_ws0208_2205,88,4,86.86760227854111,198.93727072102388,198.93727072102388,5668,2026-02-09 19:03:39,0.8867631620894899,0.5371156446361562,0.3836727484683137
mu_mig_c59_ws0208_2205,88,5,27.325376666112863,96.07200318988576,96.07200318988576,4736,2026-02-09 18:55:24,0.07663798689979322,0.5019802350902285,0.5627855403526194
mu_mig_c59_ws0208_2205,88,6,85.62901923485349,197.75531291213989,197.75531291213989,6000,2026-02-09 19:10:31,0.518679114975646,0.6735120409932474,0.41803145990503177
mu_mig_c59_ws0208_2205,88,7,150.2982324907306,260.9459612807565,260.9459612807565,6000,2026-02-09 19:18:40,0.8365085719569046,0.5944289460232139,0.7453437435779229
mu_mig_c59_ws0208_2205,88,8,25.672272910729422,117.66262697541534,117.66262697541534,6000,2026-02-09 19:26:12,0.010596201798364069,0.6400848407831933,0.49981863180211206
mu_mig_c59_ws0208_2205,88,9,109.99469256530327,222.0517992769334,222.0517992769334,6000,2026-02-09 19:15:31,0.9249225746064832,0.5721401849032456,0.43076578205536253
mu_mig_c59_ws0208_2205,88,10,41.16439057356686,151.32943026578377,151.32943026578377,5835,2026-02-09 19:12:38,0.4157632599179457,0.5351848627696775,0.34498058164852424
mu_mig_c59_ws0208_2205,88,11,142.23984591459995,253.29302073920186,253.29302073920186,6000,2026-02-09 19:05:38,0.8043557397838651,0.609684693606559,0.7081456786748958
mu_mig_c59_ws0208_2205,88,12,26.20839489751706,121.94279322854875,121.94279322854875,6000,2026-02-09 19:24:30,0.03554633164304972,0.6272023655446131,0.2725899549465496
mu_mig_c59_ws0208_2205,88,13,29.70114721985275,132.4789243060623,132.4789243060623,6000,2026-02-09 19:27:02,0.13690592101946655,0.6207344226077126,0.27926055233690783
mu_mig_c59_ws0208_2205,88,14,63.61841953661737,174.64774894922746,174.64774894922746,6000,2026-02-09 19:16:04,0.6244500969905663,0.6489766344209246,0.25806377418446247
mu_mig_c59_ws0208_2205,88,15,151.19143643092366,262.1203811907703,262.1203811907703,6000,2026-02-09 19:15:09,0.8574546894228794,0.6611408580942809,0.693314961773676
mu_mig_c59_ws0208_2205,88,16,79.93675564353605,192.11013952336125,192.11013952336125,5974,2026-02-09 19:00:52,0.3502804426260556,0.5466368363299157,0.653263322207676
mu_mig_c59_ws0208_2205,88,17,26.759814486880476,122.2452565752126,122.2452565752126,6000,2026-02-09 19:22:49,0.02656208397290416,0.611646439819116,0.29344850410677287
mu_mig_c59_ws0208_2205,88,18,84.88493293108996,196.86824967552644,196.86824967552644,6000,2026-02-09 19:17:02,0.8162596382184079,0.5735694514623497,0.33061071559208477
mu_mig_c59_ws0208_2205,88,19,84.04810864690845,196.02052846484398,196.02052846484398,6000,2026-02-09 19:28:21,0.5086904747518475,0.667076564430019,0.39449905342976244
mu_mig_c59_ws0208_2205,88,20,39.32886712457321,148.29000380766095,148.29000380766095,6000,2026-02-09 19:17:51,0.3673114049157094,0.5687144992787302,0.33234659425367274
mu_mig_c59_ws0208_2205,88,21,28.240072259535165,129.79315029101187,129.79315029101187,6000,2026-02-09 19:29:07,0.02116795771663758,0.6889652519675904,0.6919459117691523
mu_mig_c59_ws0208_2205,88,22,119.90732342659533,231.93571981836877,231.93571981836877,6000,2026-02-09 19:55:29,0.8987932703672691,0.653573237470304,0.45245985108665565
mu_mig_c59_ws0208_2205,88,23,63.46389096060925,175.1065786604212,175.1065786604212,6000,2026-02-09 19:54:28,0.7043452944116155,0.563428718040507,0.2736098093899529
mu_mig_c59_ws0208_2205,88,24,127.59060707985171,238.5835706761779,238.5835706761779,5146,2026-02-09 19:54:10,0.9770384321404939,0.5223009117035675,0.5813002418547565
mu_mig_c59_ws0208_2205,89,0,156.11052572710202,266.6611440230022,266.6611440230022,6000,2026-02-09 21:30:30,0.8490680619233189,0.6805233487619985,0.7255200527080793
mu_mig_c59_ws0208_2205,89,1,137.31106716323555,248.63966325380093,248.63966325380093,6000,2026-02-09 21:28:17,0.6992166976584578,0.6110302099489096,0.7063918646315528
mu_mig_c59_ws0208_2205,89,2,40.81673554636389,150.4656921065268,150.4656921065268,6000,2026-02-09 21:28:01,0.07005878077595368,0.6794544347684365,0.6251086219196913
mu_mig_c59_ws0208_2205,89,3,88.41736787680095,200.4482048099871,200.4482048099871,6000,2026-02-09 21:37:52,0.45017288696925983,0.6513042204755485,0.4754818321484472
mu_mig_c59_ws0208_2205,89,4,95.34994740797346,207.44063899990996,207.44063899990996,5702,2026-02-09 21:07:50,0.8869454101679314,0.5384470261422778,0.3920124505106022
mu_mig_c59_ws0208_2205,89,5,34.0738176232701,140.36533683401979,140.36533683401979,6000,2026-02-09 21:27:54,0.061123047296712925,0.6949477864376985,0.5509584839463578
mu_mig_c59_ws0208_2205,89,6,84.19245542434894,196.25055402074702,196.25055402074702,6000,2026-02-09 21:37:22,0.49800898692379253,0.666305548703356,0.4125357513770758
mu_mig_c59_ws0208_2205,89,7,145.3461618738003,256.2091261912686,256.2091261912686,6000,2026-02-09 21:27:48,0.7846588998432235,0.5945854102885169,0.7305507379505937
mu_mig_c59_ws0208_2205,89,8,26.09677369647098,119.2656922003366,119.2656922003366,6000,2026-02-09 21:38:28,0.02483876707628061,0.6459625440650703,0.5011448138027215
mu_mig_c59_ws0208_2205,89,9,99.99357487391417,212.1277082205976,212.1277082205976,6000,2026-02-09 21:25:45,0.8608700517839089,0.5689477054749763,0.391617482418628
mu_mig_c59_ws0208_2205,89,10,31.6772641086725,141.01543312435408,141.01543312435408,5414,2026-02-09 21:07:22,0.40876810022529037,0.5315842860343454,0.3345652764341047
mu_mig_c59_ws0208_2205,89,11,141.1555532055814,252.39313816696384,252.39313816696384,6000,2026-02-09 21:19:37,0.7548148924882105,0.6178569192751308,0.708578152867898
mu_mig_c59_ws0208_2205,89,12,25.965198212146205,121.6834107581117,121.6834107581117,6000,2026-02-09 21:27:16,0.014010274194692019,0.6360425833715013,0.254224929329596
mu_mig_c59_ws0208_2205,89,13,26.321623947955814,119.77126280220047,119.77126280220047,6000,2026-02-09 21:33:53,0.08142015073518184,0.6195692335106241,0.27800053531828733
mu_mig_c59_ws0208_2205,89,14,55.18574898502824,165.6825951659317,165.6825951659317,6000,2026-02-09 21:32:25,0.5497234783161677,0.6556243106881877,0.2519572222658948
mu_mig_c59_ws0208_2205,89,15,139.894034115878,251.07755321397985,251.07755321397985,6000,2026-02-09 21:22:59,0.7579158466948979,0.6454508619809864,0.7114675430338604
mu_mig_c59_ws0208_2205,89,16,43.34893974220842,154.97376443086918,154.97376443086918,5757,2026-02-09 21:11:29,0.2160459012235405,0.5333567867358961,0.6229227999550869
mu_mig_c59_ws0208_2205,89,17,89.15278596426651,201.16292339631443,201.16292339631443,6000,2026-02-09 21:25:50,0.899693647823092,0.6161543966659477,0.28760828639699326
mu_mig_c59_ws0208_2205,89,18,71.75735135839959,183.5956505869752,183.5956505869752,5763,2026-02-09 21:13:18,0.7765281003879585,0.5444519402784602,0.31574377500703016
mu_mig_c59_ws0208_2205,89,19,73.28006580164687,185.10362710160862,185.10362710160862,6000,2026-02-09 21:37:21,0.4930968465239912,0.6751583326605662,0.3546824338135618
mu_mig_c59_ws0208_2205,89,20,38.90642207716204,147.75062427793577,147.75062427793577,6000,2026-02-09 21:19:30,0.32199056588282304,0.5731757237647792,0.32805372632188556
mu_mig_c59_ws0208_2205,89,21,162.7336601506974,273.25359252159376,273.25359252159376,6000,2026-02-09 21:40:04,0.9977170532514186,0.6862410801325417,0.6977058594049711
mu_mig_c59_ws0208_2205,89,22,113.93378511272394,225.8970306354433,225.8970306354433,6000,2026-02-09 22:09:16,0.8165886913578846,0.6589960961108294,0.446591320470784
mu_mig_c59_ws0208_2205,89,23,70.54162732695796,182.13438438493577,182.13438438493577,6000,2026-02-09 22:04:27,0.6910829272468283,0.5716294446037626,0.2803661281419923
mu_mig_c59_ws0208_2205,89,24,114.00290787487297,225.52189585143606,225.52189585143606,5336,2026-02-09 22:02:30,0.8793040320037104,0.5146411675813513,0.5283312274485049
mu_mig_c59_ws0208_2205,90,0,145.51854905195606,256.6396384370466,256.6396384370466,6000,2026-02-09 23:47:35,0.7344356261714794,0.6820662307889404,0.7312993263319114
mu_mig_c59_ws0208_2205,90,1,133.07550899451655,244.47101531858758,244.47101531858758,6000,2026-02-09 23:53:39,0.6847459219121388,0.6059577679258155,0.6991517734808785
mu_mig_c59_ws0208_2205,90,2,31.193607539727488,137.05929874427272,137.05929874427272,6000,2026-02-09 23:51:54,0.045964992028083275,0.6809085810211227,0.6553050255551323
mu_mig_c59_ws0208_2205,90,3,80.97680165228239,193.01573184906553,193.01573184906553,6000,2026-02-09 23:50:17,0.4224371454345809,0.6616141129796926,0.42057022773099706
mu_mig_c59_ws0208_2205,90,4,93.43854370201787,205.4685763414392,205.4685763414392,5611,2026-02-09 23:23:10,0.8870912086306846,0.5395121313471751,0.39868421214443295
mu_mig_c59_ws0208_2205,90,5,30.71214621841213,134.57576019075975,134.57576019075975,6000,2026-02-09 23:53:21,0.04871109561424869,0.6893218275156745,0.5414968388213486
mu_mig_c59_ws0208_2205,90,6,78.82034779041813,190.81060078391528,190.81060078391528,6000,2026-02-09 23:41:02,0.47959679362876534,0.6624616552474717,0.3900137462419059
mu_mig_c59_ws0208_2205,90,7,138.06290458382375,249.19838950643378,249.19838950643378,6000,2026-02-09 23:56:30,0.7378283692681638,0.599626242559211,0.7167550714102171
mu_mig_c59_ws0208_2205,90,8,28.65261370835649,129.60256247734716,129.60256247734716,6000,2026-02-10 00:02:46,0.03623281929861385,0.650664706690572,0.502205759403209
mu_mig_c59_ws0208_2205,90,9,86.17734731786058,198.19880803026092,198.19880803026092,6000,2026-02-09 23:42:39,0.8140410739347246,0.5609906913823479,0.3604402838463491
mu_mig_c59_ws0208_2205,90,10,29.363987157788657,136.29199035130662,136.29199035130662,5447,2026-02-09 23:35:18,0.4031719724711661,0.5287038246460798,0.32623303226256917
mu_mig_c59_ws0208_2205,90,11,138.43742971859592,249.6903909269715,249.6903909269715,6000,2026-02-09 23:33:15,0.7060864758414553,0.6238100340200236,0.7088276676500722
mu_mig_c59_ws0208_2205,90,12,26.880451525273784,115.3909911914246,115.3909911914246,6000,2026-02-10 00:00:28,0.00361694086510974,0.6377919809907487,0.7418100175190878
mu_mig_c59_ws0208_2205,90,13,26.68897871447662,115.73481089054306,115.73481089054306,6000,2026-02-09 23:49:08,0.03703153450775407,0.6186370822329533,0.27699252170339095
mu_mig_c59_ws0208_2205,90,14,117.8069474294913,229.54612970313977,229.54612970313977,6000,2026-02-10 00:01:49,0.4899421833766489,0.6609424517019983,0.7470719807310406
mu_mig_c59_ws0208_2205,90,15,137.59625978741005,248.8648847776045,248.8648847776045,6000,2026-02-09 23:49:07,0.6782847725125126,0.6328988650903509,0.7259896080420077
mu_mig_c59_ws0208_2205,90,16,19.971853316806655,118.448714877893,118.448714877893,5020,2026-02-09 23:38:05,0.1453669806130786,0.5225738748489913,0.5981709354395035
mu_mig_c59_ws0208_2205,90,17,73.98569613283583,185.78285713283282,185.78285713283282,5999,2026-02-10 00:00:11,0.7179008115174396,0.6136973079096161,0.2804457321175563
mu_mig_c59_ws0208_2205,90,18,62.08702530749619,173.5418257506768,173.5418257506768,5830,2026-02-09 23:39:38,0.714081885645583,0.5316715005931636,0.29685742619315264
mu_mig_c59_ws0208_2205,90,19,70.98400305795046,182.4158793556406,182.4158793556406,6000,2026-02-09 23:50:17,0.4806219439417062,0.6816237472450041,0.3228291381206012
mu_mig_c59_ws0208_2205,90,20,39.45313615093624,148.51760474916313,148.51760474916313,6000,2026-02-09 23:33:00,0.313758313528757,0.5739412544641138,0.3263318096995647
mu_mig_c59_ws0208_2205,90,21,161.05638615229395,271.54704381745466,271.54704381745466,6000,2026-02-09 23:50:21,0.9635833877648328,0.6824939517102441,0.7046763991352134
mu_mig_c59_ws0208_2205,90,22,130.77146037877117,243.0814080452469,243.0814080452469,10000,2026-02-10 00:36:33,0.709668881975813,0.6635790496296319,0.4323361002275464
mu_mig_c59_ws0208_2205,90,23,72.072468693669,183.73070934547408,183.73070934547408,7141,2026-02-10 00:33:51,0.6804730335149985,0.5781900258543671,0.2857711831436238
mu_mig_c59_ws0208_2205,90,24,89.33790217673031,201.34252071565973,201.34252071565973,5078,2026-02-10 00:27:28,0.8014463493181101,0.5136190959859188,0.44880365607041195
mu_mig_ctrl_20260122_053125_ws0124_1331,0,0,44.966969441757485,72.34597341711682,44.966969441757485,1486,2026-01-22 06:51:56,0.5022715825473588,0.268116828226401,0.37863230309528584
mu_mig_ctrl_20260122_053125_ws0124_1331,0,1,57.52970258779903,58.5329457922091,57.52970258779903,1204,2026-01-22 06:50:52,0.4828197674641975,0.22517022902435746,0.3575088022451408
mu_mig_ctrl_20260122_053125_ws0124_1331,0,2,30.538355341837693,84.56095113005364,30.538355341837693,1443,2026-01-22 06:30:55,0.5153128347139164,0.2570098650792387,0.4197449722800256
mu_mig_ctrl_20260122_053125_ws0124_1331,0,3,37.41667326806033,79.04714000051962,37.41667326806033,1416,2026-01-22 06:52:26,0.5526864723222232,0.25744006610858666,0.40492081559104565
mu_mig_ctrl_20260122_053125_ws0124_1331,0,4,55.64986946519919,61.7525858488679,55.64986946519919,1297,2026-01-22 06:28:23,0.43025821795783126,0.23015828274024583,0.38514681861780253
mu_mig_ctrl_20260122_053125_ws0124_1331,0,5,68.77319956742103,47.4702030399233,68.77319956742103,1135,2026-01-22 06:43:29,0.3575260108084383,0.21491711045280223,0.3722554344421818
mu_mig_ctrl_20260122_053125_ws0124_1331,0,6,44.58257074787811,71.47587095064505,44.58257074787811,1335,2026-01-22 06:44:56,0.47171880404908945,0.2548432226558255,0.3846396693337267
mu_mig_ctrl_20260122_053125_ws0124_1331,0,7,60.551688653842426,57.22643389830462,60.551688653842426,1373,2026-01-22 06:50:24,0.4236074026346246,0.24805494747629878,0.3494923679071081
mu_mig_ctrl_20260122_053125_ws0124_1331,0,8,37.154197934915636,77.87064849624193,37.154197934915636,1409,2026-01-22 06:54:44,0.48040329361623935,0.24864908696470492,0.41043888743037965
mu_mig_ctrl_20260122_053125_ws0124_1331,0,9,52.07445443561185,63.83691331433814,52.07445443561185,1181,2026-01-22 06:29:14,0.45288355246085255,0.21965923978436364,0.3631935736276412
mu_mig_ctrl_20260122_053125_ws0124_1331,0,10,50.56443188066802,65.58878076798695,50.56443188066802,1482,2026-01-22 06:44:48,0.40972547574427276,0.26038266601454635,0.38671882863060947
mu_mig_ctrl_20260122_053125_ws0124_1331,0,11,39.810252290252386,76.95253098041412,39.810252290252386,1566,2026-01-22 06:54:44,0.5181127296192973,0.27832580238908167,0.36225519743347695
mu_mig_ctrl_20260122_053125_ws0124_1331,0,12,56.62634751985962,59.53945471025121,56.62634751985962,1259,2026-01-22 06:52:43,0.40586919827333656,0.24269041483117054,0.3859825303376127
mu_mig_ctrl_20260122_053125_ws0124_1331,0,13,30.06024714182686,85.97652333761053,30.06024714182686,1671,2026-01-22 06:53:49,0.5581750724280805,0.2935203383031964,0.39046172520623745
mu_mig_ctrl_20260122_053125_ws0124_1331,0,14,55.25599257460931,62.17856763356012,55.25599257460931,1309,2026-01-22 06:43:00,0.5564402220028968,0.24689149098292898,0.35387954124948623
mu_mig_ctrl_20260122_053125_ws0124_1331,0,15,34.70689763792626,80.81151497312476,34.70689763792626,1759,2026-01-22 06:33:19,0.46442459121566243,0.29431150198408706,0.37396760298916315
mu_mig_ctrl_20260122_053125_ws0124_1331,0,16,37.2737636335374,78.52669417142585,37.2737636335374,1517,2026-01-22 06:51:59,0.48411540019254967,0.26216842691804026,0.40342221706052905
mu_mig_ctrl_20260122_053125_ws0124_1331,0,17,42.60310606194451,74.64474762600024,42.60310606194451,1355,2026-01-22 06:32:09,0.49821807451937977,0.24340836220335302,0.36971668695700466
mu_mig_ctrl_20260122_053125_ws0124_1331,0,18,46.10901472546016,70.38786065212939,46.10901472546016,1372,2026-01-22 06:52:19,0.47873839698528703,0.24825614982793426,0.3531276579251698
mu_mig_ctrl_20260122_053125_ws0124_1331,0,19,53.16254301280106,63.15843637054725,53.16254301280106,1186,2026-01-22 06:42:17,0.45746143514893467,0.22153252157477793,0.3835631071754733
mu_mig_ctrl_20260122_053125_ws0124_1331,0,20,49.924642055946045,66.40144065836515,49.924642055946045,1522,2026-01-22 06:54:14,0.39628908197134416,0.2760123319381814,0.39909747867719825
mu_mig_ctrl_20260122_053125_ws0124_1331,0,21,31.464314049665557,84.642415458958,31.464314049665557,1539,2026-01-22 06:54:26,0.5288896960810922,0.27824373321679324,0.3801682765915196
mu_mig_ctrl_20260122_053125_ws0124_1331,0,22,37.998933001619335,77.05417240953258,37.998933001619335,1288,2026-01-22 06:50:22,0.5183404636642974,0.23485001791931803,0.3740669722401135
mu_mig_ctrl_20260122_053125_ws0124_1331,0,23,47.251071078312435,69.96068590779373,47.251071078312435,1384,2026-01-22 06:54:36,0.5000646411034276,0.24660892716833452,0.37815574644119576
mu_mig_ctrl_20260122_053125_ws0124_1331,0,24,37.48145659129453,79.5698412968706,37.48145659129453,1404,2026-01-22 06:45:23,0.5349524466022225,0.2522830777246938,0.36734355824232723
mu_mig_ctrl_20260122_053125_ws0124_1331,1,0,78.47887991676699,189.4993709624005,78.47887991676699,2740,2026-01-22 07:55:15,0.8765982568082952,0.381679919073048,0.5535551604434386
mu_mig_ctrl_20260122_053125_ws0124_1331,1,1,34.87961226943804,146.11681338797482,34.87961226943804,4058,2026-01-22 07:54:24,0.5752812591655305,0.47427198048808267,0.38386994697620075
mu_mig_ctrl_20260122_053125_ws0124_1331,1,2,20.944677368187264,125.74957144925392,20.944677368187264,512,2026-01-22 07:40:54,0.8674489371845441,0.04891402399130329,0.7149388530621463
mu_mig_ctrl_20260122_053125_ws0124_1331,1,3,69.74652650332793,180.6211555846332,69.74652650332793,2568,2026-01-22 08:08:38,0.7571949508965152,0.3754881969935971,0.5864101372872843
mu_mig_ctrl_20260122_053125_ws0124_1331,1,4,90.79215704481854,202.15594459028492,90.79215704481854,3641,2026-01-22 08:00:05,0.9210098805274306,0.4550067038401379,0.5050347332758619
mu_mig_ctrl_20260122_053125_ws0124_1331,1,5,20.15271883168441,129.90565400997815,20.15271883168441,1304,2026-01-22 07:39:27,0.6988200179311215,0.23654597354540002,0.5631487268142775
mu_mig_ctrl_20260122_053125_ws0124_1331,1,6,65.52079799660497,50.32335428093563,65.52079799660497,482,2026-01-22 07:34:07,0.4763601948420333,0.03155879622766511,0.4787808172155661
mu_mig_ctrl_20260122_053125_ws0124_1331,1,7,72.09288956495395,183.44775130529956,72.09288956495395,3108,2026-01-22 08:13:09,0.8217496414830834,0.4130971807360031,0.4998703385769596
mu_mig_ctrl_20260122_053125_ws0124_1331,1,8,65.58173157481694,174.96893899360717,65.58173157481694,1574,2026-01-22 08:01:23,0.82471356937838,0.2811166094407524,0.6933072983183923
mu_mig_ctrl_20260122_053125_ws0124_1331,1,9,56.337803834665536,66.83782307214601,56.337803834665536,4259,2026-01-22 08:18:43,0.013336465193900082,0.481636480585716,0.45513475863199016
mu_mig_ctrl_20260122_053125_ws0124_1331,1,10,32.79244342794107,143.28733167872375,32.79244342794107,2413,2026-01-22 07:53:00,0.4788592286218498,0.36691602301767356,0.5844797978287846
mu_mig_ctrl_20260122_053125_ws0124_1331,1,11,111.89312808692723,23.760618371276248,111.89312808692723,1913,2026-01-22 07:46:01,0.008122257474298511,0.31581596767393816,0.4243544782197785
mu_mig_ctrl_20260122_053125_ws0124_1331,1,12,88.11743656547564,198.83625875274137,88.11743656547564,2785,2026-01-22 07:54:52,0.9498282770666069,0.38792529822734456,0.5911017673088064
mu_mig_ctrl_20260122_053125_ws0124_1331,1,13,29.2297627320303,140.1392066308167,29.2297627320303,1820,2026-01-22 08:05:09,0.6586813772000377,0.3121208922732324,0.5451219461051917
mu_mig_ctrl_20260122_053125_ws0124_1331,1,14,24.469181398723524,88.89948567888256,24.469181398723524,501,2026-01-22 07:41:44,0.7799774063071656,0.031925078520955164,0.5194219851296966
mu_mig_ctrl_20260122_053125_ws0124_1331,1,15,85.80128702552817,197.19643942283693,85.80128702552817,3440,2026-01-22 07:52:39,0.8868420843875466,0.4357189553730163,0.5362622680471589
mu_mig_ctrl_20260122_053125_ws0124_1331,1,16,107.62096678414275,218.5127767042603,107.62096678414275,3904,2026-01-22 08:16:07,0.9435087675147298,0.46366845316253846,0.6040934995508205
mu_mig_ctrl_20260122_053125_ws0124_1331,1,17,87.16241019488686,198.35989410223277,87.16241019488686,3730,2026-01-22 08:15:06,0.6224395802517307,0.4440993318580698,0.6547862993266778
mu_mig_ctrl_20260122_053125_ws0124_1331,1,18,77.55181866209118,189.19849515761797,77.55181866209118,3645,2026-01-22 08:12:53,0.7887235466892824,0.4513782174282143,0.5038955001398479
mu_mig_ctrl_20260122_053125_ws0124_1331,1,19,87.06000746826984,198.08989864743708,87.06000746826984,3473,2026-01-22 08:14:48,0.7012005597897789,0.43412775872354437,0.6564636998714191
mu_mig_ctrl_20260122_053125_ws0124_1331,1,20,63.72490221810512,174.23314105715718,63.72490221810512,2267,2026-01-22 08:05:56,0.6072647839176448,0.3555040300265401,0.658650856098165
mu_mig_ctrl_20260122_053125_ws0124_1331,1,21,30.778423396515393,142.434228992834,30.778423396515393,2217,2026-01-22 08:05:39,0.6667710763024497,0.34482382102563125,0.4953985975185632
mu_mig_ctrl_20260122_053125_ws0124_1331,1,22,30.782164982165813,141.76379629447467,30.782164982165813,1610,2026-01-22 08:01:05,0.8951590256733031,0.27764900559217487,0.4666606975531502
mu_mig_ctrl_20260122_053125_ws0124_1331,1,23,129.0462738848271,239.48747447603148,129.0462738848271,4604,2026-01-22 08:16:49,0.9599607740995926,0.49431646001270946,0.6380479768346232
mu_mig_ctrl_20260122_053125_ws0124_1331,1,24,47.32028574854729,158.09710173687935,47.32028574854729,2003,2026-01-22 08:03:57,0.7172148470561608,0.3255031420977681,0.5722164452145982
mu_mig_ctrl_20260122_053125_ws0124_1331,2,0,22.126609979432594,97.15607225482312,22.126609979432594,3887,2026-01-22 09:26:48,0.10119426136485687,0.4498177735810362,0.6585088748523302
mu_mig_ctrl_20260122_053125_ws0124_1331,2,1,46.485473198990924,68.37539745345917,46.485473198990924,763,2026-01-22 09:17:24,0.6307581541863303,0.12373303136631775,0.3996866338148367
mu_mig_ctrl_20260122_053125_ws0124_1331,2,2,127.89327243940448,28.507231364948883,127.89327243940448,1209,2026-01-22 09:18:54,0.07873059866692067,0.224056519338542,0.3920551815314187
mu_mig_ctrl_20260122_053125_ws0124_1331,2,3,106.46706255530198,216.83118168458856,106.46706255530198,3500,2026-01-22 09:32:55,0.8756858605036626,0.4365900000484621,0.6874366652066033
mu_mig_ctrl_20260122_053125_ws0124_1331,2,4,77.44903567358455,38.178166126300475,77.44903567358455,614,2026-01-22 09:09:51,0.20154251686826585,0.08284104710763018,0.5854401318344051
mu_mig_ctrl_20260122_053125_ws0124_1331,2,5,65.3846314382877,174.45419986761058,65.3846314382877,1385,2026-01-22 09:20:05,0.9035964222047314,0.2495232914009587,0.677684702237535
mu_mig_ctrl_20260122_053125_ws0124_1331,2,6,7.609938528244088,109.60960149027453,7.609938528244088,1031,2026-01-22 09:17:07,0.6330139399162603,0.1978116124576081,0.5399972714522643
mu_mig_ctrl_20260122_053125_ws0124_1331,2,7,149.77482693943446,41.349086115905635,149.77482693943446,477,2026-01-22 09:11:55,0.060634984792158564,0.012122520691825622,0.5900971209788705
mu_mig_ctrl_20260122_053125_ws0124_1331,2,8,9.977056367287899,115.52574183969936,9.977056367287899,1849,2026-01-22 09:26:29,0.8624623169480259,0.30140342450115815,0.34738301005640193
mu_mig_ctrl_20260122_053125_ws0124_1331,2,9,55.09589606955666,60.692587166674,55.09589606955666,837,2026-01-22 09:08:19,0.34960821283372867,0.13882282506652743,0.5102994696345995
mu_mig_ctrl_20260122_053125_ws0124_1331,2,10,70.99116380640675,182.08347275657596,70.99116380640675,3378,2026-01-22 09:33:11,0.520339480348396,0.4308360372195499,0.7031363793476896
mu_mig_ctrl_20260122_053125_ws0124_1331,2,11,19.574753194096576,126.03614708521268,19.574753194096576,4233,2026-01-22 09:16:31,0.3056272977158271,0.46908604951507027,0.47285222769978624
mu_mig_ctrl_20260122_053125_ws0124_1331,2,12,39.7960550536527,151.54012454855726,39.7960550536527,4079,2026-01-22 09:16:15,0.23790369466516714,0.47341035732495884,0.7096502498433381
mu_mig_ctrl_20260122_053125_ws0124_1331,2,13,66.1895352537488,176.45291763197142,66.1895352537488,2019,2026-01-22 09:16:01,0.718985160063212,0.32328122465525405,0.6379180786445642
mu_mig_ctrl_20260122_053125_ws0124_1331,2,14,47.77052125069837,156.11942672747927,47.77052125069837,1129,2026-01-22 09:18:09,0.9140997168897269,0.20294523104377088,0.618747451457823
mu_mig_ctrl_20260122_053125_ws0124_1331,2,15,98.06491135241903,24.82836634271061,98.06491135241903,484,2026-01-22 09:16:33,0.14029258029067715,0.020563427406373846,0.6336390670819564
mu_mig_ctrl_20260122_053125_ws0124_1331,2,16,57.1217588814888,57.80274477939613,57.1217588814888,625,2026-01-22 09:13:53,0.21914478790803793,0.08456846890923742,0.7244962690449953
mu_mig_ctrl_20260122_053125_ws0124_1331,2,17,70.36396111236338,46.72391167599506,70.36396111236338,556,2026-01-22 09:01:17,0.7260241949299076,0.061475982106112936,0.3266113810086555
mu_mig_ctrl_20260122_053125_ws0124_1331,2,18,12.851108370517503,118.15894843793193,12.851108370517503,534,2026-01-22 09:01:37,0.9761204582974375,0.05341099994127507,0.5935818436095877
mu_mig_ctrl_20260122_053125_ws0124_1331,2,19,61.39017758256199,54.79107231063839,61.39017758256199,558,2026-01-22 08:58:46,0.8474440345742854,0.061684901012804216,0.32020405548898656
mu_mig_ctrl_20260122_053125_ws0124_1331,2,20,19.801930400906258,129.37516860425208,19.801930400906258,3093,2026-01-22 09:32:27,0.7338502050854252,0.40319904887955527,0.31438288255074487
mu_mig_ctrl_20260122_053125_ws0124_1331,2,21,75.27582747772152,186.36366321035933,75.27582747772152,2849,2026-01-22 09:23:05,0.7452516274422489,0.3818955929720459,0.5791564486027898
mu_mig_ctrl_20260122_053125_ws0124_1331,2,22,86.95615577859934,36.308114629598315,86.95615577859934,1771,2026-01-22 09:17:38,0.1011248080328444,0.3050268154182866,0.5249662937512551
mu_mig_ctrl_20260122_053125_ws0124_1331,2,23,142.27433968949128,34.22760109168706,142.27433968949128,750,2026-01-22 09:18:57,0.23432055046545308,0.12008285028171262,0.2689963930969801
mu_mig_ctrl_20260122_053125_ws0124_1331,2,24,87.90018566299968,197.9514004859291,87.90018566299968,2584,2026-01-22 09:30:39,0.8111154408163219,0.3665904476204591,0.6845306346102372
mu_mig_ctrl_20260122_053125_ws0124_1331,3,0,49.900093432178,161.96929416970912,49.900093432178,4614,2026-01-22 10:43:58,0.23595186409879396,0.49070048628582913,0.7214811034976653
mu_mig_ctrl_20260122_053125_ws0124_1331,3,1,27.90608166491991,88.04553525205951,27.90608166491991,1142,2026-01-22 10:18:32,0.6640442911988103,0.21340966189325883,0.4091766459180183
mu_mig_ctrl_20260122_053125_ws0124_1331,3,2,24.148712780980027,92.6229833700599,24.148712780980027,2346,2026-01-22 10:46:14,0.22002443284466344,0.3552604588116257,0.5748988472179981
mu_mig_ctrl_20260122_053125_ws0124_1331,3,3,121.62865041112214,231.3838868190981,121.62865041112214,3712,2026-01-22 10:41:31,0.9281329850099909,0.45097793508930956,0.7473558559727398
mu_mig_ctrl_20260122_053125_ws0124_1331,3,4,38.355902773902095,74.53268776839806,38.355902773902095,871,2026-01-22 10:37:34,0.3698620986727671,0.1595416530681255,0.6336833709695311
mu_mig_ctrl_20260122_053125_ws0124_1331,3,5,112.67188820328059,17.404665399670638,112.67188820328059,1322,2026-01-22 10:20:30,0.033908790799648036,0.24987526780875924,0.7004945076721151
mu_mig_ctrl_20260122_053125_ws0124_1331,3,6,40.682718581104055,151.25937188400547,40.682718581104055,1751,2026-01-22 10:32:17,0.7270061869607966,0.29756330219557386,0.5767271439942833
mu_mig_ctrl_20260122_053125_ws0124_1331,3,7,97.05151553469697,26.21271157831672,97.05151553469697,566,2026-01-22 10:33:56,0.2172754570465834,0.07693612929061769,0.6526270277106496
mu_mig_ctrl_20260122_053125_ws0124_1331,3,8,35.33087433732242,146.83371725125303,35.33087433732242,1950,2026-01-22 10:33:39,0.8851115654898134,0.3135755135374016,0.4398284370992077
mu_mig_ctrl_20260122_053125_ws0124_1331,3,9,9.16564338533346,106.55125802514489,9.16564338533346,1196,2026-01-22 10:27:22,0.5513712614176258,0.23313463175501428,0.5433982962361652
mu_mig_ctrl_20260122_053125_ws0124_1331,3,10,18.111372020952007,119.79529028760724,18.111372020952007,4202,2026-01-22 10:42:21,0.4825487521525146,0.47459734584548263,0.2782563294202055
mu_mig_ctrl_20260122_053125_ws0124_1331,3,11,45.55322906198229,68.22562873473467,45.55322906198229,555,2026-01-22 10:37:53,0.48413032186074423,0.06104809861974958,0.5019508773877909
mu_mig_ctrl_20260122_053125_ws0124_1331,3,12,33.47252643826261,80.2310324829569,33.47252643826261,476,2026-01-22 10:17:25,0.32948664338104666,0.008030269139304269,0.7422056018830887
mu_mig_ctrl_20260122_053125_ws0124_1331,3,13,70.16746091555622,180.29146067753769,70.16746091555622,1941,2026-01-22 10:43:48,0.7551674297811166,0.329977424084467,0.6935957581681877
mu_mig_ctrl_20260122_053125_ws0124_1331,3,14,82.57155416734767,191.94031364123794,82.57155416734767,1846,2026-01-22 10:31:03,0.9945731032392636,0.3055573225574603,0.6783427312546987
mu_mig_ctrl_20260122_053125_ws0124_1331,3,15,64.05443282070223,51.56455563875448,64.05443282070223,581,2026-01-22 10:35:30,0.29236287783255543,0.07147011062638839,0.6920651465028349
mu_mig_ctrl_20260122_053125_ws0124_1331,3,16,98.87893688219306,26.23077998999224,98.87893688219306,907,2026-01-22 10:25:42,0.38452640014402273,0.15710847835725678,0.29673793074150023
mu_mig_ctrl_20260122_053125_ws0124_1331,3,17,19.753543754903795,94.24781087838178,19.753543754903795,773,2026-01-22 10:22:18,0.797760704254334,0.1319732137574372,0.4289889184603894
mu_mig_ctrl_20260122_053125_ws0124_1331,3,18,94.14293861226808,22.368981317021014,94.14293861226808,731,2026-01-22 10:17:00,0.08855860526233061,0.11463066944911154,0.6473936496914314
mu_mig_ctrl_20260122_053125_ws0124_1331,3,19,13.670782524822526,101.00022549852498,13.670782524822526,808,2026-01-22 10:26:22,0.9351901194449893,0.1382191863863601,0.418448268859527
mu_mig_ctrl_20260122_053125_ws0124_1331,3,20,37.40261153658445,149.08724845139923,37.40261153658445,2628,2026-01-22 10:28:43,0.8184114438153138,0.3814882283057374,0.4091411280521736
mu_mig_ctrl_20260122_053125_ws0124_1331,3,21,87.8305850153893,198.53124116862762,87.8305850153893,2922,2026-01-22 10:37:18,0.7888458285552951,0.4007946177079373,0.6321455004589078
mu_mig_ctrl_20260122_053125_ws0124_1331,3,22,44.52445187477969,71.33915630876,44.52445187477969,1854,2026-01-22 10:33:09,0.2247042774485692,0.3214535013139536,0.559949651470118
mu_mig_ctrl_20260122_053125_ws0124_1331,3,23,74.37724725828252,44.16818638764734,74.37724725828252,1089,2026-01-22 10:37:46,0.3767068578249613,0.20782615805964533,0.3878894403703849
mu_mig_ctrl_20260122_053125_ws0124_1331,3,24,15.264889395547078,118.46829760058816,15.264889395547078,2853,2026-01-22 10:47:51,0.8674557970724186,0.39124283093407375,0.25191914824762063
mu_mig_ctrl_20260122_053125_ws0124_1331,4,0,43.75455537282377,155.64286042518808,43.75455537282377,3448,2026-01-22 12:05:50,0.3132399332894529,0.4333422218656237,0.700657370053338
mu_mig_ctrl_20260122_053125_ws0124_1331,4,1,12.03194775011183,105.5049943608289,12.03194775011183,1355,2026-01-22 11:58:03,0.7140809083451692,0.2517880126397683,0.41905844275940535
mu_mig_ctrl_20260122_053125_ws0124_1331,4,2,34.12942886009512,145.884185024783,34.12942886009512,3492,2026-01-22 11:40:28,0.3048007333513091,0.43398282249547593,0.6846050466299458
mu_mig_ctrl_20260122_053125_ws0124_1331,4,3,35.330194244168716,146.02583645006638,35.330194244168716,3461,2026-01-22 11:37:49,0.940961768725288,0.43969375411952005,0.2737101621418552
mu_mig_ctrl_20260122_053125_ws0124_1331,4,4,11.321591432259567,105.65971780307491,11.321591432259567,1098,2026-01-22 11:55:17,0.4708538477554678,0.20556201664442272,0.6626293144506066
mu_mig_ctrl_20260122_053125_ws0124_1331,4,5,64.58849187661403,50.564858150083644,64.58849187661403,1068,2026-01-22 11:29:00,0.12925603681868908,0.20471345449719103,0.7124858916279229
mu_mig_ctrl_20260122_053125_ws0124_1331,4,6,44.7521422954099,156.1038936225057,44.7521422954099,2137,2026-01-22 12:03:00,0.6863382152203669,0.33481523492342485,0.5763627134989262
mu_mig_ctrl_20260122_053125_ws0124_1331,4,7,38.258297238269776,75.12990351068011,38.258297238269776,727,2026-01-22 11:46:05,0.3253186500184585,0.11559348023458785,0.7123949537539208
mu_mig_ctrl_20260122_053125_ws0124_1331,4,8,57.9239154384204,168.680594627291,57.9239154384204,2048,2026-01-22 11:58:50,0.8987011146148859,0.3208787669591477,0.49529569332489115
mu_mig_ctrl_20260122_053125_ws0124_1331,4,9,31.638175144660213,142.37405729613474,31.638175144660213,1751,2026-01-22 11:43:57,0.6724290905679641,0.2897217157681064,0.5632575921971046
mu_mig_ctrl_20260122_053125_ws0124_1331,4,10,15.416948101230668,118.861761657066,15.416948101230668,3445,2026-01-22 12:06:15,0.587302863970966,0.43858553960793,0.30285418054275476
mu_mig_ctrl_20260122_053125_ws0124_1331,4,11,13.47376832335963,106.0073854554387,13.47376832335963,936,2026-01-22 11:55:22,0.5910621144115901,0.18012416560615807,0.5848369800326416
mu_mig_ctrl_20260122_053125_ws0124_1331,4,12,115.04988686177748,18.432543134149423,115.04988686177748,481,2026-01-22 11:36:13,0.3844364126105744,0.02880221622791155,0.2617388131069389
mu_mig_ctrl_20260122_053125_ws0124_1331,4,13,75.52021792832053,185.44541059913942,75.52021792832053,2151,2026-01-22 11:59:13,0.7768767916118594,0.3339951437419948,0.7270023658823619
mu_mig_ctrl_20260122_053125_ws0124_1331,4,14,102.2946243036468,211.834053389074,102.2946243036468,2654,2026-01-22 12:06:34,0.9939032316759728,0.37679438925555747,0.7219423781683564
mu_mig_ctrl_20260122_053125_ws0124_1331,4,15,25.1038481012163,88.58364286854562,25.1038481012163,675,2026-01-22 11:24:56,0.3836050563576824,0.1020141205583971,0.727120794155362
mu_mig_ctrl_20260122_053125_ws0124_1331,4,16,42.4844295097172,72.28587472686552,42.4844295097172,1215,2026-01-22 11:50:16,0.4797394862351275,0.21717799672933702,0.40486587745004365
mu_mig_ctrl_20260122_053125_ws0124_1331,4,17,8.573861133143474,113.14434677117434,8.573861133143474,975,2026-01-22 11:40:31,0.8488124074805029,0.17745242484169893,0.4844476510224058
mu_mig_ctrl_20260122_053125_ws0124_1331,4,18,75.05655740754075,40.350905157533475,75.05655740754075,891,2026-01-22 11:35:47,0.15602149344126648,0.15136247115381343,0.6796807333405377
mu_mig_ctrl_20260122_053125_ws0124_1331,4,19,11.450311345495665,121.0022722609619,11.450311345495665,947,2026-01-22 11:54:33,0.9878377703674116,0.18413975761049364,0.4773947968818513
mu_mig_ctrl_20260122_053125_ws0124_1331,4,20,45.99664653907777,157.22731945476735,45.99664653907777,2127,2026-01-22 12:01:53,0.902038866522018,0.3367120021539797,0.47162427698647824
mu_mig_ctrl_20260122_053125_ws0124_1331,4,21,84.22449511736545,194.57148208964904,84.22449511736545,2482,2026-01-22 11:46:16,0.7894863819409134,0.36968352624601,0.7023138357299732
mu_mig_ctrl_20260122_053125_ws0124_1331,4,22,11.335278268545625,108.15237208762473,11.335278268545625,2334,2026-01-22 12:00:25,0.29878572515067164,0.3578016704815137,0.590450867247855
mu_mig_ctrl_20260122_053125_ws0124_1331,4,23,21.067492508988245,93.5427384560494,21.067492508988245,1544,2026-01-22 11:43:48,0.46213864224066625,0.26047214272640495,0.4592252687344278
mu_mig_ctrl_20260122_053125_ws0124_1331,4,24,20.523847430429633,130.49566935156702,20.523847430429633,2881,2026-01-22 12:03:49,0.9012600108260765,0.40603426092224254,0.29235225643005064
mu_mig_ctrl_20260122_053125_ws0124_1331,5,0,36.80583213953176,147.9237565195537,36.80583213953176,2901,2026-01-22 13:02:58,0.35320521221513135,0.39934862356098855,0.686848243668825
mu_mig_ctrl_20260122_053125_ws0124_1331,5,1,17.328895616888975,127.5657791637679,17.328895616888975,1461,2026-01-22 13:10:48,0.8502502312411828,0.26699207136213177,0.4378548642873038
mu_mig_ctrl_20260122_053125_ws0124_1331,5,2,23.521923395281018,104.076983464878,23.521923395281018,4266,2026-01-22 13:08:46,0.35566651365529645,0.48121624070578606,0.2504287662771143
mu_mig_ctrl_20260122_053125_ws0124_1331,5,3,31.17772632547174,142.3937170831368,31.17772632547174,3144,2026-01-22 13:19:30,0.9322257398839338,0.41866972864818724,0.3027659557933882
mu_mig_ctrl_20260122_053125_ws0124_1331,5,4,20.908306148282733,129.1892720627546,20.908306148282733,1355,2026-01-22 13:06:06,0.5314488972050883,0.23317423479020105,0.679996880539252
mu_mig_ctrl_20260122_053125_ws0124_1331,5,5,52.53570590605342,62.59764659407456,52.53570590605342,1011,2026-01-22 13:07:19,0.1864643844301137,0.17761636651025012,0.7196807220014074
mu_mig_ctrl_20260122_053125_ws0124_1331,5,6,48.44606636309181,159.31039132167,48.44606636309181,2187,2026-01-22 13:14:55,0.6545597513083266,0.35321627370060843,0.576132713725324
mu_mig_ctrl_20260122_053125_ws0124_1331,5,7,109.21284067255093,20.383638406741177,109.21284067255093,743,2026-01-22 13:04:11,0.41517179802832094,0.13490379983019304,0.25771049009201563
mu_mig_ctrl_20260122_053125_ws0124_1331,5,8,60.69322377015444,171.5827053561003,60.69322377015444,2147,2026-01-22 13:09:13,0.9070610777037814,0.33432447891383527,0.5148526983560633
mu_mig_ctrl_20260122_053125_ws0124_1331,5,9,51.32044224629297,162.3175141105953,51.32044224629297,1964,2026-01-22 12:58:49,0.7450637880581671,0.32367396617596167,0.5751731697736682
mu_mig_ctrl_20260122_053125_ws0124_1331,5,10,20.577711447186214,127.26827035138602,20.577711447186214,3291,2026-01-22 13:17:42,0.6501553310620368,0.41697845586539845,0.3176128912162843
mu_mig_ctrl_20260122_053125_ws0124_1331,5,11,36.53929041409716,146.1962125237146,36.53929041409716,1437,2026-01-22 12:55:26,0.6344805083095649,0.2671942499971927,0.6647103624997773
mu_mig_ctrl_20260122_053125_ws0124_1331,5,12,65.28920710229032,50.37218734679099,65.28920710229032,815,2026-01-22 13:03:50,0.44859753360725557,0.14315173751694088,0.3641455697477767
mu_mig_ctrl_20260122_053125_ws0124_1331,5,13,81.38203514544962,191.05219759669828,81.38203514544962,2109,2026-01-22 13:06:10,0.789902408710305,0.33640577553651146,0.7470463305108663
mu_mig_ctrl_20260122_053125_ws0124_1331,5,14,115.48291275743696,225.15939406879477,115.48291275743696,3346,2026-01-22 13:20:04,0.9746411301403874,0.4183049411988322,0.733947910529624
mu_mig_ctrl_20260122_053125_ws0124_1331,5,15,17.47008848381135,97.68609182639673,17.47008848381135,719,2026-01-22 12:58:40,0.4383503634727586,0.12034052651760234,0.7481541827468783
mu_mig_ctrl_20260122_053125_ws0124_1331,5,16,19.3323967477929,97.07826877762244,19.3323967477929,1545,2026-01-22 13:04:04,0.5313178209227232,0.27692290160610866,0.47697499010343886
mu_mig_ctrl_20260122_053125_ws0124_1331,5,17,22.467715365550166,132.2251305009352,22.467715365550166,1095,2026-01-22 12:51:32,0.8794434294162042,0.20473995149225596,0.5177228905596156
mu_mig_ctrl_20260122_053125_ws0124_1331,5,18,41.790702783730616,72.46371076788152,41.790702783730616,1111,2026-01-22 13:02:06,0.19506664041108976,0.19865725703860362,0.7227582761451881
mu_mig_ctrl_20260122_053125_ws0124_1331,5,19,30.864164693055216,140.7921044538205,30.864164693055216,1108,2026-01-22 13:08:35,0.9878197103824318,0.20836744588459782,0.513241570670909
mu_mig_ctrl_20260122_053125_ws0124_1331,5,20,53.343007425556316,164.18467794622634,53.343007425556316,1858,2026-01-22 13:12:40,0.9522153201460406,0.309846266462925,0.509114166347061
mu_mig_ctrl_20260122_053125_ws0124_1331,5,21,84.27920794239402,193.52503912390648,84.27920794239402,2156,2026-01-22 13:14:02,0.7806444695335506,0.335702662668467,0.7472089906636954
mu_mig_ctrl_20260122_053125_ws0124_1331,5,22,13.341480729563157,123.16115929564278,13.341480729563157,2547,2026-01-22 13:10:44,0.3432345937719331,0.3796105719820497,0.6087515967144973
mu_mig_ctrl_20260122_053125_ws0124_1331,5,23,8.026217620479333,115.17527610596466,8.026217620479333,1737,2026-01-22 13:09:59,0.5133977128900892,0.29205973352646075,0.5020267657528535
mu_mig_ctrl_20260122_053125_ws0124_1331,5,24,33.577437013986,144.96467674460476,33.577437013986,3050,2026-01-22 13:18:35,0.9215425390782713,0.4149091189151438,0.31661212133950867
mu_mig_ctrl_20260122_053125_ws0124_1331,6,0,29.009670272574528,140.55959725665647,29.009670272574528,2562,2026-01-22 14:26:17,0.3770643174238171,0.37690279715996455,0.6581558555095168
mu_mig_ctrl_20260122_053125_ws0124_1331,6,1,29.628097759512833,139.80890690364308,29.628097759512833,1574,2026-01-22 14:17:22,0.931951824978791,0.27611450659554987,0.4491327172040429
mu_mig_ctrl_20260122_053125_ws0124_1331,6,2,19.353832799724287,122.51662861715297,19.353832799724287,4204,2026-01-22 14:30:55,0.48044158737994275,0.4810042918236121,0.3167196319724578
mu_mig_ctrl_20260122_053125_ws0124_1331,6,3,37.84365744637671,149.25174199683502,37.84365744637671,3056,2026-01-22 14:31:05,0.9269841225791212,0.4060553133653876,0.320199431984308
mu_mig_ctrl_20260122_053125_ws0124_1331,6,4,23.777264727631472,133.24693611831177,23.777264727631472,1346,2026-01-22 14:21:04,0.5678059268748605,0.24974156567766803,0.6904174201924391
mu_mig_ctrl_20260122_053125_ws0124_1331,6,5,40.117403595774036,73.04687543127189,40.117403595774036,933,2026-01-22 14:18:25,0.2209649150247482,0.16920708655205385,0.7249532906938325
mu_mig_ctrl_20260122_053125_ws0124_1331,6,6,51.34550421001052,162.37286268175407,51.34550421001052,2361,2026-01-22 14:21:37,0.6354926729611023,0.3642568969669186,0.5759947138611629
mu_mig_ctrl_20260122_053125_ws0124_1331,6,7,78.41733591001734,40.25208617767169,78.41733591001734,873,2026-01-22 14:15:07,0.4780509721049846,0.1523756697011071,0.33515964120941083
mu_mig_ctrl_20260122_053125_ws0124_1331,6,8,63.6621416633712,174.23298256777275,63.6621416633712,2074,2026-01-22 14:18:26,0.9337120864816342,0.32713182144484876,0.5239946308650673
mu_mig_ctrl_20260122_053125_ws0124_1331,6,9,62.34850283855337,173.20187180943856,62.34850283855337,2490,2026-01-22 14:25:04,0.7232059053314039,0.3614142665561903,0.5823388924522159
mu_mig_ctrl_20260122_053125_ws0124_1331,6,10,15.1435387312648,122.04211996127268,15.1435387312648,2928,2026-01-22 14:25:45,0.6878668113166793,0.4040142056198795,0.326468117620402
mu_mig_ctrl_20260122_053125_ws0124_1331,6,11,58.15240866711237,167.8293188446679,58.15240866711237,1878,2026-01-22 14:15:52,0.5953233101625925,0.301147855689036,0.7184860151564059
mu_mig_ctrl_20260122_053125_ws0124_1331,6,12,47.21934404776835,67.9938863203629,47.21934404776835,1139,2026-01-22 14:19:40,0.4870942062052643,0.21176145029035848,0.4255896237322793
mu_mig_ctrl_20260122_053125_ws0124_1331,6,13,22.703770054575795,95.92180485701009,22.703770054575795,2094,2026-01-22 14:18:36,0.7977177789693725,0.3378521546132215,0.259072709287969
mu_mig_ctrl_20260122_053125_ws0124_1331,6,14,103.77794697093267,213.332720807471,103.77794697093267,2916,2026-01-22 14:26:03,0.9054738109027263,0.398640560929335,0.7421935409714531
mu_mig_ctrl_20260122_053125_ws0124_1331,6,15,100.03658483583551,22.79905207584767,100.03658483583551,770,2026-01-22 14:11:05,0.4711975477418043,0.1313363700931255,0.26077421590178806
mu_mig_ctrl_20260122_053125_ws0124_1331,6,16,13.622887548528686,124.60060594289483,13.622887548528686,1884,2026-01-22 14:23:12,0.5535000752762967,0.32186548320481195,0.5332834243467051
mu_mig_ctrl_20260122_053125_ws0124_1331,6,17,28.990393212969675,139.18711364382148,28.990393212969675,1187,2026-01-22 14:14:20,0.897822042577625,0.22111246748259017,0.5376880342819415
mu_mig_ctrl_20260122_053125_ws0124_1331,6,18,39.56177549790145,73.96854415123339,39.56177549790145,1136,2026-01-22 14:13:33,0.21849372859298372,0.22703412856947774,0.7486048018279783
mu_mig_ctrl_20260122_053125_ws0124_1331,6,19,35.32574246294197,145.54524159243255,35.32574246294197,1207,2026-01-22 14:20:41,0.9403194394778933,0.22094320784078061,0.5380937519901904
mu_mig_ctrl_20260122_053125_ws0124_1331,6,20,61.00717505098316,171.15474669405086,61.00717505098316,1726,2026-01-22 14:22:40,0.9823211923204541,0.29372682504829223,0.5316080999634106
mu_mig_ctrl_20260122_053125_ws0124_1331,6,21,23.989477641853966,93.87022453516323,23.989477641853966,1808,2026-01-22 14:18:35,0.7787115036142005,0.3154251454916609,0.27408568236017083
mu_mig_ctrl_20260122_053125_ws0124_1331,6,22,21.926203779272374,132.7422860447418,21.926203779272374,2791,2026-01-22 14:28:10,0.36990391494469,0.3926959128823714,0.6197320343944827
mu_mig_ctrl_20260122_053125_ws0124_1331,6,23,14.319971096685906,125.11580435881913,14.319971096685906,1884,2026-01-22 14:18:37,0.544153155279743,0.3110122880064942,0.527707663963909
mu_mig_ctrl_20260122_053125_ws0124_1331,6,24,41.64159252450767,152.92890994786774,41.64159252450767,3015,2026-01-22 14:31:30,0.9418755432302091,0.4203239412025795,0.32731229423454733
mu_mig_ctrl_20260122_053125_ws0124_1331,7,0,24.951259589343646,136.5120772498069,24.951259589343646,2427,2026-01-22 15:34:09,0.3908665153297151,0.37254871757135377,0.6102206843159379
mu_mig_ctrl_20260122_053125_ws0124_1331,7,1,38.16041040831325,149.27191652008446,38.16041040831325,1597,2026-01-22 15:29:26,0.9809727812213559,0.28158796773560074,0.4558994289540863
mu_mig_ctrl_20260122_053125_ws0124_1331,7,2,33.64384081479925,144.81820937848985,33.64384081479925,4160,2026-01-22 15:42:38,0.6245362258371961,0.47753104079829856,0.3592146078426045
mu_mig_ctrl_20260122_053125_ws0124_1331,7,3,32.6260702996505,144.26689269240117,32.6260702996505,2733,2026-01-22 15:35:57,0.9238391521962337,0.3984866641957078,0.33065951769885993
mu_mig_ctrl_20260122_053125_ws0124_1331,7,4,30.47279230670237,139.65971755694534,30.47279230670237,1461,2026-01-22 15:26:53,0.5896201446767239,0.2596819642101482,0.6966697439843514
mu_mig_ctrl_20260122_053125_ws0124_1331,7,5,34.081983132692905,80.64961471825843,34.081983132692905,1056,2026-01-22 15:25:34,0.2406060103420216,0.20206062647680229,0.7283140471108426
mu_mig_ctrl_20260122_053125_ws0124_1331,7,6,48.52644270411607,159.82357020862773,48.52644270411607,2449,2026-01-22 15:34:08,0.6240524259527679,0.3708812709267047,0.575911913942666
mu_mig_ctrl_20260122_053125_ws0124_1331,7,7,62.69185495560493,54.146831674381374,62.69185495560493,892,2026-01-22 15:29:17,0.5157784765509827,0.16285879162365555,0.3816291318798479
mu_mig_ctrl_20260122_053125_ws0124_1331,7,8,64.95440457570507,175.47863386768023,64.95440457570507,2021,2026-01-22 15:34:41,0.9540007914431399,0.31394053746147804,0.532375205349682
mu_mig_ctrl_20260122_053125_ws0124_1331,7,9,60.67865212618933,171.7059193398854,60.67865212618933,2586,2026-01-22 15:33:58,0.6896957960085524,0.3846379088623494,0.5837052892221131
mu_mig_ctrl_20260122_053125_ws0124_1331,7,10,14.395061959863387,119.35228297624226,14.395061959863387,2641,2026-01-22 15:42:28,0.7104936994694647,0.3962356554725681,0.3317812534628726
mu_mig_ctrl_20260122_053125_ws0124_1331,7,11,45.3746790810507,155.04053205904202,45.3746790810507,1852,2026-01-22 15:32:03,0.5644058917036122,0.3060147320306863,0.7290842142638742
mu_mig_ctrl_20260122_053125_ws0124_1331,7,12,28.052484681245847,88.99148388603818,28.052484681245847,1362,2026-01-22 15:26:46,0.5101922097640695,0.25292727795440906,0.4624560561229809
mu_mig_ctrl_20260122_053125_ws0124_1331,7,13,21.650572567812166,98.46893295113976,21.650572567812166,2236,2026-01-22 15:35:51,0.8024070011248129,0.33871998205924747,0.2662885365542306
mu_mig_ctrl_20260122_053125_ws0124_1331,7,14,86.13087970829179,196.12130973209477,86.13087970829179,2438,2026-01-22 15:35:51,0.7724935148939287,0.3689521580426383,0.732440972766425
mu_mig_ctrl_20260122_053125_ws0124_1331,7,15,93.47776667085857,27.284901807682907,93.47776667085857,789,2026-01-22 15:24:08,0.49566395685358755,0.13866606359087463,0.27732514227087307
mu_mig_ctrl_20260122_053125_ws0124_1331,7,16,42.93928426236294,154.19360535593538,42.93928426236294,2310,2026-01-22 15:40:55,0.5668094278884409,0.34883103216403394,0.5670684848926648
mu_mig_ctrl_20260122_053125_ws0124_1331,7,17,40.68572093615461,150.73444889165404,40.68572093615461,1296,2026-01-22 15:34:34,0.9088492104744774,0.2309359770767907,0.5496671205153371
mu_mig_ctrl_20260122_053125_ws0124_1331,7,18,102.28579331886655,24.352470153575233,102.28579331886655,1357,2026-01-22 15:35:08,0.23254998150212008,0.2440602514880022,0.2641127172376525
mu_mig_ctrl_20260122_053125_ws0124_1331,7,19,29.901859244659903,140.14375466307533,29.901859244659903,1212,2026-01-22 15:28:35,0.8845206046584564,0.22849129410119,0.5528870618376792
mu_mig_ctrl_20260122_053125_ws0124_1331,7,20,122.65637072893699,25.37554657761073,122.65637072893699,1599,2026-01-22 15:35:40,0.0003847156251022277,0.28405516019951255,0.5451044601332204
mu_mig_ctrl_20260122_053125_ws0124_1331,7,21,26.38197173255964,93.36885305608261,26.38197173255964,1851,2026-01-22 15:30:19,0.788245536474958,0.31350285816316764,0.27866958337546105
mu_mig_ctrl_20260122_053125_ws0124_1331,7,22,34.959404994931376,146.55036262089143,34.959404994931376,2850,2026-01-22 15:43:43,0.38590550764834414,0.4005471174225644,0.6263202970024739
mu_mig_ctrl_20260122_053125_ws0124_1331,7,23,24.8419638093823,136.26355424279092,24.8419638093823,2083,2026-01-22 15:30:31,0.5676392571235053,0.3246181813688481,0.5460960990026611
mu_mig_ctrl_20260122_053125_ws0124_1331,7,24,42.82661710183411,154.50073691709085,42.82661710183411,3178,2026-01-22 15:36:09,0.9434897912093749,0.420371531858544,0.3289571815772634
mu_mig_ctrl_20260122_053125_ws0124_1331,8,0,14.595728588899638,125.40919780579422,14.595728588899638,2497,2026-01-22 16:36:23,0.39914783407325394,0.3699362698181873,0.5814595815997905
mu_mig_ctrl_20260122_053125_ws0124_1331,8,1,112.05039735989563,22.012829963336227,112.05039735989563,1714,2026-01-22 16:42:54,0.010385354966894855,0.28487204441963127,0.45995945600411237
mu_mig_ctrl_20260122_053125_ws0124_1331,8,2,40.343586525669124,151.65330922510327,40.343586525669124,3454,2026-01-22 16:40:41,0.7362480982791935,0.44881458334178476,0.3632981703910573
mu_mig_ctrl_20260122_053125_ws0124_1331,8,3,36.67838780525815,148.4023049327188,36.67838780525815,2685,2026-01-22 16:58:16,0.9219521699665012,0.3939454746938999,0.33693556912759104
mu_mig_ctrl_20260122_053125_ws0124_1331,8,4,40.731024490243996,150.07636290521606,40.731024490243996,1532,2026-01-22 16:47:30,0.6027086753578419,0.26564620332963634,0.7004211382594988
mu_mig_ctrl_20260122_053125_ws0124_1331,8,5,24.004538834860746,133.25974759269786,24.004538834860746,1365,2026-01-22 16:46:06,0.5050115885425923,0.23737281251929687,0.7087079369212754
mu_mig_ctrl_20260122_053125_ws0124_1331,8,6,48.055714881903846,159.1236269339815,48.055714881903846,2363,2026-01-22 16:54:34,0.6171882777477672,0.37485589530257635,0.575862233991568
mu_mig_ctrl_20260122_053125_ws0124_1331,8,7,46.83811890049086,68.8337519772694,46.83811890049086,911,2026-01-22 16:43:59,0.5384149792185816,0.16914866477718463,0.4095108262821102
mu_mig_ctrl_20260122_053125_ws0124_1331,8,8,60.98928958182834,171.38883911887754,60.98928958182834,1764,2026-01-22 16:31:54,0.980056801280742,0.28767591588514035,0.5233321423714512
mu_mig_ctrl_20260122_053125_ws0124_1331,8,9,60.51153240061433,171.89960785379893,60.51153240061433,2941,2026-01-22 16:58:26,0.6460447400847454,0.3958298930329217,0.5813573675691298
mu_mig_ctrl_20260122_053125_ws0124_1331,8,10,17.445993944350164,127.25623619717413,17.445993944350164,2673,2026-01-22 16:57:38,0.724069832361136,0.3915685253841813,0.334969134968355
mu_mig_ctrl_20260122_053125_ws0124_1331,8,11,49.33766086064489,158.88050578698724,49.33766086064489,1704,2026-01-22 16:30:48,0.557572015371781,0.29859460534181026,0.7105550238535132
mu_mig_ctrl_20260122_053125_ws0124_1331,8,12,5.4779221390213335,112.74212910137028,5.4779221390213335,1677,2026-01-22 16:40:33,0.5316508436396529,0.27933643996332236,0.4866783461231356
mu_mig_ctrl_20260122_053125_ws0124_1331,8,13,19.598871893059478,102.68791121966909,19.598871893059478,2256,2026-01-22 16:55:40,0.8052205344180772,0.33924067852686307,0.27061803291398756
mu_mig_ctrl_20260122_053125_ws0124_1331,8,14,52.17450938213471,161.80814189020728,52.17450938213471,1871,2026-01-22 16:53:08,0.5359567797889512,0.30418882085317234,0.7249677621260876
mu_mig_ctrl_20260122_053125_ws0124_1331,8,15,76.3796038405425,43.25305057592016,76.3796038405425,763,2026-01-22 16:26:01,0.5228431097441513,0.14450414258589672,0.35339132873636114
mu_mig_ctrl_20260122_053125_ws0124_1331,8,16,39.55869497039943,150.85314090125303,39.55869497039943,2253,2026-01-22 16:55:21,0.5753820356165373,0.360556172895481,0.5813754261476671
mu_mig_ctrl_20260122_053125_ws0124_1331,8,17,38.43724077050029,148.3361167646055,38.43724077050029,1239,2026-01-22 16:39:04,0.9146549983670594,0.23527243173345053,0.557610260336602
mu_mig_ctrl_20260122_053125_ws0124_1331,8,18,98.75674277316489,28.934007005896422,98.75674277316489,1267,2026-01-22 16:44:57,0.31229025576321423,0.2352870039608139,0.28017100092816016
mu_mig_ctrl_20260122_053125_ws0124_1331,8,19,29.03102889362322,139.33489801928036,29.03102889362322,1239,2026-01-22 16:38:24,0.8510413037667942,0.23302014585743566,0.5617630477461726
mu_mig_ctrl_20260122_053125_ws0124_1331,8,20,47.05786796480494,69.3799074789119,47.05786796480494,1973,2026-01-22 16:44:34,0.21598123600770106,0.3299916705816531,0.5816580817150273
mu_mig_ctrl_20260122_053125_ws0124_1331,8,21,23.99689386286454,93.85227524783629,23.99689386286454,1827,2026-01-22 16:52:19,0.796802562018348,0.3128110321027587,0.2797250331363526
mu_mig_ctrl_20260122_053125_ws0124_1331,8,22,30.235414473558873,141.95505516008848,30.235414473558873,2971,2026-01-22 16:58:39,0.3990717440593176,0.3995593213034217,0.6234402751155134
mu_mig_ctrl_20260122_053125_ws0124_1331,8,23,24.46538572996517,135.73785248795704,24.46538572996517,1987,2026-01-22 16:53:20,0.5817309182297626,0.33278171738626044,0.5571291600259123
mu_mig_ctrl_20260122_053125_ws0124_1331,8,24,42.566861540824185,154.24355398931363,42.566861540824185,3167,2026-01-22 16:50:13,0.9364382799005154,0.4160883373989151,0.33088710515377817
mu_mig_ctrl_20260122_053125_ws0124_1331,9,0,17.41367433710606,124.04501349205016,17.41367433710606,2408,2026-01-22 18:16:28,0.40411662531937725,0.3683688011662874,0.564202919970102
mu_mig_ctrl_20260122_053125_ws0124_1331,9,1,79.76472320598462,39.99905791088558,79.76472320598462,1695,2026-01-22 17:47:35,0.088484316463577,0.2975653668502236,0.5571812403753391
mu_mig_ctrl_20260122_053125_ws0124_1331,9,2,42.951449791449534,154.80948049412916,42.951449791449534,3284,2026-01-22 18:21:58,0.7937605845112959,0.4241565880967125,0.36566786828859227
mu_mig_ctrl_20260122_053125_ws0124_1331,9,3,30.831605886845953,141.83902147080718,30.831605886845953,2655,2026-01-22 18:21:37,0.9208199806286617,0.39122076099281516,0.34070119998482973
mu_mig_ctrl_20260122_053125_ws0124_1331,9,4,44.72706961849367,154.00308729203414,44.72706961849367,1468,2026-01-22 18:11:57,0.6105617937665127,0.26922474680132924,0.7026719748245873
mu_mig_ctrl_20260122_053125_ws0124_1331,9,5,48.89474115286815,157.77433205404614,48.89474115286815,1403,2026-01-22 18:10:31,0.6636549354629347,0.2585601241447936,0.6969442708075351
mu_mig_ctrl_20260122_053125_ws0124_1331,9,6,52.66341826919448,163.58165171946914,52.66341826919448,2453,2026-01-22 18:16:05,0.5952314175046916,0.3675797740720072,0.5792902560293987
mu_mig_ctrl_20260122_053125_ws0124_1331,9,7,43.094075671349486,70.95082901914212,43.094075671349486,927,2026-01-22 17:43:31,0.551996880819141,0.17292258866930207,0.4262398429234676
mu_mig_ctrl_20260122_053125_ws0124_1331,9,8,43.96747552577898,153.94878231131835,43.96747552577898,1379,2026-01-22 18:07:35,0.9449803011451696,0.2537979451763868,0.5376000043026755
mu_mig_ctrl_20260122_053125_ws0124_1331,9,9,50.52741499893225,161.90928907930535,50.52741499893225,2627,2026-01-22 17:53:09,0.5968318381780516,0.38705907598736194,0.5784609655337937
mu_mig_ctrl_20260122_053125_ws0124_1331,9,10,16.414462774888285,125.04009133795812,16.414462774888285,2817,2026-01-22 17:46:34,0.7322155120961388,0.38876824733114923,0.3368818638716444
mu_mig_ctrl_20260122_053125_ws0124_1331,9,11,36.426933941178916,146.82708864450268,36.426933941178916,1721,2026-01-22 17:41:10,0.5534716895726823,0.2941425293284846,0.6994375096072967
mu_mig_ctrl_20260122_053125_ws0124_1331,9,12,15.350496681201996,100.09660106725535,15.350496681201996,1608,2026-01-22 18:15:01,0.5445260239650028,0.2951819371686703,0.5012117201232285
mu_mig_ctrl_20260122_053125_ws0124_1331,9,13,13.980948628839768,106.53446287460443,13.980948628839768,2235,2026-01-22 17:43:28,0.8069086543940357,0.3395530964074324,0.27321573072984173
mu_mig_ctrl_20260122_053125_ws0124_1331,9,14,6.623267339610965,111.75268121777384,6.623267339610965,1403,2026-01-22 18:06:32,0.40971529177341337,0.2620679603616815,0.709004572119331
mu_mig_ctrl_20260122_053125_ws0124_1331,9,15,51.15072737861881,63.71456031059618,51.15072737861881,818,2026-01-22 18:06:29,0.5470550878262276,0.14963400895024834,0.4120325977493297
mu_mig_ctrl_20260122_053125_ws0124_1331,9,16,48.64569397124603,159.87435843213646,48.64569397124603,2375,2026-01-22 18:20:29,0.5805256002533952,0.3675912573343492,0.5899595909006685
mu_mig_ctrl_20260122_053125_ws0124_1331,9,17,42.79297852700273,152.58632481574543,42.79297852700273,1308,2026-01-22 17:39:30,0.8805036811583111,0.23760029515898673,0.5640946338312057
mu_mig_ctrl_20260122_053125_ws0124_1331,9,18,67.51614397572885,50.32437316293469,67.51614397572885,1192,2026-01-22 18:12:59,0.46864947773052246,0.21798417423184982,0.3219859019224218
mu_mig_ctrl_20260122_053125_ws0124_1331,9,19,38.07446743317414,148.3869429163666,38.07446743317414,1336,2026-01-22 17:46:23,0.830953723231797,0.23573745691118306,0.5670886392912685
mu_mig_ctrl_20260122_053125_ws0124_1331,9,20,39.94570488840619,151.4101043390984,39.94570488840619,2605,2026-01-22 18:19:11,0.46199861023289124,0.37662840295907146,0.6035439799798403
mu_mig_ctrl_20260122_053125_ws0124_1331,9,21,19.50532604175923,99.8483402565302,19.50532604175923,2000,2026-01-22 18:16:47,0.8057263225951632,0.32300840944655324,0.2755869695448873
mu_mig_ctrl_20260122_053125_ws0124_1331,9,22,31.80621693805264,143.4677020045162,31.80621693805264,2656,2026-01-22 17:54:09,0.4069906681703056,0.38165844482383754,0.5896496433965234
mu_mig_ctrl_20260122_053125_ws0124_1331,9,23,31.722807809126007,142.89892064446374,31.722807809126007,2078,2026-01-22 18:18:09,0.590185914893517,0.33767983899670784,0.5637489966398631
mu_mig_ctrl_20260122_053125_ws0124_1331,9,24,41.08603005416147,152.72128789927922,41.08603005416147,2993,2026-01-22 18:20:39,0.9297344663667934,0.40877076528369094,0.33502588377625736
mu_mig_ctrl_20260122_053125_ws0124_1331,10,0,16.13112044183181,122.55933168184195,16.13112044183181,2609,2026-01-22 19:37:48,0.4070979000670512,0.36742831997514747,0.5538489229922889
mu_mig_ctrl_20260122_053125_ws0124_1331,10,1,6.697878069783092,113.35765746556882,6.697878069783092,1939,2026-01-22 19:29:47,0.33645786617164275,0.3270402031917481,0.6188659163054051
mu_mig_ctrl_20260122_053125_ws0124_1331,10,2,31.2327789289276,142.69387754844263,31.2327789289276,2894,2026-01-22 19:26:23,0.7971145689812961,0.3991151599199018,0.3609570013355488
mu_mig_ctrl_20260122_053125_ws0124_1331,10,3,33.099704542348384,144.53221754270376,33.099704542348384,2676,2026-01-22 19:26:50,0.920140667025958,0.3895859327721643,0.34296057849917294
mu_mig_ctrl_20260122_053125_ws0124_1331,10,4,52.15344973834757,161.6422609154911,52.15344973834757,1600,2026-01-22 19:17:18,0.6152736648117151,0.27137187288434494,0.7040224767636403
mu_mig_ctrl_20260122_053125_ws0124_1331,10,5,57.28523447586842,166.75397001919072,57.28523447586842,1539,2026-01-22 19:25:50,0.7366662402358835,0.2736629179517041,0.6922221143309908
mu_mig_ctrl_20260122_053125_ws0124_1331,10,6,40.717756082275976,151.52003065548226,40.717756082275976,2296,2026-01-22 19:17:31,0.574804030729909,0.3632147520953396,0.5849594557864349
mu_mig_ctrl_20260122_053125_ws0124_1331,10,7,43.589107923213376,71.3790246820809,43.589107923213376,914,2026-01-22 19:19:56,0.5601460217794766,0.17518694300457255,0.436277252908282
mu_mig_ctrl_20260122_053125_ws0124_1331,10,8,39.06617384113361,149.03987086721295,39.06617384113361,1253,2026-01-22 19:10:58,0.8915947324837937,0.2279608048972433,0.5649287946276018
mu_mig_ctrl_20260122_053125_ws0124_1331,10,9,48.4952939357452,159.94850999309742,48.4952939357452,2680,2026-01-22 19:35:35,0.5673040970340354,0.3817965857600261,0.576723124312592
mu_mig_ctrl_20260122_053125_ws0124_1331,10,10,19.497246653465957,128.70035744910905,19.497246653465957,2840,2026-01-22 19:27:59,0.7371029199371404,0.38708808049932997,0.3380295012136181
mu_mig_ctrl_20260122_053125_ws0124_1331,10,11,38.224766153357145,148.49027930756938,38.224766153357145,1760,2026-01-22 19:14:51,0.5510114940932231,0.29147128372048925,0.6927670010595668
mu_mig_ctrl_20260122_053125_ws0124_1331,10,12,8.164740871878463,112.94405706311035,8.164740871878463,1770,2026-01-22 19:20:51,0.5522511321602128,0.3046892354918791,0.509931744523284
mu_mig_ctrl_20260122_053125_ws0124_1331,10,13,18.243264998836427,100.29192471144019,18.243264998836427,2095,2026-01-22 19:30:15,0.8079215263796108,0.33974054713577406,0.27477434941935425
mu_mig_ctrl_20260122_053125_ws0124_1331,10,14,23.64299788175389,89.65248798057345,23.64299788175389,1306,2026-01-22 19:22:36,0.3339703989640907,0.236795444066787,0.699426658115277
mu_mig_ctrl_20260122_053125_ws0124_1331,10,15,37.2758037262931,77.69091118538526,37.2758037262931,865,2026-01-22 19:20:05,0.564983652378976,0.15534133048271398,0.45025840515550036
mu_mig_ctrl_20260122_053125_ws0124_1331,10,16,53.66547985481594,164.39872544792087,53.66547985481594,2584,2026-01-22 19:34:19,0.5836117390355099,0.3718123079976702,0.5951100897524695
mu_mig_ctrl_20260122_053125_ws0124_1331,10,17,38.49971319424741,148.84377262755189,38.49971319424741,1359,2026-01-22 19:10:20,0.8532902438762795,0.23807166564385218,0.5684938774913411
mu_mig_ctrl_20260122_053125_ws0124_1331,10,18,40.51103983225039,74.14150307276549,40.51103983225039,1144,2026-01-22 19:22:03,0.6086679107715879,0.2029054393191721,0.37605412521697656
mu_mig_ctrl_20260122_053125_ws0124_1331,10,19,32.619558977564964,143.1666089138694,32.619558977564964,1327,2026-01-22 19:25:54,0.8189011749107986,0.2373678435434315,0.5702839942183261
mu_mig_ctrl_20260122_053125_ws0124_1331,10,20,62.914424068927524,174.1748270432179,62.914424068927524,2921,2026-01-22 19:34:14,0.5793436877246755,0.4067819815913147,0.6161337973640513
mu_mig_ctrl_20260122_053125_ws0124_1331,10,21,21.253593409012232,98.29394023487599,21.253593409012232,2092,2026-01-22 19:30:34,0.8118116774342093,0.3355858963829763,0.27236193001906867
mu_mig_ctrl_20260122_053125_ws0124_1331,10,22,18.31052271164609,129.81375332569093,18.31052271164609,2592,2026-01-22 19:19:58,0.41094070900715823,0.3638329253106404,0.5538771141982382
mu_mig_ctrl_20260122_053125_ws0124_1331,10,23,35.607001924102015,146.2579188525427,35.607001924102015,2193,2026-01-22 19:23:33,0.5952589128917697,0.3406187119629763,0.5677208986082336
mu_mig_ctrl_20260122_053125_ws0124_1331,10,24,33.95488772249992,145.37406317239297,33.95488772249992,2849,2026-01-22 19:34:54,0.91979695779999,0.3959909142719579,0.33977967671469655
mu_mig_ctrl_20260122_053125_ws0124_1331,11,0,15.12662226098463,125.31514457872552,15.12662226098463,2480,2026-01-22 20:33:51,0.4088866649156556,0.3668640312604635,0.5476365248056011
mu_mig_ctrl_20260122_053125_ws0124_1331,11,1,35.05456809588481,146.19803138887312,35.05456809588481,2169,2026-01-22 20:31:45,0.4852419959964822,0.3447251049966628,0.6558767218634447
mu_mig_ctrl_20260122_053125_ws0124_1331,11,2,20.031651570290965,129.61807193117968,20.031651570290965,2429,2026-01-22 20:55:46,0.7835566951565315,0.37502714818341726,0.3506724230260801
mu_mig_ctrl_20260122_053125_ws0124_1331,11,3,36.383219207624336,148.00802220160517,36.383219207624336,2837,2026-01-22 20:55:42,0.9197330788643358,0.3886050358397738,0.34431620560777887
mu_mig_ctrl_20260122_053125_ws0124_1331,11,4,40.25257638975395,148.24953556673205,40.25257638975395,1520,2026-01-22 20:32:56,0.5816995322664361,0.27746431715383857,0.6963064385698003
mu_mig_ctrl_20260122_053125_ws0124_1331,11,5,58.38572466019998,167.76901470362046,58.38572466019998,1628,2026-01-22 20:33:20,0.7034929539125191,0.2817985577595826,0.6963296881067645
mu_mig_ctrl_20260122_053125_ws0124_1331,11,6,47.079809920891975,157.64212280552877,47.079809920891975,2453,2026-01-22 20:39:57,0.5625475986650396,0.36059573890933905,0.5883609756406567
mu_mig_ctrl_20260122_053125_ws0124_1331,11,7,35.78002041147549,80.87647382009779,35.78002041147549,942,2026-01-22 20:22:58,0.5685423677741531,0.16802897153832674,0.44406376321817204
mu_mig_ctrl_20260122_053125_ws0124_1331,11,8,36.02875100268443,145.55905379692365,36.02875100268443,1184,2026-01-22 20:29:49,0.855351988785775,0.21975325331938145,0.5826581428250941
mu_mig_ctrl_20260122_053125_ws0124_1331,11,9,46.162243055490144,156.31712889422323,46.162243055490144,2430,2026-01-22 20:55:24,0.5544277675106647,0.3659266721507959,0.5805703040257848
mu_mig_ctrl_20260122_053125_ws0124_1331,11,10,19.990300710823654,129.51135841698482,19.990300710823654,2610,2026-01-22 20:41:07,0.7400353646417414,0.3860799804002384,0.3387180836188023
mu_mig_ctrl_20260122_053125_ws0124_1331,11,11,29.379513797339925,140.04256661367236,29.379513797339925,1644,2026-01-22 20:34:52,0.5495353768055476,0.28986853635569204,0.6887646959309288
mu_mig_ctrl_20260122_053125_ws0124_1331,11,12,13.516343067244792,124.31473991348285,13.516343067244792,1853,2026-01-22 20:32:59,0.5568861970773388,0.3103936144858044,0.5151637591633176
mu_mig_ctrl_20260122_053125_ws0124_1331,11,13,15.846209879351289,105.85545480514507,15.846209879351289,2152,2026-01-22 20:38:56,0.8085292495709558,0.339853017572779,0.27570952063306176
mu_mig_ctrl_20260122_053125_ws0124_1331,11,14,39.6504721441086,74.62551997754493,39.6504721441086,1224,2026-01-22 20:46:52,0.29007392236594615,0.23159089900291993,0.6333386827166152
mu_mig_ctrl_20260122_053125_ws0124_1331,11,15,38.48486317920312,76.338964940627,38.48486317920312,844,2026-01-22 20:28:05,0.5757407911106249,0.15876572340219336,0.4731938895992027
mu_mig_ctrl_20260122_053125_ws0124_1331,11,16,45.104391414578906,156.52547193261705,45.104391414578906,2447,2026-01-22 20:38:37,0.5854072390300573,0.37109950184640234,0.5917372424411961
mu_mig_ctrl_20260122_053125_ws0124_1331,11,17,31.545042512403768,140.504794612005,31.545042512403768,1274,2026-01-22 20:48:02,0.8241201344068274,0.23794039387093788,0.5713414909041118
mu_mig_ctrl_20260122_053125_ws0124_1331,11,18,29.883196927403066,84.63765840738496,29.883196927403066,1011,2026-01-22 20:24:21,0.6926789705962272,0.19385819837156548,0.40849505919370943
mu_mig_ctrl_20260122_053125_ws0124_1331,11,19,37.5610927027135,147.28873431063096,37.5610927027135,1304,2026-01-22 20:45:15,0.8116696459181996,0.23834607552278056,0.5722012071745606
mu_mig_ctrl_20260122_053125_ws0124_1331,11,20,70.96433511445797,182.278142097094,70.96433511445797,3143,2026-01-22 20:36:43,0.6507134684293451,0.412461759108425,0.6102233641670536
mu_mig_ctrl_20260122_053125_ws0124_1331,11,21,17.652760613461023,103.4266250414752,17.652760613461023,2202,2026-01-22 20:51:28,0.8143125513916296,0.3436353761755023,0.27195834446270584
mu_mig_ctrl_20260122_053125_ws0124_1331,11,22,9.614787248003239,116.15323735255915,9.614787248003239,2356,2026-01-22 20:54:20,0.411200525816353,0.3556369465545745,0.5323988436720808
mu_mig_ctrl_20260122_053125_ws0124_1331,11,23,29.348169805615385,140.51386214396155,29.348169805615385,2033,2026-01-22 20:36:52,0.5983027116907212,0.34238203574273735,0.5701040397892558
mu_mig_ctrl_20260122_053125_ws0124_1331,11,24,31.6086244915551,143.07692139406169,31.6086244915551,2632,2026-01-22 20:40:18,0.9140409708422541,0.3832589026485675,0.34292343061096275
mu_mig_ctrl_20260122_053125_ws0124_1331,12,0,10.33418052201076,120.85856851944538,10.33418052201076,2360,2026-01-22 22:11:20,0.4113303789189193,0.3604980052457349,0.5438920123549592
mu_mig_ctrl_20260122_053125_ws0124_1331,12,1,52.071934494630575,162.12082128758664,52.071934494630575,1986,2026-01-22 21:53:25,0.6169638717842758,0.32418606067421585,0.6792097528326517
mu_mig_ctrl_20260122_053125_ws0124_1331,12,2,16.483954469752565,126.55462852888134,16.483954469752565,2474,2026-01-22 22:11:02,0.7528771003159718,0.3690009157379165,0.33996713859530936
mu_mig_ctrl_20260122_053125_ws0124_1331,12,3,37.38736345484232,148.96434095708975,37.38736345484232,2753,2026-01-22 21:51:39,0.9184365629982735,0.3867173285574818,0.3450603963135397
mu_mig_ctrl_20260122_053125_ws0124_1331,12,4,44.40247572693604,153.43384189049405,44.40247572693604,1661,2026-01-22 21:51:46,0.5465862922135958,0.2837822500601979,0.6871976547939728
mu_mig_ctrl_20260122_053125_ws0124_1331,12,5,54.539168297449834,164.2132272838814,54.539168297449834,1679,2026-01-22 21:53:23,0.6777425080775814,0.285325811349059,0.6987815392363291
mu_mig_ctrl_20260122_053125_ws0124_1331,12,6,35.62182114281766,147.0195178503768,35.62182114281766,2295,2026-01-22 21:49:40,0.552066766731562,0.36094347269789456,0.5886459370112611
mu_mig_ctrl_20260122_053125_ws0124_1331,12,7,32.75567571288014,81.07570743546091,32.75567571288014,898,2026-01-22 21:40:23,0.5735801753709591,0.16373418865857925,0.44873566940410603
mu_mig_ctrl_20260122_053125_ws0124_1331,12,8,29.351308056413128,139.22464687928345,29.351308056413128,1135,2026-01-22 21:45:57,0.82363399042092,0.2154639431735635,0.5914940548955108
mu_mig_ctrl_20260122_053125_ws0124_1331,12,9,34.67207654881089,146.29040784577143,34.67207654881089,2387,2026-01-22 22:11:15,0.5467019697966422,0.35640472398525774,0.5828786118537004
mu_mig_ctrl_20260122_053125_ws0124_1331,12,10,21.662669148662424,132.22623592151945,21.662669148662424,2859,2026-01-22 22:12:19,0.741794831464502,0.38547512034078346,0.33913123306191284
mu_mig_ctrl_20260122_053125_ws0124_1331,12,11,35.13481838400259,144.59489017115126,35.13481838400259,1674,2026-01-22 21:43:51,0.5486497064329423,0.2889068879368137,0.6863633128537461
mu_mig_ctrl_20260122_053125_ws0124_1331,12,12,10.515708149024787,120.90275660639932,10.515708149024787,1798,2026-01-22 21:54:45,0.5596672360276144,0.31381624188215956,0.5183029679473377
mu_mig_ctrl_20260122_053125_ws0124_1331,12,13,16.425507263457003,105.19523226356095,16.425507263457003,2253,2026-01-22 21:52:48,0.8088938834857629,0.339920499834982,0.27627062336128627
mu_mig_ctrl_20260122_053125_ws0124_1331,12,14,6.712124130243008,111.38780585383905,6.712124130243008,1907,2026-01-22 21:52:28,0.36800729908759466,0.31359854726661707,0.6085049878075033
mu_mig_ctrl_20260122_053125_ws0124_1331,12,15,36.66639203884542,77.19655861490524,36.66639203884542,865,2026-01-22 21:43:45,0.579965891641735,0.1610339101935786,0.4637220062795503
mu_mig_ctrl_20260122_053125_ws0124_1331,12,16,37.355452242532124,148.8781761302224,37.355452242532124,2380,2026-01-22 22:11:47,0.5864845390267858,0.37067181815564165,0.589713534054432
mu_mig_ctrl_20260122_053125_ws0124_1331,12,17,32.64661355643455,142.51273690677004,32.64661355643455,1261,2026-01-22 21:52:12,0.8066180687251562,0.2378616308071893,0.5730500589517742
mu_mig_ctrl_20260122_053125_ws0124_1331,12,18,17.020038105856376,96.69151566788949,17.020038105856376,984,2026-01-22 22:01:28,0.7430856064910107,0.1884298538030015,0.42795961957974915
mu_mig_ctrl_20260122_053125_ws0124_1331,12,19,32.47619153882959,142.6128772065599,32.47619153882959,1279,2026-01-22 21:49:04,0.8109194962464943,0.23872191185184588,0.5732186085932691
mu_mig_ctrl_20260122_053125_ws0124_1331,12,20,55.06972432832064,166.37510291191,55.06972432832064,2542,2026-01-22 21:49:25,0.6488705243718691,0.3828372251370864,0.5979279879314441
mu_mig_ctrl_20260122_053125_ws0124_1331,12,21,17.204983445466972,104.2086453264091,17.204983445466972,2281,2026-01-22 21:59:21,0.8124182993490124,0.3475518141911009,0.274063363383086
mu_mig_ctrl_20260122_053125_ws0124_1331,12,22,12.29324820086679,109.54503502558804,12.29324820086679,2297,2026-01-22 22:09:05,0.4113564159018699,0.350719359300935,0.5195118813563863
mu_mig_ctrl_20260122_053125_ws0124_1331,12,23,36.012849006850196,146.74944928270756,36.012849006850196,2122,2026-01-22 22:09:48,0.6001289909700922,0.343440030010594,0.5715339244978692
mu_mig_ctrl_20260122_053125_ws0124_1331,12,24,33.016449026324395,144.25067000050967,33.016449026324395,2681,2026-01-22 22:02:31,0.9105873786676125,0.3756196956745333,0.3448096829487225
mu_mig_ctrl_20260122_053125_ws0124_1331,13,0,7.970038519805758,116.15326734052096,7.970038519805758,2286,2026-01-22 23:31:34,0.41279660732087753,0.3566783896368977,0.5416453048845741
mu_mig_ctrl_20260122_053125_ws0124_1331,13,1,51.277722172826664,161.08978842337913,51.277722172826664,1632,2026-01-22 23:18:42,0.6623313447398382,0.2856436595448423,0.6968668272702514
mu_mig_ctrl_20260122_053125_ws0124_1331,13,2,13.227866285544243,119.94975915538807,13.227866285544243,2416,2026-01-22 23:25:05,0.7344693434116359,0.36538517627061606,0.33354396793684693
mu_mig_ctrl_20260122_053125_ws0124_1331,13,3,33.67643196026785,145.34457895987265,33.67643196026785,2671,2026-01-22 23:26:27,0.9154213415580487,0.37890514483571724,0.34546743873661534
mu_mig_ctrl_20260122_053125_ws0124_1331,13,4,30.02160569756397,140.50404551038937,30.02160569756397,1648,2026-01-22 23:25:53,0.5270824488386039,0.2913955471401596,0.6813521508080407
mu_mig_ctrl_20260122_053125_ws0124_1331,13,5,52.19390248882613,162.23915135240807,52.19390248882613,1848,2026-01-22 23:28:02,0.6187895654475437,0.31490127079556995,0.6963989530112653
mu_mig_ctrl_20260122_053125_ws0124_1331,13,6,37.13955371741162,148.71841089961546,37.13955371741162,2358,2026-01-22 23:29:51,0.5452971650470795,0.3588031442209878,0.5860354923691953
mu_mig_ctrl_20260122_053125_ws0124_1331,13,7,40.982830013173285,74.49382832840405,40.982830013173285,906,2026-01-22 23:19:52,0.5766028599290426,0.16115731893073076,0.45153881311566646
mu_mig_ctrl_20260122_053125_ws0124_1331,13,8,27.756254121266885,136.6746466619402,27.756254121266885,1145,2026-01-22 23:21:56,0.8046031914020071,0.2128903570860727,0.5967956021377607
mu_mig_ctrl_20260122_053125_ws0124_1331,13,9,34.506121602901885,145.57838859055872,34.506121602901885,2087,2026-01-22 22:53:27,0.5420664911682287,0.35069155508593486,0.5842635965504498
mu_mig_ctrl_20260122_053125_ws0124_1331,13,10,14.699021839101635,121.67081129625846,14.699021839101635,2496,2026-01-22 22:55:41,0.744062768187031,0.3798876320893536,0.33966676749940766
mu_mig_ctrl_20260122_053125_ws0124_1331,13,11,31.049867569205226,141.71921717690662,31.049867569205226,1668,2026-01-22 23:22:49,0.5481183042093791,0.28832989888548666,0.6849224830074363
mu_mig_ctrl_20260122_053125_ws0124_1331,13,12,11.41560513664814,121.18948794619392,11.41560513664814,1895,2026-01-22 23:25:51,0.5613358593977797,0.3158698183199727,0.5201864932177496
mu_mig_ctrl_20260122_053125_ws0124_1331,13,13,14.060391677772436,104.13682124404231,14.060391677772436,2117,2026-01-22 23:22:41,0.8091126638346471,0.33996098919230383,0.27660728499822096
mu_mig_ctrl_20260122_053125_ws0124_1331,13,14,14.515852331131175,125.59911619524634,14.515852331131175,2372,2026-01-22 22:53:04,0.4147673251205838,0.36280313622483534,0.5936047708620361
mu_mig_ctrl_20260122_053125_ws0124_1331,13,15,36.27294897388971,77.38983276994456,36.27294897388971,866,2026-01-22 23:10:31,0.5782277152821141,0.16312925419343655,0.44729310862203736
mu_mig_ctrl_20260122_053125_ws0124_1331,13,16,41.903225894063254,153.44016689485835,41.903225894063254,2506,2026-01-22 23:25:14,0.5858948564038455,0.36781306952289394,0.5883682980483087
mu_mig_ctrl_20260122_053125_ws0124_1331,13,17,29.1439334667549,139.16364500374,29.1439334667549,1273,2026-01-22 23:16:34,0.7970855966123324,0.23803173792929846,0.5741977461199952
mu_mig_ctrl_20260122_053125_ws0124_1331,13,18,16.892167285274585,97.8431081577426,16.892167285274585,1011,2026-01-22 23:11:56,0.7733295880278809,0.18517284706186313,0.439638355811373
mu_mig_ctrl_20260122_053125_ws0124_1331,13,19,38.211603030751306,147.31057217974663,38.211603030751306,1330,2026-01-22 23:17:50,0.8104694064434711,0.23894741364928507,0.5738290494444943
mu_mig_ctrl_20260122_053125_ws0124_1331,13,20,50.27353011986675,161.3817454879473,50.27353011986675,2353,2026-01-22 23:31:54,0.6384382629662458,0.35588006523307286,0.5889999526555272
mu_mig_ctrl_20260122_053125_ws0124_1331,13,21,13.20903983391803,108.8603035779477,13.20903983391803,2230,2026-01-22 23:30:42,0.8094965563067174,0.3476870080009658,0.27574060361088853
mu_mig_ctrl_20260122_053125_ws0124_1331,13,22,8.22810260390661,117.08032396336324,8.22810260390661,2279,2026-01-22 23:26:13,0.4114365612980162,0.3496908131629087,0.5274712616869712
mu_mig_ctrl_20260122_053125_ws0124_1331,13,23,35.667050155371825,147.03772742930897,35.667050155371825,2179,2026-01-22 23:25:52,0.5662546389497015,0.34446512030413146,0.5749372803643287
mu_mig_ctrl_20260122_053125_ws0124_1331,13,24,30.01533729741339,141.31628429944175,30.01533729741339,2558,2026-01-22 23:28:08,0.9085152233628275,0.37103617149011275,0.3459414343513783
mu_mig_ctrl_20260122_053125_ws0124_1331,14,0,8.084205531189538,110.78136603615391,8.084205531189538,2247,2026-01-23 00:37:11,0.4136763443620525,0.35438662027159534,0.5402972804023429
mu_mig_ctrl_20260122_053125_ws0124_1331,14,1,48.837047454081414,158.12614018999835,48.837047454081414,1434,2026-01-23 00:34:35,0.6895518285131756,0.26251821886721816,0.7074610719328112
mu_mig_ctrl_20260122_053125_ws0124_1331,14,2,11.002288692529532,114.56285801355659,11.002288692529532,2347,2026-01-23 00:39:15,0.7234246892690345,0.3632157325902358,0.32969006554176944
mu_mig_ctrl_20260122_053125_ws0124_1331,14,3,33.31667532068727,144.48260396571902,33.31667532068727,2568,2026-01-23 00:41:33,0.9096514088355686,0.36986711374382747,0.345744865496011
mu_mig_ctrl_20260122_053125_ws0124_1331,14,4,42.40339345515061,151.75666337316272,42.40339345515061,1707,2026-01-23 00:37:06,0.5153801428136088,0.2959635253881366,0.6778448484164814
mu_mig_ctrl_20260122_053125_ws0124_1331,14,5,56.04241726609683,165.6471480976053,56.04241726609683,1759,2026-01-23 00:22:46,0.6181393481537647,0.31291698846690397,0.6950266935250005
mu_mig_ctrl_20260122_053125_ws0124_1331,14,6,36.26834141203472,147.83534033854687,36.26834141203472,2348,2026-01-23 00:37:33,0.5407933903039163,0.35524532857333135,0.5841208574459672
mu_mig_ctrl_20260122_053125_ws0124_1331,14,7,34.03917207599261,79.97131740266606,34.03917207599261,891,2026-01-23 00:27:04,0.579458202594822,0.16047602271251152,0.45184592694516307
mu_mig_ctrl_20260122_053125_ws0124_1331,14,8,31.583981657640752,140.80398288958995,31.583981657640752,1110,2026-01-23 00:31:07,0.7931847119906593,0.21134620543357824,0.5999765304831106
mu_mig_ctrl_20260122_053125_ws0124_1331,14,9,36.063194414409914,146.97292562498737,36.063194414409914,2285,2026-01-23 00:42:09,0.5392852039911806,0.34726365374634116,0.5850945873684994
mu_mig_ctrl_20260122_053125_ws0124_1331,14,10,21.645480011396433,132.80097055053474,21.645480011396433,2565,2026-01-23 00:41:51,0.7453516270333288,0.37442642354580946,0.33707816644619626
mu_mig_ctrl_20260122_053125_ws0124_1331,14,11,27.42238774820433,137.2013988803232,27.42238774820433,1635,2026-01-23 00:20:50,0.5399118631333334,0.28899753475431855,0.6829119544958965
mu_mig_ctrl_20260122_053125_ws0124_1331,14,12,20.212098251145147,131.51778038367442,20.212098251145147,2015,2026-01-23 00:22:20,0.562337033419879,0.31710196418266057,0.5213166083799968
mu_mig_ctrl_20260122_053125_ws0124_1331,14,13,12.584425068189466,111.17851780457107,12.584425068189466,2238,2026-01-23 00:38:39,0.809398012908213,0.3444736692866078,0.2766956367001979
mu_mig_ctrl_20260122_053125_ws0124_1331,14,14,36.69466486494432,148.4883211281923,36.69466486494432,2943,2026-01-23 00:45:22,0.4419402868676811,0.3902799498037357,0.5747639238241993
mu_mig_ctrl_20260122_053125_ws0124_1331,14,15,41.13534254235998,73.70893447057293,41.13534254235998,916,2026-01-23 00:30:32,0.5771848094663417,0.1643864605933513,0.43743577002752965
mu_mig_ctrl_20260122_053125_ws0124_1331,14,16,38.57304047532324,148.9567569995718,38.57304047532324,2315,2026-01-23 00:41:15,0.5722096253752188,0.3607654132594608,0.5864259922783424
mu_mig_ctrl_20260122_053125_ws0124_1331,14,17,32.69223660106303,142.89419014776664,32.69223660106303,1266,2026-01-23 00:35:06,0.791366113344638,0.23813380220256394,0.5748863584209277
mu_mig_ctrl_20260122_053125_ws0124_1331,14,18,12.811731260701073,102.1990252090509,12.811731260701073,987,2026-01-23 00:16:33,0.7914759769500029,0.1832186430171801,0.4466455975503473
mu_mig_ctrl_20260122_053125_ws0124_1331,14,19,31.361644583631698,141.47758728108622,31.361644583631698,1288,2026-01-23 00:34:36,0.8023349189808221,0.23882308088833504,0.5743272737993865
mu_mig_ctrl_20260122_053125_ws0124_1331,14,20,44.73177381555921,156.05296363956933,44.73177381555921,2257,2026-01-23 00:41:46,0.6106044292151004,0.34879659420416265,0.5833418471644312
mu_mig_ctrl_20260122_053125_ws0124_1331,14,21,15.228858765217918,107.31159530824337,15.228858765217918,2231,2026-01-23 00:39:20,0.8077435104813403,0.34776812428688475,0.27674694774757
mu_mig_ctrl_20260122_053125_ws0124_1331,14,22,13.827257451226743,121.14760009771894,13.827257451226743,2367,2026-01-23 00:43:16,0.4117638225630588,0.35077833497850563,0.5332023422903596
mu_mig_ctrl_20260122_053125_ws0124_1331,14,23,29.62046830967339,140.92177768637094,29.62046830967339,2095,2026-01-23 00:40:43,0.5453187737704064,0.3498074054979493,0.5839274142466757
mu_mig_ctrl_20260122_053125_ws0124_1331,14,24,29.70385324185669,140.78226195995836,29.70385324185669,2492,2026-01-23 00:25:01,0.9072719301799566,0.36828605697946043,0.3466204851929718
mu_mig_ctrl_20260122_053125_ws0124_1331,15,0,14.824698252445915,107.11935027763153,14.824698252445915,2128,2026-01-23 01:54:21,0.41420418658675745,0.35301155865241396,0.5394884657130044
mu_mig_ctrl_20260122_053125_ws0124_1331,15,1,55.4309142111603,164.15287399478433,55.4309142111603,1365,2026-01-23 01:38:03,0.7058841187771782,0.2486429544606437,0.7138176187303471
mu_mig_ctrl_20260122_053125_ws0124_1331,15,2,13.141077673029095,111.70247235753912,13.141077673029095,2352,2026-01-23 01:40:39,0.7167978967834736,0.3619140663820077,0.327377724104723
mu_mig_ctrl_20260122_053125_ws0124_1331,15,3,31.678272927733143,142.9544952729124,31.678272927733143,2472,2026-01-23 01:47:57,0.9051940482629662,0.36355411140025795,0.3463812068867517
mu_mig_ctrl_20260122_053125_ws0124_1331,15,4,25.1326400089915,135.3087129552991,25.1326400089915,1720,2026-01-23 01:51:05,0.5105175982910084,0.297813002394699,0.6771227085779519
mu_mig_ctrl_20260122_053125_ws0124_1331,15,5,52.37881002788911,162.70825220938258,52.37881002788911,1839,2026-01-23 01:53:23,0.5895028199337371,0.31009741308980143,0.6871645254845493
mu_mig_ctrl_20260122_053125_ws0124_1331,15,6,34.612616296091915,145.820966094935,34.612616296091915,2236,2026-01-23 01:54:35,0.5405106396783796,0.3495028025769892,0.5828308950600894
mu_mig_ctrl_20260122_053125_ws0124_1331,15,7,45.1590665949162,70.16752822963755,45.1590665949162,893,2026-01-23 01:31:59,0.5811714081942896,0.16006724498157995,0.45203019524286103
mu_mig_ctrl_20260122_053125_ws0124_1331,15,8,27.632628059339464,137.45664712493934,27.632628059339464,1149,2026-01-23 01:44:57,0.7863336243438507,0.21041971444208155,0.6018850874903207
mu_mig_ctrl_20260122_053125_ws0124_1331,15,9,35.2410859367649,145.70983660889362,35.2410859367649,2261,2026-01-23 01:45:24,0.5406655443984191,0.3461181419162049,0.5849845875722097
mu_mig_ctrl_20260122_053125_ws0124_1331,15,10,10.80813525163225,116.25411897691964,10.80813525163225,2361,2026-01-23 01:58:18,0.7362970861066018,0.36582571320319285,0.3322701689076043
mu_mig_ctrl_20260122_053125_ws0124_1331,15,11,32.30466988950703,142.6275067667855,32.30466988950703,1702,2026-01-23 01:41:45,0.534987998487706,0.2893981162756177,0.6817056373889725
mu_mig_ctrl_20260122_053125_ws0124_1331,15,12,9.677507209636953,119.58661698648787,9.677507209636953,1884,2026-01-23 01:36:01,0.5629377378331385,0.3178412517002733,0.5219946774773452
mu_mig_ctrl_20260122_053125_ws0124_1331,15,13,14.193459346255663,107.37927223107485,14.193459346255663,2229,2026-01-23 01:52:25,0.8095692223523525,0.34718127734319015,0.27674864772138413
mu_mig_ctrl_20260122_053125_ws0124_1331,15,14,27.596785608551087,139.18017259595908,27.596785608551087,2844,2026-01-23 01:57:38,0.4509122161046968,0.39226054651206327,0.549192984892233
mu_mig_ctrl_20260122_053125_ws0124_1331,15,15,42.02964002495847,72.70041652307506,42.02964002495847,925,2026-01-23 01:45:30,0.5780942966254563,0.16340627469719426,0.4385990668675297
mu_mig_ctrl_20260122_053125_ws0124_1331,15,16,37.89401103463652,149.03014608733844,37.89401103463652,2366,2026-01-23 01:57:20,0.5514305597198816,0.3541005010306917,0.5848027648905973
mu_mig_ctrl_20260122_053125_ws0124_1331,15,17,34.19462106108166,143.63230950588866,34.19462106108166,1294,2026-01-23 01:46:48,0.7891742352860884,0.2383658957978598,0.5752356216691505
mu_mig_ctrl_20260122_053125_ws0124_1331,15,18,9.801987477377093,109.70094865504356,9.801987477377093,1027,2026-01-23 01:32:44,0.8023638103032762,0.1820461205903703,0.4508499425937319
mu_mig_ctrl_20260122_053125_ws0124_1331,15,19,31.130964868609897,140.76134769189903,31.130964868609897,1319,2026-01-23 01:48:05,0.7974542265032327,0.238748481231765,0.5746262084123217
mu_mig_ctrl_20260122_053125_ws0124_1331,15,20,39.1109629451933,150.44683941026267,39.1109629451933,2230,2026-01-23 01:47:02,0.5792975832675078,0.34575659799391856,0.5812430378707542
mu_mig_ctrl_20260122_053125_ws0124_1331,15,21,12.347797876258017,111.17513771061152,12.347797876258017,2200,2026-01-23 01:46:47,0.8072258736043438,0.3475375597196401,0.27733370970015647
mu_mig_ctrl_20260122_053125_ws0124_1331,15,22,10.34868619678346,117.44807313345457,10.34868619678346,2194,2026-01-23 01:56:00,0.41313857960546285,0.35265576980666696,0.5409171683013667
mu_mig_ctrl_20260122_053125_ws0124_1331,15,23,44.43751988566732,155.59649240806354,44.43751988566732,2469,2026-01-23 01:55:46,0.5327572546628293,0.35301277661424,0.589321494576084
mu_mig_ctrl_20260122_053125_ws0124_1331,15,24,27.344556965045214,138.0384461407198,27.344556965045214,2389,2026-01-23 01:40:01,0.906525954270234,0.36663598827306904,0.3470279156979279
mu_mig_ctrl_20260122_053125_ws0124_1331,16,0,9.593866732039595,116.26991954514024,9.593866732039595,2359,2026-01-23 03:10:21,0.41404558045948514,0.35204925298058815,0.5400653909344593
mu_mig_ctrl_20260122_053125_ws0124_1331,16,1,50.34159643554896,160.08510116041435,50.34159643554896,1684,2026-01-23 02:46:39,0.628744910129731,0.2834489925294587,0.7102448641657203
mu_mig_ctrl_20260122_053125_ws0124_1331,16,2,12.613813117664511,112.5214536917855,12.613813117664511,2362,2026-01-23 03:11:37,0.7244909999400494,0.36174784401330357,0.3280607354370659
mu_mig_ctrl_20260122_053125_ws0124_1331,16,3,25.07783657857707,136.380168005018,25.07783657857707,2283,2026-01-23 02:59:55,0.9025784493352498,0.3608001481781665,0.3469255568741106
mu_mig_ctrl_20260122_053125_ws0124_1331,16,4,29.31580349460592,139.8628133220941,29.31580349460592,1780,2026-01-23 02:49:26,0.5076000715774481,0.29892268859863647,0.6766894246748343
mu_mig_ctrl_20260122_053125_ws0124_1331,16,5,35.71596332110528,146.04739036465654,35.71596332110528,1786,2026-01-23 03:07:04,0.5451866176688672,0.3079170313997006,0.6822439896199581
mu_mig_ctrl_20260122_053125_ws0124_1331,16,6,28.739007873534828,137.3400056738567,28.739007873534828,2215,2026-01-23 03:09:38,0.5403409893030577,0.34605728697918386,0.5820569176285628
mu_mig_ctrl_20260122_053125_ws0124_1331,16,7,36.20082897188225,78.10821218265836,36.20082897188225,846,2026-01-23 02:43:31,0.57976009435457,0.16016923749999334,0.44976544283525877
mu_mig_ctrl_20260122_053125_ws0124_1331,16,8,32.897736183999534,141.68499895228513,32.897736183999534,1133,2026-01-23 02:59:59,0.7822229717557655,0.20986381984718352,0.6030302216946466
mu_mig_ctrl_20260122_053125_ws0124_1331,16,9,25.31241666240832,136.45149366782692,25.31241666240832,2111,2026-01-23 03:09:22,0.5414595157550001,0.3470253214866931,0.5841313011846776
mu_mig_ctrl_20260122_053125_ws0124_1331,16,10,11.586394106436574,117.11785541001944,11.586394106436574,2327,2026-01-23 03:12:11,0.7308643615505657,0.3606652869976229,0.32938537038444915
mu_mig_ctrl_20260122_053125_ws0124_1331,16,11,26.888917055638185,136.959570900371,26.888917055638185,1680,2026-01-23 03:02:10,0.5295836602947555,0.2919518318729387,0.677319635690794
mu_mig_ctrl_20260122_053125_ws0124_1331,16,12,13.785739013639075,123.62456497150674,13.785739013639075,1830,2026-01-23 02:56:19,0.5632981604810943,0.3182848242108409,0.5224015189357543
mu_mig_ctrl_20260122_053125_ws0124_1331,16,13,20.25366648158245,101.37546538715979,20.25366648158245,2287,2026-01-23 03:09:39,0.8091349097824829,0.3490258308350366,0.2772360043407859
mu_mig_ctrl_20260122_053125_ws0124_1331,16,14,14.94920114238027,124.11750390150307,14.94920114238027,2429,2026-01-23 02:59:40,0.4372077570391257,0.3660305264076006,0.5264239040130803
mu_mig_ctrl_20260122_053125_ws0124_1331,16,15,37.46305720085256,77.74354025930485,37.46305720085256,916,2026-01-23 03:00:59,0.5786399889209252,0.16281816315950004,0.43929704497152966
mu_mig_ctrl_20260122_053125_ws0124_1331,16,16,30.478634275680125,141.8971005455714,30.478634275680125,2206,2026-01-23 03:08:40,0.531438275688188,0.34711706481001725,0.5832533917746219
mu_mig_ctrl_20260122_053125_ws0124_1331,16,17,41.38892275874356,150.78736262176577,41.38892275874356,1334,2026-01-23 03:01:09,0.7884402376607998,0.2386572437110205,0.5754098649925967
mu_mig_ctrl_20260122_053125_ws0124_1331,16,18,11.868410374454,104.58886915463103,11.868410374454,1002,2026-01-23 02:47:50,0.8088965103152401,0.1813426071342844,0.4533725496197626
mu_mig_ctrl_20260122_053125_ws0124_1331,16,19,31.47158640061229,141.2379255644976,31.47158640061229,1274,2026-01-23 02:53:47,0.7945258110166791,0.238703721437823,0.574805569180083
mu_mig_ctrl_20260122_053125_ws0124_1331,16,20,41.6876727248783,152.89718356350963,41.6876727248783,2189,2026-01-23 02:58:51,0.5595675090035724,0.34983307926003526,0.5811223827957617
mu_mig_ctrl_20260122_053125_ws0124_1331,16,21,14.68742232785235,106.24720654320342,14.68742232785235,2197,2026-01-23 02:52:32,0.806915291478146,0.3473992209792933,0.2776857668717083
mu_mig_ctrl_20260122_053125_ws0124_1331,16,22,9.525203980522999,114.11541925155359,9.525203980522999,2324,2026-01-23 02:51:10,0.4139634338309053,0.3537822307035638,0.5455460639079711
mu_mig_ctrl_20260122_053125_ws0124_1331,16,23,32.795188383732466,143.95468869265898,32.795188383732466,2274,2026-01-23 03:08:32,0.5257271115335771,0.3523231925804361,0.5901107339468086
mu_mig_ctrl_20260122_053125_ws0124_1331,16,24,27.079009230456883,138.7496603582796,27.079009230456883,2453,2026-01-23 03:12:24,0.9060783687244004,0.3656459470492342,0.34727237400090155
mu_mig_ctrl_20260122_053125_ws0124_1331,17,0,15.865724993777802,124.84265256046288,15.865724993777802,2353,2026-01-23 04:22:39,0.41388738946306586,0.3527022043728587,0.5432329801068969
mu_mig_ctrl_20260122_053125_ws0124_1331,17,1,57.29672875433285,166.81779423777212,57.29672875433285,1825,2026-01-23 04:20:11,0.5789378531220036,0.30924684586276446,0.6981949041882355
mu_mig_ctrl_20260122_053125_ws0124_1331,17,2,11.807752654498229,108.52987598568596,11.807752654498229,2251,2026-01-23 04:20:45,0.7317819199595512,0.3609337764645682,0.3285158752076791
mu_mig_ctrl_20260122_053125_ws0124_1331,17,3,31.608896513510835,143.22610314265216,31.608896513510835,2460,2026-01-23 04:08:06,0.90100908997862,0.3591477702449117,0.3472521668665259
mu_mig_ctrl_20260122_053125_ws0124_1331,17,4,31.932893020402506,140.69825120798257,31.932893020402506,1734,2026-01-23 04:06:22,0.517615049391702,0.2990510004847335,0.676431031992733
mu_mig_ctrl_20260122_053125_ws0124_1331,17,5,45.81065774073219,155.85161921685742,45.81065774073219,1822,2026-01-23 04:21:24,0.5158286965326728,0.3040481745263098,0.6783804025219402
mu_mig_ctrl_20260122_053125_ws0124_1331,17,6,35.890490849103536,146.59557317394808,35.890490849103536,2187,2026-01-23 04:09:22,0.5408746064325273,0.34427308995635847,0.582883441593696
mu_mig_ctrl_20260122_053125_ws0124_1331,17,7,42.83211011793517,71.3461530819672,42.83211011793517,891,2026-01-23 04:04:35,0.5789133060507382,0.1602304330110414,0.4484065913906975
mu_mig_ctrl_20260122_053125_ws0124_1331,17,8,36.705593563783,146.3408863910675,36.705593563783,1220,2026-01-23 04:14:13,0.7797565802029144,0.2095302830902447,0.6037173022172422
mu_mig_ctrl_20260122_053125_ws0124_1331,17,9,43.16747830959093,153.8887358856452,43.16747830959093,2296,2026-01-23 04:22:44,0.5419358985689486,0.347569629228986,0.5836193293521584
mu_mig_ctrl_20260122_053125_ws0124_1331,17,10,14.067579369700805,112.22055662634013,14.067579369700805,2345,2026-01-23 04:15:07,0.727604726816944,0.3575690312742809,0.32765449127055607
mu_mig_ctrl_20260122_053125_ws0124_1331,17,11,31.94701039921485,141.9304804040012,31.94701039921485,1652,2026-01-23 04:19:11,0.5263410573789852,0.29348406123133136,0.6746880346718869
mu_mig_ctrl_20260122_053125_ws0124_1331,17,12,22.53985118187616,132.28974343489253,22.53985118187616,1951,2026-01-23 04:21:07,0.5635144140698677,0.3185509677171815,0.5226456238107996
mu_mig_ctrl_20260122_053125_ws0124_1331,17,13,13.219300623839926,110.28979305562106,13.219300623839926,2313,2026-01-23 04:15:15,0.8071112451895088,0.3493977171945311,0.2777529991317463
mu_mig_ctrl_20260122_053125_ws0124_1331,17,14,12.349474547743721,106.25627091291916,12.349474547743721,2041,2026-01-23 04:21:24,0.4178053665848021,0.340986447901327,0.5152624412972595
mu_mig_ctrl_20260122_053125_ws0124_1331,17,15,32.54677392621706,81.36216017945665,32.54677392621706,909,2026-01-23 04:14:13,0.5789834103418119,0.16161032384615973,0.4463548075415881
mu_mig_ctrl_20260122_053125_ws0124_1331,17,16,28.99553560735434,140.46059963440092,28.99553560735434,2246,2026-01-23 04:14:50,0.5251021952173515,0.3421413180628411,0.5819734086811736
mu_mig_ctrl_20260122_053125_ws0124_1331,17,17,29.9592902858064,140.33221064288995,29.9592902858064,1269,2026-01-23 04:15:31,0.7919646786775866,0.2388326865746991,0.5753245346565172
mu_mig_ctrl_20260122_053125_ws0124_1331,17,18,9.204458422189195,106.12726785666199,9.204458422189195,963,2026-01-23 04:03:37,0.8128161303224185,0.18092049906063287,0.454886113835381
mu_mig_ctrl_20260122_053125_ws0124_1331,17,19,28.724769596530745,139.46935323462432,28.724769596530745,1316,2026-01-23 04:16:07,0.7927687617247469,0.2386768655614578,0.5749131856407397
mu_mig_ctrl_20260122_053125_ws0124_1331,17,20,31.200320624880018,142.3136508485112,31.200320624880018,2293,2026-01-23 04:13:40,0.5350046477896165,0.351518219719135,0.5830749205615442
mu_mig_ctrl_20260122_053125_ws0124_1331,17,21,18.397253071896376,100.45122558087523,18.397253071896376,2193,2026-01-23 04:21:00,0.8067289422024273,0.34731621773508525,0.27789700117463945
mu_mig_ctrl_20260122_053125_ws0124_1331,17,22,14.24493143290678,124.45209543529839,14.24493143290678,2397,2026-01-23 04:10:11,0.41445834636617074,0.3544581072417019,0.5483234012719337
mu_mig_ctrl_20260122_053125_ws0124_1331,17,23,37.26021593571162,148.42086967946187,37.26021593571162,2222,2026-01-23 04:07:42,0.5240337369489012,0.35047077940247917,0.5855335896148777
mu_mig_ctrl_20260122_053125_ws0124_1331,17,24,34.67319182097249,146.36369854706868,34.67319182097249,2428,2026-01-23 04:23:27,0.9045443358873152,0.36297553903548524,0.3473784812398825
mu_mig_ctrl_20260122_053125_ws0124_1331,18,0,11.17913902345973,120.68067232914571,11.17913902345973,2309,2026-01-23 05:25:31,0.41420935599399994,0.35395863428728813,0.5452608361723352
mu_mig_ctrl_20260122_053125_ws0124_1331,18,1,43.41991598701533,153.98964125844543,43.41991598701533,1920,2026-01-23 05:40:36,0.5459261453946921,0.32075162700396326,0.6873605220858473
mu_mig_ctrl_20260122_053125_ws0124_1331,18,2,15.867989819493669,123.46847033213784,15.867989819493669,2358,2026-01-23 05:27:02,0.7361564719712523,0.36044533593532696,0.328788959070047
mu_mig_ctrl_20260122_053125_ws0124_1331,18,3,28.216609984806805,139.60000425857172,28.216609984806805,2393,2026-01-23 05:10:24,0.9000674743646421,0.3581563434849588,0.34744813286197507
mu_mig_ctrl_20260122_053125_ws0124_1331,18,4,33.93561625044667,144.59724684057596,33.93561625044667,1824,2026-01-23 05:31:18,0.5236240360802543,0.2991279876163917,0.6762759963834722
mu_mig_ctrl_20260122_053125_ws0124_1331,18,5,31.555799036777035,141.73447258586071,31.555799036777035,1688,2026-01-23 05:38:22,0.49944913549096764,0.29968632110771315,0.6748082838991263
mu_mig_ctrl_20260122_053125_ws0124_1331,18,6,45.31406773303984,155.88037326247647,45.31406773303984,2368,2026-01-23 05:27:16,0.541194776710209,0.3432025717426632,0.5833793559727759
mu_mig_ctrl_20260122_053125_ws0124_1331,18,7,43.91579388080263,70.8953610587054,43.91579388080263,868,2026-01-23 05:32:06,0.5784455309499386,0.16079806940228544,0.4466863713629963
mu_mig_ctrl_20260122_053125_ws0124_1331,18,8,34.709856578137,144.01885105587093,34.709856578137,1215,2026-01-23 05:30:44,0.7875707620949915,0.21416558953883666,0.589438621064186
mu_mig_ctrl_20260122_053125_ws0124_1331,18,9,30.97468424071155,142.60830171247616,30.97468424071155,2263,2026-01-23 05:37:08,0.5416728107443814,0.3469539505507945,0.5832786162311033
mu_mig_ctrl_20260122_053125_ws0124_1331,18,10,11.508445767867698,117.4185622124099,11.508445767867698,2304,2026-01-23 05:09:17,0.7267024500328259,0.3576610641616529,0.3269818663955591
mu_mig_ctrl_20260122_053125_ws0124_1331,18,11,27.84767592421295,138.27098400941938,27.84767592421295,1702,2026-01-23 05:35:57,0.5211177778678111,0.29817810688267266,0.6740298999515824
mu_mig_ctrl_20260122_053125_ws0124_1331,18,12,17.73425018590456,128.98170286724462,17.73425018590456,1897,2026-01-23 05:23:46,0.5636441662231317,0.31871065382098585,0.5227920867358269
mu_mig_ctrl_20260122_053125_ws0124_1331,18,13,13.173848568569131,109.09485441928109,13.173848568569131,2145,2026-01-23 05:41:36,0.8058970464337244,0.34962084901022783,0.2780631960063225
mu_mig_ctrl_20260122_053125_ws0124_1331,18,14,9.259589121939838,107.22559876543329,9.259589121939838,2063,2026-01-23 05:38:08,0.406163932312208,0.3259600007975628,0.5085655636677672
mu_mig_ctrl_20260122_053125_ws0124_1331,18,15,36.48805983180496,78.64824470601017,36.48805983180496,899,2026-01-23 05:15:50,0.579189463194344,0.16088562025815553,0.4505894650836231
mu_mig_ctrl_20260122_053125_ws0124_1331,18,16,31.81291509851862,143.28088143806949,31.81291509851862,2189,2026-01-23 05:39:38,0.5213005469348495,0.3391558700145354,0.5812054188251047
mu_mig_ctrl_20260122_053125_ws0124_1331,18,17,28.0469599076153,137.7351728966767,28.0469599076153,1271,2026-01-23 05:31:42,0.7942738786956628,0.23885449532632463,0.5750773042097708
mu_mig_ctrl_20260122_053125_ws0124_1331,18,18,7.349434762918009,108.88786021868951,7.349434762918009,953,2026-01-23 05:24:07,0.8151679023267255,0.18066723421644196,0.45579425236475213
mu_mig_ctrl_20260122_053125_ws0124_1331,18,19,33.935251530760404,144.0783872481138,33.935251530760404,1315,2026-01-23 05:30:02,0.7917145321495875,0.2386607520356387,0.5749777555171337
mu_mig_ctrl_20260122_053125_ws0124_1331,18,20,32.42087524343843,143.82976220976232,32.42087524343843,2306,2026-01-23 05:09:00,0.520266931061243,0.3525293039945948,0.5842464432210138
mu_mig_ctrl_20260122_053125_ws0124_1331,18,21,17.055573899198784,104.19315698679966,17.055573899198784,2302,2026-01-23 05:10:03,0.8068416947089511,0.3478387562316393,0.27792359404139455
mu_mig_ctrl_20260122_053125_ws0124_1331,18,22,11.5235196963416,121.7550099965615,11.5235196963416,2280,2026-01-23 05:25:21,0.41475529388733,0.35486363316458475,0.5499898036903113
mu_mig_ctrl_20260122_053125_ws0124_1331,18,23,33.73811330599578,144.921351735975,33.73811330599578,2221,2026-01-23 05:36:23,0.5310638710547403,0.3500929935844078,0.5822761516876982
mu_mig_ctrl_20260122_053125_ws0124_1331,18,24,28.15473293733945,139.51482824298273,28.15473293733945,2359,2026-01-23 05:37:23,0.9026770242831151,0.3602909821578107,0.34737012489558877
mu_mig_ctrl_20260122_053125_ws0124_1331,19,0,15.61592004948073,126.36183093909256,15.61592004948073,2276,2026-01-23 06:42:24,0.4144025359125604,0.35471249223594575,0.5464775498115984
mu_mig_ctrl_20260122_053125_ws0124_1331,19,1,34.667521186745205,145.345738063881,34.667521186745205,1978,2026-01-23 06:49:39,0.5232480657402482,0.32192449006593643,0.6728636254026736
mu_mig_ctrl_20260122_053125_ws0124_1331,19,2,10.481882946057404,117.72036285339533,10.481882946057404,2255,2026-01-23 06:42:36,0.7326042022517847,0.35905559113062413,0.3280003571411778
mu_mig_ctrl_20260122_053125_ws0124_1331,19,3,21.88152129350597,132.73997462581787,21.88152129350597,2337,2026-01-23 06:45:01,0.9005385417788874,0.35809426453491233,0.3475552814223901
mu_mig_ctrl_20260122_053125_ws0124_1331,19,4,39.37919941888657,149.68379862491778,39.37919941888657,1870,2026-01-23 06:39:30,0.5270344609037914,0.298830809102982,0.6761489056600483
mu_mig_ctrl_20260122_053125_ws0124_1331,19,5,30.69809693224163,141.4185145520329,30.69809693224163,1793,2026-01-23 06:38:58,0.4924707144651771,0.29646942808755083,0.6723376764221818
mu_mig_ctrl_20260122_053125_ws0124_1331,19,6,43.87183779460437,155.34689395826678,43.87183779460437,2239,2026-01-23 06:42:26,0.5414131492877161,0.34493831754337456,0.5836522051747715
mu_mig_ctrl_20260122_053125_ws0124_1331,19,7,41.543937323307,72.5906801987167,41.543937323307,838,2026-01-23 06:32:19,0.5785968292850422,0.16114834876085143,0.44648038504585685
mu_mig_ctrl_20260122_053125_ws0124_1331,19,8,32.32971104754804,141.78345598668054,32.32971104754804,1201,2026-01-23 06:35:03,0.7931605343242779,0.218676580466444,0.575753631185745
mu_mig_ctrl_20260122_053125_ws0124_1331,19,9,28.953023592915898,139.95177360051372,28.953023592915898,2161,2026-01-23 06:49:50,0.5415149580496411,0.34658454334387956,0.5830741883584702
mu_mig_ctrl_20260122_053125_ws0124_1331,19,10,13.04294509779171,117.31614388925065,13.04294509779171,2368,2026-01-23 06:52:40,0.726161083962355,0.35771628389407606,0.3265782914705609
mu_mig_ctrl_20260122_053125_ws0124_1331,19,11,31.130323965425912,141.40153259814716,31.130323965425912,1750,2026-01-23 06:47:21,0.5179838101611066,0.30099453427347744,0.6736350191193998
mu_mig_ctrl_20260122_053125_ws0124_1331,19,12,22.35592943759661,132.93895012611637,22.35592943759661,1922,2026-01-23 06:48:55,0.5637220175150902,0.31880646548326846,0.5228799644908432
mu_mig_ctrl_20260122_053125_ws0124_1331,19,13,17.147440486156007,101.98703665370323,17.147440486156007,2206,2026-01-23 06:42:13,0.8051685271802537,0.34975472809964586,0.27824931413106824
mu_mig_ctrl_20260122_053125_ws0124_1331,19,14,12.9387279906646,103.82702157000966,12.9387279906646,1979,2026-01-23 06:41:43,0.3991790717486515,0.31694413253530435,0.5045474370900718
mu_mig_ctrl_20260122_053125_ws0124_1331,19,15,34.21203454802917,80.49002224714707,34.21203454802917,880,2026-01-23 06:34:30,0.5793130949058631,0.160450798105353,0.4531302596088441
mu_mig_ctrl_20260122_053125_ws0124_1331,19,16,29.994929562666638,141.48754095559417,29.994929562666638,2149,2026-01-23 06:51:30,0.5190195579653484,0.337364601185552,0.5807446249114633
mu_mig_ctrl_20260122_053125_ws0124_1331,19,17,37.3625266253998,145.98237446157722,37.3625266253998,1313,2026-01-23 06:35:44,0.7956593987065085,0.23886758057729995,0.5749289659417229
mu_mig_ctrl_20260122_053125_ws0124_1331,19,18,9.459269619508738,107.77256903200072,9.459269619508738,965,2026-01-23 06:32:16,0.8165789655293098,0.1805152753099274,0.45633913548237476
mu_mig_ctrl_20260122_053125_ws0124_1331,19,19,25.080550382398236,135.3434388288412,25.080550382398236,1204,2026-01-23 06:43:51,0.7928739226360416,0.23872178812882236,0.5750947987736008
mu_mig_ctrl_20260122_053125_ws0124_1331,19,20,27.067936409157685,138.76538786719402,27.067936409157685,2291,2026-01-23 06:45:12,0.5114243010242189,0.3531359545598707,0.5849493568166956
mu_mig_ctrl_20260122_053125_ws0124_1331,19,21,20.69996058215831,101.46152877827754,20.69996058215831,2262,2026-01-23 06:43:50,0.806608640007277,0.3493763679647898,0.27800444490380505
mu_mig_ctrl_20260122_053125_ws0124_1331,19,22,11.4566137003073,122.4981779945121,11.4566137003073,2313,2026-01-23 06:44:34,0.41452827436419876,0.35457028120959505,0.5474146004279055
mu_mig_ctrl_20260122_053125_ws0124_1331,19,23,33.651163193455105,145.04334352242427,33.651163193455105,2241,2026-01-23 06:43:17,0.5323830487348289,0.3500523476294583,0.5808997495322934
mu_mig_ctrl_20260122_053125_ws0124_1331,19,24,23.4682727596458,134.65806441185464,23.4682727596458,2270,2026-01-23 06:44:57,0.9015566373205951,0.35868024803120596,0.3473651110890125
mu_mig_ctrl_20260122_053125_ws0124_1331,20,0,15.766161601308283,126.41658201207353,15.766161601308283,2451,2026-01-23 08:05:16,0.41456656040329665,0.3550758520750554,0.5475854817844064
mu_mig_ctrl_20260122_053125_ws0124_1331,20,1,45.204254609216086,155.82759255841387,45.204254609216086,2007,2026-01-23 07:57:48,0.506107915184361,0.31042129692843556,0.6644954251265669
mu_mig_ctrl_20260122_053125_ws0124_1331,20,2,12.546808654279896,109.40687915173007,12.546808654279896,2249,2026-01-23 07:50:14,0.7304728404201041,0.35822174424780245,0.32752719598385627
mu_mig_ctrl_20260122_053125_ws0124_1331,20,3,26.316580984293,136.7950383282841,26.316580984293,2357,2026-01-23 08:03:57,0.9008211822274346,0.3580570171648845,0.3476195705586392
mu_mig_ctrl_20260122_053125_ws0124_1331,20,4,41.35380303468491,151.33380303778395,41.35380303468491,1762,2026-01-23 07:45:46,0.5281033438754946,0.3003039634681935,0.6741249931811681
mu_mig_ctrl_20260122_053125_ws0124_1331,20,5,28.315948230044675,138.19397032977355,28.315948230044675,1669,2026-01-23 07:56:18,0.48828366184970273,0.29453929227545345,0.6708553119360151
mu_mig_ctrl_20260122_053125_ws0124_1331,20,6,33.00551307998599,143.28671450266543,33.00551307998599,2172,2026-01-23 08:02:57,0.54156063900421,0.3472167198973703,0.5833874870701157
mu_mig_ctrl_20260122_053125_ws0124_1331,20,7,34.63007991590021,80.26134556390055,34.63007991590021,905,2026-01-23 07:52:19,0.578810131401719,0.16092298164906368,0.45133214400912414
mu_mig_ctrl_20260122_053125_ws0124_1331,20,8,30.029029546101984,139.05552889619094,30.029029546101984,1301,2026-01-23 07:55:17,0.7964708287676416,0.2304557846614434,0.5673967144719605
mu_mig_ctrl_20260122_053125_ws0124_1331,20,9,43.67222058489125,154.5910616950959,43.67222058489125,2355,2026-01-23 08:03:30,0.541420246432797,0.3463628990197306,0.5829515316348903
mu_mig_ctrl_20260122_053125_ws0124_1331,20,10,11.699929765459324,114.40534881046447,11.699929765459324,2391,2026-01-23 08:03:41,0.7266204593078199,0.3585353375876059,0.32731879344718157
mu_mig_ctrl_20260122_053125_ws0124_1331,20,11,27.81062333313962,138.39931186378686,27.81062333313962,1761,2026-01-23 07:48:17,0.516103429537084,0.3026843907079603,0.6733980906200902
mu_mig_ctrl_20260122_053125_ws0124_1331,20,12,16.275200540289,126.11240532988981,16.275200540289,1943,2026-01-23 07:53:30,0.5637687282902653,0.31886395248063804,0.522932691143853
mu_mig_ctrl_20260122_053125_ws0124_1331,20,13,23.971197121937475,96.85407965752408,23.971197121937475,2129,2026-01-23 07:54:35,0.8047314156281713,0.3498350555532967,0.2783609850059157
mu_mig_ctrl_20260122_053125_ws0124_1331,20,14,20.73334332851989,95.59214556577248,20.73334332851989,1863,2026-01-23 08:01:07,0.3949881554105176,0.31153461157794926,0.5021365611434545
mu_mig_ctrl_20260122_053125_ws0124_1331,20,15,39.30551186450385,74.8268609802061,39.30551186450385,891,2026-01-23 07:44:19,0.5793872739327747,0.1601899048136715,0.45465473632397674
mu_mig_ctrl_20260122_053125_ws0124_1331,20,16,28.171528305037157,138.74513748860252,28.171528305037157,2130,2026-01-23 07:54:29,0.5176509645836477,0.33628983988816197,0.5804681485632784
mu_mig_ctrl_20260122_053125_ws0124_1331,20,17,30.538699428021836,140.4926414364598,30.538699428021836,1260,2026-01-23 07:52:14,0.7957522566834448,0.23878255184124741,0.5749338141950054
mu_mig_ctrl_20260122_053125_ws0124_1331,20,18,8.468657273154676,110.25453621559254,8.468657273154676,1034,2026-01-23 07:52:59,0.8174256034508602,0.18042409996601866,0.45666606535294835
mu_mig_ctrl_20260122_053125_ws0124_1331,20,19,31.443205695699636,140.5998019998104,31.443205695699636,1245,2026-01-23 07:40:00,0.7935695569279141,0.23875840978473256,0.5751650247274811
mu_mig_ctrl_20260122_053125_ws0124_1331,20,20,21.029979896341082,132.50724462991883,21.029979896341082,2219,2026-01-23 07:50:07,0.5061187230020044,0.3534999448990362,0.5853711049741046
mu_mig_ctrl_20260122_053125_ws0124_1331,20,21,16.81897633482658,102.47582997635797,16.81897633482658,2179,2026-01-23 08:02:36,0.8062737420935876,0.3504751050096276,0.27808947749049046
mu_mig_ctrl_20260122_053125_ws0124_1331,20,22,6.402250651779361,112.75070864335744,6.402250651779361,2126,2026-01-23 08:02:12,0.41439206265031997,0.35439427003660123,0.5458694784704621
mu_mig_ctrl_20260122_053125_ws0124_1331,20,23,28.45177679948325,138.66253849948114,28.45177679948325,2208,2026-01-23 07:50:16,0.5350535924379208,0.34744032649095,0.581566591070699
mu_mig_ctrl_20260122_053125_ws0124_1331,20,24,25.004408980673606,136.0992530589022,25.004408980673606,2328,2026-01-23 07:53:30,0.9001038295794181,0.35759689578443576,0.34748894166361505
mu_mig_ctrl_20260122_053125_ws0124_1331,21,0,16.26401281808945,126.85978974731523,16.26401281808945,2282,2026-01-23 09:06:28,0.4146075881837994,0.3549395188178768,0.5473581798222353
mu_mig_ctrl_20260122_053125_ws0124_1331,21,1,28.981505073592437,139.30501741034658,28.981505073592437,1687,2026-01-23 09:14:43,0.4987000736869639,0.2978536976556454,0.6652032262818279
mu_mig_ctrl_20260122_053125_ws0124_1331,21,2,15.228119953741812,124.47331433224767,15.228119953741812,2469,2026-01-23 09:11:37,0.7264428311549485,0.3577665863580825,0.32717501292587325
mu_mig_ctrl_20260122_053125_ws0124_1331,21,3,21.813925383445007,132.9598709660161,21.813925383445007,2305,2026-01-23 08:59:05,0.9009818755949713,0.3578076232160283,0.347584456053414
mu_mig_ctrl_20260122_053125_ws0124_1331,21,4,33.938057939900304,144.87819562273265,33.938057939900304,1834,2026-01-23 09:06:56,0.5210578273741706,0.3019201216520344,0.672496722232345
mu_mig_ctrl_20260122_053125_ws0124_1331,21,5,26.855553161975266,137.4713040601626,26.855553161975266,1782,2026-01-23 08:55:01,0.49715228193817645,0.2993426176833255,0.6700577122739191
mu_mig_ctrl_20260122_053125_ws0124_1331,21,6,44.52691266552811,155.4045857926204,44.52691266552811,2332,2026-01-23 09:21:23,0.5416491328341064,0.34858376130976776,0.5832286562073221
mu_mig_ctrl_20260122_053125_ws0124_1331,21,7,36.6799881705734,78.7341672055766,36.6799881705734,891,2026-01-23 08:56:02,0.578938112671725,0.16078776138199102,0.45424319938708446
mu_mig_ctrl_20260122_053125_ws0124_1331,21,8,26.97610278356903,137.53336866050984,26.97610278356903,1328,2026-01-23 09:00:42,0.7984570054336598,0.23752330717844303,0.5623825644436898
mu_mig_ctrl_20260122_053125_ws0124_1331,21,9,39.43931805800562,150.6068097969603,39.43931805800562,2254,2026-01-23 09:08:17,0.5414439710189732,0.34626575822641226,0.5830941855972323
mu_mig_ctrl_20260122_053125_ws0124_1331,21,10,12.771894632290095,116.4468289180793,12.771894632290095,2364,2026-01-23 09:21:50,0.7268960845150989,0.35902676980372383,0.327763094633154
mu_mig_ctrl_20260122_053125_ws0124_1331,21,11,39.794194691349794,149.71697924549716,39.794194691349794,1758,2026-01-23 09:18:35,0.5149752011626704,0.30369830456865005,0.6732559335205044
mu_mig_ctrl_20260122_053125_ws0124_1331,21,12,18.922101908290397,130.11412885737434,18.922101908290397,1894,2026-01-23 09:19:23,0.5637967547553703,0.31889844467905976,0.5229643271356589
mu_mig_ctrl_20260122_053125_ws0124_1331,21,13,16.34030095493617,103.38553130371659,16.34030095493617,2240,2026-01-23 08:58:55,0.8048129883260619,0.3499488801609954,0.27829609650309856
mu_mig_ctrl_20260122_053125_ws0124_1331,21,14,20.464931366214504,96.73402498258879,20.464931366214504,1834,2026-01-23 09:18:38,0.39354894380964817,0.3117876072372826,0.5239475559979052
mu_mig_ctrl_20260122_053125_ws0124_1331,21,15,35.37459130323308,78.48797627117465,35.37459130323308,876,2026-01-23 08:47:34,0.5792573401140485,0.16014651066992563,0.45456484940705233
mu_mig_ctrl_20260122_053125_ws0124_1331,21,16,20.53273105220919,131.72522033960908,20.53273105220919,2069,2026-01-23 09:09:50,0.5168298085546272,0.33564498310972796,0.5803022627543675
mu_mig_ctrl_20260122_053125_ws0124_1331,21,17,33.96390064039445,144.06841252086497,33.96390064039445,1317,2026-01-23 08:56:52,0.7958079714696067,0.23873153459961588,0.5749367231469749
mu_mig_ctrl_20260122_053125_ws0124_1331,21,18,8.207673159958773,109.4493802428051,8.207673159958773,934,2026-01-23 08:57:02,0.8179335862037905,0.18036939475967342,0.45686222327529247
mu_mig_ctrl_20260122_053125_ws0124_1331,21,19,35.123577659127925,144.6637869995226,35.123577659127925,1296,2026-01-23 09:13:23,0.7953273208414531,0.23879824111663836,0.5751876898458295
mu_mig_ctrl_20260122_053125_ws0124_1331,21,20,27.36748013349124,138.85716142560327,27.36748013349124,2278,2026-01-23 09:09:58,0.5029353761886758,0.35371833910253553,0.58562415386855
mu_mig_ctrl_20260122_053125_ws0124_1331,21,21,14.723325376385883,107.83971807599367,14.723325376385883,2325,2026-01-23 09:04:21,0.806072803345374,0.35113434723653025,0.27814049704250166
mu_mig_ctrl_20260122_053125_ws0124_1331,21,22,13.80417271003727,124.25191161592956,13.80417271003727,2286,2026-01-23 09:19:04,0.4143103356219927,0.35428866333280495,0.544942405295996
mu_mig_ctrl_20260122_053125_ws0124_1331,21,23,31.889636110087363,142.8216922432906,31.889636110087363,2302,2026-01-23 08:57:24,0.536655918659776,0.345873113807845,0.5819666959937423
mu_mig_ctrl_20260122_053125_ws0124_1331,21,24,24.126352728255515,135.21890549925553,24.126352728255515,2296,2026-01-23 09:05:53,0.8992321449347119,0.3569468844363736,0.3475632400083766
mu_mig_ctrl_20260122_053125_ws0124_1331,22,0,10.487128100490352,115.24290327091902,10.487128100490352,2354,2026-01-23 10:36:53,0.41454263040465567,0.35465636420031577,0.5468110573058571
mu_mig_ctrl_20260122_053125_ws0124_1331,22,1,36.31869599559147,144.5354244871157,36.31869599559147,1698,2026-01-23 10:31:00,0.49383831553238694,0.290664568928196,0.6688298928599439
mu_mig_ctrl_20260122_053125_ws0124_1331,22,2,13.14325740290937,114.33141864196057,13.14325740290937,2287,2026-01-23 10:26:43,0.7243794153887749,0.35751757874457607,0.32733922184943653
mu_mig_ctrl_20260122_053125_ws0124_1331,22,3,24.706809553260467,135.5836986693243,24.706809553260467,2323,2026-01-23 10:23:21,0.9010782916154935,0.3576579868467146,0.3475633873502789
mu_mig_ctrl_20260122_053125_ws0124_1331,22,4,31.692994154515798,141.41269763535593,31.692994154515798,1806,2026-01-23 10:15:00,0.5168305174733763,0.30288981656233893,0.6715197596630511
mu_mig_ctrl_20260122_053125_ws0124_1331,22,5,33.91920970955481,143.5914913621863,33.91920970955481,1776,2026-01-23 10:20:21,0.5024734539912606,0.3022246129280487,0.6695791524766614
mu_mig_ctrl_20260122_053125_ws0124_1331,22,6,39.14277175759842,150.15364578975675,39.14277175759842,2326,2026-01-23 10:25:43,0.5416223486670924,0.3481589835381693,0.5830617232869365
mu_mig_ctrl_20260122_053125_ws0124_1331,22,7,37.6055120411806,77.4556249270233,37.6055120411806,888,2026-01-23 10:10:03,0.5792613276630593,0.16023064321813255,0.4561418914573836
mu_mig_ctrl_20260122_053125_ws0124_1331,22,8,28.80997797031272,138.41135150454923,28.80997797031272,1283,2026-01-23 10:17:51,0.7996487114332708,0.2417638206886428,0.5593740744267275
mu_mig_ctrl_20260122_053125_ws0124_1331,22,9,31.882048736057346,143.37997562836037,31.882048736057346,2252,2026-01-23 10:36:22,0.541458205770679,0.34620747375042127,0.5831797779746375
mu_mig_ctrl_20260122_053125_ws0124_1331,22,10,12.520096839091384,110.1520542074108,12.520096839091384,2289,2026-01-23 10:26:37,0.7270614596394663,0.3593216291333946,0.3280296753447374
mu_mig_ctrl_20260122_053125_ws0124_1331,22,11,34.421962175645724,145.46764194348384,34.421962175645724,1876,2026-01-23 10:22:37,0.5183789681081936,0.3040840313569149,0.6729107823030234
mu_mig_ctrl_20260122_053125_ws0124_1331,22,12,20.32863779703158,129.91309074897347,20.32863779703158,2015,2026-01-23 10:24:01,0.5638135706344333,0.3189191399981128,0.5229833087307424
mu_mig_ctrl_20260122_053125_ws0124_1331,22,13,18.877637776480295,103.91494915626672,18.877637776480295,2233,2026-01-23 10:37:12,0.805180394042655,0.35051246295521277,0.27825513252866485
mu_mig_ctrl_20260122_053125_ws0124_1331,22,14,15.594006007553928,101.26561900089108,15.594006007553928,1972,2026-01-23 10:15:08,0.3933159011957025,0.31325800980601554,0.5530885657985736
mu_mig_ctrl_20260122_053125_ws0124_1331,22,15,36.317334569041215,77.66642278682875,36.317334569041215,871,2026-01-23 10:09:06,0.5791793798228129,0.1601204741836781,0.45451091725689774
mu_mig_ctrl_20260122_053125_ws0124_1331,22,16,21.557043522647366,132.2988507418876,21.557043522647366,2204,2026-01-23 10:35:54,0.516337114937215,0.33525806904266753,0.580202731269021
mu_mig_ctrl_20260122_053125_ws0124_1331,22,17,29.169521162206603,138.41857977493962,29.169521162206603,1176,2026-01-23 10:07:23,0.7958414003413038,0.23870092425463696,0.5749384685181567
mu_mig_ctrl_20260122_053125_ws0124_1331,22,18,12.560531531967442,102.4781986952219,12.560531531967442,953,2026-01-23 10:22:23,0.8182383758555487,0.18033657163586628,0.456979918028699
mu_mig_ctrl_20260122_053125_ws0124_1331,22,19,40.28715577232419,149.63240828356075,40.28715577232419,1313,2026-01-23 10:29:11,0.7964770224466212,0.23880251305130176,0.575197353194048
mu_mig_ctrl_20260122_053125_ws0124_1331,22,20,32.549302736109084,143.48186940935673,32.549302736109084,2236,2026-01-23 10:25:06,0.5010253681006785,0.35384937562463514,0.5857759832052173
mu_mig_ctrl_20260122_053125_ws0124_1331,22,21,15.636272981674473,106.10603433621957,15.636272981674473,2319,2026-01-23 10:35:43,0.8059522400964458,0.35152989257267186,0.27817110877370843
mu_mig_ctrl_20260122_053125_ws0124_1331,22,22,10.341389749565439,120.28236360225957,10.341389749565439,2322,2026-01-23 10:26:52,0.41426129940499634,0.3542252993105272,0.5443861613913163
mu_mig_ctrl_20260122_053125_ws0124_1331,22,23,37.66861955753167,148.80677179362766,37.66861955753167,2185,2026-01-23 10:25:49,0.5376173143928892,0.344932786197982,0.5822067589475683
mu_mig_ctrl_20260122_053125_ws0124_1331,22,24,31.923490608425112,143.46270263308554,31.923490608425112,2474,2026-01-23 10:25:43,0.8987532825095745,0.35710708052119533,0.34760975013731965
mu_mig_ctrl_20260122_053125_ws0124_1331,23,0,11.387310663149075,117.71860197629968,11.387310663149075,2327,2026-01-23 11:37:01,0.41448546041197565,0.354255635252843,0.5462083314150377
mu_mig_ctrl_20260122_053125_ws0124_1331,23,1,25.542478003407123,136.03890804101775,25.542478003407123,1794,2026-01-23 11:47:36,0.4911039795849813,0.29497548420214253,0.6711306130832189
mu_mig_ctrl_20260122_053125_ws0124_1331,23,2,12.319465340576716,111.06416060175438,12.319465340576716,2454,2026-01-23 11:52:53,0.7240951095429323,0.3576980783873091,0.32777601876760293
mu_mig_ctrl_20260122_053125_ws0124_1331,23,3,26.410602037501288,137.32277720609622,26.410602037501288,2385,2026-01-23 11:37:40,0.9011361412278067,0.35756820502512643,0.3475507461283978
mu_mig_ctrl_20260122_053125_ws0124_1331,23,4,29.718963309701746,140.1604554292047,29.718963309701746,1735,2026-01-23 11:34:40,0.5142941315328996,0.30347163350852163,0.6709335821214748
mu_mig_ctrl_20260122_053125_ws0124_1331,23,5,31.697567670281195,140.35876742423588,31.697567670281195,1706,2026-01-23 11:35:17,0.5112627650312237,0.30441634919004745,0.6699194855844677
mu_mig_ctrl_20260122_053125_ws0124_1331,23,6,33.45246337543109,144.76998959522612,33.45246337543109,2135,2026-01-23 11:51:48,0.5415490892746609,0.34659647720614256,0.5830535276331414
mu_mig_ctrl_20260122_053125_ws0124_1331,23,7,29.775837870017547,83.79048334861768,29.775837870017547,901,2026-01-23 11:28:42,0.5793903835709941,0.15984970899090356,0.4562341924034794
mu_mig_ctrl_20260122_053125_ws0124_1331,23,8,29.167296142119042,139.6808487700882,29.167296142119042,1388,2026-01-23 11:29:00,0.8003637350330374,0.24430812879476266,0.55756898041655
mu_mig_ctrl_20260122_053125_ws0124_1331,23,9,34.354369107208036,145.73948313154617,34.354369107208036,2276,2026-01-23 11:33:04,0.5414667466217025,0.34617250306482666,0.5832311334010805
mu_mig_ctrl_20260122_053125_ws0124_1331,23,10,15.01246214147829,122.0912225705055,15.01246214147829,2466,2026-01-23 11:38:52,0.7271606847140868,0.3594985447311971,0.3281896237716875
mu_mig_ctrl_20260122_053125_ws0124_1331,23,11,35.605607351613074,145.0865987883075,35.605607351613074,1784,2026-01-23 11:27:23,0.5197390225121269,0.3043074517788489,0.6719276315175727
mu_mig_ctrl_20260122_053125_ws0124_1331,23,12,16.366259505195192,127.4311109179534,16.366259505195192,1895,2026-01-23 11:28:37,0.5638236601618711,0.3189315571895446,0.5229946976877925
mu_mig_ctrl_20260122_053125_ws0124_1331,23,13,17.37097183791025,102.99254237045955,17.37097183791025,2203,2026-01-23 11:32:37,0.8056483291844673,0.35113503263952706,0.2782018689850279
mu_mig_ctrl_20260122_053125_ws0124_1331,23,14,8.84300433239568,114.40695369563649,8.84300433239568,1922,2026-01-23 11:49:52,0.4079898367763052,0.3187239816359452,0.564017174531008
mu_mig_ctrl_20260122_053125_ws0124_1331,23,15,41.30599502566898,72.72266097259227,41.30599502566898,905,2026-01-23 11:29:41,0.5791326036480715,0.16010485229192958,0.454478557966805
mu_mig_ctrl_20260122_053125_ws0124_1331,23,16,21.687403086831743,131.67141582739063,21.687403086831743,2177,2026-01-23 11:38:34,0.5160414987667676,0.3350259206024313,0.5801430123778131
mu_mig_ctrl_20260122_053125_ws0124_1331,23,17,37.35603335963738,146.79184589719566,37.35603335963738,1356,2026-01-23 11:44:28,0.795861457664322,0.23868255804764962,0.5749395157408657
mu_mig_ctrl_20260122_053125_ws0124_1331,23,18,11.148023417917846,103.29168326920484,11.148023417917846,993,2026-01-23 11:29:15,0.8184212496466036,0.18031687776158198,0.4570505348807429
mu_mig_ctrl_20260122_053125_ws0124_1331,23,19,32.857486126008986,142.98456764258967,32.857486126008986,1275,2026-01-23 11:46:15,0.7969628074981674,0.2387275373462854,0.5750609206899481
mu_mig_ctrl_20260122_053125_ws0124_1331,23,20,34.31638885704125,144.0541072231667,34.31638885704125,2254,2026-01-23 11:32:29,0.49987936324788024,0.3539279975378949,0.5858670808072177
mu_mig_ctrl_20260122_053125_ws0124_1331,23,21,14.612329675612134,108.13572295698593,14.612329675612134,2287,2026-01-23 11:52:18,0.8058799021470889,0.3517672197743568,0.2781894758124325
mu_mig_ctrl_20260122_053125_ws0124_1331,23,22,10.990622428375183,121.61055338296607,10.990622428375183,2283,2026-01-23 11:37:42,0.4142318776747985,0.35418728089716056,0.5440524150485087
mu_mig_ctrl_20260122_053125_ws0124_1331,23,23,34.31173636448927,145.39153128457903,34.31173636448927,2144,2026-01-23 11:51:32,0.5404534831270341,0.34527236836131225,0.5830125376473506
mu_mig_ctrl_20260122_053125_ws0124_1331,23,24,27.07763632566329,137.9931071246454,27.07763632566329,2350,2026-01-23 11:37:07,0.8998304350941342,0.35755107318816204,0.34760344886746963
mu_mig_ctrl_20260122_053125_ws0124_1331,24,0,7.981122809506487,116.22968179789802,7.981122809506487,2237,2026-01-23 12:44:19,0.41436539465405053,0.3540038516375039,0.5444577069649303
mu_mig_ctrl_20260122_053125_ws0124_1331,24,1,29.405831229645287,139.5802262525913,29.405831229645287,1747,2026-01-23 13:03:11,0.48946337801653794,0.2975620333665105,0.6725110452171839
mu_mig_ctrl_20260122_053125_ws0124_1331,24,2,10.887311400459959,114.63054312630562,10.887311400459959,2257,2026-01-23 12:42:05,0.7239245260354268,0.3578063781729489,0.3280380969185027
mu_mig_ctrl_20260122_053125_ws0124_1331,24,3,24.846438803504352,135.52280804721372,24.846438803504352,2349,2026-01-23 13:08:05,0.9011708509951947,0.3575143359321735,0.3475431613952692
mu_mig_ctrl_20260122_053125_ws0124_1331,24,4,28.171803457206586,138.45506949846776,28.171803457206586,1838,2026-01-23 13:10:15,0.5127722999686136,0.30382072367623125,0.6705818755965289
mu_mig_ctrl_20260122_053125_ws0124_1331,24,5,36.27266283455083,145.42116653987816,36.27266283455083,1781,2026-01-23 13:00:41,0.5166236022843609,0.3053576280618953,0.6704088233127119
mu_mig_ctrl_20260122_053125_ws0124_1331,24,6,28.51030177518108,139.6429020108561,28.51030177518108,2188,2026-01-23 13:05:04,0.541505133639202,0.34565897340692653,0.5830486102408644
mu_mig_ctrl_20260122_053125_ws0124_1331,24,7,38.13786680275393,76.54648266386528,38.13786680275393,900,2026-01-23 12:37:17,0.5794678171157551,0.15962114845456618,0.4562895729711369
mu_mig_ctrl_20260122_053125_ws0124_1331,24,8,41.410655090871415,151.66155108239963,41.410655090871415,1439,2026-01-23 13:07:50,0.8007927491928973,0.24583471365843457,0.5564859240104436
mu_mig_ctrl_20260122_053125_ws0124_1331,24,9,39.219635420101056,150.33987123445723,39.219635420101056,2233,2026-01-23 13:10:09,0.541535584027369,0.34630115991322113,0.58312256171915
mu_mig_ctrl_20260122_053125_ws0124_1331,24,10,13.10622080832313,118.05914241627192,13.10622080832313,2487,2026-01-23 13:13:29,0.7268689780582882,0.35916154735598604,0.32824838390107325
mu_mig_ctrl_20260122_053125_ws0124_1331,24,11,37.307685033581926,146.98605113474355,37.307685033581926,1805,2026-01-23 13:11:07,0.5202331088506936,0.30383307229764,0.6712885209550936
mu_mig_ctrl_20260122_053125_ws0124_1331,24,12,20.70510910601469,132.05154056657312,20.70510910601469,1931,2026-01-23 12:43:00,0.5638297138783338,0.3189390075044037,0.5230015310620226
mu_mig_ctrl_20260122_053125_ws0124_1331,24,13,13.00301698945594,109.71394998214711,13.00301698945594,2377,2026-01-23 13:12:32,0.806100243950408,0.3516394053569543,0.2781672802563065
mu_mig_ctrl_20260122_053125_ws0124_1331,24,14,7.784632185643194,117.17559368856034,7.784632185643194,1991,2026-01-23 13:08:59,0.4167941981246668,0.32200356473390296,0.5705743397704686
mu_mig_ctrl_20260122_053125_ws0124_1331,24,15,32.54517848513124,82.34328207323857,32.54517848513124,921,2026-01-23 12:55:23,0.5791506207324055,0.16008151665506415,0.4557956733941608
mu_mig_ctrl_20260122_053125_ws0124_1331,24,16,20.124668580131566,131.01629096338684,20.124668580131566,2071,2026-01-23 13:05:46,0.5158641290644992,0.33488663153828957,0.5801071810430883
mu_mig_ctrl_20260122_053125_ws0124_1331,24,17,34.370167287935374,144.3421057007327,34.370167287935374,1274,2026-01-23 12:36:20,0.796641456739288,0.23868977546621736,0.5749640704008144
mu_mig_ctrl_20260122_053125_ws0124_1331,24,18,15.611867167944176,99.29175421986434,15.611867167944176,949,2026-01-23 12:37:30,0.8185309739212365,0.18030506143701142,0.4570929049919692
mu_mig_ctrl_20260122_053125_ws0124_1331,24,19,37.166828899800585,146.80799992989392,37.166828899800585,1336,2026-01-23 12:37:14,0.7972542785290951,0.2386825519232756,0.5749790611874881
mu_mig_ctrl_20260122_053125_ws0124_1331,24,20,30.49973070101954,140.8694468765684,30.49973070101954,2243,2026-01-23 12:45:49,0.5039804953854696,0.34682840623683064,0.5828754991370071
mu_mig_ctrl_20260122_053125_ws0124_1331,24,21,11.702563756687391,113.21330438020695,11.702563756687391,2414,2026-01-23 12:46:19,0.8058364993774748,0.3519096160953678,0.2782004960356669
mu_mig_ctrl_20260122_053125_ws0124_1331,24,22,9.80345615999324,117.62543347152169,9.80345615999324,2166,2026-01-23 13:09:38,0.41421422463667984,0.3541644698491406,0.5438521672428239
mu_mig_ctrl_20260122_053125_ws0124_1331,24,23,28.94895564407355,139.75361683000173,28.94895564407355,2233,2026-01-23 13:06:01,0.5421551843675211,0.3454761176593104,0.58349600486722
mu_mig_ctrl_20260122_053125_ws0124_1331,24,24,26.034314724260273,136.14179038592266,26.034314724260273,2291,2026-01-23 12:45:58,0.9013120201188707,0.3578265051912525,0.3475676966320239
mu_mig_ctrl_20260122_053125_ws0124_1331,25,0,13.66871501999497,124.66584823215169,13.66871501999497,2356,2026-01-23 14:13:52,0.41429335519929544,0.3538527814683005,0.5434073322948659
mu_mig_ctrl_20260122_053125_ws0124_1331,25,1,33.49591533992035,142.96612625461736,33.49591533992035,1687,2026-01-23 14:25:41,0.49878349664129545,0.3040740269827519,0.6727953563307001
mu_mig_ctrl_20260122_053125_ws0124_1331,25,2,12.82795137080085,109.95238453717201,12.82795137080085,2217,2026-01-23 14:28:13,0.7238221759309235,0.3578713580443328,0.32819534380904264
mu_mig_ctrl_20260122_053125_ws0124_1331,25,3,22.85732276284023,133.5760051730127,22.85732276284023,2343,2026-01-23 14:29:02,0.9011916768556274,0.35748201447640177,0.34753861055539204
mu_mig_ctrl_20260122_053125_ws0124_1331,25,4,32.63856659394604,142.68734697523487,32.63856659394604,1836,2026-01-23 14:11:57,0.511859201030042,0.30403017777685704,0.6703708516815614
mu_mig_ctrl_20260122_053125_ws0124_1331,25,5,28.036046191934748,138.63734052357464,28.036046191934748,1838,2026-01-23 14:11:00,0.519219162878462,0.30529232151830904,0.6707561139141456
mu_mig_ctrl_20260122_053125_ws0124_1331,25,6,30.129299984189938,141.58019941481285,30.129299984189938,2148,2026-01-23 14:27:25,0.5414787602579267,0.3450964711273969,0.5830456598054982
mu_mig_ctrl_20260122_053125_ws0124_1331,25,7,36.842813035042894,76.8076962616633,36.842813035042894,884,2026-01-23 14:19:28,0.5793605735438264,0.1597671809661185,0.45624898702899885
mu_mig_ctrl_20260122_053125_ws0124_1331,25,8,36.63501040024992,146.23826832809755,36.63501040024992,1344,2026-01-23 14:02:10,0.800129404424991,0.2415856477388985,0.568287878421655
mu_mig_ctrl_20260122_053125_ws0124_1331,25,9,26.303231317638158,137.4126866062275,26.303231317638158,2156,2026-01-23 14:14:41,0.5415668584648884,0.34632338808495033,0.5830303538537696
mu_mig_ctrl_20260122_053125_ws0124_1331,25,10,11.601242508601505,116.47756916590231,11.601242508601505,2416,2026-01-23 14:06:42,0.7256852924516546,0.3582236562915008,0.32820163283929316
mu_mig_ctrl_20260122_053125_ws0124_1331,25,11,34.943395332569864,144.27201131621197,34.943395332569864,1795,2026-01-23 14:05:30,0.5200522964052636,0.3036440401756277,0.6706045827823259
mu_mig_ctrl_20260122_053125_ws0124_1331,25,12,32.955573497849535,144.24194675434265,32.955573497849535,2127,2026-01-23 14:27:54,0.5540098289403924,0.32130018805415383,0.5655030609186301
mu_mig_ctrl_20260122_053125_ws0124_1331,25,13,13.686689793843598,106.7444824850953,13.686689793843598,2259,2026-01-23 14:14:48,0.8062473952101799,0.35205067125796485,0.2781485897340695
mu_mig_ctrl_20260122_053125_ws0124_1331,25,14,8.334110263941401,115.29134314347918,8.334110263941401,2058,2026-01-23 14:13:38,0.42207681493368376,0.32397131459267764,0.5745086389141449
mu_mig_ctrl_20260122_053125_ws0124_1331,25,15,34.975669157063564,79.69437346118528,34.975669157063564,903,2026-01-23 14:04:57,0.579161430983006,0.16006751527294488,0.45658594265057434
mu_mig_ctrl_20260122_053125_ws0124_1331,25,16,26.007760699714396,137.0663020642515,26.007760699714396,2051,2026-01-23 14:13:00,0.5157577072431382,0.33480305809980454,0.5800856822422535
mu_mig_ctrl_20260122_053125_ws0124_1331,25,17,30.26348908060981,139.81158671757987,30.26348908060981,1261,2026-01-23 13:59:00,0.7971094561842675,0.238694105917358,0.5749788031967837
mu_mig_ctrl_20260122_053125_ws0124_1331,25,18,13.891342135130868,100.11216375481852,13.891342135130868,959,2026-01-23 14:04:20,0.8185968084860163,0.18029797164226907,0.45711832705870503
mu_mig_ctrl_20260122_053125_ws0124_1331,25,19,30.681516337466817,141.2565122270564,30.681516337466817,1355,2026-01-23 14:21:18,0.7970671972448043,0.23865902303753764,0.5749273703082528
mu_mig_ctrl_20260122_053125_ws0124_1331,25,20,20.907154823077235,132.1206012606663,20.907154823077235,2003,2026-01-23 14:14:19,0.5073508913003633,0.3366054274631208,0.5788962590525699
mu_mig_ctrl_20260122_053125_ws0124_1331,25,21,16.16662937917936,104.95676892779888,16.16662937917936,2236,2026-01-23 14:15:59,0.8058104577157064,0.35199505388797436,0.27820710816960753
mu_mig_ctrl_20260122_053125_ws0124_1331,25,22,14.691726478928578,116.43655180940509,14.691726478928578,2391,2026-01-23 14:09:17,0.41426169970284793,0.35407286236275964,0.5438363295912338
mu_mig_ctrl_20260122_053125_ws0124_1331,25,23,34.264727048361806,144.01271341657417,34.264727048361806,2221,2026-01-23 14:15:16,0.5429787936915749,0.34572292529293336,0.5835673681838465
mu_mig_ctrl_20260122_053125_ws0124_1331,25,24,19.702935102185208,130.4640407631312,19.702935102185208,2268,2026-01-23 14:28:24,0.9021902165714344,0.3579498883783322,0.3475313407525472
mu_mig_ctrl_20260122_053125_ws0124_1331,26,0,13.611294276497976,120.77618339085627,13.611294276497976,2354,2026-01-23 15:31:21,0.4142501315264424,0.35376213936677847,0.5427771074928273
mu_mig_ctrl_20260122_053125_ws0124_1331,26,1,30.024077010967073,140.2740390853524,30.024077010967073,1827,2026-01-23 15:26:34,0.5117153303085469,0.3079502990911685,0.6712641446014933
mu_mig_ctrl_20260122_053125_ws0124_1331,26,2,13.138093655786246,110.92497352130898,13.138093655786246,2360,2026-01-23 15:39:35,0.7248906986442817,0.3581745125711616,0.32829177823497263
mu_mig_ctrl_20260122_053125_ws0124_1331,26,3,25.73110181507846,137.0215914852618,25.73110181507846,2479,2026-01-23 15:32:34,0.9012122199000725,0.3578093244623811,0.3475340967108005
mu_mig_ctrl_20260122_053125_ws0124_1331,26,4,33.494371531730664,144.2343354256382,33.494371531730664,1882,2026-01-23 15:35:38,0.51258592718517,0.30459354131328015,0.6703090944805996
mu_mig_ctrl_20260122_053125_ws0124_1331,26,5,35.23894095511433,145.16878285221924,35.23894095511433,1762,2026-01-23 15:36:55,0.5207764992349228,0.3052531375921573,0.6709644882750057
mu_mig_ctrl_20260122_053125_ws0124_1331,26,6,35.5866826206044,146.5215865339002,35.5866826206044,2194,2026-01-23 15:39:17,0.5414629362291615,0.3447589697596791,0.5830438895442784
mu_mig_ctrl_20260122_053125_ws0124_1331,26,7,31.044405437005533,83.0766658648759,31.044405437005533,908,2026-01-23 15:20:42,0.5792445745749027,0.1600691993087018,0.45631921736926884
mu_mig_ctrl_20260122_053125_ws0124_1331,26,8,32.035602336844015,141.98558036522516,32.035602336844015,1337,2026-01-23 15:25:10,0.7983908767721747,0.23896752327462684,0.5772618794549977
mu_mig_ctrl_20260122_053125_ws0124_1331,26,9,35.38960707177781,146.69602803511984,35.38960707177781,2304,2026-01-23 15:31:58,0.5415856231274,0.34633672498798784,0.5829750291345415
mu_mig_ctrl_20260122_053125_ws0124_1331,26,10,13.417916588888428,119.80252047834182,13.417916588888428,2407,2026-01-23 15:32:14,0.7249750810876744,0.35766092165280966,0.3281735822022251
mu_mig_ctrl_20260122_053125_ws0124_1331,26,11,36.60048648164346,146.5095728387862,36.60048648164346,1713,2026-01-23 15:27:45,0.5194819199137378,0.3047180018960931,0.6702967699701396
mu_mig_ctrl_20260122_053125_ws0124_1331,26,12,31.88524392937729,142.91578176402783,31.88524392937729,2086,2026-01-23 15:29:42,0.5399869171966342,0.32545682069010906,0.5990986338783622
mu_mig_ctrl_20260122_053125_ws0124_1331,26,13,15.76193260939563,105.0560295167037,15.76193260939563,2258,2026-01-23 15:30:34,0.806335685966043,0.3522974307985712,0.27813737542072725
mu_mig_ctrl_20260122_053125_ws0124_1331,26,14,9.140758541585093,113.22681205734023,9.140758541585093,2018,2026-01-23 15:30:56,0.42524638501909395,0.3251519645079424,0.5768692184003508
mu_mig_ctrl_20260122_053125_ws0124_1331,26,15,38.804103448374654,75.74928849353836,38.804103448374654,821,2026-01-23 15:20:39,0.5791679171333662,0.16005911444367332,0.45706010420442245
mu_mig_ctrl_20260122_053125_ws0124_1331,26,16,23.176823836858933,134.12347521847684,23.176823836858933,2084,2026-01-23 15:30:40,0.5104373918517138,0.3351279770689448,0.5791725796746776
mu_mig_ctrl_20260122_053125_ws0124_1331,26,17,37.57240350833719,147.70905946168534,37.57240350833719,1291,2026-01-23 15:25:02,0.7973902558512553,0.2386967041880424,0.5749876428743653
mu_mig_ctrl_20260122_053125_ws0124_1331,26,18,9.86116142531637,107.28092475267475,9.86116142531637,1027,2026-01-23 15:29:43,0.8186363092248842,0.18029371776542366,0.4571335802987465
mu_mig_ctrl_20260122_053125_ws0124_1331,26,19,32.73189348964034,141.76916627872802,32.73189348964034,1285,2026-01-23 15:32:28,0.7969870267079439,0.23866601109039454,0.5749099614746158
mu_mig_ctrl_20260122_053125_ws0124_1331,26,20,17.10001086660352,126.54810687931145,17.10001086660352,1990,2026-01-23 15:37:54,0.5093731288492994,0.33047164019889486,0.5765087150019077
mu_mig_ctrl_20260122_053125_ws0124_1331,26,21,16.10634145994168,105.57449262539915,16.10634145994168,2225,2026-01-23 15:32:33,0.8058500993109599,0.35208997206066434,0.27819151045530177
mu_mig_ctrl_20260122_053125_ws0124_1331,26,22,18.21346064221678,128.32882756354527,18.21346064221678,2424,2026-01-23 15:32:46,0.41430572082134237,0.35396354768404553,0.5436979043736139
mu_mig_ctrl_20260122_053125_ws0124_1331,26,23,31.64079457546895,142.82174529022922,31.64079457546895,2134,2026-01-23 15:28:31,0.5431335064223242,0.3461529289145669,0.5836023734361033
mu_mig_ctrl_20260122_053125_ws0124_1331,26,24,25.499758759346438,136.30597306252974,25.499758759346438,2382,2026-01-23 15:31:58,0.9027171344429726,0.35802391829058,0.3475095272248612
mu_mig_ctrl_20260122_053125_ws0124_1331,27,0,11.53605702649254,121.96785091724485,11.53605702649254,2345,2026-01-23 16:56:08,0.4142241973227306,0.35370775410586525,0.5423989726116041
mu_mig_ctrl_20260122_053125_ws0124_1331,27,1,32.97492736766564,143.119307882841,32.97492736766564,1820,2026-01-23 16:49:14,0.5194744305088977,0.31027606235621846,0.6703454175639693
mu_mig_ctrl_20260122_053125_ws0124_1331,27,2,13.949423777928178,121.89387456609293,13.949423777928178,2516,2026-01-23 16:52:52,0.7255318122722966,0.35835640528725893,0.32834963889053065
mu_mig_ctrl_20260122_053125_ws0124_1331,27,3,27.627875078436787,139.18650354704437,27.627875078436787,2401,2026-01-23 16:54:05,0.9013325662999924,0.358093173124512,0.3475242417953757
mu_mig_ctrl_20260122_053125_ws0124_1331,27,4,29.058907364372313,139.1235925993945,29.058907364372313,1800,2026-01-23 16:51:18,0.5130219628782469,0.304931559435134,0.6702720401600225
mu_mig_ctrl_20260122_053125_ws0124_1331,27,5,33.03883186495978,143.73837333954503,33.03883186495978,1821,2026-01-23 16:45:26,0.5217109010487991,0.3052296272364662,0.6710895128915217
mu_mig_ctrl_20260122_053125_ws0124_1331,27,6,26.912705717683846,137.99891447608016,26.912705717683846,2246,2026-01-23 16:50:35,0.5414772773465187,0.34502402651897296,0.5830343983590893
mu_mig_ctrl_20260122_053125_ws0124_1331,27,7,35.359240493743066,78.54585185279028,35.359240493743066,891,2026-01-23 16:39:35,0.5791749751935485,0.1602504103142518,0.4563613555734308
mu_mig_ctrl_20260122_053125_ws0124_1331,27,8,29.158955442795477,138.52626726505233,29.158955442795477,1274,2026-01-23 16:39:48,0.7973477601804849,0.23739664859606383,0.5826462800750034
mu_mig_ctrl_20260122_053125_ws0124_1331,27,9,38.157132825437564,149.3197946715221,38.157132825437564,2382,2026-01-23 16:55:58,0.542345598796,0.34626952019062573,0.5834378155262612
mu_mig_ctrl_20260122_053125_ws0124_1331,27,10,12.45651725937454,113.87486139291894,12.45651725937454,2248,2026-01-23 16:45:43,0.7245438490361779,0.3576471027054902,0.3281855755412806
mu_mig_ctrl_20260122_053125_ws0124_1331,27,11,31.11454528712426,142.27655102024843,31.11454528712426,1974,2026-01-23 16:49:37,0.5193768850671671,0.305502251105806,0.6702730111197063
mu_mig_ctrl_20260122_053125_ws0124_1331,27,12,34.26993219850355,145.27607969353332,34.26993219850355,2073,2026-01-23 16:51:33,0.5315731701503792,0.3279508002716822,0.6192559776542013
mu_mig_ctrl_20260122_053125_ws0124_1331,27,13,12.659607206540253,111.8249871450335,12.659607206540253,2311,2026-01-23 16:47:25,0.8063886604195608,0.35244548652293495,0.27813064683272193
mu_mig_ctrl_20260122_053125_ws0124_1331,27,14,15.202290594339892,123.74867275175482,15.202290594339892,2029,2026-01-23 16:53:19,0.42714812707034006,0.3258603544571013,0.5782855660920743
mu_mig_ctrl_20260122_053125_ws0124_1331,27,15,34.90427553035056,78.76919269894579,34.90427553035056,885,2026-01-23 16:43:58,0.5792007578335907,0.1600619088986483,0.4570114614489883
mu_mig_ctrl_20260122_053125_ws0124_1331,27,16,28.796118033189757,139.61699903888024,28.796118033189757,2211,2026-01-23 16:55:23,0.5067014249292878,0.3341995523357475,0.5768785845282736
mu_mig_ctrl_20260122_053125_ws0124_1331,27,17,35.16576952959888,144.78747553752527,35.16576952959888,1261,2026-01-23 16:46:54,0.797483788168648,0.23867414934470513,0.5749769403544316
mu_mig_ctrl_20260122_053125_ws0124_1331,27,18,9.360888653791474,106.87094722062058,9.360888653791474,938,2026-01-23 16:42:55,0.8186600096682048,0.18029116543931642,0.4571427322427714
mu_mig_ctrl_20260122_053125_ws0124_1331,27,19,37.16981587917646,147.00529577766991,37.16981587917646,1322,2026-01-23 16:38:25,0.7969389243858276,0.23867020392210866,0.5748995161744335
mu_mig_ctrl_20260122_053125_ws0124_1331,27,20,25.85895676853315,136.21245853742275,25.85895676853315,1959,2026-01-23 16:43:00,0.5105864713786611,0.32679136784035934,0.5750761885715103
mu_mig_ctrl_20260122_053125_ws0124_1331,27,21,14.326001959209536,112.12038004420543,14.326001959209536,2437,2026-01-23 16:56:54,0.8060148917754744,0.3522215590557655,0.27816232237916316
mu_mig_ctrl_20260122_053125_ws0124_1331,27,22,10.06449492954895,116.7667935982093,10.06449492954895,2299,2026-01-23 16:51:00,0.4143085458124679,0.353862748467091,0.5431718285292755
mu_mig_ctrl_20260122_053125_ws0124_1331,27,23,30.798982009430887,141.67613873243076,30.798982009430887,2178,2026-01-23 16:54:27,0.5432263340607738,0.346410931087547,0.5836233765874574
mu_mig_ctrl_20260122_053125_ws0124_1331,27,24,21.9232371567069,132.7439549214588,21.9232371567069,2259,2026-01-23 16:51:29,0.9030332851658955,0.35806833623792866,0.3474964391082496
mu_mig_ctrl_20260122_053125_ws0124_1331,28,0,8.018859948855422,113.68449118120564,8.018859948855422,2246,2026-01-23 17:58:10,0.4142481705768989,0.35374186151421483,0.5424520665462564
mu_mig_ctrl_20260122_053125_ws0124_1331,28,1,42.013668178573354,151.76632570070566,42.013668178573354,1897,2026-01-23 18:04:16,0.5241215356948918,0.31086232377156603,0.6697672418929888
mu_mig_ctrl_20260122_053125_ws0124_1331,28,2,14.604730025590126,113.0747710435517,14.604730025590126,2278,2026-01-23 18:09:41,0.7252635097320997,0.3583879600546253,0.32829196078660294
mu_mig_ctrl_20260122_053125_ws0124_1331,28,3,27.956466676874758,137.97422479998855,27.956466676874758,2365,2026-01-23 18:09:32,0.9022701860953949,0.35826008999981246,0.3475073172423849
mu_mig_ctrl_20260122_053125_ws0124_1331,28,4,30.07303663500917,140.71098984899717,30.07303663500917,1851,2026-01-23 18:03:56,0.5132835842940929,0.3051343703082463,0.6702498075676763
mu_mig_ctrl_20260122_053125_ws0124_1331,28,5,32.431369636359626,142.5183187033957,32.431369636359626,1669,2026-01-23 18:02:02,0.5215233730958169,0.3052649407449514,0.6709213511228214
mu_mig_ctrl_20260122_053125_ws0124_1331,28,6,35.829476464870595,146.6830103897241,35.829476464870595,2272,2026-01-23 17:58:47,0.541485882016933,0.3451830605745492,0.5830287036479758
mu_mig_ctrl_20260122_053125_ws0124_1331,28,7,29.989171734702815,84.8960683516035,29.989171734702815,883,2026-01-23 17:56:54,0.5791367780223126,0.1603043206409075,0.45666801644671506
mu_mig_ctrl_20260122_053125_ws0124_1331,28,8,31.75866098539308,141.2266674758591,31.75866098539308,1242,2026-01-23 17:49:58,0.796721890225471,0.23645412378892602,0.5858769204470069
mu_mig_ctrl_20260122_053125_ws0124_1331,28,9,32.414374728784026,143.58551477999484,32.414374728784026,2178,2026-01-23 17:56:19,0.5429642075253267,0.3462364331677501,0.5837600823697537
mu_mig_ctrl_20260122_053125_ws0124_1331,28,10,11.392506925919475,113.67784811033752,11.392506925919475,2320,2026-01-23 18:07:15,0.7242851098052799,0.35763881133709857,0.3281927715447138
mu_mig_ctrl_20260122_053125_ws0124_1331,28,11,38.45272840643639,149.04529071577608,38.45272840643639,1832,2026-01-23 18:06:20,0.5193138641592246,0.3059728006316337,0.6702587558094462
mu_mig_ctrl_20260122_053125_ws0124_1331,28,12,33.74797507806597,144.5652853850148,33.74797507806597,2098,2026-01-23 17:52:54,0.5343045293681286,0.33928866218294174,0.6122808518350489
mu_mig_ctrl_20260122_053125_ws0124_1331,28,13,14.452675559752663,106.51853808575952,14.452675559752663,2289,2026-01-23 17:54:31,0.8064204450916715,0.35253431995755324,0.27812660967991876
mu_mig_ctrl_20260122_053125_ws0124_1331,28,14,13.540602294212805,113.74636948192733,13.540602294212805,1952,2026-01-23 17:52:13,0.4282891723010877,0.32628538842659666,0.5791353747071084
mu_mig_ctrl_20260122_053125_ws0124_1331,28,15,28.421019484291087,85.53527468129306,28.421019484291087,926,2026-01-23 17:57:05,0.5792204622537254,0.16006358557163328,0.4569822757957278
mu_mig_ctrl_20260122_053125_ws0124_1331,28,16,23.962475311590786,134.75408612642852,23.962475311590786,2052,2026-01-23 17:52:10,0.5057853655420925,0.3286442734576598,0.5745111505488647
mu_mig_ctrl_20260122_053125_ws0124_1331,28,17,34.08113519226168,143.99185522824882,34.08113519226168,1288,2026-01-23 18:02:40,0.7975399075590835,0.23866061643870276,0.5749705188424714
mu_mig_ctrl_20260122_053125_ws0124_1331,28,18,9.93201866720105,104.79410230125605,9.93201866720105,949,2026-01-23 18:00:13,0.8186742299341973,0.18028963404365209,0.45714822340918637
mu_mig_ctrl_20260122_053125_ws0124_1331,28,19,34.8402131938994,144.82861246304125,34.8402131938994,1327,2026-01-23 17:55:04,0.7969329731721565,0.2386740707843992,0.5749436780010226
mu_mig_ctrl_20260122_053125_ws0124_1331,28,20,25.489485282242132,136.5154329599023,25.489485282242132,1975,2026-01-23 18:05:35,0.5113144768962781,0.324583204425238,0.5742166727132719
mu_mig_ctrl_20260122_053125_ws0124_1331,28,21,16.780573232935843,102.2113281233096,16.780573232935843,2161,2026-01-23 18:04:06,0.8061876563746,0.3524216082381315,0.2781357478219654
mu_mig_ctrl_20260122_053125_ws0124_1331,28,22,12.549691101903505,120.25723199850546,12.549691101903505,2329,2026-01-23 17:55:12,0.41431024080714324,0.35380226893691824,0.5428561830226724
mu_mig_ctrl_20260122_053125_ws0124_1331,28,23,35.051142532177046,146.67652615320068,35.051142532177046,2373,2026-01-23 17:58:00,0.5432820306438436,0.3465657323913351,0.5836359784782699
mu_mig_ctrl_20260122_053125_ws0124_1331,28,24,20.660520170248216,130.98575640865576,20.660520170248216,2283,2026-01-23 17:57:50,0.9032229755996493,0.35809498700633785,0.34748858623828266
mu_mig_ctrl_20260122_053125_ws0124_1331,29,0,13.439107450259595,124.17223814569788,13.439107450259595,2454,2026-01-24 14:27:30,0.4142481705768989,0.3537418615142148,0.5424520665462564
mu_mig_ctrl_20260122_053125_ws0124_1331,29,1,41.141278398989236,150.7609482958478,41.141278398989236,1830,2026-01-24 14:25:43,0.5241215356948918,0.310862323771566,0.6697672418929888
mu_mig_ctrl_20260122_053125_ws0124_1331,29,2,11.73649206614645,111.44193097603659,11.73649206614645,2257,2026-01-24 14:26:53,0.7252635097320997,0.3583879600546253,0.3282919607866029
mu_mig_ctrl_20260122_053125_ws0124_1331,29,3,28.463104499573255,139.55304871084576,28.463104499573255,2474,2026-01-24 14:26:28,0.9022701860953948,0.3582600899998124,0.3475073172423849
mu_mig_ctrl_20260122_053125_ws0124_1331,29,4,35.640305298908316,145.94574542806308,35.640305298908316,1763,2026-01-24 14:23:24,0.5132835842940929,0.3051343703082463,0.6702498075676763
mu_mig_ctrl_20260122_053125_ws0124_1331,29,5,39.634846438980944,149.45662131170766,39.634846438980944,1836,2026-01-24 14:25:55,0.5215233730958169,0.3052649407449514,0.6709213511228214
mu_mig_ctrl_20260122_053125_ws0124_1331,29,6,32.722783806707156,143.82067908630427,32.722783806707156,2198,2026-01-24 14:28:43,0.541485882016933,0.3451830605745492,0.5830287036479758
mu_mig_ctrl_20260122_053125_ws0124_1331,29,7,32.71599384559951,81.37050189768196,32.71599384559951,883,2026-01-24 14:18:57,0.5791367780223126,0.1603043206409075,0.456668016446715
mu_mig_ctrl_20260122_053125_ws0124_1331,29,8,37.35486264947923,147.50528383404406,37.35486264947923,1313,2026-01-24 14:22:09,0.796721890225471,0.236454123788926,0.5858769204470069
mu_mig_ctrl_20260122_053125_ws0124_1331,29,9,33.710449725310234,144.49552360201184,33.710449725310234,2181,2026-01-24 14:28:56,0.5429642075253267,0.3462364331677501,0.5837600823697537
mu_mig_ctrl_20260122_053125_ws0124_1331,29,10,14.56456037644772,122.29028693664398,14.56456037644772,2345,2026-01-24 14:27:26,0.7242851098052799,0.3576388113370985,0.3281927715447138
mu_mig_ctrl_20260122_053125_ws0124_1331,29,11,33.273426380984816,143.47101251931042,33.273426380984816,1799,2026-01-24 14:23:39,0.5193138641592246,0.3059728006316337,0.6702587558094462
mu_mig_ctrl_20260122_053125_ws0124_1331,29,12,34.36315823635739,145.25009457175892,34.36315823635739,2050,2026-01-24 14:24:19,0.5343045293681286,0.3392886621829417,0.6122808518350489
mu_mig_ctrl_20260122_053125_ws0124_1331,29,13,15.056986317752454,106.3880923016061,15.056986317752454,2352,2026-01-24 14:25:52,0.8064204450916715,0.3525343199575532,0.2781266096799187
mu_mig_ctrl_20260122_053125_ws0124_1331,29,14,5.748502934123666,111.95392799632495,5.748502934123666,1972,2026-01-24 14:27:39,0.4282891723010877,0.3262853884265966,0.5791353747071084
mu_mig_ctrl_20260122_053125_ws0124_1331,29,15,31.179560831293507,82.36575655764335,31.179560831293507,856,2026-01-24 14:18:26,0.5792204622537254,0.1600635855716332,0.4569822757957278
mu_mig_ctrl_20260122_053125_ws0124_1331,29,16,12.565498992588854,123.16146703988188,12.565498992588854,1968,2026-01-24 14:27:44,0.5057853655420925,0.3286442734576598,0.5745111505488647
mu_mig_ctrl_20260122_053125_ws0124_1331,29,17,37.65882838683319,147.45039007076338,37.65882838683319,1301,2026-01-24 14:22:04,0.7975399075590835,0.2386606164387027,0.5749705188424714
mu_mig_ctrl_20260122_053125_ws0124_1331,29,18,9.120491578352635,117.74761878266884,9.120491578352635,1017,2026-01-24 14:17:33,0.8186742299341973,0.180289634043652,0.4571482234091863
mu_mig_ctrl_20260122_053125_ws0124_1331,29,19,31.912548977956643,142.18336527836553,31.912548977956643,1368,2026-01-24 14:21:59,0.7969329731721565,0.2386740707843992,0.5749436780010226
mu_mig_ctrl_20260122_053125_ws0124_1331,29,20,18.146191940015438,129.39908786727852,18.146191940015438,2000,2026-01-24 14:54:15,0.5113144768962781,0.324583204425238,0.5742166727132719
mu_mig_ctrl_20260122_053125_ws0124_1331,29,21,17.544808897133837,100.93267858795352,17.544808897133837,2140,2026-01-24 14:58:11,0.8061876563746,0.3524216082381315,0.2781357478219654
mu_mig_ctrl_20260122_053125_ws0124_1331,29,22,10.292935360458182,118.79452308250829,10.292935360458182,2291,2026-01-24 15:01:54,0.4143102408071432,0.3538022689369182,0.5428561830226724
mu_mig_ctrl_20260122_053125_ws0124_1331,29,23,23.10559351878696,134.3985580258028,23.10559351878696,2076,2026-01-24 15:02:46,0.5432820306438436,0.3465657323913351,0.5836359784782699
mu_mig_ctrl_20260122_053125_ws0124_1331,29,24,21.787286589949844,132.62983454676908,21.787286589949844,2315,2026-01-24 15:04:02,0.9032229755996491,0.3580949870063378,0.3474885862382826
mu_mig_ctrl_20260122_053125_ws0124_1331,30,0,10.158724673067063,109.05302914930937,10.158724673067063,2081,2026-01-24 16:08:04,0.4299430675550839,0.33510451062310703,0.5091127744346373
mu_mig_ctrl_20260122_053125_ws0124_1331,30,1,62.86247288917761,173.55662527473203,62.86247288917761,2469,2026-01-24 15:59:11,0.5881986374577886,0.35677022189635654,0.6834419642011249
mu_mig_ctrl_20260122_053125_ws0124_1331,30,2,13.959006552760059,118.89437531452691,13.959006552760059,2845,2026-01-24 16:01:28,0.8135363726385556,0.39344207570512935,0.28075378052392574
mu_mig_ctrl_20260122_053125_ws0124_1331,30,3,55.207026042183465,166.99683505470946,55.207026042183465,3215,2026-01-24 16:03:51,0.7268322336259487,0.4261588448620936,0.462047092850139
mu_mig_ctrl_20260122_053125_ws0124_1331,30,4,49.647395366959955,159.60555573168776,49.647395366959955,1750,2026-01-24 15:56:05,0.6427754761565012,0.2984886705827703,0.6619736278643307
mu_mig_ctrl_20260122_053125_ws0124_1331,30,5,41.94931537810591,150.5180944934342,41.94931537810591,1418,2026-01-24 15:55:02,0.5699266671465327,0.2634122744031257,0.728312088400064
mu_mig_ctrl_20260122_053125_ws0124_1331,30,6,42.72105996297019,154.4328143297481,42.72105996297019,2524,2026-01-24 15:59:33,0.6763541632423127,0.38368766328909265,0.4972131508361215
mu_mig_ctrl_20260122_053125_ws0124_1331,30,7,24.73154812386266,89.46176289081602,24.73154812386266,861,2026-01-24 15:49:35,0.6808156704420586,0.1507981898908482,0.4654628294215919
mu_mig_ctrl_20260122_053125_ws0124_1331,30,8,14.684016723434032,121.99850447101853,14.684016723434032,1118,2026-01-24 15:52:35,0.5706038994298964,0.21720954553314673,0.6180629858079285
mu_mig_ctrl_20260122_053125_ws0124_1331,30,9,56.08059811635911,166.8892911595771,56.08059811635911,2133,2026-01-24 15:57:54,0.6651309727757214,0.3484184159869057,0.5993790736392514
mu_mig_ctrl_20260122_053125_ws0124_1331,30,10,42.141855613428625,75.35424674068584,42.141855613428625,1566,2026-01-24 15:55:46,0.6175687701557278,0.2784100789428424,0.3203669709659225
mu_mig_ctrl_20260122_053125_ws0124_1331,30,11,13.613112457625295,123.56869737495714,13.613112457625295,2124,2026-01-24 15:57:14,0.34127705814978576,0.3412799738522163,0.6927883437035346
mu_mig_ctrl_20260122_053125_ws0124_1331,30,12,18.571167147051064,128.4581632813699,18.571167147051064,2454,2026-01-24 15:59:24,0.3649929306705,0.37393787712853743,0.6047371250289415
mu_mig_ctrl_20260122_053125_ws0124_1331,30,13,12.622465589545435,112.93745281123249,12.622465589545435,2162,2026-01-24 15:58:22,0.6867939991232088,0.33605542626599855,0.3697267453209555
mu_mig_ctrl_20260122_053125_ws0124_1331,30,14,11.360337000953349,115.00867321681494,11.360337000953349,2002,2026-01-24 15:58:59,0.34932508384032945,0.3226600287317548,0.6238742845676789
mu_mig_ctrl_20260122_053125_ws0124_1331,30,15,39.782421422624225,75.6485638636981,39.782421422624225,1222,2026-01-24 15:54:12,0.5607265860846723,0.22860954971060526,0.4289740220436924
mu_mig_ctrl_20260122_053125_ws0124_1331,30,16,11.452496541000283,121.72364693075767,11.452496541000283,2037,2026-01-24 15:59:10,0.4682249007507798,0.3410077761239343,0.547026070186722
mu_mig_ctrl_20260122_053125_ws0124_1331,30,17,11.99299657479585,121.0055555637758,11.99299657479585,1149,2026-01-24 15:53:33,0.6768098487395329,0.21511488175130677,0.5738680419470209
mu_mig_ctrl_20260122_053125_ws0124_1331,30,18,14.78802677399805,99.34940605471064,14.78802677399805,608,2026-01-24 15:48:37,0.8252388859075263,0.08734063799060915,0.5174875854347062
mu_mig_ctrl_20260122_053125_ws0124_1331,30,19,42.39238971473688,152.06091934849923,42.39238971473688,1417,2026-01-24 15:51:51,0.7640579616493496,0.24477942094628485,0.6097925084570758
mu_mig_ctrl_20260122_053125_ws0124_1331,30,20,11.369282766378179,118.76947648879303,11.369282766378179,1311,2026-01-24 16:28:31,0.49880865806152597,0.2403206346215462,0.6465269182890142
mu_mig_ctrl_20260122_053125_ws0124_1331,30,21,25.141312132814985,94.11418802871941,25.141312132814985,1709,2026-01-24 16:29:36,0.9429023855354767,0.29145238222517206,0.2603876217304488
mu_mig_ctrl_20260122_053125_ws0124_1331,30,22,42.87208137337651,154.76652002771726,42.87208137337651,3583,2026-01-24 16:36:46,0.4480954653661617,0.4375876429832419,0.5423610007233991
mu_mig_ctrl_20260122_053125_ws0124_1331,30,23,31.693568239655626,142.78477520789468,31.693568239655626,1829,2026-01-24 16:30:44,0.7136391234727026,0.32197689614590397,0.5201582938480809
mu_mig_ctrl_20260122_053125_ws0124_1331,30,24,109.19299908676382,218.5472174878613,109.19299908676382,2776,2026-01-24 16:37:21,0.9603860244225715,0.4043830950009193,0.7495456711283979
mu_mig_ctrl_20260122_053125_ws0124_1331,31,0,21.740506265367355,95.25512725881254,21.740506265367355,1861,2026-01-24 17:33:22,0.44249898513763186,0.32019462991022085,0.482441340745342
mu_mig_ctrl_20260122_053125_ws0124_1331,31,1,68.14356809139029,178.36372488305906,68.14356809139029,2439,2026-01-24 17:29:56,0.6422533106024265,0.37749560365329193,0.6940406320848609
mu_mig_ctrl_20260122_053125_ws0124_1331,31,2,110.50093103697432,220.29743869134447,110.50093103697432,3142,2026-01-24 17:38:43,0.8841546629637203,0.42148536822553256,0.742723236313784
mu_mig_ctrl_20260122_053125_ws0124_1331,31,3,82.61187242683415,194.38079300929436,82.61187242683415,4550,2026-01-24 17:40:27,0.5737917356114821,0.4727026800399319,0.5638989154410263
mu_mig_ctrl_20260122_053125_ws0124_1331,31,4,59.89482942690076,169.50417067741063,59.89482942690076,1623,2026-01-24 17:29:25,0.7463689896464278,0.2931721108023895,0.6553526841016544
mu_mig_ctrl_20260122_053125_ws0124_1331,31,5,72.46091373724765,47.3513837182963,72.46091373724765,1211,2026-01-24 17:23:17,0.6086493023871054,0.22993014132966513,0.27422467822185803
mu_mig_ctrl_20260122_053125_ws0124_1331,31,6,58.885031710826546,170.67165373507038,58.885031710826546,3138,2026-01-24 17:39:05,0.7842487882226163,0.41449134546072736,0.4285607085866381
mu_mig_ctrl_20260122_053125_ws0124_1331,31,7,17.7605857288261,96.7002245546128,17.7605857288261,857,2026-01-24 17:22:41,0.7621587843778554,0.14319328529080075,0.47249867980149346
mu_mig_ctrl_20260122_053125_ws0124_1331,31,8,22.601283067094027,92.11672172912188,22.601283067094027,1125,2026-01-24 17:26:48,0.369374843028312,0.21044793993217523,0.6500927851304892
mu_mig_ctrl_20260122_053125_ws0124_1331,31,9,72.1276310681248,182.71542050403787,72.1276310681248,2375,2026-01-24 17:29:47,0.7568821951708267,0.3482126623390118,0.6252124454207801
mu_mig_ctrl_20260122_053125_ws0124_1331,31,10,59.881747745143066,57.678239204179754,59.881747745143066,1217,2026-01-24 17:24:40,0.5594195014710039,0.22524559164663946,0.3154581853324383
mu_mig_ctrl_20260122_053125_ws0124_1331,31,11,14.356076183739559,103.91781916766709,14.356076183739559,2435,2026-01-24 17:30:33,0.19912839070121155,0.36607716992148875,0.7078878953832508
mu_mig_ctrl_20260122_053125_ws0124_1331,31,12,16.712168610169385,103.48851613824634,16.712168610169385,2845,2026-01-24 17:35:21,0.22773316660356996,0.4010008275885319,0.6001186421215918
mu_mig_ctrl_20260122_053125_ws0124_1331,31,13,9.221878429381201,117.73284809621592,9.221878429381201,2020,2026-01-24 17:31:40,0.5910928423484386,0.32287231131275484,0.44300685383378496
mu_mig_ctrl_20260122_053125_ws0124_1331,31,14,10.783467853607311,106.38167216013795,10.783467853607311,1925,2026-01-24 17:34:09,0.2861538130717229,0.3197597409758814,0.6596654124561353
mu_mig_ctrl_20260122_053125_ws0124_1331,31,15,21.067800327516366,95.46269146178527,21.067800327516366,1597,2026-01-24 17:25:12,0.5656070307829844,0.28169010536566397,0.4067361957216
mu_mig_ctrl_20260122_053125_ws0124_1331,31,16,10.292757933015958,113.74340562527374,10.292757933015958,2284,2026-01-24 17:32:16,0.4277412802865541,0.3499964982611077,0.5233902045827363
mu_mig_ctrl_20260122_053125_ws0124_1331,31,17,10.014331136061024,106.36839472566973,10.014331136061024,1072,2026-01-24 17:26:40,0.5802258016838924,0.19627829400139002,0.5729860604306605
mu_mig_ctrl_20260122_053125_ws0124_1331,31,18,17.395201328008955,96.44133843587862,17.395201328008955,471,2026-01-24 17:24:00,0.8304906106861895,0.012981441148174858,0.565759075055122
mu_mig_ctrl_20260122_053125_ws0124_1331,31,19,35.32294188807912,144.36250451449888,35.32294188807912,1265,2026-01-24 17:24:24,0.7117883681557119,0.24790333837440878,0.6344560284614345
mu_mig_ctrl_20260122_053125_ws0124_1331,31,20,12.549968302103263,111.84024383494345,12.549968302103263,913,2026-01-24 18:01:28,0.4888040029937243,0.17291057877859276,0.704375114749608
mu_mig_ctrl_20260122_053125_ws0124_1331,31,21,103.22797537665417,23.32043581562673,103.22797537665417,1379,2026-01-24 17:57:06,0.04813759094848469,0.24695214119322234,0.7489931680026237
mu_mig_ctrl_20260122_053125_ws0124_1331,31,22,60.4194349789343,55.0067524886647,60.4194349789343,463,2026-01-24 18:00:22,0.4772487041234212,0.0027078184959885565,0.5429900223323002
mu_mig_ctrl_20260122_053125_ws0124_1331,31,23,33.399252536323786,144.60329415899676,33.399252536323786,1731,2026-01-24 18:05:04,0.8499247977357899,0.3023058271495591,0.4693761461439297
mu_mig_ctrl_20260122_053125_ws0124_1331,31,24,106.10471692959018,216.5413591487606,106.10471692959018,3595,2026-01-24 18:09:56,0.9174151598512055,0.43077797985760635,0.649889756360806
mu_mig_ctrl_20260122_053125_ws0124_1331,32,0,17.943929904877365,96.01069419939006,17.943929904877365,1723,2026-01-24 19:05:30,0.44753065432028916,0.30890497979871884,0.47599945855986237
mu_mig_ctrl_20260122_053125_ws0124_1331,32,1,79.45628890804942,190.0649094542687,79.45628890804942,2813,2026-01-24 19:11:30,0.6854970491181369,0.3940759090588402,0.7025195663918495
mu_mig_ctrl_20260122_053125_ws0124_1331,32,2,115.04730969793532,224.79396692339407,115.04730969793532,3682,2026-01-24 19:06:13,0.941796289540588,0.4463868682221612,0.7043741288671885
mu_mig_ctrl_20260122_053125_ws0124_1331,32,3,47.6260305197162,65.76941921486399,47.6260305197162,458,2026-01-24 18:51:53,0.4084641129578334,0.003971777687747591,0.6344428799278817
mu_mig_ctrl_20260122_053125_ws0124_1331,32,4,55.393089689495554,165.36337969962696,55.393089689495554,1579,2026-01-24 18:58:29,0.8234863721193166,0.27922768194665815,0.6422493897999433
mu_mig_ctrl_20260122_053125_ws0124_1331,32,5,56.027240051559495,62.88934986545471,56.027240051559495,1136,2026-01-24 19:00:31,0.6218035793701049,0.20243284597258865,0.3231247318630127
mu_mig_ctrl_20260122_053125_ws0124_1331,32,6,67.32804017278873,179.06813478687147,67.32804017278873,3489,2026-01-24 19:09:21,0.890083261808111,0.4373620090420309,0.38951341340974777
mu_mig_ctrl_20260122_053125_ws0124_1331,32,7,8.197218635477142,111.45947048747732,8.197218635477142,854,2026-01-24 18:52:59,0.8049153255246814,0.1494459456563713,0.512929313785123
mu_mig_ctrl_20260122_053125_ws0124_1331,32,8,44.124223459754475,70.37774221590357,44.124223459754475,1136,2026-01-24 18:56:48,0.21826774835513643,0.20150308191370028,0.6783386741439528
mu_mig_ctrl_20260122_053125_ws0124_1331,32,9,79.27924091968973,189.27748918347666,79.27924091968973,2186,2026-01-24 19:02:00,0.8266685900783596,0.3388878029295883,0.6503038022509569
mu_mig_ctrl_20260122_053125_ws0124_1331,32,10,66.8094696724575,50.290119445357426,66.8094696724575,958,2026-01-24 18:58:54,0.5129000865232249,0.1827140018096771,0.3115311568256509
mu_mig_ctrl_20260122_053125_ws0124_1331,32,11,56.11333337937831,63.87573240451387,56.11333337937831,2694,2026-01-24 19:11:44,0.0856725560180552,0.38326975861722606,0.7119549518860053
mu_mig_ctrl_20260122_053125_ws0124_1331,32,12,27.465246352924,91.31111323684331,27.465246352924,3106,2026-01-24 19:14:31,0.13725472174538564,0.4118901767984933,0.6003893423711737
mu_mig_ctrl_20260122_053125_ws0124_1331,32,13,7.6448631180877396,116.02022407746074,7.6448631180877396,1807,2026-01-24 19:01:48,0.5145319169286224,0.3123258193501599,0.5016309406440485
mu_mig_ctrl_20260122_053125_ws0124_1331,32,14,14.909778303886695,99.57286047386368,14.909778303886695,1916,2026-01-24 18:59:48,0.2356167964568376,0.31743951077118265,0.6882983147669004
mu_mig_ctrl_20260122_053125_ws0124_1331,32,15,12.728730215717514,105.47770039245903,12.728730215717514,2150,2026-01-24 19:03:44,0.5710741130015309,0.3391016158541538,0.39839103091174033
mu_mig_ctrl_20260122_053125_ws0124_1331,32,16,11.561587341881399,110.80442114184235,11.561587341881399,2356,2026-01-24 19:05:37,0.3953543839151735,0.3571874759708464,0.5044815120995477
mu_mig_ctrl_20260122_053125_ws0124_1331,32,17,19.436549310021547,94.35332918126092,19.436549310021547,997,2026-01-24 18:58:55,0.5029585640393799,0.18120902380145662,0.5722804752175722
mu_mig_ctrl_20260122_053125_ws0124_1331,32,18,100.04435212025021,211.01408703416627,100.04435212025021,3786,2026-01-24 19:14:19,0.83469199050912,0.45349408367422744,0.6043762667514547
mu_mig_ctrl_20260122_053125_ws0124_1331,32,19,45.20529543610988,154.28810638187778,45.20529543610988,1431,2026-01-24 18:58:46,0.6699726933608017,0.25040247231690793,0.6541868444649214
mu_mig_ctrl_20260122_053125_ws0124_1331,32,20,110.01116536217445,21.396834556412717,110.01116536217445,735,2026-01-24 19:28:59,0.4808002789394829,0.11898253410422999,0.2506536719180831
mu_mig_ctrl_20260122_053125_ws0124_1331,32,21,50.66468650721617,62.69416019397501,50.66468650721617,1283,2026-01-24 19:28:26,0.19087603494249178,0.24071330877725822,0.7377910785138693
mu_mig_ctrl_20260122_053125_ws0124_1331,32,22,40.95370823765074,74.05280589473178,40.95370823765074,526,2026-01-24 19:31:57,0.5090476626316269,0.05710612691574652,0.5507786721967294
mu_mig_ctrl_20260122_053125_ws0124_1331,32,23,28.781886675660147,140.11032005879886,28.781886675660147,1663,2026-01-24 19:35:05,0.9589533371462596,0.2865689719524832,0.42875042798060875
mu_mig_ctrl_20260122_053125_ws0124_1331,32,24,100.75191367259332,211.93193397875072,100.75191367259332,3898,2026-01-24 19:42:50,0.8830384681941127,0.451893887742956,0.5701650245467326
mu_mig_ctrl_20260122_053125_ws0124_1331,33,0,12.544523025360371,105.16306364910106,12.544523025360371,1820,2026-01-24 20:37:47,0.4782064482507629,0.3004537326422111,0.4764789949979427
mu_mig_ctrl_20260122_053125_ws0124_1331,33,1,84.37257853060042,195.01341460575816,84.37257853060042,2863,2026-01-24 20:39:51,0.723583505193836,0.40620010158326014,0.6953384717041449
mu_mig_ctrl_20260122_053125_ws0124_1331,33,2,118.09394928078991,228.3788129182501,118.09394928078991,3899,2026-01-24 20:45:47,0.9680696528994628,0.46761639300986985,0.6634846653910456
mu_mig_ctrl_20260122_053125_ws0124_1331,33,3,58.69001351848403,55.65720638417137,58.69001351848403,524,2026-01-24 20:27:47,0.2982212967825215,0.04693008779338197,0.6857494757168905
mu_mig_ctrl_20260122_053125_ws0124_1331,33,4,59.251593099735345,168.94245199796498,59.251593099735345,1481,2026-01-24 20:33:05,0.8851802780976277,0.26807213886207304,0.6317667543585743
mu_mig_ctrl_20260122_053125_ws0124_1331,33,5,49.15481152248652,66.39529658341684,49.15481152248652,996,2026-01-24 20:28:42,0.6323270009565045,0.18043500968692747,0.3622447747759365
mu_mig_ctrl_20260122_053125_ws0124_1331,33,6,73.78819706205897,49.7422449912167,73.78819706205897,3646,2026-01-24 20:42:47,0.001011214550331152,0.44637202044118895,0.37238083556127977
mu_mig_ctrl_20260122_053125_ws0124_1331,33,7,14.197748127574341,120.3067688261634,14.197748127574341,866,2026-01-24 20:30:41,0.8391205584421422,0.15444807394882773,0.5452738209720267
mu_mig_ctrl_20260122_053125_ws0124_1331,33,8,101.85807222319484,22.722226607401343,101.85807222319484,1021,2026-01-24 20:33:56,0.09738207261659595,0.19434719549892035,0.7009353853547238
mu_mig_ctrl_20260122_053125_ws0124_1331,33,9,72.89878629175793,182.51296473005416,72.89878629175793,1816,2026-01-24 20:35:02,0.8812389427094728,0.30953174880791745,0.669585717755015
mu_mig_ctrl_20260122_053125_ws0124_1331,33,10,79.77320232035153,37.79919356930894,79.77320232035153,847,2026-01-24 20:29:20,0.5032828474304687,0.15029877335924802,0.31266837095165334
mu_mig_ctrl_20260122_053125_ws0124_1331,33,11,53.69700671335635,63.966495242110234,53.69700671335635,2864,2026-01-24 20:40:32,0.04372351760350765,0.39436961142821425,0.7142908634546627
mu_mig_ctrl_20260122_053125_ws0124_1331,33,12,56.119304158721256,65.46334101586602,56.119304158721256,3151,2026-01-24 20:44:36,0.06487196585883818,0.4206016561664625,0.600605902570839
mu_mig_ctrl_20260122_053125_ws0124_1331,33,13,8.800042100539079,106.66819909521534,8.800042100539079,1700,2026-01-24 20:34:21,0.4532831765927695,0.3038886257800839,0.5485302100922593
mu_mig_ctrl_20260122_053125_ws0124_1331,33,14,35.77036239695683,78.67448523100636,35.77036239695683,1766,2026-01-24 20:34:13,0.1951871831649294,0.31558332660742366,0.7112046366155125
mu_mig_ctrl_20260122_053125_ws0124_1331,33,15,12.006917414129228,119.02403004689559,12.006917414129228,2600,2026-01-24 20:39:09,0.5754477787763681,0.3850308242449457,0.3917148990638526
mu_mig_ctrl_20260122_053125_ws0124_1331,33,16,13.004441955964225,106.56904709728953,13.004441955964225,2490,2026-01-24 20:38:33,0.36944486681806904,0.36294025813863734,0.4893545581129969
mu_mig_ctrl_20260122_053125_ws0124_1331,33,17,27.778717962108313,85.38286507559727,27.778717962108313,915,2026-01-24 20:29:22,0.44114477392376994,0.1691536076415099,0.5717160070471015
mu_mig_ctrl_20260122_053125_ws0124_1331,33,18,84.91632700136854,195.61109616136045,84.91632700136854,2786,2026-01-24 20:39:25,0.8380530943674644,0.40590419769506947,0.635270020108521
mu_mig_ctrl_20260122_053125_ws0124_1331,33,19,30.38936774561983,138.47098446363682,30.38936774561983,1347,2026-01-24 20:32:21,0.6365201535248736,0.25240177947090725,0.6699714972677109
mu_mig_ctrl_20260122_053125_ws0124_1331,33,20,105.80580959526567,21.123798114929368,105.80580959526567,634,2026-01-24 21:02:54,0.4854397775650778,0.09127488860225517,0.3043001606997203
mu_mig_ctrl_20260122_053125_ws0124_1331,33,21,10.918590636861875,105.32138198987998,10.918590636861875,1301,2026-01-24 21:03:56,0.31488987451191763,0.23546431749405763,0.7154893728575751
mu_mig_ctrl_20260122_053125_ws0124_1331,33,22,38.60135208794779,74.88869564646322,38.60135208794779,647,2026-01-24 21:03:51,0.5344868294381915,0.1006247736515529,0.5570095920882727
mu_mig_ctrl_20260122_053125_ws0124_1331,33,23,125.12840536652978,27.46809536961951,125.12840536652978,1594,2026-01-24 21:07:23,0.046176168674635365,0.2739794877948225,0.396249853449952
mu_mig_ctrl_20260122_053125_ws0124_1331,33,24,87.76724095374968,199.2679246846795,87.76724095374968,3913,2026-01-24 21:14:31,0.8418960977593808,0.46942449067695974,0.5138486012237273
mu_mig_ctrl_20260122_053125_ws0124_1331,34,0,11.43952578357062,107.99867956481725,11.43952578357062,1789,2026-01-24 22:10:26,0.5008530677784306,0.29383085970359024,0.4790590123922567
mu_mig_ctrl_20260122_053125_ws0124_1331,34,1,97.8891151746995,208.3655421687058,97.8891151746995,3219,2026-01-24 22:15:04,0.7540526700543952,0.4158994556027961,0.6895935959539812
mu_mig_ctrl_20260122_053125_ws0124_1331,34,2,113.58737814082151,224.03854273634354,113.58737814082151,3894,2026-01-24 22:16:30,0.9518628947059343,0.46199042146547326,0.6262352543902205
mu_mig_ctrl_20260122_053125_ws0124_1331,34,3,59.3355589425968,54.52515563912286,59.3355589425968,632,2026-01-24 21:57:28,0.210027043842272,0.08129673587788946,0.7267947523480975
mu_mig_ctrl_20260122_053125_ws0124_1331,34,4,65.0171031496784,174.7267224692537,65.0171031496784,1491,2026-01-24 22:01:59,0.9345354028802765,0.259147704394405,0.6233806460054793
mu_mig_ctrl_20260122_053125_ws0124_1331,34,5,46.4262766219745,68.49442528831383,46.4262766219745,871,2026-01-24 22:05:11,0.6407457382256242,0.1628367406583985,0.3935408091062755
mu_mig_ctrl_20260122_053125_ws0124_1331,34,6,51.322560254889325,71.57882918713261,51.322560254889325,3843,2026-01-24 22:17:37,0.08975357674410718,0.45358002956051546,0.35867477328250535
mu_mig_ctrl_20260122_053125_ws0124_1331,34,7,14.568052702044382,123.10887223148747,14.568052702044382,866,2026-01-24 22:02:27,0.8664847447761108,0.15844977658279288,0.5711494267215496
mu_mig_ctrl_20260122_053125_ws0124_1331,34,8,101.84376439707574,17.006536011875415,101.84376439707574,1050,2026-01-24 21:59:47,0.07604981706248627,0.18978583597992943,0.7212790914473413
mu_mig_ctrl_20260122_053125_ws0124_1331,34,9,72.50247892482473,181.763276817139,72.50247892482473,1615,2026-01-24 22:03:11,0.9262011595405607,0.28310814319155475,0.6843946323480876
mu_mig_ctrl_20260122_053125_ws0124_1331,34,10,84.86522079578238,31.513343277649547,84.86522079578238,733,2026-01-24 21:59:27,0.4955890561562637,0.12436659059890474,0.3135781422524553
mu_mig_ctrl_20260122_053125_ws0124_1331,34,11,75.27607143417924,46.42968222633499,75.27607143417924,2534,2026-01-24 22:08:08,0.05881185021877219,0.3720257953254169,0.715210809852958
mu_mig_ctrl_20260122_053125_ws0124_1331,34,12,78.35560037274496,45.80244269174895,78.35560037274496,3289,2026-01-24 22:14:32,0.0038943968146803454,0.4244565449146038,0.6309929135042374
mu_mig_ctrl_20260122_053125_ws0124_1331,34,13,7.624920974046579,111.94630492391508,7.624920974046579,1752,2026-01-24 22:09:48,0.4042841843240872,0.29713887092402314,0.5860496256508281
mu_mig_ctrl_20260122_053125_ws0124_1331,34,14,41.39458274995593,73.9426512521353,41.39458274995593,1618,2026-01-24 22:04:42,0.2031498667583604,0.29379969817461943,0.7300875720198761
mu_mig_ctrl_20260122_053125_ws0124_1331,34,15,23.71975787535391,133.8272547486378,23.71975787535391,3127,2026-01-24 22:13:41,0.5789467113962379,0.42177419095757923,0.3863739935855424
mu_mig_ctrl_20260122_053125_ws0124_1331,34,16,24.069550360772784,93.57330609006426,24.069550360772784,2216,2026-01-24 22:11:53,0.35518856941401716,0.347274452245154,0.47599142659739596
mu_mig_ctrl_20260122_053125_ws0124_1331,34,17,46.29239315772256,68.25199278036847,46.29239315772256,858,2026-01-24 22:04:09,0.39169374183128197,0.15950927471355253,0.571264432510725
mu_mig_ctrl_20260122_053125_ws0124_1331,34,18,83.65514915465343,193.98890830554885,83.65514915465343,2510,2026-01-24 22:11:49,0.8074997787421164,0.3679407561498615,0.683244414234357
mu_mig_ctrl_20260122_053125_ws0124_1331,34,19,37.348258317593825,147.4967574567247,37.348258317593825,1464,2026-01-24 22:06:09,0.6097581216561311,0.2540012251941067,0.6825992195099425
mu_mig_ctrl_20260122_053125_ws0124_1331,34,20,85.05897741466721,32.28886213520084,85.05897741466721,580,2026-01-24 22:32:49,0.49464508816522595,0.07533214702068533,0.34842474109620963
mu_mig_ctrl_20260122_053125_ws0124_1331,34,21,6.273827555165012,109.21668099382387,6.273827555165012,1253,2026-01-24 22:38:08,0.41410094616745835,0.23126512446749717,0.6976480083325397
mu_mig_ctrl_20260122_053125_ws0124_1331,34,22,18.503979841923904,96.20631245689664,18.503979841923904,824,2026-01-24 22:35:18,0.5297903067310161,0.14258474393678638,0.5657025502046502
mu_mig_ctrl_20260122_053125_ws0124_1331,34,23,92.57525485937754,30.43942855170193,92.57525485937754,1704,2026-01-24 22:40:27,0.1152348417017476,0.29448319405268536,0.36509401104561806
mu_mig_ctrl_20260122_053125_ws0124_1331,34,24,90.63573235146825,202.2753422583739,90.63573235146825,4235,2026-01-24 22:46:32,0.807447673041358,0.4731603617442641,0.5050020019002264
mu_mig_ctrl_20260122_053125_ws0124_1331,35,0,10.936099696293441,107.19844219213482,10.936099696293441,1702,2026-01-24 23:39:59,0.5189703634005648,0.28853256135269356,0.48112302630770787
mu_mig_ctrl_20260122_053125_ws0124_1331,35,1,98.88647073526553,209.27212746650517,98.88647073526553,3098,2026-01-24 23:42:35,0.795520389716154,0.40835624458994685,0.6838799758837026
mu_mig_ctrl_20260122_053125_ws0124_1331,35,2,101.0327518017966,212.0097967744519,101.0327518017966,3675,2026-01-24 23:44:34,0.8780928702289201,0.44004205467031204,0.6062830155829324
mu_mig_ctrl_20260122_053125_ws0124_1331,35,3,142.62893125832704,35.592882282926695,142.62893125832704,675,2026-01-24 23:30:43,0.13947164149007238,0.10879005434549546,0.2596309736530632
mu_mig_ctrl_20260122_053125_ws0124_1331,35,4,62.60597257508998,171.9976537978063,62.60597257508998,1374,2026-01-24 23:37:25,0.9740195027063956,0.25200815682027056,0.6166717593230031
mu_mig_ctrl_20260122_053125_ws0124_1331,35,5,45.59754436696306,69.85746953733734,45.59754436696306,840,2026-01-24 23:36:35,0.6474807280409199,0.14875812543557534,0.4185776365705467
mu_mig_ctrl_20260122_053125_ws0124_1331,35,6,36.89559315513958,86.7369577523228,36.89559315513958,4170,2026-01-24 23:47:02,0.16074746649912802,0.45934643685597665,0.34770992345948587
mu_mig_ctrl_20260122_053125_ws0124_1331,35,7,24.393336213194388,131.72478864753936,24.393336213194388,863,2026-01-24 23:34:36,0.8883760938432858,0.161651138689965,0.5918499113211679
mu_mig_ctrl_20260122_053125_ws0124_1331,35,8,119.23272955155274,26.501120627413847,119.23272955155274,1114,2026-01-24 23:36:24,0.0810522405739364,0.20463525259410406,0.737561413946247
mu_mig_ctrl_20260122_053125_ws0124_1331,35,9,69.63222967603016,178.65874666739413,69.63222967603016,1337,2026-01-24 23:38:48,0.9645051756254046,0.25432715983862303,0.6904241160497345
mu_mig_ctrl_20260122_053125_ws0124_1331,35,10,105.04301937765435,19.472984672402774,105.04301937765435,652,2026-01-24 23:28:12,0.4894340231368997,0.10362084439063013,0.31430595929309685
mu_mig_ctrl_20260122_053125_ws0124_1331,35,11,67.42706405061968,51.78183717884507,67.42706405061968,2319,2026-01-24 23:42:36,0.07088251631098381,0.354150742443179,0.7159467669715942
mu_mig_ctrl_20260122_053125_ws0124_1331,35,12,108.53765642721946,218.48106121722222,108.53765642721946,3105,2026-01-24 23:44:35,0.959241179721504,0.4176365112979071,0.6799975636398647
mu_mig_ctrl_20260122_053125_ws0124_1331,35,13,11.291491803573074,104.09381176587257,11.291491803573074,1624,2026-01-24 23:39:53,0.36508499050914134,0.2917390670391745,0.616065158097683
mu_mig_ctrl_20260122_053125_ws0124_1331,35,14,29.58585186621617,83.92924751395059,29.58585186621617,1577,2026-01-24 23:38:10,0.20952001363310518,0.276372795428376,0.745193920343367
mu_mig_ctrl_20260122_053125_ws0124_1331,35,15,29.24803672355889,140.1390420342556,29.24803672355889,3758,2026-01-24 23:48:56,0.5817458574921337,0.45116888432768604,0.3821012692028943
mu_mig_ctrl_20260122_053125_ws0124_1331,35,16,14.290608043738624,103.24611366250312,14.290608043738624,2083,2026-01-24 23:38:47,0.3926467001299434,0.3223108014565346,0.4653805343740298
mu_mig_ctrl_20260122_053125_ws0124_1331,35,17,35.74118395473298,77.24941711239701,35.74118395473298,847,2026-01-24 23:35:22,0.3936040684901,0.1499492972038171,0.5695777970607758
mu_mig_ctrl_20260122_053125_ws0124_1331,35,18,78.89895784787412,188.53753737357798,78.89895784787412,2135,2026-01-24 23:41:39,0.783057126241838,0.3375700029136951,0.721623929535026
mu_mig_ctrl_20260122_053125_ws0124_1331,35,19,37.91148914235679,146.5980596541513,37.91148914235679,1396,2026-01-24 23:38:45,0.5428343820948467,0.2541794476096972,0.6938632015533606
mu_mig_ctrl_20260122_053125_ws0124_1331,35,20,83.95848163388877,32.67472923852807,83.95848163388877,575,2026-01-25 00:00:59,0.5020754018980276,0.07329805069285204,0.37365412837134615
mu_mig_ctrl_20260122_053125_ws0124_1331,35,21,11.346279866166313,116.80163731141808,11.346279866166313,1192,2026-01-25 00:07:50,0.49346980349189096,0.2279057700462488,0.6833749167125114
mu_mig_ctrl_20260122_053125_ws0124_1331,35,22,13.939935445661954,100.43855488714368,13.939935445661954,971,2026-01-25 00:10:38,0.5260330885652759,0.1761527201649732,0.5726569166977523
mu_mig_ctrl_20260122_053125_ws0124_1331,35,23,76.6916778404103,42.34368548706823,76.6916778404103,2112,2026-01-25 00:15:55,0.16744470959807187,0.34540782286382216,0.3400116520699453
mu_mig_ctrl_20260122_053125_ws0124_1331,35,24,84.90654762464791,196.6005432004625,84.90654762464791,4212,2026-01-25 00:21:44,0.7798889332669398,0.47614905859810763,0.4979247224414256
mu_mig_ctrl_20260122_053125_ws0124_1331,36,0,11.224618227591725,112.04871260286477,11.224618227591725,1763,2026-01-25 01:16:10,0.5334641998982721,0.28429392267197623,0.48277423744006887
mu_mig_ctrl_20260122_053125_ws0124_1331,36,1,87.57447983076571,197.91192446165755,87.57447983076571,2604,2026-01-25 01:16:45,0.8253182554382579,0.3817486233584608,0.6883569523021915
mu_mig_ctrl_20260122_053125_ws0124_1331,36,2,89.03801820361714,200.05006264324933,89.03801820361714,3266,2026-01-25 01:22:18,0.8190768506473088,0.42248336123418306,0.5903212245371018
mu_mig_ctrl_20260122_053125_ws0124_1331,36,3,149.5250241106755,42.47484540289648,149.5250241106755,766,2026-01-25 01:07:58,0.16258128650001646,0.1293228654965727,0.29659806813921613
mu_mig_ctrl_20260122_053125_ws0124_1331,36,4,135.38800705300096,29.157065566693944,135.38800705300096,1349,2026-01-25 01:11:11,0.005606782567290747,0.24629651876096298,0.6113046499770223
mu_mig_ctrl_20260122_053125_ws0124_1331,36,5,42.98564472934379,73.53776966406234,42.98564472934379,788,2026-01-25 01:07:28,0.6528687198931565,0.13749523325731683,0.43860709854196367
mu_mig_ctrl_20260122_053125_ws0124_1331,36,6,36.07518834506694,88.06095327164796,36.07518834506694,3983,2026-01-25 01:25:58,0.2175425783031447,0.4639595626923456,0.33893804360107027
mu_mig_ctrl_20260122_053125_ws0124_1331,36,7,30.692384382033687,139.59092148058534,30.692384382033687,877,2026-01-25 01:07:20,0.9058891730970257,0.1642122283757027,0.6084102990008625
mu_mig_ctrl_20260122_053125_ws0124_1331,36,8,120.56692408021826,23.024919892653696,120.56692408021826,1284,2026-01-25 01:12:44,0.11453119971894046,0.2310064787215871,0.25106664800170886
mu_mig_ctrl_20260122_053125_ws0124_1331,36,9,65.95808594407663,174.6965891916864,65.95808594407663,1212,2026-01-25 01:10:29,0.9958094734081312,0.2310376476144365,0.6919146692776256
mu_mig_ctrl_20260122_053125_ws0124_1331,36,10,85.0313704583767,34.29003098494479,85.0313704583767,600,2026-01-25 01:06:08,0.4879342018219585,0.07651252859979052,0.3324351638540605
mu_mig_ctrl_20260122_053125_ws0124_1331,36,11,50.886954975860824,66.5990275314509,50.886954975860824,2030,2026-01-25 01:15:17,0.12324319196040318,0.33097550228778094,0.718944802101585
mu_mig_ctrl_20260122_053125_ws0124_1331,36,12,103.58211057503215,213.59599694654202,103.58211057503215,3021,2026-01-25 01:19:05,0.8651156892646269,0.4114985359245795,0.7194210566644448
mu_mig_ctrl_20260122_053125_ws0124_1331,36,13,13.466891008854056,100.25008716663596,13.466891008854056,1635,2026-01-25 01:12:14,0.33372563545718464,0.2874192239312956,0.6400775840551669
mu_mig_ctrl_20260122_053125_ws0124_1331,36,14,96.25416839268183,28.1459285541018,96.25416839268183,1540,2026-01-25 01:12:40,0.21461613113290104,0.26243127323138127,0.25727899900215967
mu_mig_ctrl_20260122_053125_ws0124_1331,36,15,42.71006980558316,154.42398013575357,42.71006980558316,4238,2026-01-25 01:21:53,0.5839851743688503,0.4746846390237715,0.3786830896967758
mu_mig_ctrl_20260122_053125_ws0124_1331,36,16,29.16874137669059,88.14006806180086,29.16874137669059,1750,2026-01-25 01:16:38,0.44829470307346414,0.2922386949576693,0.46277639266982173
mu_mig_ctrl_20260122_053125_ws0124_1331,36,17,41.9353033304282,71.77000654212561,41.9353033304282,792,2026-01-25 01:08:41,0.40316274943941743,0.14238859710893897,0.5688348132207458
mu_mig_ctrl_20260122_053125_ws0124_1331,36,18,35.060765126546386,81.78487852590189,35.060765126546386,1799,2026-01-25 01:13:36,0.7635030042416152,0.31327340032476203,0.25232754177556105
mu_mig_ctrl_20260122_053125_ws0124_1331,36,19,16.43255583511645,123.68847417058825,16.43255583511645,1443,2026-01-25 01:11:23,0.47298359006591917,0.24996070100173287,0.7015342050462837
mu_mig_ctrl_20260122_053125_ws0124_1331,36,20,72.69023375656383,43.09321525232659,72.69023375656383,580,2026-01-25 01:39:53,0.5080196528842689,0.07167077363058541,0.39383763819145534
mu_mig_ctrl_20260122_053125_ws0124_1331,36,21,31.05480864401546,139.26326041697897,31.05480864401546,1273,2026-01-25 01:42:18,0.5569648893514371,0.2252182865092501,0.6719564434164889
mu_mig_ctrl_20260122_053125_ws0124_1331,36,22,13.743183353732551,101.86475265864657,13.743183353732551,1106,2026-01-25 01:43:13,0.5230273140326837,0.20300710114752263,0.5782204098922339
mu_mig_ctrl_20260122_053125_ws0124_1331,36,23,54.70273741351899,65.88535434208111,54.70273741351899,2960,2026-01-25 01:49:08,0.20834381510635963,0.40594862698223305,0.32229808983415764
mu_mig_ctrl_20260122_053125_ws0124_1331,36,24,83.16402835734156,194.83002671746334,83.16402835734156,4315,2026-01-25 01:53:14,0.7578419414474051,0.47854001608118246,0.49226289887438496
mu_mig_ctrl_20260122_053125_ws0124_1331,37,0,17.34407847261039,98.42775631246701,17.34407847261039,1543,2026-01-25 02:42:30,0.545059269096438,0.28090301172740234,0.4840952063459576
mu_mig_ctrl_20260122_053125_ws0124_1331,37,1,83.72478747887281,193.66356213785411,83.72478747887281,2241,2026-01-25 02:44:49,0.8491565480159409,0.36046252637327203,0.6919385334369825
mu_mig_ctrl_20260122_053125_ws0124_1331,37,2,79.57693629267398,190.3823117767175,79.57693629267398,2926,2026-01-25 02:49:46,0.7736473636851463,0.40320936006194447,0.6076458942957066
mu_mig_ctrl_20260122_053125_ws0124_1331,37,3,126.36183275236544,21.27762518208472,126.36183275236544,948,2026-01-25 02:42:06,0.1688895651813577,0.17686299578655718,0.32508147272046845
mu_mig_ctrl_20260122_053125_ws0124_1331,37,4,100.00844935854865,26.8440460861366,100.00844935854865,1471,2026-01-25 02:43:59,0.0633426782215864,0.2675221324766313,0.6129723913020448
mu_mig_ctrl_20260122_053125_ws0124_1331,37,5,38.41973072766891,75.93994815590163,38.41973072766891,788,2026-01-25 02:38:25,0.6571791133749458,0.12848491951471,0.45463066811909725
mu_mig_ctrl_20260122_053125_ws0124_1331,37,6,23.921241535208335,99.32659013797758,23.921241535208335,4049,2026-01-25 02:54:08,0.26297866774635803,0.46765006336144077,0.33192053971433777
mu_mig_ctrl_20260122_053125_ws0124_1331,37,7,35.3943295648633,143.69265102160935,35.3943295648633,884,2026-01-25 02:41:44,0.9198996365000176,0.16626110012429288,0.6216586091446182
mu_mig_ctrl_20260122_053125_ws0124_1331,37,8,115.8190641966816,20.128138522040413,115.8190641966816,1420,2026-01-25 02:43:29,0.1649990374317608,0.2581783506545279,0.26210387490370574
mu_mig_ctrl_20260122_053125_ws0124_1331,37,9,169.58304107658498,59.83141962387585,169.58304107658498,1023,2026-01-25 02:42:24,0.004104011833648835,0.18589962070615865,0.6847474896448225
mu_mig_ctrl_20260122_053125_ws0124_1331,37,10,83.94467461923338,33.113258245181285,83.94467461923338,550,2026-01-25 02:37:29,0.48813318749909484,0.052952659432251054,0.3506316860334173
mu_mig_ctrl_20260122_053125_ws0124_1331,37,11,30.598118448954786,84.23732166647383,30.598118448954786,1820,2026-01-25 02:45:32,0.19293552426022612,0.306938683972097,0.7171067381943812
mu_mig_ctrl_20260122_053125_ws0124_1331,37,12,93.77164756213062,203.91386737296514,93.77164756213062,2967,2026-01-25 02:50:48,0.7853894782079434,0.40306489320077643,0.7447166243215912
mu_mig_ctrl_20260122_053125_ws0124_1331,37,13,10.908755883794482,103.28581308987698,10.908755883794482,1565,2026-01-25 02:42:53,0.3086381514156193,0.28396334944499246,0.6592875248211542
mu_mig_ctrl_20260122_053125_ws0124_1331,37,14,100.66884651931191,24.45469217535641,100.66884651931191,1376,2026-01-25 02:42:02,0.21869302513273772,0.2512780554737855,0.2669470619291938
mu_mig_ctrl_20260122_053125_ws0124_1331,37,15,46.82246946467842,158.51324729690117,46.82246946467842,4645,2026-01-25 02:57:24,0.5857766278702237,0.4934972427806399,0.375948546091881
mu_mig_ctrl_20260122_053125_ws0124_1331,37,16,23.047411401774863,92.48353060719474,23.047411401774863,1489,2026-01-25 02:43:40,0.4966164685174801,0.2663557859443641,0.4656959074514132
mu_mig_ctrl_20260122_053125_ws0124_1331,37,17,38.593440696531076,75.22622872802842,38.593440696531076,850,2026-01-25 02:37:31,0.42888343059477096,0.15257492906648054,0.5711751721458436
mu_mig_ctrl_20260122_053125_ws0124_1331,37,18,34.15558281002517,84.06651337129533,34.15558281002517,1735,2026-01-25 02:45:51,0.747859706641437,0.29383611825361555,0.27689043156798915
mu_mig_ctrl_20260122_053125_ws0124_1331,37,19,7.556879641517023,109.28995234274323,7.556879641517023,1430,2026-01-25 02:43:31,0.4171029564427772,0.24658570371536143,0.7076710078406223
mu_mig_ctrl_20260122_053125_ws0124_1331,37,20,71.1023028550496,45.59565649918074,71.1023028550496,580,2026-01-25 03:11:27,0.5127750536732619,0.0703689519807721,0.40998444604754275
mu_mig_ctrl_20260122_053125_ws0124_1331,37,21,26.74085323091069,135.43680778249495,26.74085323091069,1256,2026-01-25 03:12:10,0.5962882324434584,0.2283887296315843,0.6646871624644979
mu_mig_ctrl_20260122_053125_ws0124_1331,37,22,11.775988302166292,104.67805900645537,11.775988302166292,1242,2026-01-25 03:15:03,0.5206226944066099,0.22449060593356218,0.5826712044478193
mu_mig_ctrl_20260122_053125_ws0124_1331,37,23,32.86481740056729,93.73120336831646,32.86481740056729,4194,2026-01-25 03:26:21,0.24219954343568548,0.47297893882501457,0.31066490399928537
mu_mig_ctrl_20260122_053125_ws0124_1331,37,24,80.80839108244237,192.65590845538557,80.80839108244237,4333,2026-01-25 03:24:49,0.7402043479917775,0.4804527820676423,0.4877334400207525
mu_mig_ctrl_20260122_053125_ws0124_1331,38,0,8.010654088262335,107.7566009847953,8.010654088262335,1514,2026-01-25 04:15:06,0.5543353244549707,0.27819028297174325,0.4851519814706686
mu_mig_ctrl_20260122_053125_ws0124_1331,38,1,83.22627751974507,192.96536315214593,83.22627751974507,2228,2026-01-25 04:21:19,0.8682271820780874,0.343433648785121,0.6948037983448154
mu_mig_ctrl_20260122_053125_ws0124_1331,38,2,76.26690594199995,187.31799657562206,76.26690594199995,2783,2026-01-25 04:23:36,0.7373037741154163,0.3877901591241536,0.6215056301025904
mu_mig_ctrl_20260122_053125_ws0124_1331,38,3,118.3308022154227,24.745518694134606,118.3308022154227,1193,2026-01-25 04:13:55,0.19067869804909887,0.2202406828582197,0.3334865093879989
mu_mig_ctrl_20260122_053125_ws0124_1331,38,4,69.50160730924013,48.503182585095104,69.50160730924013,1645,2026-01-25 04:17:59,0.10953139474502292,0.284502623449166,0.614306584362063
mu_mig_ctrl_20260122_053125_ws0124_1331,38,5,34.618933647971616,79.59898964973978,34.618933647971616,730,2026-01-25 04:12:01,0.6606274281603772,0.12127666852062455,0.46744952378080407
mu_mig_ctrl_20260122_053125_ws0124_1331,38,6,22.546157764595968,103.42353887627735,22.546157764595968,4091,2026-01-25 04:27:08,0.2993275393009287,0.4706024638967169,0.3263065366049518
mu_mig_ctrl_20260122_053125_ws0124_1331,38,7,31.70754272460764,140.34628311241363,31.70754272460764,933,2026-01-25 04:11:15,0.8435793095122559,0.1767907097291346,0.6376712174159205
mu_mig_ctrl_20260122_053125_ws0124_1331,38,8,90.09036827878658,33.03480322713414,90.09036827878658,1570,2026-01-25 04:17:32,0.21111274298853858,0.2783596042916041,0.27147247426184207
mu_mig_ctrl_20260122_053125_ws0124_1331,38,9,157.7046750130889,47.673034130809924,157.7046750130889,921,2026-01-25 04:15:15,0.018608605176865276,0.1610847143981892,0.664343491262551
mu_mig_ctrl_20260122_053125_ws0124_1331,38,10,93.51848694593157,28.207254461992182,93.51848694593157,498,2026-01-25 04:10:11,0.49601784873935223,0.037182383001954845,0.36760842364801355
mu_mig_ctrl_20260122_053125_ws0124_1331,38,11,28.138845032594833,85.73994430543341,28.138845032594833,1587,2026-01-25 04:18:52,0.2573272338643686,0.27991116037743924,0.7065408081868979
mu_mig_ctrl_20260122_053125_ws0124_1331,38,12,19.186952881409987,106.76583072715601,19.186952881409987,2687,2026-01-25 04:23:02,0.7329464305096072,0.39060752442249563,0.25041681574295827
mu_mig_ctrl_20260122_053125_ws0124_1331,38,13,12.120957587978946,106.5318464199708,12.120957587978946,1617,2026-01-25 04:17:42,0.3230605463178077,0.2775812031155252,0.6881566070029748
mu_mig_ctrl_20260122_053125_ws0124_1331,38,14,109.83973921177983,23.7815665342827,109.83973921177983,1282,2026-01-25 04:15:05,0.22195454033260706,0.2423554812677089,0.27468151227082116
mu_mig_ctrl_20260122_053125_ws0124_1331,38,15,82.52965217835425,33.85608061623047,82.52965217835425,464,2026-01-25 04:10:54,0.5872097906713223,0.008547325786134596,0.3737609112079651
mu_mig_ctrl_20260122_053125_ws0124_1331,38,16,12.416269942955084,101.4876490784439,12.416269942955084,1407,2026-01-25 04:15:01,0.5462366212160816,0.2511281609250406,0.4724825934580114
mu_mig_ctrl_20260122_053125_ws0124_1331,38,17,21.86129182126793,91.86367181357937,21.86129182126793,903,2026-01-25 04:14:16,0.45047794397887536,0.16592396420399486,0.5730720271690215
mu_mig_ctrl_20260122_053125_ws0124_1331,38,18,27.74407237345719,87.97000176423455,27.74407237345719,1573,2026-01-25 04:18:03,0.6530380408996362,0.274486166910361,0.3591535360798501
mu_mig_ctrl_20260122_053125_ws0124_1331,38,19,9.051777330573756,114.26696619576242,9.051777330573756,1366,2026-01-25 04:15:53,0.37239844954426354,0.24388570588626426,0.7125804500760932
mu_mig_ctrl_20260122_053125_ws0124_1331,38,20,63.343278871062225,51.94240685501997,63.343278871062225,545,2026-01-25 04:41:46,0.5165793743044563,0.06932749466092146,0.42290189233241265
mu_mig_ctrl_20260122_053125_ws0124_1331,38,21,14.348778850886333,124.72782359363728,14.348778850886333,1222,2026-01-25 04:48:04,0.6150419319525801,0.22993624116782788,0.6521455956620217
mu_mig_ctrl_20260122_053125_ws0124_1331,38,22,12.423908980821164,122.22984614546581,12.423908980821164,1367,2026-01-25 04:47:57,0.5186989987057509,0.24167740976239382,0.5862318400922875
mu_mig_ctrl_20260122_053125_ws0124_1331,38,23,124.942007014258,21.251190959110318,124.942007014258,475,2026-01-25 04:45:27,0.27108370396787734,0.02492036228282779,0.3083971910964921
mu_mig_ctrl_20260122_053125_ws0124_1331,38,24,68.05494964525869,180.11306348866881,68.05494964525869,4369,2026-01-25 04:57:47,0.7043132626434818,0.48203706931469437,0.44154820353835633
mu_mig_ctrl_20260122_053125_ws0124_1331,39,0,15.534907792430346,101.085008224692,15.534907792430346,1503,2026-01-25 05:47:05,0.5617561687417969,0.276020099967216,0.4859974015704374
mu_mig_ctrl_20260122_053125_ws0124_1331,39,1,80.6992423724733,190.88757049008814,80.6992423724733,2175,2026-01-25 05:52:38,0.877506843912339,0.34696386190387635,0.667782424134515
mu_mig_ctrl_20260122_053125_ws0124_1331,39,2,73.37441973129387,184.06243175120295,73.37441973129387,2570,2026-01-25 05:53:39,0.7082289024596322,0.37545479837392093,0.6325934187480975
mu_mig_ctrl_20260122_053125_ws0124_1331,39,3,95.42223823028228,28.468518373373822,95.42223823028228,1380,2026-01-25 05:50:01,0.21324972221641855,0.2606688169966473,0.32313387237532615
mu_mig_ctrl_20260122_053125_ws0124_1331,39,4,67.3932725195295,51.69425429770999,67.3932725195295,1746,2026-01-25 05:51:22,0.17729861235703437,0.29783114822956236,0.6515557580712918
mu_mig_ctrl_20260122_053125_ws0124_1331,39,5,32.04389583148171,82.14658041698455,32.04389583148171,740,2026-01-25 05:43:27,0.6633860799887223,0.11551006772535619,0.4777046083101696
mu_mig_ctrl_20260122_053125_ws0124_1331,39,6,19.058957786754224,109.43119180728752,19.058957786754224,4100,2026-01-25 06:01:01,0.32840663654458524,0.4729643843249378,0.32181533411744295
mu_mig_ctrl_20260122_053125_ws0124_1331,39,7,30.82448419340174,139.43038265828997,30.82448419340174,1020,2026-01-25 05:47:01,0.71775122338672,0.1887494956285168,0.6521149834926845
mu_mig_ctrl_20260122_053125_ws0124_1331,39,8,86.31104813344474,37.704999852207735,86.31104813344474,1678,2026-01-25 05:49:10,0.24800370743396077,0.2945046072012651,0.27896735374835113
mu_mig_ctrl_20260122_053125_ws0124_1331,39,9,158.0575264287022,47.80213385438005,158.0575264287022,826,2026-01-25 05:43:26,0.030640550366225195,0.14131512870160579,0.6280936279227369
mu_mig_ctrl_20260122_053125_ws0124_1331,39,10,75.78528826816449,40.78048447458736,75.78528826816449,482,2026-01-25 05:42:20,0.5357158184344676,0.01827817083033813,0.38307165158408607
mu_mig_ctrl_20260122_053125_ws0124_1331,39,11,11.565850906097324,102.57155758037646,11.565850906097324,1448,2026-01-25 05:47:43,0.3327837114041129,0.25810118295116363,0.696303129684562
mu_mig_ctrl_20260122_053125_ws0124_1331,39,12,19.39595019869377,102.79081228594922,19.39595019869377,2674,2026-01-25 05:54:22,0.6909919923509382,0.380641629399871,0.25497696888005184
mu_mig_ctrl_20260122_053125_ws0124_1331,39,13,9.66428307140254,104.42191101700986,9.66428307140254,1576,2026-01-25 05:48:38,0.33459846223955836,0.2724754860519514,0.7112518727484312
mu_mig_ctrl_20260122_053125_ws0124_1331,39,14,100.53012569486872,25.991886500037786,100.53012569486872,1345,2026-01-25 05:47:05,0.22182438005015456,0.2453580806065541,0.2800163689424048
mu_mig_ctrl_20260122_053125_ws0124_1331,39,15,72.26504058841249,43.571560062546205,72.26504058841249,474,2026-01-25 05:42:19,0.5883563209122012,0.02058739219053035,0.37201080330083247
mu_mig_ctrl_20260122_053125_ws0124_1331,39,16,13.304362353947791,102.95617272048311,13.304362353947791,1385,2026-01-25 05:47:26,0.5884427952350895,0.24586830602244855,0.48268184628301797
mu_mig_ctrl_20260122_053125_ws0124_1331,39,17,11.862615889346605,102.20099239330148,11.862615889346605,1154,2026-01-25 05:46:01,0.46799594971669484,0.20666029478053327,0.5784712027570116
mu_mig_ctrl_20260122_053125_ws0124_1331,39,18,23.48065820294835,91.27421520336868,23.48065820294835,1349,2026-01-25 05:49:19,0.5684781624436746,0.25036477973212073,0.4489642669536371
mu_mig_ctrl_20260122_053125_ws0124_1331,39,19,17.803872840146198,96.27388331759828,17.803872840146198,1283,2026-01-25 05:44:47,0.33663484402545263,0.24172570762298654,0.7165080038644699
mu_mig_ctrl_20260122_053125_ws0124_1331,39,20,60.61336603386965,54.170469009527274,60.61336603386965,567,2026-01-25 06:17:37,0.5196228308094119,0.06849432880504094,0.43323584936030857
mu_mig_ctrl_20260122_053125_ws0124_1331,39,21,21.073778376635897,131.11742418616961,21.073778376635897,1305,2026-01-25 06:19:43,0.6153904704964754,0.23393971390535176,0.6310497760568634
mu_mig_ctrl_20260122_053125_ws0124_1331,39,22,9.431130817379222,116.13407100604967,9.431130817379222,1356,2026-01-25 06:19:09,0.5171600421450636,0.2554268528254591,0.5890803486078622
mu_mig_ctrl_20260122_053125_ws0124_1331,39,23,109.93638902810247,17.94612175992411,109.93638902810247,554,2026-01-25 06:15:19,0.31828536854386213,0.06743118830472732,0.3282978647518735
mu_mig_ctrl_20260122_053125_ws0124_1331,39,24,59.70534410778506,171.75749088177204,59.70534410778506,4509,2026-01-25 06:28:00,0.6756003943648453,0.48330449911233603,0.4046000143524394
mu_mig_ctrl_20260122_053125_ws0124_1331,40,0,10.45474220635431,108.11466598882082,10.45474220635431,1520,2026-01-25 07:26:02,0.5709601302346253,0.27126734268828,0.4859352897486996
mu_mig_ctrl_20260122_053125_ws0124_1331,40,1,81.85428587814506,192.18493417269002,81.85428587814506,2398,2026-01-25 07:23:32,0.8643270905607038,0.3603387745750122,0.6393433504406085
mu_mig_ctrl_20260122_053125_ws0124_1331,40,2,68.14057393760174,178.33780637766304,68.14057393760174,2495,2026-01-25 07:23:25,0.684969005135005,0.36558650977373475,0.6414636496645032
mu_mig_ctrl_20260122_053125_ws0124_1331,40,3,69.67102440162815,48.36238076358704,69.67102440162815,1739,2026-01-25 07:20:55,0.2313065415502743,0.29301132430738935,0.31485176276518795
mu_mig_ctrl_20260122_053125_ws0124_1331,40,4,18.333236948823842,98.11568914950571,18.333236948823842,1698,2026-01-25 07:20:35,0.27714568029080355,0.29712211255599025,0.6981225185046263
mu_mig_ctrl_20260122_053125_ws0124_1331,40,5,31.906798428627557,82.01593578409734,31.906798428627557,700,2026-01-25 07:15:20,0.6655930014513984,0.1108967870891415,0.48590867593366194
mu_mig_ctrl_20260122_053125_ws0124_1331,40,6,17.259876233885084,113.06133970200055,17.259876233885084,4155,2026-01-25 07:30:37,0.35166991433951045,0.47485392066751453,0.3182223721274359
mu_mig_ctrl_20260122_053125_ws0124_1331,40,7,26.483694102088947,135.6612608811416,26.483694102088947,1206,2026-01-25 07:18:05,0.6081342781662107,0.2115085056360706,0.6614255013954733
mu_mig_ctrl_20260122_053125_ws0124_1331,40,8,77.91480053893716,43.739583772282316,77.91480053893716,1797,2026-01-25 07:21:15,0.2775164789902985,0.30742060952899386,0.2849632573375584
mu_mig_ctrl_20260122_053125_ws0124_1331,40,9,133.662691285872,27.547972176559554,133.662691285872,1023,2026-01-25 07:17:27,0.0474514459822358,0.1864674713971273,0.5998419934304962
mu_mig_ctrl_20260122_053125_ws0124_1331,40,10,64.78498665311102,50.16883726761749,64.78498665311102,468,2026-01-25 07:12:47,0.5789749616896017,0.003450932113548695,0.3931297028717567
mu_mig_ctrl_20260122_053125_ws0124_1331,40,11,12.222994492129834,119.23194021969834,12.222994492129834,1375,2026-01-25 07:18:34,0.39323310699083736,0.24264904751077035,0.6888375334992015
mu_mig_ctrl_20260122_053125_ws0124_1331,40,12,24.318369660753834,94.85205998558455,24.318369660753834,2434,2026-01-25 07:23:30,0.6574284418240031,0.3726689133817713,0.25862509138972667
mu_mig_ctrl_20260122_053125_ws0124_1331,40,13,9.535688749829166,110.33692765215211,9.535688749829166,1525,2026-01-25 07:20:01,0.34382879497695895,0.2683909124010923,0.7297280853447963
mu_mig_ctrl_20260122_053125_ws0124_1331,40,14,90.32371225412635,31.08528866574829,90.32371225412635,1431,2026-01-25 07:18:10,0.21905429935924903,0.25281413013139953,0.2966765464515293
mu_mig_ctrl_20260122_053125_ws0124_1331,40,15,73.40110330550456,41.699198974898614,73.40110330550456,485,2026-01-25 07:13:18,0.5892735451049044,0.030219445314046956,0.3706107169751263
mu_mig_ctrl_20260122_053125_ws0124_1331,40,16,11.322894544528548,104.55811610741966,11.322894544528548,1314,2026-01-25 07:18:06,0.6222077344502958,0.24166042210037492,0.49084124854302325
mu_mig_ctrl_20260122_053125_ws0124_1331,40,17,13.881062643742553,101.57792671558026,13.881062643742553,1270,2026-01-25 07:17:57,0.4994022391988551,0.24037111297099573,0.5830217770274632
mu_mig_ctrl_20260122_053125_ws0124_1331,40,18,23.862083712110273,90.24627241953864,23.862083712110273,1240,2026-01-25 07:16:30,0.5020985232492002,0.23018716687768725,0.5277081663750054
mu_mig_ctrl_20260122_053125_ws0124_1331,40,19,13.555867376856945,100.23450704167905,13.555867376856945,1320,2026-01-25 07:19:22,0.30746816040686265,0.2439612283987876,0.7132156552841078
mu_mig_ctrl_20260122_053125_ws0124_1331,40,20,53.678942473867416,60.804476110178705,53.678942473867416,577,2026-01-25 07:47:41,0.5220575960133763,0.06782779612033653,0.4415030149826253
mu_mig_ctrl_20260122_053125_ws0124_1331,40,21,15.997964845987521,125.1984292926471,15.997964845987521,1343,2026-01-25 07:52:53,0.5825006878685186,0.2396502104899915,0.6001361410613539
mu_mig_ctrl_20260122_053125_ws0124_1331,40,22,17.368293871339397,124.43344109083903,17.368293871339397,1573,2026-01-25 07:55:43,0.5159288768965138,0.2664264072759114,0.5913591554203218
mu_mig_ctrl_20260122_053125_ws0124_1331,40,23,89.4095363977773,29.21608178421518,89.4095363977773,662,2026-01-25 07:49:02,0.37026044603124897,0.09815953757815257,0.35653257498091523
mu_mig_ctrl_20260122_053125_ws0124_1331,40,24,38.06179011660507,148.63057209995796,38.06179011660507,4353,2026-01-25 08:00:01,0.6531686700256474,0.4744919709205916,0.3268578218989413
mu_mig_ctrl_20260122_053125_ws0124_1331,41,0,12.599962218571507,102.41873158063821,12.599962218571507,1446,2026-01-25 08:51:51,0.578323299428888,0.26746513686513124,0.4858856002913093
mu_mig_ctrl_20260122_053125_ws0124_1331,41,1,77.73889309182933,188.33469301712213,77.73889309182933,2500,2026-01-25 08:56:27,0.78283753626456,0.3726455538305159,0.6171358616537239
mu_mig_ctrl_20260122_053125_ws0124_1331,41,2,65.99908617161157,176.72201475895224,65.99908617161157,2460,2026-01-25 08:54:48,0.6663610872753033,0.35769187889358584,0.6485598343976277
mu_mig_ctrl_20260122_053125_ws0124_1331,41,3,80.10778958144138,43.30201388348737,80.10778958144138,1884,2026-01-25 08:53:59,0.2457519970173589,0.318885330155983,0.3082260750770774
mu_mig_ctrl_20260122_053125_ws0124_1331,41,4,19.096676182385245,127.48165195426924,19.096676182385245,1683,2026-01-25 08:52:56,0.37987711330659957,0.29342671265947146,0.7455054200619117
mu_mig_ctrl_20260122_053125_ws0124_1331,41,5,31.875655476559963,81.60967392665569,31.875655476559963,669,2026-01-25 08:43:15,0.6673585386215394,0.10720616258016974,0.4924719300324559
mu_mig_ctrl_20260122_053125_ws0124_1331,41,6,17.653881428779453,110.43930555861982,17.653881428779453,3964,2026-01-25 09:02:34,0.3702805365754506,0.4763655497415759,0.31534800253543027
mu_mig_ctrl_20260122_053125_ws0124_1331,41,7,14.709199525608511,122.60673795578634,14.709199525608511,1268,2026-01-25 08:50:47,0.5185455229378506,0.23262371226168532,0.6521080696886499
mu_mig_ctrl_20260122_053125_ws0124_1331,41,8,71.11570019575375,49.38595131503842,71.11570019575375,1889,2026-01-25 08:54:33,0.28944265509639966,0.3145902215851879,0.29550602673337534
mu_mig_ctrl_20260122_053125_ws0124_1331,41,9,96.41640473395644,24.74674625882594,96.41640473395644,1303,2026-01-25 08:47:45,0.08512002858796634,0.22937667707196843,0.5968408671864744
mu_mig_ctrl_20260122_053125_ws0124_1331,41,10,55.305346137789684,167.0938886189054,55.305346137789684,4522,2026-01-25 09:04:12,0.613582276293709,0.49158914114011715,0.40117614390189316
mu_mig_ctrl_20260122_053125_ws0124_1331,41,11,9.566625414084678,116.8028900253223,9.566625414084678,1282,2026-01-25 08:49:15,0.44159262346021694,0.23028733915845573,0.6828650565509131
mu_mig_ctrl_20260122_053125_ws0124_1331,41,12,23.914884747366216,95.45030356360354,23.914884747366216,2410,2026-01-25 08:57:48,0.630577601402455,0.36629074056729155,0.2615435893974665
mu_mig_ctrl_20260122_053125_ws0124_1331,41,13,9.78204287708995,116.98571685505935,9.78204287708995,1468,2026-01-25 08:51:46,0.3512130611668794,0.26512325348040505,0.7445090554218885
mu_mig_ctrl_20260122_053125_ws0124_1331,41,14,85.42043088225317,35.85080209635481,85.42043088225317,1517,2026-01-25 08:48:45,0.21737308620524898,0.26486580975510615,0.31436253903516065
mu_mig_ctrl_20260122_053125_ws0124_1331,41,15,72.15748865726029,42.929835465183835,72.15748865726029,491,2026-01-25 08:45:10,0.5869073906955002,0.031283519212754005,0.3783827106160601
mu_mig_ctrl_20260122_053125_ws0124_1331,41,16,8.222656698408853,113.55611143649922,8.222656698408853,1362,2026-01-25 08:50:36,0.6356964301744713,0.2488699267799184,0.49700743784966794
mu_mig_ctrl_20260122_053125_ws0124_1331,41,17,10.547176747822451,119.07617925355994,10.547176747822451,1481,2026-01-25 08:49:03,0.5245272707845834,0.2673397675233657,0.5866622364438245
mu_mig_ctrl_20260122_053125_ws0124_1331,41,18,18.174937681445513,96.33000087440742,18.174937681445513,1204,2026-01-25 08:50:00,0.4484698858084262,0.21714545591019008,0.5920102387750767
mu_mig_ctrl_20260122_053125_ws0124_1331,41,19,11.988491752255829,108.79539822364335,11.988491752255829,1357,2026-01-25 08:51:11,0.2888346854549003,0.2525658697932095,0.7122323679359754
mu_mig_ctrl_20260122_053125_ws0124_1331,41,20,56.02152152573098,58.32905669626692,56.02152152573098,570,2026-01-25 09:22:23,0.5240054081765478,0.06729456997257299,0.4481167474804787
mu_mig_ctrl_20260122_053125_ws0124_1331,41,21,11.674169229505479,121.85407539857263,11.674169229505479,1437,2026-01-25 09:22:42,0.5561888617661531,0.2442186077577033,0.5754052330649464
mu_mig_ctrl_20260122_053125_ws0124_1331,41,22,11.202250388749118,120.43669076101878,11.202250388749118,1473,2026-01-25 09:29:20,0.5142978975100516,0.26920775225174104,0.5924189758005971
mu_mig_ctrl_20260122_053125_ws0124_1331,41,23,72.781555386471,43.31213808334487,72.781555386471,760,2026-01-25 09:26:35,0.4254771483176863,0.11982581809475802,0.3944469457811268
mu_mig_ctrl_20260122_053125_ws0124_1331,41,24,17.87079801943476,108.12173910821181,17.87079801943476,3360,2026-01-25 09:36:09,0.6365154986103218,0.43418868067741023,0.2511338372199376
mu_mig_ctrl_20260122_053125_ws0124_1331,42,0,9.755856279114752,105.85504291987664,9.755856279114752,1385,2026-01-25 10:21:53,0.603186525680936,0.2573851095274524,0.48958637523859994
mu_mig_ctrl_20260122_053125_ws0124_1331,42,1,69.91951830440108,180.78151030934032,69.91951830440108,2660,2026-01-25 10:31:35,0.6734453051743581,0.3773488816908297,0.6108683510293308
mu_mig_ctrl_20260122_053125_ws0124_1331,42,2,67.25248347287028,177.84548014032165,67.25248347287028,2312,2026-01-25 10:32:45,0.6514747529875419,0.3513761741894667,0.6542367821841273
mu_mig_ctrl_20260122_053125_ws0124_1331,42,3,67.58278397571989,53.28949541588267,67.58278397571989,2146,2026-01-25 10:33:44,0.26926995331690906,0.3392169246388662,0.2993043276768433
mu_mig_ctrl_20260122_053125_ws0124_1331,42,4,60.188140948580774,58.1573435857311,60.188140948580774,1737,2026-01-25 10:28:22,0.4617703363089968,0.2831115938132789,0.28333461451869835
mu_mig_ctrl_20260122_053125_ws0124_1331,42,5,37.816168041436505,75.97309967981246,37.816168041436505,663,2026-01-25 10:17:43,0.668770968357652,0.10425366297299234,0.49772253331149097
mu_mig_ctrl_20260122_053125_ws0124_1331,42,6,18.57936405292477,113.9058150078168,18.57936405292477,4223,2026-01-25 10:38:24,0.3851690343642028,0.47757485300082503,0.3130485068618258
mu_mig_ctrl_20260122_053125_ws0124_1331,42,7,9.114024262101573,110.14846149084862,9.114024262101573,1352,2026-01-25 10:25:41,0.44275395184404087,0.2488483578990253,0.6559329035716179
mu_mig_ctrl_20260122_053125_ws0124_1331,42,8,65.99044041483613,52.830718701276545,65.99044041483613,1957,2026-01-25 10:32:03,0.29898359598128055,0.32032591123014315,0.30394024225002886
mu_mig_ctrl_20260122_053125_ws0124_1331,42,9,53.432767928915936,61.93528838247357,53.432767928915936,1488,2026-01-25 10:26:50,0.19388658824190014,0.26731110880642484,0.5967948539984222
mu_mig_ctrl_20260122_053125_ws0124_1331,42,10,38.24160175682531,149.56934352867054,38.24160175682531,4186,2026-01-25 10:39:55,0.5444090518984397,0.4798713931681919,0.38869433987316193
mu_mig_ctrl_20260122_053125_ws0124_1331,42,11,11.8186941124852,116.10692908253533,11.8186941124852,1142,2026-01-25 10:26:26,0.4802802366357206,0.22039797247660403,0.6780870749922825
mu_mig_ctrl_20260122_053125_ws0124_1331,42,12,24.36861952622686,96.74012245622696,24.36861952622686,2669,2026-01-25 10:33:57,0.6101012268376448,0.38037085232583107,0.2637527289865046
mu_mig_ctrl_20260122_053125_ws0124_1331,42,13,84.13184391284639,38.11169907962499,84.13184391284639,1459,2026-01-25 10:28:54,0.35712047411881576,0.26250912634385526,0.25633383148356215
mu_mig_ctrl_20260122_053125_ws0124_1331,42,14,89.50336714568532,34.501508222094046,89.50336714568532,1734,2026-01-25 10:28:40,0.2229332168957637,0.29550335985128207,0.3281284454189271
mu_mig_ctrl_20260122_053125_ws0124_1331,42,15,58.407344254765974,56.015237238329284,58.407344254765974,525,2026-01-25 10:16:46,0.5846494098378721,0.03723141676332519,0.40432394402560745
mu_mig_ctrl_20260122_053125_ws0124_1331,42,16,9.655906768511722,115.33351483103074,9.655906768511722,1380,2026-01-25 10:27:52,0.6464873867538118,0.2546375305235532,0.5019403892949837
mu_mig_ctrl_20260122_053125_ws0124_1331,42,17,16.3540722487164,126.73661801616291,16.3540722487164,1710,2026-01-25 10:29:54,0.544627296053166,0.2889146911652617,0.5895746039769135
mu_mig_ctrl_20260122_053125_ws0124_1331,42,18,10.903366246627133,103.7244031480632,10.903366246627133,1131,2026-01-25 10:26:35,0.4244439219888654,0.22271357431866878,0.6435567775262865
mu_mig_ctrl_20260122_053125_ws0124_1331,42,19,31.6252122130272,83.2611313064047,31.6252122130272,1423,2026-01-25 10:22:20,0.28285352168335715,0.2611272368025265,0.7131633003497061
mu_mig_ctrl_20260122_053125_ws0124_1331,42,20,56.52718068484108,57.54841155235011,56.52718068484108,539,2026-01-25 10:56:41,0.525563657907085,0.06686798905436217,0.4534077334787614
mu_mig_ctrl_20260122_053125_ws0124_1331,42,21,9.04399047858475,116.40587736688224,9.04399047858475,1381,2026-01-25 11:00:54,0.525870571633454,0.25481631502950647,0.559673508563433
mu_mig_ctrl_20260122_053125_ws0124_1331,42,22,13.082701016015454,123.44044833072913,13.082701016015454,1491,2026-01-25 11:04:54,0.5164974903963636,0.27095921715450616,0.5911933853653424
mu_mig_ctrl_20260122_053125_ws0124_1331,42,23,54.010772879557386,60.258073576217605,54.010772879557386,702,2026-01-25 11:02:24,0.48671913690010715,0.12093129125929736,0.42642669306356173
mu_mig_ctrl_20260122_053125_ws0124_1331,42,24,77.36392600529568,188.16814926632478,77.36392600529568,2998,2026-01-25 11:05:27,0.6231929614780612,0.40194604848286514,0.6905546494767346
mu_mig_ctrl_20260122_053125_ws0124_1331,43,0,5.977075923118997,113.01081927301144,5.977075923118997,1340,2026-01-25 11:54:16,0.6354767667795459,0.24879019699342428,0.4946017307756093
mu_mig_ctrl_20260122_053125_ws0124_1331,43,1,56.43205598199794,167.47928942773854,56.43205598199794,2557,2026-01-25 11:59:53,0.5796257340136519,0.37453294298139245,0.6093685451730466
mu_mig_ctrl_20260122_053125_ws0124_1331,43,2,63.397188721947344,173.64992706256777,63.397188721947344,2104,2026-01-25 11:56:51,0.6395656855573327,0.3463236104261714,0.658778340413327
mu_mig_ctrl_20260122_053125_ws0124_1331,43,3,63.74351376278656,59.430055988788425,63.74351376278656,2279,2026-01-25 11:58:41,0.2997449636962789,0.3482692015415247,0.2937621950799377
mu_mig_ctrl_20260122_053125_ws0124_1331,43,4,45.00188625462461,72.07826881099521,45.00188625462461,1499,2026-01-25 11:57:08,0.5272849147109145,0.2748594987363248,0.31359797008412765
mu_mig_ctrl_20260122_053125_ws0124_1331,43,5,27.619878949555766,86.50989514547813,27.619878949555766,656,2026-01-25 11:48:32,0.6699009121465422,0.10189166328725041,0.5019230159347191
mu_mig_ctrl_20260122_053125_ws0124_1331,43,6,20.216290870055012,113.67203333649013,20.216290870055012,4108,2026-01-25 12:07:22,0.3970798325952045,0.4785422956082243,0.3112089103229422
mu_mig_ctrl_20260122_053125_ws0124_1331,43,7,12.21720779730562,101.5316447369091,12.21720779730562,1451,2026-01-25 11:56:19,0.38212069496899304,0.26182807440889727,0.6589927706779923
mu_mig_ctrl_20260122_053125_ws0124_1331,43,8,53.33477052468903,64.83233840132746,53.33477052468903,2016,2026-01-25 12:00:05,0.30661634868918525,0.3249144629461073,0.3106876146633517
mu_mig_ctrl_20260122_053125_ws0124_1331,43,9,15.081308103696086,100.73219250003405,15.081308103696086,1778,2026-01-25 11:57:50,0.31031534277358475,0.29721777792805054,0.6117540565561548
mu_mig_ctrl_20260122_053125_ws0124_1331,43,10,22.82826370403015,130.97200245701853,22.82826370403015,4157,2026-01-25 12:08:43,0.443098357709817,0.4698698015545845,0.37082196011542107
mu_mig_ctrl_20260122_053125_ws0124_1331,43,11,14.376330221232877,119.9400968115097,14.376330221232877,1204,2026-01-25 11:55:39,0.49740845083451857,0.21405689311400497,0.6692933735005855
mu_mig_ctrl_20260122_053125_ws0124_1331,43,12,22.385130039841076,99.61462828844876,22.385130039841076,2920,2026-01-25 12:04:40,0.5937201271857966,0.39163494173266267,0.26552004065773505
mu_mig_ctrl_20260122_053125_ws0124_1331,43,13,85.38647175800541,38.57933172006022,85.38647175800541,1483,2026-01-25 11:54:13,0.38592054647347007,0.2616688507573201,0.2687082251280541
mu_mig_ctrl_20260122_053125_ws0124_1331,43,14,62.82282195928109,55.346574780752725,62.82282195928109,1968,2026-01-25 11:57:18,0.2319909722068057,0.3255368937300819,0.33844770797529306
mu_mig_ctrl_20260122_053125_ws0124_1331,43,15,64.29303586176681,50.43951231980817,64.29303586176681,508,2026-01-25 11:50:38,0.5677709905560422,0.045641332193926215,0.42909333004408534
mu_mig_ctrl_20260122_053125_ws0124_1331,43,16,8.680695345149973,117.08401561877398,8.680695345149973,1477,2026-01-25 11:57:34,0.6551201520172841,0.25925161351846104,0.5058867504512363
mu_mig_ctrl_20260122_053125_ws0124_1331,43,17,19.32072917226158,130.34180043477704,19.32072917226158,1709,2026-01-25 11:57:20,0.5549955357926473,0.30261967118808275,0.5922944987787149
mu_mig_ctrl_20260122_053125_ws0124_1331,43,18,16.92687855979273,116.75914716666423,16.92687855979273,1262,2026-01-25 11:55:42,0.40696756323782796,0.2336093782524294,0.6882122560854411
mu_mig_ctrl_20260122_053125_ws0124_1331,43,19,20.48982531962011,93.1245898540097,20.48982531962011,1414,2026-01-25 11:57:43,0.29582783493838033,0.26670670463204127,0.6939181528964172
mu_mig_ctrl_20260122_053125_ws0124_1331,43,20,57.16757180405173,57.44362717116215,57.16757180405173,623,2026-01-25 12:22:56,0.5150922405597674,0.08409346579930357,0.4575060113803462
mu_mig_ctrl_20260122_053125_ws0124_1331,43,21,9.031001324452829,109.5864723043462,9.031001324452829,1452,2026-01-25 12:29:20,0.5016159395272947,0.263294480846949,0.5470881289622224
mu_mig_ctrl_20260122_053125_ws0124_1331,43,22,8.673795239350447,117.73666608127974,8.673795239350447,1544,2026-01-25 12:28:32,0.5182571647054132,0.2723603890767183,0.5902129130171387
mu_mig_ctrl_20260122_053125_ws0124_1331,43,23,55.694652202568285,59.94046642837331,55.694652202568285,713,2026-01-25 12:27:37,0.5357127277660438,0.12181566979092882,0.4520104908895097
mu_mig_ctrl_20260122_053125_ws0124_1331,43,24,60.076595313159466,170.88510421498913,60.076595313159466,2432,2026-01-25 12:34:06,0.6166478354812216,0.36543396997083166,0.6316933042626025
mu_mig_ctrl_20260122_053125_ws0124_1331,44,0,7.6925514252527165,115.55533181908675,7.6925514252527165,1317,2026-01-25 13:21:55,0.6613089596584338,0.24191426696620177,0.49861401520521687
mu_mig_ctrl_20260122_053125_ws0124_1331,44,1,43.00481312901515,154.4713228257594,43.00481312901515,2586,2026-01-25 13:29:21,0.5045700770850869,0.37228019201384266,0.6081687004880193
mu_mig_ctrl_20260122_053125_ws0124_1331,44,2,61.19167216031923,171.49194840604258,61.19167216031923,2203,2026-01-25 13:26:54,0.621504800828426,0.3455298958491847,0.6560842806526234
mu_mig_ctrl_20260122_053125_ws0124_1331,44,3,51.287923383581365,67.7717487515529,51.287923383581365,2287,2026-01-25 13:26:30,0.3260099081988422,0.35084817056616613,0.2939647410367447
mu_mig_ctrl_20260122_053125_ws0124_1331,44,4,44.639318502595195,73.26967814052414,44.639318502595195,1476,2026-01-25 13:27:21,0.5796965774324487,0.26825782267476156,0.33780865453647113
mu_mig_ctrl_20260122_053125_ws0124_1331,44,5,33.256905977324315,80.68941564308417,33.256905977324315,664,2026-01-25 13:23:39,0.6708048671776544,0.10000206353865687,0.5052834020333016
mu_mig_ctrl_20260122_053125_ws0124_1331,44,6,18.856112862297103,120.44248832905309,18.856112862297103,4322,2026-01-25 13:37:01,0.40660847118000587,0.4793162496941437,0.3097372330918353
mu_mig_ctrl_20260122_053125_ws0124_1331,44,7,7.98653567221487,109.33650783914943,7.98653567221487,1523,2026-01-25 13:26:34,0.33361408946895477,0.27221184761679484,0.6614406643630919
mu_mig_ctrl_20260122_053125_ws0124_1331,44,8,59.37102482303313,59.1048380761417,59.37102482303313,2017,2026-01-25 13:32:49,0.31272255085550904,0.32858530431887867,0.31608551259400997
mu_mig_ctrl_20260122_053125_ws0124_1331,44,9,12.67403975274162,120.37874569617375,12.67403975274162,1881,2026-01-25 13:25:37,0.422923156596865,0.3106049033900806,0.6240038243044271
mu_mig_ctrl_20260122_053125_ws0124_1331,44,10,17.02700344469461,112.51250388808312,17.02700344469461,3889,2026-01-25 13:33:42,0.34545166663413596,0.46327686918905703,0.3369756532627646
mu_mig_ctrl_20260122_053125_ws0124_1331,44,11,10.636196850097415,116.48782797336322,10.636196850097415,1150,2026-01-25 13:27:17,0.5111110221935569,0.2089840296239257,0.6622584123072278
mu_mig_ctrl_20260122_053125_ws0124_1331,44,12,22.11784982116816,98.29009493080132,22.11784982116816,2796,2026-01-25 13:33:03,0.580615247464318,0.40064621325812794,0.26693388999471945
mu_mig_ctrl_20260122_053125_ws0124_1331,44,13,70.6208481748586,48.20122256677237,70.6208481748586,1465,2026-01-25 13:26:26,0.4552902360162896,0.2656338306659367,0.287262230952715
mu_mig_ctrl_20260122_053125_ws0124_1331,44,14,59.015381079328456,61.2495142889552,59.015381079328456,2304,2026-01-25 13:29:17,0.2536589583602979,0.3493862959996074,0.33982917889782427
mu_mig_ctrl_20260122_053125_ws0124_1331,44,15,65.00343033595925,52.997787906636056,65.00343033595925,553,2026-01-25 13:15:48,0.5478139888025623,0.06696548932580754,0.4513341082651956
mu_mig_ctrl_20260122_053125_ws0124_1331,44,16,14.163860027006644,122.53528323551171,14.163860027006644,1434,2026-01-25 13:28:42,0.6558854090000077,0.262533713293782,0.5073390060260234
mu_mig_ctrl_20260122_053125_ws0124_1331,44,17,23.981754445355598,133.76082890398374,23.981754445355598,1808,2026-01-25 13:23:42,0.557940260101627,0.30999046711533185,0.5944244317665688
mu_mig_ctrl_20260122_053125_ws0124_1331,44,18,10.624220426455132,118.23412678271764,10.624220426455132,1382,2026-01-25 13:27:52,0.3851137681186625,0.2515619461923521,0.7157941844852127
mu_mig_ctrl_20260122_053125_ws0124_1331,44,19,24.171524907709102,89.47431486181358,24.171524907709102,1439,2026-01-25 13:20:41,0.33645223838577665,0.2707303679959409,0.6719483554069223
mu_mig_ctrl_20260122_053125_ws0124_1331,44,20,55.589657277039834,59.23927196097174,55.589657277039834,669,2026-01-25 13:52:49,0.5137020713165538,0.10004566958602568,0.45898255913387
mu_mig_ctrl_20260122_053125_ws0124_1331,44,21,10.199215481871692,106.74074293028575,10.199215481871692,1497,2026-01-25 13:59:36,0.48471078987478267,0.27082817439820484,0.54122695864972
mu_mig_ctrl_20260122_053125_ws0124_1331,44,22,10.800808623960318,116.62715610404122,10.800808623960318,1546,2026-01-25 13:57:20,0.5196649041526529,0.27348132661448793,0.5894285351385758
mu_mig_ctrl_20260122_053125_ws0124_1331,44,23,49.6874296300085,64.86756972043533,49.6874296300085,727,2026-01-25 13:56:20,0.5749076004587932,0.122523172616234,0.472477529150268
mu_mig_ctrl_20260122_053125_ws0124_1331,44,24,38.303030075895485,149.68930529496836,38.303030075895485,2099,2026-01-25 14:03:57,0.6087065876173517,0.3366854778402404,0.5817638705112878
mu_mig_ctrl_20260122_053125_ws0124_1331,45,0,9.374027488414878,116.9718422414127,9.374027488414878,1281,2026-01-25 14:50:52,0.6819747139615442,0.23641352294442378,0.5018238427489028
mu_mig_ctrl_20260122_053125_ws0124_1331,45,1,18.733621608443446,127.54544658926946,18.733621608443446,2289,2026-01-25 15:00:14,0.4572380538639317,0.3663609610962772,0.602458996494635
mu_mig_ctrl_20260122_053125_ws0124_1331,45,2,53.43681813078051,163.82843306320265,53.43681813078051,2061,2026-01-25 14:55:28,0.6034208241087535,0.342701502572366,0.6453119550851839
mu_mig_ctrl_20260122_053125_ws0124_1331,45,3,54.05134436277128,66.13509978578453,54.05134436277128,2294,2026-01-25 14:59:52,0.3470218638008928,0.3529113457858793,0.29412677780219026
mu_mig_ctrl_20260122_053125_ws0124_1331,45,4,28.764292622232077,87.85741768761908,28.764292622232077,1503,2026-01-25 14:54:28,0.6216259076096761,0.262976481825511,0.3571772020983459
mu_mig_ctrl_20260122_053125_ws0124_1331,45,5,26.529060207411224,87.65308424714891,26.529060207411224,660,2026-01-25 14:49:45,0.6715280312025441,0.09849038373978204,0.5079717109121675
mu_mig_ctrl_20260122_053125_ws0124_1331,45,6,19.235598920968858,117.56110829663594,19.235598920968858,4257,2026-01-25 15:08:23,0.39009049446513505,0.475507852693314,0.3142583816924179
mu_mig_ctrl_20260122_053125_ws0124_1331,45,7,7.853159591621007,107.9775310581513,7.853159591621007,1622,2026-01-25 14:52:44,0.29480880506892415,0.2805188661831129,0.6633989793111716
mu_mig_ctrl_20260122_053125_ws0124_1331,45,8,55.609059181043634,63.126585526268364,55.609059181043634,2169,2026-01-25 15:00:00,0.3215379284409131,0.33311271713809965,0.3143361031108238
mu_mig_ctrl_20260122_053125_ws0124_1331,45,9,24.672485494496925,134.82633578792195,24.672485494496925,1853,2026-01-25 14:56:42,0.4919870373144251,0.3076905990883481,0.6398679416020532
mu_mig_ctrl_20260122_053125_ws0124_1331,45,10,33.663200006490065,88.28780240422128,33.663200006490065,3693,2026-01-25 15:02:53,0.2673343137735911,0.45800252329663504,0.3098986077806394
mu_mig_ctrl_20260122_053125_ws0124_1331,45,11,13.745977006623521,121.90049298505284,13.745977006623521,1153,2026-01-25 14:52:31,0.5066037000602661,0.22092840361683685,0.6688885626607377
mu_mig_ctrl_20260122_053125_ws0124_1331,45,12,20.64275688861361,100.66320407913715,20.64275688861361,2954,2026-01-25 15:02:13,0.5307903419358658,0.40968016395691814,0.2791743897992231
mu_mig_ctrl_20260122_053125_ws0124_1331,45,13,58.36795982949939,59.378566171139106,58.36795982949939,1447,2026-01-25 14:51:22,0.5250183082391344,0.26965051521077976,0.30959554889458957
mu_mig_ctrl_20260122_053125_ws0124_1331,45,14,50.228345271774316,68.64324696509797,50.228345271774316,2415,2026-01-25 14:59:53,0.27099334728309166,0.3684658178152278,0.3409343556358493
mu_mig_ctrl_20260122_053125_ws0124_1331,45,15,51.91538544501217,63.20012025950922,51.91538544501217,647,2026-01-25 14:48:53,0.520395776182814,0.09564873769975635,0.469732524069335
mu_mig_ctrl_20260122_053125_ws0124_1331,45,16,15.473059602092249,124.70080448247299,15.473059602092249,1442,2026-01-25 14:55:05,0.657502276109835,0.2587948445369079,0.5084060125344496
mu_mig_ctrl_20260122_053125_ws0124_1331,45,17,21.468624942851267,132.45058857447552,21.468624942851267,1804,2026-01-25 14:57:15,0.5602960395488108,0.31588710385713115,0.596128378156852
mu_mig_ctrl_20260122_053125_ws0124_1331,45,18,16.279756369621584,125.7792791311624,16.279756369621584,1535,2026-01-25 14:55:16,0.36763073202333013,0.2659240005442903,0.73785972720503
mu_mig_ctrl_20260122_053125_ws0124_1331,45,19,13.992608015137122,101.89869680585008,13.992608015137122,1551,2026-01-25 14:55:59,0.3680705352812292,0.27408823951400746,0.6502597799119193
mu_mig_ctrl_20260122_053125_ws0124_1331,45,20,50.572774692399065,64.42321597893182,50.572774692399065,714,2026-01-25 15:23:02,0.5125899359219828,0.11280743261540335,0.460163797336689
mu_mig_ctrl_20260122_053125_ws0124_1331,45,21,17.004693890255677,97.1019337223461,17.004693890255677,1538,2026-01-25 15:28:00,0.47118667015277305,0.27685512923920946,0.5365380223997182
mu_mig_ctrl_20260122_053125_ws0124_1331,45,22,10.472726554522344,120.76245500683275,10.472726554522344,1535,2026-01-25 15:26:55,0.5207910957104446,0.27437807664470365,0.5888010328357255
mu_mig_ctrl_20260122_053125_ws0124_1331,45,23,35.35091135827453,78.9184445379244,35.35091135827453,734,2026-01-25 15:23:41,0.6062634986129927,0.12308917487647814,0.4888511597588747
mu_mig_ctrl_20260122_053125_ws0124_1331,45,24,24.139097633865333,135.13826409763323,24.139097633865333,1967,2026-01-25 15:30:24,0.5848329972297313,0.3081789724245287,0.5443407597364027
mu_mig_ctrl_20260122_053125_ws0124_1331,46,0,9.379265382373601,117.02900838725749,9.379265382373601,1234,2026-01-25 16:21:03,0.6985073174040324,0.23201292772700138,0.5043917047838516
mu_mig_ctrl_20260122_053125_ws0124_1331,46,1,14.729791943938466,125.90083321814078,14.729791943938466,2271,2026-01-25 16:24:49,0.4193724352870075,0.3616255763622248,0.5978912332999275
mu_mig_ctrl_20260122_053125_ws0124_1331,46,2,45.15224659046421,155.3287373027417,45.15224659046421,2047,2026-01-25 16:21:11,0.5870246813047143,0.338836848855743,0.6301902893104051
mu_mig_ctrl_20260122_053125_ws0124_1331,46,3,52.233629735305215,67.1102895267221,52.233629735305215,2486,2026-01-25 16:27:05,0.3638314282825333,0.35456188596164984,0.29425640721454677
mu_mig_ctrl_20260122_053125_ws0124_1331,46,4,28.951245328980836,85.76812104736265,28.951245328980836,1404,2026-01-25 16:17:59,0.655169371751458,0.2587514091461105,0.3726720401478457
mu_mig_ctrl_20260122_053125_ws0124_1331,46,5,32.25485498093599,81.06076300368329,32.25485498093599,666,2026-01-25 16:14:36,0.6721065624224559,0.09728103990068218,0.5101223580152604
mu_mig_ctrl_20260122_053125_ws0124_1331,46,6,19.227809332504222,108.02977334400369,19.227809332504222,4138,2026-01-25 16:36:27,0.3768761130932384,0.47246113509265025,0.31787530057288393
mu_mig_ctrl_20260122_053125_ws0124_1331,46,7,17.70832139543297,96.1511661257085,17.70832139543297,1641,2026-01-25 16:23:13,0.26376457754889965,0.2871644810361674,0.6649656312696353
mu_mig_ctrl_20260122_053125_ws0124_1331,46,8,55.58519686985623,64.08156001070486,55.58519686985623,2113,2026-01-25 16:24:15,0.33688018929783464,0.3423428311603713,0.30545024902180123
mu_mig_ctrl_20260122_053125_ws0124_1331,46,9,25.65790948108347,136.32718093690656,25.65790948108347,1666,2026-01-25 16:19:45,0.5572973907967986,0.3054886078183498,0.6424113986836176
mu_mig_ctrl_20260122_053125_ws0124_1331,46,10,35.86217280967457,87.63553107060123,35.86217280967457,3894,2026-01-25 16:35:10,0.2512271015340066,0.46023364524102744,0.28901951488010824
mu_mig_ctrl_20260122_053125_ws0124_1331,46,11,15.41221383801823,121.73760874355794,15.41221383801823,1233,2026-01-25 16:16:55,0.5029978423536335,0.23048390281116576,0.6741926829435455
mu_mig_ctrl_20260122_053125_ws0124_1331,46,12,23.14072603166607,100.55262602259812,23.14072603166607,3348,2026-01-25 16:30:16,0.45455480614514543,0.4378492038387548,0.289981077802056
mu_mig_ctrl_20260122_053125_ws0124_1331,46,13,31.443122459796477,85.16444779677762,31.443122459796477,1584,2026-01-25 16:20:12,0.6180673015016283,0.2714548996271742,0.33549348093719855
mu_mig_ctrl_20260122_053125_ws0124_1331,46,14,47.9292128829018,72.6894599251588,47.9292128829018,2679,2026-01-25 16:30:51,0.28486085842132663,0.38372943526772413,0.34181849702626926
mu_mig_ctrl_20260122_053125_ws0124_1331,46,15,48.36864032798628,66.04197030996721,48.36864032798628,719,2026-01-25 16:17:22,0.4964592935533876,0.12529785303465968,0.4812453052582571
mu_mig_ctrl_20260122_053125_ws0124_1331,46,16,15.873840206687424,125.6952478399084,15.873840206687424,1441,2026-01-25 16:21:54,0.6609995276832461,0.2505724581507185,0.5072082487260523
mu_mig_ctrl_20260122_053125_ws0124_1331,46,17,34.032836952351545,145.2006407190026,34.032836952351545,1875,2026-01-25 16:21:06,0.5616590387680015,0.31341880016142826,0.5974287156609428
mu_mig_ctrl_20260122_053125_ws0124_1331,46,18,16.745185699830454,123.09077957284453,16.745185699830454,1567,2026-01-25 16:22:39,0.34554079521585895,0.27877892650622743,0.7439346074448148
mu_mig_ctrl_20260122_053125_ws0124_1331,46,19,11.011705697139039,104.74908985207391,11.011705697139039,1623,2026-01-25 16:22:12,0.3806883685029768,0.2774804570494487,0.6355819419260038
mu_mig_ctrl_20260122_053125_ws0124_1331,46,20,53.556688274252444,61.32224838057513,53.556688274252444,738,2026-01-25 16:50:29,0.5117002276063259,0.12301684303890549,0.4611087878989443
mu_mig_ctrl_20260122_053125_ws0124_1331,46,21,15.444583414964905,102.77382545003474,15.444583414964905,1676,2026-01-25 16:54:20,0.4700888267861769,0.2807844798732709,0.5392547590716158
mu_mig_ctrl_20260122_053125_ws0124_1331,46,22,11.250045683552502,121.56059270917036,11.250045683552502,1533,2026-01-25 16:57:14,0.521692048956678,0.27509547666887624,0.5882990309934453
mu_mig_ctrl_20260122_053125_ws0124_1331,46,23,29.61883933752554,83.89306564754075,29.61883933752554,687,2026-01-25 16:50:46,0.6571045674878411,0.12017136608614037,0.5055616069770155
mu_mig_ctrl_20260122_053125_ws0124_1331,46,24,7.121476832191305,113.64572681237976,7.121476832191305,1600,2026-01-25 16:56:05,0.5608627613168126,0.2876519937109202,0.5257128327364973
mu_mig_ctrl_20260122_053125_ws0124_1331,47,0,9.748737993461235,118.15757383033419,9.748737993461235,1226,2026-01-25 17:48:39,0.711733400158023,0.22849245155306347,0.5064459944118107
mu_mig_ctrl_20260122_053125_ws0124_1331,47,1,15.098061106551345,124.40902557589257,15.098061106551345,2322,2026-01-25 17:55:00,0.3890799404254682,0.35783726857498294,0.5942370227441617
mu_mig_ctrl_20260122_053125_ws0124_1331,47,2,43.63086801755545,154.01259558963838,43.63086801755545,2147,2026-01-25 17:52:01,0.569123210769724,0.33041742469294405,0.6209601693057223
mu_mig_ctrl_20260122_053125_ws0124_1331,47,3,50.301765274252844,68.56315711210277,50.301765274252844,2277,2026-01-25 17:54:23,0.3772790798678457,0.3558823181022662,0.2943601107444319
mu_mig_ctrl_20260122_053125_ws0124_1331,47,4,21.72299149223975,94.1216911329776,21.72299149223975,1415,2026-01-25 17:49:26,0.6820041430648834,0.2553713510025901,0.3850679105874456
mu_mig_ctrl_20260122_053125_ws0124_1331,47,5,29.233168354566075,84.53539343036275,29.233168354566075,669,2026-01-25 17:38:51,0.6690391721961646,0.10537785555175606,0.5110843436014653
mu_mig_ctrl_20260122_053125_ws0124_1331,47,6,16.888173154241375,116.94518743282492,16.888173154241375,4282,2026-01-25 18:02:27,0.36630460799572107,0.47002376101211923,0.3207688356772568
mu_mig_ctrl_20260122_053125_ws0124_1331,47,7,30.602461245869662,83.53299812782092,30.602461245869662,1648,2026-01-25 17:45:41,0.2446107785192333,0.2893182623865908,0.6559862334575901
mu_mig_ctrl_20260122_053125_ws0124_1331,47,8,42.989645481293465,75.29797359927406,42.989645481293465,2426,2026-01-25 17:56:07,0.35431749481131586,0.35335348263644084,0.2962630088618249
mu_mig_ctrl_20260122_053125_ws0124_1331,47,9,47.90423893382696,158.01797137628452,47.90423893382696,1872,2026-01-25 17:52:48,0.6095456735826974,0.30372701480235115,0.6444461643488691
mu_mig_ctrl_20260122_053125_ws0124_1331,47,10,41.4655379457817,81.65256001032257,41.4655379457817,3823,2026-01-25 18:00:48,0.2405722164286568,0.46306392429292537,0.27666822340985575
mu_mig_ctrl_20260122_053125_ws0124_1331,47,11,25.07101128707185,133.99423618381562,25.07101128707185,1341,2026-01-25 17:49:06,0.5001131561883274,0.2381283021666289,0.6784359791697918
mu_mig_ctrl_20260122_053125_ws0124_1331,47,12,17.582438175168864,116.04201324540271,17.582438175168864,4406,2026-01-25 17:58:30,0.3728370632382526,0.4734908581123803,0.3048634473121946
mu_mig_ctrl_20260122_053125_ws0124_1331,47,13,17.175200035190947,98.67709842187624,17.175200035190947,1548,2026-01-25 17:48:37,0.7018258442237296,0.26802725085578516,0.3647278620454134
mu_mig_ctrl_20260122_053125_ws0124_1331,47,14,41.71992170025432,78.23598716329862,41.71992170025432,2752,2026-01-25 17:51:39,0.2959548673319146,0.3959403292297212,0.3425258101386053
mu_mig_ctrl_20260122_053125_ws0124_1331,47,15,42.31259721706595,72.94693894684787,42.31259721706595,837,2026-01-25 17:43:48,0.4773101074498465,0.14901714530258234,0.49045553020939475
mu_mig_ctrl_20260122_053125_ws0124_1331,47,16,7.96390415460774,117.50403748794727,7.96390415460774,1374,2026-01-25 17:49:35,0.6781183211569329,0.24379786308382434,0.5054836173677348
mu_mig_ctrl_20260122_053125_ws0124_1331,47,17,29.144498369107918,140.33880111679258,29.144498369107918,1847,2026-01-25 17:49:45,0.5627494381433541,0.31144415720486596,0.5984689856642156
mu_mig_ctrl_20260122_053125_ws0124_1331,47,18,13.605221793845187,119.51983417426086,13.605221793845187,1862,2026-01-25 17:47:09,0.327868845769882,0.2890628672757771,0.7487945116366427
mu_mig_ctrl_20260122_053125_ws0124_1331,47,19,7.164130390738654,111.94881260165813,7.164130390738654,1611,2026-01-25 17:48:51,0.3907826350803749,0.28019423107780167,0.6238396715372715
mu_mig_ctrl_20260122_053125_ws0124_1331,47,20,47.33504821640213,67.6426015510842,47.33504821640213,774,2026-01-25 18:13:25,0.5075086459066994,0.1313491535211454,0.46734768299862306
mu_mig_ctrl_20260122_053125_ws0124_1331,47,21,11.79225762345741,108.7253497048593,11.79225762345741,1603,2026-01-25 18:21:34,0.4717762272922646,0.28566517439369593,0.5387124077693981
mu_mig_ctrl_20260122_053125_ws0124_1331,47,22,11.807592664810056,121.71654653227723,11.807592664810056,1556,2026-01-25 18:23:08,0.5224128115536647,0.27566939668821433,0.587897429519621
mu_mig_ctrl_20260122_053125_ws0124_1331,47,23,20.983124495883303,92.34136689868632,20.983124495883303,719,2026-01-25 18:21:21,0.6977774225877198,0.11783711905387018,0.5189299647515281
mu_mig_ctrl_20260122_053125_ws0124_1331,47,24,9.102416314381445,107.11687588659873,9.102416314381445,1561,2026-01-25 18:23:42,0.5416865725864777,0.2712304107400334,0.5108104911365731
mu_mig_ctrl_20260122_053125_ws0124_1331,48,0,11.229862869526233,120.83171938781616,11.229862869526233,1246,2026-01-25 19:05:46,0.709948381162776,0.22698004429099675,0.5079314365299394
mu_mig_ctrl_20260122_053125_ws0124_1331,48,1,6.352271910912154,114.80456030473465,6.352271910912154,2009,2026-01-25 19:12:37,0.3649383229058403,0.33415242068636136,0.596441385768897
mu_mig_ctrl_20260122_053125_ws0124_1331,48,2,26.15491034511909,137.29020889431393,26.15491034511909,1898,2026-01-25 19:09:00,0.5526585147715377,0.31841011574529654,0.6087533316712047
mu_mig_ctrl_20260122_053125_ws0124_1331,48,3,50.04969902390364,68.96480391143977,50.04969902390364,2356,2026-01-25 19:16:47,0.38668075886135256,0.35661802180599955,0.2950446460009367
mu_mig_ctrl_20260122_053125_ws0124_1331,48,4,23.594226409263246,92.43163845984027,23.594226409263246,1369,2026-01-25 19:09:09,0.7097198808604077,0.2560899542475422,0.39151929712178457
mu_mig_ctrl_20260122_053125_ws0124_1331,48,5,18.09842762513677,95.29706184173698,18.09842762513677,715,2026-01-25 19:04:05,0.6676775415688548,0.11287247530616992,0.5140105897680245
mu_mig_ctrl_20260122_053125_ws0124_1331,48,6,19.460004962352784,105.66771810652203,19.460004962352784,3872,2026-01-25 19:22:34,0.3578474039177072,0.46807386174769444,0.32308366376075504
mu_mig_ctrl_20260122_053125_ws0124_1331,48,7,30.277144635910997,86.04790879278086,30.277144635910997,1653,2026-01-25 19:08:55,0.2546731370452711,0.28877362521447625,0.6445320221420616
mu_mig_ctrl_20260122_053125_ws0124_1331,48,8,45.014982074841555,73.5867218360443,45.014982074841555,2336,2026-01-25 19:16:16,0.3682673392221008,0.36216200381729646,0.28891321673384385
mu_mig_ctrl_20260122_053125_ws0124_1331,48,9,50.4765495079889,160.18683061345092,50.4765495079889,1735,2026-01-25 19:11:30,0.6396941981977654,0.30541718428610537,0.6438997485159405
mu_mig_ctrl_20260122_053125_ws0124_1331,48,10,34.391793062206034,89.78298790814092,34.391793062206034,4194,2026-01-25 19:23:16,0.26679503070626687,0.46672928523548746,0.2729454929371939
mu_mig_ctrl_20260122_053125_ws0124_1331,48,11,9.343112905737154,112.02293952744294,9.343112905737154,1376,2026-01-25 19:08:11,0.4701693376964195,0.25145428764226724,0.6617234375266572
mu_mig_ctrl_20260122_053125_ws0124_1331,48,12,122.8785202454502,17.071604049461857,122.8785202454502,463,2026-01-25 19:02:50,0.30670631367380435,0.0015756414111218753,0.3209762809892285
mu_mig_ctrl_20260122_053125_ws0124_1331,48,13,10.879320326028102,110.70144300417283,10.879320326028102,1474,2026-01-25 19:07:54,0.7688326784014108,0.26528513183867397,0.38811536693198523
mu_mig_ctrl_20260122_053125_ws0124_1331,48,14,33.503152806405424,88.3437337504924,33.503152806405424,3086,2026-01-25 19:20:48,0.304830074460385,0.4057090443993189,0.34309166062847407
mu_mig_ctrl_20260122_053125_ws0124_1331,48,15,38.99366081590547,75.43573314984204,38.99366081590547,898,2026-01-25 19:04:12,0.4619907585670136,0.16799257911692048,0.4978237101703049
mu_mig_ctrl_20260122_053125_ws0124_1331,48,16,8.749644632949819,113.7536398824285,8.749644632949819,1342,2026-01-25 19:06:18,0.6918133559358823,0.23837818703030902,0.5041039122810809
mu_mig_ctrl_20260122_053125_ws0124_1331,48,17,26.787463901351884,137.41765116147616,26.787463901351884,1832,2026-01-25 19:10:34,0.5636217576436362,0.3098644428396161,0.5993012016668336
mu_mig_ctrl_20260122_053125_ws0124_1331,48,18,80.36748400618471,40.62209258963256,80.36748400618471,1706,2026-01-25 19:12:30,0.3137312862131005,0.2972900198914169,0.252682434990105
mu_mig_ctrl_20260122_053125_ws0124_1331,48,19,15.38556336926617,100.11329589311535,15.38556336926617,1635,2026-01-25 19:11:08,0.3988580483422934,0.28236525030048404,0.6144458552262856
mu_mig_ctrl_20260122_053125_ws0124_1331,48,20,45.73043574917038,68.32692958815578,45.73043574917038,824,2026-01-25 19:39:32,0.5034452418647444,0.1446940224736295,0.480873761870506
mu_mig_ctrl_20260122_053125_ws0124_1331,48,21,7.538628914820609,109.70225192460774,7.538628914820609,1629,2026-01-25 19:42:17,0.4762088809690962,0.2880403488758077,0.5330159124052231
mu_mig_ctrl_20260122_053125_ws0124_1331,48,22,7.659472960527366,116.032267637139,7.659472960527366,1509,2026-01-25 19:42:26,0.5229894216312541,0.2761285327036848,0.5875761483405616
mu_mig_ctrl_20260122_053125_ws0124_1331,48,23,18.655838746425832,94.85479682710093,18.655838746425832,699,2026-01-25 19:36:38,0.7303157066676227,0.115969721428054,0.5296246509711382
mu_mig_ctrl_20260122_053125_ws0124_1331,48,24,19.90476676467355,98.7380333225582,19.90476676467355,1399,2026-01-25 19:39:41,0.5263456216022098,0.258093144363324,0.49888861785663363
mu_mig_ctrl_20260122_053125_ws0124_1331,49,0,7.677142393445929,114.19210718290365,7.677142393445929,1229,2026-01-25 20:26:46,0.705305825412903,0.22751721649677964,0.5084824998337217
mu_mig_ctrl_20260122_053125_ws0124_1331,49,1,6.95450879933208,109.39325184388059,6.95450879933208,1932,2026-01-25 20:31:15,0.34562502889013796,0.31520454237546414,0.5982048761886855
mu_mig_ctrl_20260122_053125_ws0124_1331,49,2,23.188359169806777,131.62254913246173,23.188359169806777,1823,2026-01-25 20:29:33,0.5394867579729886,0.3088042685871785,0.5989878615635906
mu_mig_ctrl_20260122_053125_ws0124_1331,49,3,44.5841667308083,74.22330774498037,44.5841667308083,2368,2026-01-25 20:34:45,0.39293690835015865,0.35732177747189375,0.2944747400887936
mu_mig_ctrl_20260122_053125_ws0124_1331,49,4,16.375918920041045,100.2337405783688,16.375918920041045,1450,2026-01-25 20:25:59,0.7400259206626095,0.25807672088681693,0.39543610623857867
mu_mig_ctrl_20260122_053125_ws0124_1331,49,5,21.93032570933088,93.38964707630818,21.93032570933088,734,2026-01-25 20:22:27,0.666588237067007,0.118868171109701,0.516351586701272
mu_mig_ctrl_20260122_053125_ws0124_1331,49,6,18.59791665157047,112.17916415547671,18.59791665157047,3919,2026-01-25 20:41:32,0.3510816406552961,0.4665139423361546,0.3249355262275537
mu_mig_ctrl_20260122_053125_ws0124_1331,49,7,33.78888598260008,81.46612170722473,33.78888598260008,1690,2026-01-25 20:29:20,0.26282940080857015,0.28742205689606426,0.6240224559535223
mu_mig_ctrl_20260122_053125_ws0124_1331,49,8,51.73887928060416,68.12384736501987,51.73887928060416,2450,2026-01-25 20:35:13,0.37942721475072877,0.36920882076198097,0.283033383031459
mu_mig_ctrl_20260122_053125_ws0124_1331,49,9,45.696887728390024,155.98530706674399,45.696887728390024,1801,2026-01-25 20:30:27,0.6328863179943539,0.30830571941896245,0.6407465138926436
mu_mig_ctrl_20260122_053125_ws0124_1331,49,10,26.298899085629543,100.31529961832882,26.298899085629543,4269,2026-01-25 20:43:13,0.2940348607323198,0.46972885198729436,0.27011824201428664
mu_mig_ctrl_20260122_053125_ws0124_1331,49,11,10.17403721039579,105.01760448785653,10.17403721039579,1535,2026-01-25 20:27:31,0.44621428290289317,0.26211507602277795,0.6483534042121495
mu_mig_ctrl_20260122_053125_ws0124_1331,49,12,131.30072660772979,27.18659699306052,131.30072660772979,503,2026-01-25 20:22:43,0.26869683067796724,0.044813911192861794,0.3483688090342181
mu_mig_ctrl_20260122_053125_ws0124_1331,49,13,12.465325360759078,115.7102249612405,12.465325360759078,1482,2026-01-25 20:24:58,0.8224381457435557,0.263091436624985,0.40682537084124276
mu_mig_ctrl_20260122_053125_ws0124_1331,49,14,22.219795032800466,100.50298822227295,22.219795032800466,3360,2026-01-25 20:39:07,0.3261763967755681,0.4321799020783702,0.33775908096137525
mu_mig_ctrl_20260122_053125_ws0124_1331,49,15,34.51560437281259,79.37708082344102,34.51560437281259,948,2026-01-25 20:23:38,0.4497352794607473,0.18317292616839098,0.503718254139033
mu_mig_ctrl_20260122_053125_ws0124_1331,49,16,10.078383670700255,115.60260610928651,10.078383670700255,1303,2026-01-25 20:25:57,0.7027693837590419,0.23404244618749678,0.5030001482117576
mu_mig_ctrl_20260122_053125_ws0124_1331,49,17,29.70112809559504,140.53073469118723,29.70112809559504,1802,2026-01-25 20:30:31,0.5639072040732339,0.3118095652879357,0.6009854809199615
mu_mig_ctrl_20260122_053125_ws0124_1331,49,18,77.34314093144786,44.30004777584493,77.34314093144786,1907,2026-01-25 20:31:18,0.32195591202572127,0.312758647293248,0.2599383668783062
mu_mig_ctrl_20260122_053125_ws0124_1331,49,19,7.186288420396734,108.54505618985324,7.186288420396734,1756,2026-01-25 20:29:04,0.39425236085284426,0.29208428367068767,0.6002265822580722
mu_mig_ctrl_20260122_053125_ws0124_1331,49,20,43.41783996620861,72.29743635004385,43.41783996620861,876,2026-01-25 20:55:42,0.49366725359664404,0.16033011502274808,0.4951020609777318
mu_mig_ctrl_20260122_053125_ws0124_1331,49,21,6.0758430078936225,112.34105625388557,6.0758430078936225,1709,2026-01-25 21:02:18,0.4797550039105615,0.2899404884614971,0.5284587161138831
mu_mig_ctrl_20260122_053125_ws0124_1331,49,22,8.855200259852724,118.4863075051341,8.855200259852724,1643,2026-01-25 21:02:53,0.5234507096933255,0.27649584151606116,0.5873191233973141
mu_mig_ctrl_20260122_053125_ws0124_1331,49,23,17.308566480400277,96.87465585932382,17.308566480400277,699,2026-01-25 20:57:52,0.7334204442037658,0.11338750913901822,0.5343850078617486
mu_mig_ctrl_20260122_053125_ws0124_1331,49,24,20.98840639275723,94.5820494782985,20.98840639275723,1356,2026-01-25 21:03:36,0.5005820784217224,0.25385635306622306,0.5002738954695012
mu_mig_ctrl_20260122_053125_ws0124_1331,50,0,9.644626896252456,119.4202215077932,9.644626896252456,1269,2026-01-25 21:56:23,0.7015917808130046,0.22794695426140596,0.5089233504767475
mu_mig_ctrl_20260122_053125_ws0124_1331,50,1,11.318894420305481,103.94611780591492,11.318894420305481,1748,2026-01-25 21:49:11,0.3301743936775761,0.3000462397267463,0.5996156685245162
mu_mig_ctrl_20260122_053125_ws0124_1331,50,2,31.73438537309545,142.38797816100285,31.73438537309545,1937,2026-01-25 21:50:31,0.5289493525341493,0.3011195908606841,0.5911754854774993
mu_mig_ctrl_20260122_053125_ws0124_1331,50,3,39.727778511685976,79.21814145915151,39.727778511685976,2432,2026-01-25 21:57:18,0.39794182794120353,0.3578847820046091,0.2940188153590791
mu_mig_ctrl_20260122_053125_ws0124_1331,50,4,8.752445643580486,108.12104622411566,8.752445643580486,1450,2026-01-25 21:47:17,0.7789397673789142,0.2611970952788816,0.4003611585431318
mu_mig_ctrl_20260122_053125_ws0124_1331,50,5,19.651810030451223,94.18935299735183,19.651810030451223,747,2026-01-25 21:43:25,0.6664704319916361,0.123116247376136,0.5184252958026601
mu_mig_ctrl_20260122_053125_ws0124_1331,50,6,21.501903615259234,104.10755763346485,21.501903615259234,3806,2026-01-25 22:03:33,0.34566903004536725,0.46526600680692276,0.3264170162009926
mu_mig_ctrl_20260122_053125_ws0124_1331,50,7,33.03543682875102,82.38759716508399,33.03543682875102,1717,2026-01-25 21:51:59,0.28150607509745207,0.2931585458311668,0.604591342345054
mu_mig_ctrl_20260122_053125_ws0124_1331,50,8,50.8662395787481,69.8563050775555,50.8662395787481,2370,2026-01-25 21:53:25,0.39306993500717197,0.3711745702958081,0.2794906146643752
mu_mig_ctrl_20260122_053125_ws0124_1331,50,9,35.18228800248683,146.32732406735786,35.18228800248683,1932,2026-01-25 21:49:07,0.6058755390942945,0.3118645016135294,0.6275870171745945
mu_mig_ctrl_20260122_053125_ws0124_1331,50,10,22.984503193658917,103.75402315307527,22.984503193658917,4245,2026-01-25 22:06:06,0.3176732114666585,0.47163202650367175,0.28690470501686066
mu_mig_ctrl_20260122_053125_ws0124_1331,50,11,8.907742974902114,115.80197377080104,8.907742974902114,1629,2026-01-25 21:49:22,0.4257127186608119,0.2800547092724387,0.6271319127376365
mu_mig_ctrl_20260122_053125_ws0124_1331,50,12,107.40268583919392,18.71687465342529,107.40268583919392,637,2026-01-25 21:45:41,0.27466694228682387,0.09938057907590907,0.3978832258411846
mu_mig_ctrl_20260122_053125_ws0124_1331,50,13,16.59345920185008,126.33339029743644,16.59345920185008,1527,2026-01-25 21:50:49,0.8653225196172716,0.26133648045403385,0.4217933739686488
mu_mig_ctrl_20260122_053125_ws0124_1331,50,14,19.39362509411036,109.14806833288749,19.39362509411036,3906,2026-01-25 22:04:52,0.35067822331982473,0.4536135233930939,0.3316535342673367
mu_mig_ctrl_20260122_053125_ws0124_1331,50,15,42.89883367272027,71.82920349378448,42.89883367272027,1053,2026-01-25 21:47:01,0.4399308961757343,0.19531720380956738,0.5084338893140155
mu_mig_ctrl_20260122_053125_ws0124_1331,50,16,10.768247367053496,117.21505663573159,10.768247367053496,1208,2026-01-25 21:47:46,0.711756576552646,0.22805100566268308,0.5033848488724966
mu_mig_ctrl_20260122_053125_ws0124_1331,50,17,35.54522361292382,146.13817842320728,35.54522361292382,1881,2026-01-25 21:53:02,0.558428422005524,0.3128049236153155,0.6020113600167993
mu_mig_ctrl_20260122_053125_ws0124_1331,50,18,56.26380382816868,61.91972109602011,56.26380382816868,2174,2026-01-25 21:53:35,0.35365163100075286,0.3374761042426778,0.26605847874868616
mu_mig_ctrl_20260122_053125_ws0124_1331,50,19,8.297787578339072,112.1416368871924,8.297787578339072,1856,2026-01-25 21:53:50,0.3749122012367461,0.3033737420773623,0.5881904999045109
mu_mig_ctrl_20260122_053125_ws0124_1331,50,20,28.78131898529128,84.87786781291977,28.78131898529128,977,2026-01-25 22:15:45,0.47773759915746544,0.17712082322844944,0.5094905856484894
mu_mig_ctrl_20260122_053125_ws0124_1331,50,21,8.408567672522102,106.05140558507328,8.408567672522102,1639,2026-01-25 22:23:04,0.48259190226373366,0.29146060013004865,0.524812959080811
mu_mig_ctrl_20260122_053125_ws0124_1331,50,22,8.628539190266855,118.36011773245345,8.628539190266855,1608,2026-01-25 22:24:50,0.5238197401429827,0.27678968856596226,0.5871135034427161
mu_mig_ctrl_20260122_053125_ws0124_1331,50,23,15.465983550523571,99.1866187202779,15.465983550523571,684,2026-01-25 22:21:43,0.7359042342326804,0.1113217393077896,0.5381932933742369
mu_mig_ctrl_20260122_053125_ws0124_1331,50,24,27.270409686563177,87.7533741068228,27.270409686563177,1420,2026-01-25 22:26:05,0.4734664860086719,0.2609828433775707,0.5107078123963142
mu_mig_ctrl_20260122_053125_ws0124_1331,51,0,10.471161447760334,119.31631624523868,10.471161447760334,1278,2026-01-25 23:10:24,0.6986205451330858,0.22829074447310702,0.5092760309911681
mu_mig_ctrl_20260122_053125_ws0124_1331,51,1,26.283000948079316,89.6086576346963,26.283000948079316,1596,2026-01-25 23:15:10,0.32751007169146285,0.28888554355717944,0.6006388597677865
mu_mig_ctrl_20260122_053125_ws0124_1331,51,2,18.088683929234406,128.39080477461104,18.088683929234406,1734,2026-01-25 23:15:33,0.520519428183078,0.2949718486794886,0.5849255846086262
mu_mig_ctrl_20260122_053125_ws0124_1331,51,3,57.32393023706572,61.92120615638056,57.32393023706572,2204,2026-01-25 23:14:38,0.40194576361403944,0.35833518563078137,0.2936540755753074
mu_mig_ctrl_20260122_053125_ws0124_1331,51,4,10.6825834976348,106.56191240519898,10.6825834976348,1433,2026-01-25 23:10:36,0.810070844751958,0.2636933947925333,0.4043012003867743
mu_mig_ctrl_20260122_053125_ws0124_1331,51,5,20.394974810721017,93.0666737060523,20.394974810721017,738,2026-01-25 23:05:36,0.6718662539873439,0.1237403775091636,0.5222830450822681
mu_mig_ctrl_20260122_053125_ws0124_1331,51,6,18.50069652708764,107.35659713893448,18.50069652708764,4004,2026-01-25 23:26:39,0.34192107720377496,0.46078342986855847,0.3287145153525349
mu_mig_ctrl_20260122_053125_ws0124_1331,51,7,30.47670579813635,84.79325350103484,30.47670579813635,1651,2026-01-25 23:14:09,0.30413428648833796,0.29785883078740805,0.5881778194198679
mu_mig_ctrl_20260122_053125_ws0124_1331,51,8,51.287104622542515,70.6340366610412,51.287104622542515,2446,2026-01-25 23:18:33,0.404479859296601,0.37036052898626315,0.2805924954282806
mu_mig_ctrl_20260122_053125_ws0124_1331,51,9,36.16347815016497,147.14347982350466,36.16347815016497,1915,2026-01-25 23:16:00,0.584266915974247,0.31471152736918295,0.6170594198001551
mu_mig_ctrl_20260122_053125_ws0124_1331,51,10,22.761994294126954,104.89315223550975,22.761994294126954,4251,2026-01-25 23:23:58,0.34013322577134686,0.4727916636904788,0.3003419518142212
mu_mig_ctrl_20260122_053125_ws0124_1331,51,11,10.451413370756333,115.2833929414688,10.451413370756333,1822,2026-01-25 23:17:05,0.3901900199870919,0.30031123715072966,0.6057070082833116
mu_mig_ctrl_20260122_053125_ws0124_1331,51,12,67.39554505354775,48.28848927665631,67.39554505354775,852,2026-01-25 23:03:42,0.3134603133011758,0.15270048892626625,0.4452254590721302
mu_mig_ctrl_20260122_053125_ws0124_1331,51,13,12.93561636446605,122.17807422069568,12.93561636446605,1423,2026-01-25 23:09:40,0.8732023852303236,0.25990490052148874,0.4293166878812116
mu_mig_ctrl_20260122_053125_ws0124_1331,51,14,17.42366865533652,110.62066615736833,17.42366865533652,4036,2026-01-25 23:25:02,0.3702796845552301,0.4707604204448729,0.3267690969121058
mu_mig_ctrl_20260122_053125_ws0124_1331,51,15,41.607802996254016,73.47968375765942,41.607802996254016,1060,2026-01-25 23:07:47,0.4456816472617089,0.20483156045525713,0.5124177491526192
mu_mig_ctrl_20260122_053125_ws0124_1331,51,16,7.075927829672757,114.79393317888182,7.075927829672757,1169,2026-01-25 23:08:28,0.716046721341081,0.2232336928308279,0.5054496850551506
mu_mig_ctrl_20260122_053125_ws0124_1331,51,17,27.563482792155174,138.51137643618114,27.563482792155174,1882,2026-01-25 23:13:34,0.5435752353503066,0.31312987920356067,0.5992199753462977
mu_mig_ctrl_20260122_053125_ws0124_1331,51,18,45.4473679523577,73.28194220449384,45.4473679523577,2544,2026-01-25 23:17:09,0.3879252082212447,0.36440638086938354,0.2735280270833584
mu_mig_ctrl_20260122_053125_ws0124_1331,51,19,7.011680533398747,111.68080433040711,7.011680533398747,1892,2026-01-25 23:12:51,0.3594400735438676,0.312405308802702,0.5785616340216617
mu_mig_ctrl_20260122_053125_ws0124_1331,51,20,41.43247486598514,73.34431216611077,41.43247486598514,1022,2026-01-25 23:36:08,0.4649938756061226,0.1905533897930105,0.5210014053850954
mu_mig_ctrl_20260122_053125_ws0124_1331,51,21,11.377341809416198,106.57206627779613,11.377341809416198,1677,2026-01-25 23:44:25,0.48486142094627144,0.2926766894648899,0.5218963534543535
mu_mig_ctrl_20260122_053125_ws0124_1331,51,22,7.971602346512577,118.12445529141353,7.971602346512577,1630,2026-01-25 23:45:54,0.5241149645027084,0.2770247662058831,0.5869490074790377
mu_mig_ctrl_20260122_053125_ws0124_1331,51,23,12.301176030047625,102.30522271796242,12.301176030047625,719,2026-01-25 23:43:41,0.7378912662558119,0.1096691234428067,0.5412399217842276
mu_mig_ctrl_20260122_053125_ws0124_1331,51,24,20.598272423741715,94.10386054459318,20.598272423741715,1458,2026-01-25 23:46:12,0.4525252967931772,0.2776322593683536,0.5192349083513761
mu_mig_ctrl_20260122_053125_ws0124_1331,52,0,9.586444115089032,116.37036199393029,9.586444115089032,1239,2026-01-26 00:28:49,0.7016431927037202,0.2280925526552629,0.5082354174067356
mu_mig_ctrl_20260122_053125_ws0124_1331,52,1,14.12628298889887,101.86120639026802,14.12628298889887,1620,2026-01-26 00:30:49,0.32537861410257224,0.2799569866215259,0.6014574127624028
mu_mig_ctrl_20260122_053125_ws0124_1331,52,2,12.195750745456593,121.09493961901136,12.195750745456593,1676,2026-01-26 00:32:35,0.5152127867573076,0.2888120953535301,0.5802846995086155
mu_mig_ctrl_20260122_053125_ws0124_1331,52,3,45.122801916787104,73.58393134232337,45.122801916787104,2382,2026-01-26 00:38:06,0.4053378065356398,0.3599239591514671,0.29323272899058905
mu_mig_ctrl_20260122_053125_ws0124_1331,52,4,11.519062707471601,120.54535721480502,11.519062707471601,1524,2026-01-26 00:30:56,0.834975706650393,0.26569043440345463,0.4074532338616883
mu_mig_ctrl_20260122_053125_ws0124_1331,52,5,25.20684763605971,88.29142167557895,25.20684763605971,714,2026-01-26 00:25:33,0.7002732715477445,0.11953860432390373,0.52938114669198
mu_mig_ctrl_20260122_053125_ws0124_1331,52,6,21.453748947854983,101.79212964847797,21.453748947854983,3766,2026-01-26 00:46:44,0.3488341200033287,0.4591194438317895,0.33007751845240596
mu_mig_ctrl_20260122_053125_ws0124_1331,52,7,17.475270083213065,97.49705015086371,17.475270083213065,1819,2026-01-26 00:36:02,0.32820159804822807,0.2994565465179601,0.5771613454698433
mu_mig_ctrl_20260122_053125_ws0124_1331,52,8,37.00893249328065,82.47918716017986,37.00893249328065,2610,2026-01-26 00:39:51,0.41342782163663827,0.369183230578088,0.28071986825625184
mu_mig_ctrl_20260122_053125_ws0124_1331,52,9,25.2795869673197,136.04769470470035,25.2795869673197,1864,2026-01-26 00:35:05,0.5615635506468081,0.316660272189401,0.6075465226193262
mu_mig_ctrl_20260122_053125_ws0124_1331,52,10,17.65410227168576,112.08142784687982,17.65410227168576,3784,2026-01-26 00:45:11,0.36117793030957757,0.4729808740061958,0.3215547805985739
mu_mig_ctrl_20260122_053125_ws0124_1331,52,11,15.314936558023257,101.00228100719248,15.314936558023257,1942,2026-01-26 00:32:56,0.35492835389588784,0.3182198775042281,0.5807807288213331
mu_mig_ctrl_20260122_053125_ws0124_1331,52,12,43.468928839138954,71.91227076194018,43.468928839138954,1160,2026-01-26 00:26:32,0.38388182719603436,0.20587098432063744,0.5065973310351886
mu_mig_ctrl_20260122_053125_ws0124_1331,52,13,18.912722753336507,129.8223079702864,18.912722753336507,1498,2026-01-26 00:32:39,0.8648925130646079,0.2599072689458327,0.42722625674378667
mu_mig_ctrl_20260122_053125_ws0124_1331,52,14,20.28700759066882,113.93958844832781,20.28700759066882,4264,2026-01-26 00:47:04,0.38596085354355436,0.484477938086296,0.32286154702792114
mu_mig_ctrl_20260122_053125_ws0124_1331,52,15,30.32363492670869,82.72274088170558,30.32363492670869,1096,2026-01-26 00:29:06,0.4509178556210433,0.207350719196322,0.5158507162756424
mu_mig_ctrl_20260122_053125_ws0124_1331,52,16,8.899402649800907,116.52711559060798,8.899402649800907,1213,2026-01-26 00:29:30,0.7194788371718291,0.21937984256534374,0.507101554001274
mu_mig_ctrl_20260122_053125_ws0124_1331,52,17,24.7436594263598,135.41108094540246,24.7436594263598,1985,2026-01-26 00:37:35,0.5265848416251361,0.3132180582309758,0.5924400774121962
mu_mig_ctrl_20260122_053125_ws0124_1331,52,18,31.526040039767455,87.93644981759854,31.526040039767455,2666,2026-01-26 00:39:55,0.4153440699976382,0.3859506021707481,0.27950366575109614
mu_mig_ctrl_20260122_053125_ws0124_1331,52,19,19.79721467314432,96.53763482717399,19.79721467314432,1846,2026-01-26 00:31:09,0.34706237138956475,0.31963056218297375,0.5708585413153824
mu_mig_ctrl_20260122_053125_ws0124_1331,52,20,29.11000179871278,85.14254748959416,29.11000179871278,1102,2026-01-26 01:05:13,0.4547988967650483,0.20129944304465938,0.5302100611743803
mu_mig_ctrl_20260122_053125_ws0124_1331,52,21,9.02322397830069,106.7405902221156,9.02322397830069,1673,2026-01-26 01:00:01,0.48667703589230166,0.2936495609327629,0.5195630689531874
mu_mig_ctrl_20260122_053125_ws0124_1331,52,22,7.153346948721853,115.77264835801924,7.153346948721853,1562,2026-01-26 01:05:32,0.5243511439904891,0.27721282831781985,0.586817410708095
mu_mig_ctrl_20260122_053125_ws0124_1331,52,23,15.918706943679842,99.08149275317001,15.918706943679842,663,2026-01-26 01:07:03,0.7394808918743172,0.10834703075082038,0.5436772245122201
mu_mig_ctrl_20260122_053125_ws0124_1331,52,24,15.96361063409442,102.23508963020579,15.96361063409442,1796,2026-01-26 01:10:39,0.4471639084156948,0.29140426911963063,0.5269535748243644
mu_mig_ctrl_20260122_053125_ws0124_1331,53,0,11.904204039542867,119.4810421536009,11.904204039542867,1270,2026-01-26 01:54:29,0.7096056279960212,0.2271005631350985,0.5072613069082793
mu_mig_ctrl_20260122_053125_ws0124_1331,53,1,29.12196150515575,88.52100325643679,29.12196150515575,1549,2026-01-26 01:56:43,0.32367344803145975,0.27281414107300306,0.602112255158096
mu_mig_ctrl_20260122_053125_ws0124_1331,53,2,9.149579983518288,118.88056945852654,9.149579983518288,1538,2026-01-26 01:54:05,0.5139438045350658,0.2795143909838581,0.5787684336572436
mu_mig_ctrl_20260122_053125_ws0124_1331,53,3,40.89099411707808,78.61155526079385,40.89099411707808,2424,2026-01-26 02:04:04,0.40980253850185566,0.3645992104658145,0.29004645074504176
mu_mig_ctrl_20260122_053125_ws0124_1331,53,4,10.708477246370341,120.08895700352805,10.708477246370341,1493,2026-01-26 01:57:17,0.854899596169141,0.26728806609219175,0.4099748606416195
mu_mig_ctrl_20260122_053125_ws0124_1331,53,5,19.186840532619392,94.57209580298925,19.186840532619392,702,2026-01-26 01:50:44,0.7249120320644661,0.11582347970631267,0.5389237083673883
mu_mig_ctrl_20260122_053125_ws0124_1331,53,6,15.866554708089403,110.83960689646226,15.866554708089403,3881,2026-01-26 02:10:46,0.3590066070195728,0.4583841420772068,0.3284177155662529
mu_mig_ctrl_20260122_053125_ws0124_1331,53,7,16.215689285223984,102.19475556970217,16.215689285223984,1826,2026-01-26 01:56:42,0.34745544729614014,0.30073471910240174,0.5683481663098237
mu_mig_ctrl_20260122_053125_ws0124_1331,53,8,46.72153361578463,75.04221976076562,46.72153361578463,2545,2026-01-26 02:01:57,0.4205861915086681,0.36824139185154786,0.2808217665186288
mu_mig_ctrl_20260122_053125_ws0124_1331,53,9,23.661525571065546,134.27758244871728,23.661525571065546,1868,2026-01-26 01:58:51,0.5413370029717673,0.3169873308082954,0.5970967250888144
mu_mig_ctrl_20260122_053125_ws0124_1331,53,10,18.076701313524797,117.25249077064532,18.076701313524797,4123,2026-01-26 02:11:05,0.37801369394016215,0.47313224225876943,0.33852504362605607
mu_mig_ctrl_20260122_053125_ws0124_1331,53,11,25.377917958930443,93.8645644131903,25.377917958930443,2159,2026-01-26 02:00:13,0.3267190210229246,0.33254678978702684,0.5608397052517502
mu_mig_ctrl_20260122_053125_ws0124_1331,53,12,9.56429840058753,106.75194734936484,9.56429840058753,1451,2026-01-26 01:57:18,0.4483870155362943,0.24862573142171568,0.5592421387596145
mu_mig_ctrl_20260122_053125_ws0124_1331,53,13,10.788179377846367,120.528781323905,10.788179377846367,1394,2026-01-26 01:54:39,0.8469813220696676,0.2611838686838689,0.41969124691939164
mu_mig_ctrl_20260122_053125_ws0124_1331,53,14,17.250631784477637,119.94987870820248,17.250631784477637,4348,2026-01-26 02:12:11,0.39270881432159876,0.4916474292544743,0.31966710534254583
mu_mig_ctrl_20260122_053125_ws0124_1331,53,15,24.37188506149912,89.01003668007748,24.37188506149912,1157,2026-01-26 01:54:28,0.4562614400863106,0.20830251481339288,0.5186403534120878
mu_mig_ctrl_20260122_053125_ws0124_1331,53,16,7.732533717608833,116.1554561059839,7.732533717608833,1157,2026-01-26 01:53:23,0.7222245298364276,0.21629676235295642,0.5084230491581727
mu_mig_ctrl_20260122_053125_ws0124_1331,53,17,22.508906655955297,134.12705414412207,22.508906655955297,1882,2026-01-26 01:58:22,0.5129925266449997,0.31328860145290793,0.587016159064915
mu_mig_ctrl_20260122_053125_ws0124_1331,53,18,28.72065883474919,92.27181953853315,28.72065883474919,3040,2026-01-26 02:05:13,0.43727915941875295,0.4031859792118398,0.2842841766852864
mu_mig_ctrl_20260122_053125_ws0124_1331,53,19,12.927259009726663,102.40241305890376,12.927259009726663,2025,2026-01-26 02:00:58,0.340168696982797,0.325379409149598,0.5657719441057389
mu_mig_ctrl_20260122_053125_ws0124_1331,53,20,30.751753521975868,83.86490563571701,30.751753521975868,1156,2026-01-26 02:28:07,0.4466429136921889,0.20989628564597848,0.5375769858058081
mu_mig_ctrl_20260122_053125_ws0124_1331,53,21,12.488211281386103,103.74760149955303,12.488211281386103,1656,2026-01-26 02:31:30,0.48812952784912583,0.2944278581070613,0.5176964413522545
mu_mig_ctrl_20260122_053125_ws0124_1331,53,22,15.582797649283302,125.09995047393284,15.582797649283302,1580,2026-01-26 02:28:35,0.5245400875807136,0.2773632780073692,0.5867121332913408
mu_mig_ctrl_20260122_053125_ws0124_1331,53,23,14.061168437405883,102.1564619892124,14.061168437405883,675,2026-01-26 02:29:10,0.7407525923691214,0.10728935659723132,0.5456270666946141
mu_mig_ctrl_20260122_053125_ws0124_1331,53,24,6.696240924546942,109.97363220048969,6.696240924546942,1784,2026-01-26 02:30:38,0.4429009473355567,0.3028400978949461,0.5315193324393988
mu_mig_ctrl_20260122_053125_ws0124_1331,54,0,10.768342830908546,118.24267850691793,10.768342830908546,1257,2026-01-26 03:14:07,0.7181813309714407,0.2253785572588766,0.5068947706095728
mu_mig_ctrl_20260122_053125_ws0124_1331,54,1,28.087626514296115,86.62742261394986,28.087626514296115,1537,2026-01-26 03:16:41,0.32643568645708737,0.2678163399775236,0.594047716597875
mu_mig_ctrl_20260122_053125_ws0124_1331,54,2,9.671687467681371,118.82727463240026,9.671687467681371,1508,2026-01-26 03:15:59,0.5129286187572724,0.27207622748812055,0.5775554209761462
mu_mig_ctrl_20260122_053125_ws0124_1331,54,3,33.734711415933326,85.25289996935739,33.734711415933326,2591,2026-01-26 03:24:55,0.4133743240748283,0.36833941151729244,0.2874974281486039
mu_mig_ctrl_20260122_053125_ws0124_1331,54,4,15.227593513953893,125.064332848337,15.227593513953893,1590,2026-01-26 03:17:04,0.8708387077841394,0.2685661714431814,0.41199216206556444
mu_mig_ctrl_20260122_053125_ws0124_1331,54,5,9.645851668780818,105.51910640011664,9.645851668780818,725,2026-01-26 03:12:21,0.7477676535158873,0.11199055627301796,0.5488372408577202
mu_mig_ctrl_20260122_053125_ws0124_1331,54,6,18.029410986961416,110.30815377587793,18.029410986961416,4033,2026-01-26 03:27:33,0.36714459663256815,0.45779590067354065,0.3270898732573304
mu_mig_ctrl_20260122_053125_ws0124_1331,54,7,17.59784125650767,96.72376732683706,17.59784125650767,1739,2026-01-26 03:17:15,0.3606185388952448,0.3075357635836679,0.5605475120525257
mu_mig_ctrl_20260122_053125_ws0124_1331,54,8,39.41435452920292,79.78491161549476,39.41435452920292,2467,2026-01-26 03:23:48,0.42568724822453535,0.3667176940979366,0.2819570701902072
mu_mig_ctrl_20260122_053125_ws0124_1331,54,9,25.849544901617556,136.95187084334023,25.849544901617556,1957,2026-01-26 03:20:05,0.5221770156091524,0.3163469183384404,0.5887119370433067
mu_mig_ctrl_20260122_053125_ws0124_1331,54,10,16.18739878845741,119.5548352848908,16.18739878845741,3964,2026-01-26 03:31:27,0.38902752621165726,0.47253772112869896,0.34854075783428073
mu_mig_ctrl_20260122_053125_ws0124_1331,54,11,24.89405674001692,92.20195790162332,24.89405674001692,2102,2026-01-26 03:18:50,0.30729617004873166,0.34155976271989047,0.5459039108878789
mu_mig_ctrl_20260122_053125_ws0124_1331,54,12,8.886335449794423,118.95949683857478,8.886335449794423,1619,2026-01-26 03:16:29,0.49999116620850226,0.28282952910257825,0.601357984939155
mu_mig_ctrl_20260122_053125_ws0124_1331,54,13,7.884432964296732,115.71278000653663,7.884432964296732,1449,2026-01-26 03:16:53,0.8332550640423506,0.2631707236895678,0.411248383692222
mu_mig_ctrl_20260122_053125_ws0124_1331,54,14,24.963961854467158,132.0933891417287,24.963961854467158,4807,2026-01-26 03:34:29,0.3981071829440343,0.4973830221890169,0.3171115519942456
mu_mig_ctrl_20260122_053125_ws0124_1331,54,15,22.18135196787168,91.43501252370588,22.18135196787168,1102,2026-01-26 03:14:16,0.46053630765852444,0.20906395130704955,0.5208720631212442
mu_mig_ctrl_20260122_053125_ws0124_1331,54,16,6.5988998674513635,113.25189230788952,6.5988998674513635,1157,2026-01-26 03:14:53,0.7244210839681063,0.21383029818304655,0.5094802452836917
mu_mig_ctrl_20260122_053125_ws0124_1331,54,17,17.37776556323088,128.54612535496412,17.37776556323088,1938,2026-01-26 03:17:34,0.5021186746608907,0.3133450360304536,0.58267702438709
mu_mig_ctrl_20260122_053125_ws0124_1331,54,18,17.89408515811603,105.40110823819458,17.89408515811603,3273,2026-01-26 03:28:33,0.45482723095564476,0.4169742808447131,0.28810858543263856
mu_mig_ctrl_20260122_053125_ws0124_1331,54,19,22.343043646464075,93.31248741807504,22.343043646464075,2105,2026-01-26 03:19:13,0.33465375745738285,0.3299784867228974,0.561702666338024
mu_mig_ctrl_20260122_053125_ws0124_1331,54,20,31.532935637143304,83.3858682120699,31.532935637143304,1182,2026-01-26 03:48:38,0.44316840579997635,0.21668909217878457,0.5410074323753742
mu_mig_ctrl_20260122_053125_ws0124_1331,54,21,12.392576016080113,104.24654233806584,12.392576016080113,1773,2026-01-26 03:52:08,0.4884344359916622,0.2982901390633019,0.5173586136406046
mu_mig_ctrl_20260122_053125_ws0124_1331,54,22,10.960576047351315,120.62989353048592,10.960576047351315,1674,2026-01-26 03:52:18,0.5242054787102864,0.2782441918928639,0.5850955150966516
mu_mig_ctrl_20260122_053125_ws0124_1331,54,23,11.624249593991967,103.45711136290126,11.624249593991967,658,2026-01-26 03:49:01,0.7417699527649647,0.10644321727436008,0.5471869404405294
mu_mig_ctrl_20260122_053125_ws0124_1331,54,24,8.594449472453986,114.70194097028022,8.594449472453986,1884,2026-01-26 03:54:46,0.4394905784714462,0.31198876091519845,0.5351719385314261
mu_mig_ctrl_20260122_053125_ws0124_1331,55,0,12.946286933841353,114.3611953360678,12.946286933841353,1215,2026-01-26 04:36:33,0.7263514444176137,0.22273594051403708,0.5076312094001607
mu_mig_ctrl_20260122_053125_ws0124_1331,55,1,23.894860987384998,90.49638879529778,23.894860987384998,1525,2026-01-26 04:38:19,0.33773009131686793,0.2744039814899911,0.5752239143495648
mu_mig_ctrl_20260122_053125_ws0124_1331,55,2,5.92507352774642,112.15758047542992,5.92507352774642,1481,2026-01-26 04:37:44,0.5121164701350376,0.26612569669153047,0.5765850108312682
mu_mig_ctrl_20260122_053125_ws0124_1331,55,3,43.17265153214344,77.32734798400584,43.17265153214344,2597,2026-01-26 04:47:59,0.4162317525332065,0.3713315723584748,0.28545821007145367
mu_mig_ctrl_20260122_053125_ws0124_1331,55,4,11.327143328934907,120.65895675956142,11.327143328934907,1518,2026-01-26 04:37:49,0.8738568646089196,0.2675409780560816,0.41355674963171274
mu_mig_ctrl_20260122_053125_ws0124_1331,55,5,11.33645021440516,108.23563483231469,11.33645021440516,728,2026-01-26 04:34:57,0.7660521506770243,0.1089242175263822,0.5567680668499858
mu_mig_ctrl_20260122_053125_ws0124_1331,55,6,18.569916605376836,116.01247861913859,18.569916605376836,4145,2026-01-26 04:56:20,0.3819344379342529,0.45775744711658817,0.33340571790366774
mu_mig_ctrl_20260122_053125_ws0124_1331,55,7,13.97549192745429,103.56376776417682,13.97549192745429,1862,2026-01-26 04:43:25,0.37114901217452856,0.3129765991686808,0.5543069886466874
mu_mig_ctrl_20260122_053125_ws0124_1331,55,8,35.82277331561018,84.24781233788799,35.82277331561018,2430,2026-01-26 04:49:13,0.42696879210819316,0.3658624032608407,0.28495216016041996
mu_mig_ctrl_20260122_053125_ws0124_1331,55,9,11.292962611371069,120.64138852360972,11.292962611371069,1818,2026-01-26 04:42:50,0.5021066444069516,0.3154453439252334,0.5806545391859081
mu_mig_ctrl_20260122_053125_ws0124_1331,55,10,20.47622996884299,124.66154670544323,20.47622996884299,4257,2026-01-26 04:52:57,0.39783859202885336,0.47206210422464256,0.3565533292008604
mu_mig_ctrl_20260122_053125_ws0124_1331,55,11,25.330155257816156,93.31188411852438,25.330155257816156,2281,2026-01-26 04:47:44,0.2942176250573037,0.34574753250835505,0.5350996349283486
mu_mig_ctrl_20260122_053125_ws0124_1331,55,12,31.41390165807371,142.02674184878174,31.41390165807371,1882,2026-01-26 04:43:02,0.5412744867462687,0.3101925672472683,0.6350506618827876
mu_mig_ctrl_20260122_053125_ws0124_1331,55,13,7.9810325068269785,114.6966379346121,7.9810325068269785,1479,2026-01-26 04:39:25,0.8222740576204971,0.2647602076941269,0.4044940931104863
mu_mig_ctrl_20260122_053125_ws0124_1331,55,14,19.51333657674261,122.34431144043573,19.51333657674261,4578,2026-01-26 04:56:34,0.40110561054195504,0.4998726900984436,0.31933416810855986
mu_mig_ctrl_20260122_053125_ws0124_1331,55,15,27.749548592572413,86.91150166683497,27.749548592572413,1107,2026-01-26 04:36:57,0.4639562017162955,0.2096731005019749,0.5226574308885692
mu_mig_ctrl_20260122_053125_ws0124_1331,55,16,9.513939597523661,113.96612924560485,9.513939597523661,1147,2026-01-26 04:37:50,0.7261783272734493,0.21185712684711866,0.510326002184107
mu_mig_ctrl_20260122_053125_ws0124_1331,55,17,13.80000000334438,124.06964695286625,13.80000000334438,1795,2026-01-26 04:40:02,0.4934195930736034,0.31339018369249017,0.5792057166448301
mu_mig_ctrl_20260122_053125_ws0124_1331,55,18,19.165642738007634,103.69481710330464,19.165642738007634,3111,2026-01-26 04:50:31,0.4688656881851582,0.42800492215101177,0.2911681124305203
mu_mig_ctrl_20260122_053125_ws0124_1331,55,19,19.27250964112453,97.34558094654571,19.27250964112453,2134,2026-01-26 04:45:05,0.3302418058370515,0.3336577487815369,0.5584472441238522
mu_mig_ctrl_20260122_053125_ws0124_1331,55,20,29.49692240843201,84.53476740104104,29.49692240843201,1241,2026-01-26 05:10:29,0.4446583566792905,0.21975498420494677,0.5425209316814623
mu_mig_ctrl_20260122_053125_ws0124_1331,55,21,9.514726052404644,107.89115103523491,9.514726052404644,1824,2026-01-26 05:15:04,0.47266373765233893,0.30293980010269494,0.5239245880481938
mu_mig_ctrl_20260122_053125_ws0124_1331,55,22,9.648733835468237,117.40385909032119,9.648733835468237,1575,2026-01-26 05:14:37,0.5219642191898143,0.2783892040974992,0.5818673018241389
mu_mig_ctrl_20260122_053125_ws0124_1331,55,23,14.866538573948533,104.18038454546557,14.866538573948533,699,2026-01-26 05:09:14,0.744223364088441,0.10678425876541148,0.5486132316137264
mu_mig_ctrl_20260122_053125_ws0124_1331,55,24,8.877826124568948,114.6232722314217,8.877826124568948,1973,2026-01-26 05:13:48,0.43676228338015777,0.31930769133140036,0.538094023405048
mu_mig_ctrl_20260122_053125_ws0124_1331,56,0,13.774331459327366,119.35756030323532,13.774331459327366,1169,2026-01-26 05:57:14,0.7328695123134774,0.2172805690493906,0.5084881248964048
mu_mig_ctrl_20260122_053125_ws0124_1331,56,1,18.840648544144834,95.82928865454765,18.840648544144834,1670,2026-01-26 06:00:21,0.3519612206903312,0.2880328904576688,0.5539964549230347
mu_mig_ctrl_20260122_053125_ws0124_1331,56,2,12.052429681178966,121.78841057909575,12.052429681178966,1474,2026-01-26 05:58:28,0.5114667512372498,0.2613652720542584,0.5758086827153658
mu_mig_ctrl_20260122_053125_ws0124_1331,56,3,42.08297685820721,77.98445405167507,42.08297685820721,2548,2026-01-26 06:09:56,0.42222906755530104,0.37335913366247137,0.2837207211317935
mu_mig_ctrl_20260122_053125_ws0124_1331,56,4,15.40253272276486,125.08374939429692,15.40253272276486,1520,2026-01-26 05:58:16,0.8640565993857988,0.2663935860744805,0.41291252093515723
mu_mig_ctrl_20260122_053125_ws0124_1331,56,5,8.999855109596554,111.73815840296224,8.999855109596554,660,2026-01-26 05:55:27,0.7806797484059338,0.1064711465290736,0.5631127276437982
mu_mig_ctrl_20260122_053125_ws0124_1331,56,6,17.03528127418145,112.67716513167588,17.03528127418145,3883,2026-01-26 06:12:31,0.3937663109756007,0.4577266842710262,0.3384583936207376
mu_mig_ctrl_20260122_053125_ws0124_1331,56,7,11.9374742328313,105.25027035976203,11.9374742328313,2009,2026-01-26 06:04:45,0.37957339079795555,0.31732926763669117,0.5493145699220167
mu_mig_ctrl_20260122_053125_ws0124_1331,56,8,47.085858263753245,73.36102156159603,47.085858263753245,2402,2026-01-26 06:07:10,0.4279940272151194,0.365178170591164,0.28734823213659016
mu_mig_ctrl_20260122_053125_ws0124_1331,56,9,15.20719204997448,124.98672887403828,15.20719204997448,1793,2026-01-26 06:01:26,0.48605034744519104,0.31472408439466776,0.5742086208999894
mu_mig_ctrl_20260122_053125_ws0124_1331,56,10,17.235495355130944,117.78059485968716,17.235495355130944,4125,2026-01-26 06:17:14,0.40075517657283716,0.46993689250383835,0.35513186417116055
mu_mig_ctrl_20260122_053125_ws0124_1331,56,11,21.2468234892632,94.80387795807867,21.2468234892632,2182,2026-01-26 06:04:05,0.2957857878940815,0.34510291898270234,0.529016949204872
mu_mig_ctrl_20260122_053125_ws0124_1331,56,12,44.96981376460727,155.39337472121557,44.96981376460727,2060,2026-01-26 06:06:05,0.5640696478692468,0.3327247668337293,0.6588025324746303
mu_mig_ctrl_20260122_053125_ws0124_1331,56,13,10.368790296711568,118.2246004873134,10.368790296711568,1480,2026-01-26 05:59:13,0.8134892524830143,0.2660317948977742,0.3990906606450977
mu_mig_ctrl_20260122_053125_ws0124_1331,56,14,23.652690558766196,131.22321256650565,23.652690558766196,4580,2026-01-26 06:14:59,0.40309823609047546,0.4937547948425379,0.3245045817985948
mu_mig_ctrl_20260122_053125_ws0124_1331,56,15,25.71742536320935,88.33813463586502,25.71742536320935,1134,2026-01-26 05:56:42,0.46669211696251234,0.2101604198579152,0.5240857251024293
mu_mig_ctrl_20260122_053125_ws0124_1331,56,16,11.030258281406892,119.44893810449514,11.030258281406892,1110,2026-01-26 05:56:59,0.7275841219177237,0.21027858977837635,0.511002607704439
mu_mig_ctrl_20260122_053125_ws0124_1331,56,17,15.282265534647971,125.48677867601677,15.282265534647971,1925,2026-01-26 06:05:18,0.4865356738750833,0.3134941219805708,0.5769346628027329
mu_mig_ctrl_20260122_053125_ws0124_1331,56,18,18.13623052702857,108.93134229614228,18.13623052702857,3658,2026-01-26 06:12:15,0.480096453968769,0.4368294351960507,0.2936157340288257
mu_mig_ctrl_20260122_053125_ws0124_1331,56,19,16.576043214986573,100.8169949254501,16.576043214986573,2028,2026-01-26 06:02:59,0.3415483484372581,0.3363634982483834,0.5551125369940744
mu_mig_ctrl_20260122_053125_ws0124_1331,56,20,25.750024430583366,89.82783213401689,25.750024430583366,1141,2026-01-26 06:31:53,0.4488964297778102,0.21998725699725027,0.5433005939527967
mu_mig_ctrl_20260122_053125_ws0124_1331,56,21,9.000044597144516,118.21923224902639,9.000044597144516,1881,2026-01-26 06:34:15,0.4530822569355336,0.31265991100779805,0.5341444284961753
mu_mig_ctrl_20260122_053125_ws0124_1331,56,22,9.722588809314855,119.02430226690741,9.722588809314855,1605,2026-01-26 06:37:00,0.5176485898468686,0.2781104827800874,0.5776715190130374
mu_mig_ctrl_20260122_053125_ws0124_1331,56,23,11.012780960436467,104.77663975899655,11.012780960436467,701,2026-01-26 06:33:14,0.7514859066411669,0.10745761425187086,0.552298082875177
mu_mig_ctrl_20260122_053125_ws0124_1331,56,24,9.453735575036724,111.86541584406223,9.453735575036724,1890,2026-01-26 06:38:48,0.43457964730712706,0.3251628356643619,0.5404316913039455
mu_mig_ctrl_20260122_053125_ws0124_1331,57,0,15.759340770471212,124.47781977596922,15.759340770471212,1133,2026-01-26 07:18:27,0.7366856210217831,0.21195430597269302,0.5098419395030904
mu_mig_ctrl_20260122_053125_ws0124_1331,57,1,19.52473148927313,94.6717951566359,19.52473148927313,1780,2026-01-26 07:26:45,0.36410686926065666,0.30480287019256336,0.5362336743626744
mu_mig_ctrl_20260122_053125_ws0124_1331,57,2,5.433141811078207,114.46829406872936,5.433141811078207,1438,2026-01-26 07:26:01,0.5128544337886369,0.2609485690929703,0.5757720078980129
mu_mig_ctrl_20260122_053125_ws0124_1331,57,3,39.270671851376555,79.00763803745254,39.270671851376555,2445,2026-01-26 07:30:51,0.42702691957297667,0.3749811827056686,0.2823307299800653
mu_mig_ctrl_20260122_053125_ws0124_1331,57,4,7.917239553277036,116.22855169811928,7.917239553277036,1435,2026-01-26 07:22:43,0.8510224379909314,0.26539288223449736,0.40864917389581357
mu_mig_ctrl_20260122_053125_ws0124_1331,57,5,10.530665408993082,109.7578362981558,10.530665408993082,649,2026-01-26 07:15:47,0.7923818265890614,0.1045086897312267,0.5681884562788482
mu_mig_ctrl_20260122_053125_ws0124_1331,57,6,17.094840724330826,117.26197078080304,17.094840724330826,4052,2026-01-26 07:39:40,0.403231809408679,0.45770207399457663,0.3425005341943934
mu_mig_ctrl_20260122_053125_ws0124_1331,57,7,12.778906303510059,109.6226897142848,12.778906303510059,1978,2026-01-26 07:28:31,0.38631289369669713,0.32081140241109946,0.5453206349422801
mu_mig_ctrl_20260122_053125_ws0124_1331,57,8,41.59976614957853,76.70444291265275,41.59976614957853,2439,2026-01-26 07:32:38,0.42847933586653497,0.3651579146656589,0.28830801142286794
mu_mig_ctrl_20260122_053125_ws0124_1331,57,9,9.32884335265342,119.4387066826152,9.32884335265342,1847,2026-01-26 07:25:54,0.4732053098757826,0.31414707677021525,0.5690518862712544
mu_mig_ctrl_20260122_053125_ws0124_1331,57,10,18.533307189587543,115.99235164540096,18.533307189587543,4143,2026-01-26 07:37:18,0.4012356737285674,0.46702105671542876,0.35128063603193926
mu_mig_ctrl_20260122_053125_ws0124_1331,57,11,25.325485376894303,93.4357742185384,25.325485376894303,2170,2026-01-26 07:29:54,0.30458522546230715,0.34379105726549036,0.5249921453404336
mu_mig_ctrl_20260122_053125_ws0124_1331,57,12,47.77044147032016,158.50037699767736,47.77044147032016,2271,2026-01-26 07:26:06,0.5574972181343861,0.34906749103802903,0.6490855224532104
mu_mig_ctrl_20260122_053125_ws0124_1331,57,13,8.606405678749054,113.02044781733504,8.606405678749054,1447,2026-01-26 07:23:20,0.806461408373028,0.267049064660692,0.3947679146727868
mu_mig_ctrl_20260122_053125_ws0124_1331,57,14,23.057092536756254,128.54868673995242,23.057092536756254,4640,2026-01-26 07:38:32,0.40387883613576214,0.4813977070238983,0.33078747125019864
mu_mig_ctrl_20260122_053125_ws0124_1331,57,15,30.438916027078466,83.89992767930455,30.438916027078466,1113,2026-01-26 07:21:11,0.4688808491594858,0.21055027534266743,0.5252283604735174
mu_mig_ctrl_20260122_053125_ws0124_1331,57,16,10.848611003657448,107.2503667812353,10.848611003657448,1122,2026-01-26 07:19:02,0.7287087576331432,0.2090157601233825,0.5115438921207047
mu_mig_ctrl_20260122_053125_ws0124_1331,57,17,8.840359310455124,119.5169493066385,8.840359310455124,1965,2026-01-26 07:29:00,0.48093232777053346,0.3139803777772384,0.5744453488915722
mu_mig_ctrl_20260122_053125_ws0124_1331,57,18,16.150768979073337,109.44777344908096,16.150768979073337,3658,2026-01-26 07:37:12,0.45796152873733836,0.45158230582084713,0.29822478786461315
mu_mig_ctrl_20260122_053125_ws0124_1331,57,19,12.523058660037595,107.23209007156294,12.523058660037595,2100,2026-01-26 07:28:48,0.35650467738957475,0.3347642739320096,0.5522899546387277
mu_mig_ctrl_20260122_053125_ws0124_1331,57,20,19.801749778617253,94.43215294277718,19.801749778617253,1188,2026-01-26 07:51:29,0.45907253741384674,0.21822870682828968,0.5369297037153723
mu_mig_ctrl_20260122_053125_ws0124_1331,57,21,11.041268414059724,111.24872179388109,11.041268414059724,1950,2026-01-26 07:57:19,0.4374170723620894,0.3204359997318805,0.5423203008545604
mu_mig_ctrl_20260122_053125_ws0124_1331,57,22,8.900823544809207,118.68532377327085,8.900823544809207,1551,2026-01-26 07:55:51,0.514196086372512,0.2778875057261579,0.574314892764156
mu_mig_ctrl_20260122_053125_ws0124_1331,57,23,14.653452129638435,102.39918061224371,14.653452129638435,694,2026-01-26 07:55:16,0.7670395904722265,0.10771285983146717,0.5560799340225999
mu_mig_ctrl_20260122_053125_ws0124_1331,57,24,9.251203785682932,118.44375029713184,9.251203785682932,2055,2026-01-26 07:59:56,0.4393880888744428,0.3297313891269229,0.5411746013795258
mu_mig_ctrl_20260122_053125_ws0124_1331,58,0,10.97611289407238,115.92911021709693,10.97611289407238,1110,2026-01-26 08:42:19,0.7365863427462397,0.20677087801693278,0.5113508675720726
mu_mig_ctrl_20260122_053125_ws0124_1331,58,1,16.477348027326602,98.95729604155729,16.477348027326602,2037,2026-01-26 08:50:54,0.37508328586039846,0.32325585865114415,0.5226275534462645
mu_mig_ctrl_20260122_053125_ws0124_1331,58,2,9.125709992251226,117.09346637886664,9.125709992251226,1462,2026-01-26 08:45:52,0.5139645798297466,0.26061520672393984,0.5757426680441307
mu_mig_ctrl_20260122_053125_ws0124_1331,58,3,40.01570444350949,80.64499978837046,40.01570444350949,2603,2026-01-26 08:51:48,0.4308652011871172,0.37627882194022644,0.28121873705868283
mu_mig_ctrl_20260122_053125_ws0124_1331,58,4,10.683689507414096,113.86670894858766,10.683689507414096,1449,2026-01-26 08:45:04,0.8405951088750374,0.26459231916251086,0.40523849626433867
mu_mig_ctrl_20260122_053125_ws0124_1331,58,5,9.261468414360795,112.53116210397968,9.261468414360795,666,2026-01-26 08:39:03,0.8017434891355636,0.1029387242929492,0.5722490391868881
mu_mig_ctrl_20260122_053125_ws0124_1331,58,6,18.152578570608615,124.73821992514048,18.152578570608615,4124,2026-01-26 08:59:46,0.41080420815514157,0.45768238577341697,0.34573424665331814
mu_mig_ctrl_20260122_053125_ws0124_1331,58,7,10.331204432210408,109.25069081664014,10.331204432210408,1982,2026-01-26 08:47:29,0.3917044960156904,0.3235971102306261,0.5421254869584908
mu_mig_ctrl_20260122_053125_ws0124_1331,58,8,43.122944283182726,75.72049737867805,43.122944283182726,2430,2026-01-26 08:51:39,0.4285690463061761,0.3664649124586576,0.28756654674543813
mu_mig_ctrl_20260122_053125_ws0124_1331,58,9,9.4420412028748,119.26895156245817,9.4420412028748,1844,2026-01-26 08:47:30,0.4642583216915141,0.31366228479630837,0.5656772415767537
mu_mig_ctrl_20260122_053125_ws0124_1331,58,10,17.914152628037783,122.88210405034212,17.914152628037783,3954,2026-01-26 09:00:20,0.4019433923435094,0.4614512091075895,0.3474784684309383
mu_mig_ctrl_20260122_053125_ws0124_1331,58,11,18.77229044572353,99.95633638657812,18.77229044572353,2245,2026-01-26 08:49:58,0.3243598196309154,0.3424618973116141,0.5307806580616161
mu_mig_ctrl_20260122_053125_ws0124_1331,58,12,48.22833230052709,159.49141828619108,48.22833230052709,2322,2026-01-26 08:52:00,0.5466617344923518,0.355912540289704,0.6394625704261039
mu_mig_ctrl_20260122_053125_ws0124_1331,58,13,8.818379661673543,114.14752832338726,8.818379661673543,1534,2026-01-26 08:46:03,0.8087857327604534,0.26767271979975765,0.39152764969826537
mu_mig_ctrl_20260122_053125_ws0124_1331,58,14,16.00239731241807,114.96337716109046,16.00239731241807,3965,2026-01-26 08:59:38,0.4041126654905899,0.46690592217497845,0.33698728418291646
mu_mig_ctrl_20260122_053125_ws0124_1331,58,15,21.8110017592118,92.56673885529898,21.8110017592118,1106,2026-01-26 08:40:37,0.46887491240229756,0.21391191177919328,0.5268715287641226
mu_mig_ctrl_20260122_053125_ws0124_1331,58,16,7.793684267122965,108.38191428896013,7.793684267122965,1082,2026-01-26 08:43:02,0.7296084662054788,0.20800549639938742,0.5119769196537173
mu_mig_ctrl_20260122_053125_ws0124_1331,58,17,11.455349510533685,122.31009228410855,11.455349510533685,1893,2026-01-26 08:48:45,0.47644965088689356,0.3143693824145725,0.5724538977626435
mu_mig_ctrl_20260122_053125_ws0124_1331,58,18,17.169229442128227,110.4991062859677,17.169229442128227,3868,2026-01-26 08:59:30,0.4402535885521939,0.4633846023206843,0.3019120309332431
mu_mig_ctrl_20260122_053125_ws0124_1331,58,19,13.989558405428813,103.00037071777783,13.989558405428813,2124,2026-01-26 08:49:02,0.36846974055142806,0.3334848944789105,0.5500318887544503
mu_mig_ctrl_20260122_053125_ws0124_1331,58,20,21.917929871178533,92.06507379915264,21.917929871178533,1168,2026-01-26 09:16:51,0.467213423522676,0.2168218666931212,0.5318329915254327
mu_mig_ctrl_20260122_053125_ws0124_1331,58,21,11.32400020022792,121.27416916313271,11.32400020022792,2069,2026-01-26 09:16:21,0.4249616023300315,0.32853007267800943,0.5486291381670569
mu_mig_ctrl_20260122_053125_ws0124_1331,58,22,9.703860036668413,116.52647420961027,9.703860036668413,1526,2026-01-26 09:18:45,0.5112679333540483,0.27475936860330313,0.5718793319911255
mu_mig_ctrl_20260122_053125_ws0124_1331,58,23,11.088769223857197,105.32832271620082,11.088769223857197,682,2026-01-26 09:17:42,0.7888967080994584,0.1074088472347437,0.562466976137793
mu_mig_ctrl_20260122_053125_ws0124_1331,58,24,10.445853001839588,108.235004390569,10.445853001839588,2088,2026-01-26 09:22:12,0.4432348421282954,0.33338623189697175,0.54176892943999
mu_mig_ctrl_20260122_053125_ws0124_1331,59,0,7.9605506922229585,110.17022875643079,7.9605506922229585,1080,2026-01-26 10:04:17,0.7341468669358368,0.203038745829603,0.5127281828955177
mu_mig_ctrl_20260122_053125_ws0124_1331,59,1,15.517942372510802,104.22984230275142,15.517942372510802,2134,2026-01-26 10:14:17,0.3885559652094777,0.3381055731019786,0.516586757609291
mu_mig_ctrl_20260122_053125_ws0124_1331,59,2,15.753232602286978,122.62164690914895,15.753232602286978,1416,2026-01-26 10:06:11,0.5148526966626343,0.26034851682871546,0.5757191961610248
mu_mig_ctrl_20260122_053125_ws0124_1331,59,3,38.48695964418148,81.39724603989825,38.48695964418148,2723,2026-01-26 10:15:37,0.4339358264784296,0.3773169333278727,0.2803291427215768
mu_mig_ctrl_20260122_053125_ws0124_1331,59,4,9.936136662932965,115.57702965164546,9.936136662932965,1585,2026-01-26 10:07:10,0.8196726464548755,0.26476213244808783,0.3991679917479818
mu_mig_ctrl_20260122_053125_ws0124_1331,59,5,8.98174714998765,107.2447360026671,8.98174714998765,661,2026-01-26 10:02:05,0.8092328191727653,0.10168275194232719,0.57549750551332
mu_mig_ctrl_20260122_053125_ws0124_1331,59,6,16.618990410118244,114.79314273473138,16.618990410118244,3910,2026-01-26 10:21:36,0.4164258484611972,0.45903395279265213,0.34832356927961816
mu_mig_ctrl_20260122_053125_ws0124_1331,59,7,17.329517774215645,98.99909138527231,17.329517774215645,2079,2026-01-26 10:14:02,0.39601777787088505,0.3258256764862474,0.5395693685714595
mu_mig_ctrl_20260122_053125_ws0124_1331,59,8,36.63041686986888,84.22954775401169,36.63041686986888,2486,2026-01-26 10:12:08,0.42886681944737537,0.3692123970549875,0.28589108242186567
mu_mig_ctrl_20260122_053125_ws0124_1331,59,9,10.26212329414784,120.37344513239913,10.26212329414784,1980,2026-01-26 10:08:49,0.4571007311440993,0.31327445121718284,0.5629775258211531
mu_mig_ctrl_20260122_053125_ws0124_1331,59,10,17.460220944515232,117.58212069116155,17.460220944515232,3859,2026-01-26 10:23:42,0.402509567235463,0.4569953310213182,0.34443673435013755
mu_mig_ctrl_20260122_053125_ws0124_1331,59,11,10.590800963444128,105.992751820694,10.590800963444128,2088,2026-01-26 10:07:49,0.35460385753746015,0.3398187230051707,0.5429011931815456
mu_mig_ctrl_20260122_053125_ws0124_1331,59,12,34.42607453560187,145.15610048497942,34.42607453560187,2231,2026-01-26 10:12:39,0.5263137946789672,0.3505699807751984,0.6254125790435879
mu_mig_ctrl_20260122_053125_ws0124_1331,59,13,7.452724479092552,110.56858516990835,7.452724479092552,1547,2026-01-26 10:09:38,0.8106451922703937,0.26817164391101017,0.38893543771864814
mu_mig_ctrl_20260122_053125_ws0124_1331,59,14,18.243892920631726,109.67725303793661,18.243892920631726,3788,2026-01-26 10:19:20,0.4042997289744521,0.4553124942958426,0.34194713452909076
mu_mig_ctrl_20260122_053125_ws0124_1331,59,15,28.86936130311104,85.26896938845877,28.86936130311104,1214,2026-01-26 10:05:47,0.468870162996547,0.21660122092841394,0.5281860633966067
mu_mig_ctrl_20260122_053125_ws0124_1331,59,16,11.118680221976739,120.01653707992077,11.118680221976739,1127,2026-01-26 10:03:42,0.7303282330633473,0.20719728542019136,0.5123233416801274
mu_mig_ctrl_20260122_053125_ws0124_1331,59,17,10.647108173183689,121.25567558878754,10.647108173183689,1865,2026-01-26 10:12:00,0.4692534759393647,0.31447743658553506,0.5703283919114457
mu_mig_ctrl_20260122_053125_ws0124_1331,59,18,17.600680960807004,112.19153246890883,17.600680960807004,4078,2026-01-26 10:17:25,0.4156981962458079,0.4732627376560898,0.3056471641587471
mu_mig_ctrl_20260122_053125_ws0124_1331,59,19,12.408978026050093,105.99757294019939,12.408978026050093,2107,2026-01-26 10:09:58,0.38184949897422693,0.33089367266072856,0.5461226870537705
mu_mig_ctrl_20260122_053125_ws0124_1331,59,20,25.48370440519522,89.18591337947568,25.48370440519522,1244,2026-01-26 10:38:30,0.47427151616972146,0.2150140437568096,0.5273482366815218
mu_mig_ctrl_20260122_053125_ws0124_1331,59,21,7.313563646155518,115.13028792798782,7.313563646155518,2023,2026-01-26 10:43:13,0.4156030989627802,0.3363949068647766,0.5515363307787617
mu_mig_ctrl_20260122_053125_ws0124_1331,59,22,13.56443208339631,111.86666284768906,13.56443208339631,1558,2026-01-26 10:44:58,0.5093475785582561,0.27090341094761566,0.5706924862470966
mu_mig_ctrl_20260122_053125_ws0124_1331,59,23,8.749896814443295,107.76435439659883,8.749896814443295,652,2026-01-26 10:42:42,0.808763764879251,0.10619187537098686,0.568303193967041
mu_mig_ctrl_20260122_053125_ws0124_1331,59,24,10.166024135330163,116.61614871713589,10.166024135330163,2066,2026-01-26 10:47:10,0.4463122447313775,0.3363101061130108,0.5422443918883614
mu_mig_ctrl_20260122_053125_ws0124_1331,60,0,6.88837276520804,112.9244615663422,6.88837276520804,1059,2026-01-26 11:36:49,0.7321952862875144,0.20005304007973915,0.5138300351542737
mu_mig_ctrl_20260122_053125_ws0124_1331,60,1,9.081664026866372,110.23129514426313,9.081664026866372,2285,2026-01-26 11:37:10,0.39933410868874114,0.34998534466264614,0.5117541209397121
mu_mig_ctrl_20260122_053125_ws0124_1331,60,2,6.566743935662853,111.60945718002458,6.566743935662853,1452,2026-01-26 11:30:36,0.5150425447654498,0.2631206334723847,0.5750479311372405
mu_mig_ctrl_20260122_053125_ws0124_1331,60,3,41.384134084628215,78.96992447059341,41.384134084628215,2551,2026-01-26 11:38:38,0.43451017225181343,0.3763854890141574,0.28155305451884916
mu_mig_ctrl_20260122_053125_ws0124_1331,60,4,10.958348888497275,106.72706748584547,10.958348888497275,1422,2026-01-26 11:31:02,0.8023015440727822,0.26534517005767055,0.3925334278921684
mu_mig_ctrl_20260122_053125_ws0124_1331,60,5,8.457947558821713,111.4551338808931,8.457947558821713,662,2026-01-26 11:26:31,0.8151675321997351,0.10221424216298029,0.5761716794969232
mu_mig_ctrl_20260122_053125_ws0124_1331,60,6,20.37507634786856,123.29663628702804,20.37507634786856,3891,2026-01-26 11:50:56,0.4209231607060417,0.46011520640804027,0.35039502738065814
mu_mig_ctrl_20260122_053125_ws0124_1331,60,7,12.808432670733685,103.25111901073466,12.808432670733685,2000,2026-01-26 11:36:20,0.3970342912495587,0.32948751973299567,0.5393781844954546
mu_mig_ctrl_20260122_053125_ws0124_1331,60,8,48.079407290898835,71.48491111180279,48.079407290898835,2423,2026-01-26 11:37:58,0.42910503796033483,0.3714103847320514,0.2845507109630077
mu_mig_ctrl_20260122_053125_ws0124_1331,60,9,9.514871412402387,119.2000044916252,9.514871412402387,1946,2026-01-26 11:35:00,0.4513746587061675,0.3129641843538824,0.5608177532166727
mu_mig_ctrl_20260122_053125_ws0124_1331,60,10,18.60446300528187,115.68340387592662,18.60446300528187,4037,2026-01-26 11:51:58,0.4029625071490259,0.4534306285523011,0.34200334708549696
mu_mig_ctrl_20260122_053125_ws0124_1331,60,11,14.69718334105039,103.91074601305539,14.69718334105039,2043,2026-01-26 11:38:49,0.37879908786269595,0.33770418356001597,0.5525976212774892
mu_mig_ctrl_20260122_053125_ws0124_1331,60,12,31.039923877886253,142.09952282682255,31.039923877886253,2181,2026-01-26 11:36:25,0.5070844594302434,0.337479617363488,0.5973505368890903
mu_mig_ctrl_20260122_053125_ws0124_1331,60,13,10.319593387196116,116.92953809558361,10.319593387196116,1579,2026-01-26 11:31:19,0.8121327598783459,0.2685707832000122,0.3868616681349544
mu_mig_ctrl_20260122_053125_ws0124_1331,60,14,16.891601866151223,109.96570190207305,16.891601866151223,3616,2026-01-26 11:44:53,0.4042635592327564,0.44604763323384167,0.3467673336586209
mu_mig_ctrl_20260122_053125_ws0124_1331,60,15,19.078618727316105,94.555343807986,19.078618727316105,1180,2026-01-26 11:28:49,0.4708569760916729,0.21856146045240363,0.5290564991749142
mu_mig_ctrl_20260122_053125_ws0124_1331,60,16,9.511723591167788,117.9986346264432,9.511723591167788,1061,2026-01-26 11:30:21,0.7321442077220741,0.20649210525124634,0.5126162489807607
mu_mig_ctrl_20260122_053125_ws0124_1331,60,17,14.399163442646008,120.39241806269142,14.399163442646008,1908,2026-01-26 11:35:13,0.459801183671824,0.31455441851722027,0.5684972682919603
mu_mig_ctrl_20260122_053125_ws0124_1331,60,18,18.551961126102793,116.59940364220863,18.551961126102793,4498,2026-01-26 11:47:50,0.3960538824006991,0.4811652459244142,0.3086352707391503
mu_mig_ctrl_20260122_053125_ws0124_1331,60,19,9.49125527789093,112.45300966434387,9.49125527789093,2076,2026-01-26 11:35:12,0.39255330571246605,0.32882069520618296,0.5429953256932267
mu_mig_ctrl_20260122_053125_ws0124_1331,60,20,24.890502938398697,88.98132953300714,24.890502938398697,1141,2026-01-26 12:03:32,0.4799179902873578,0.21356778540776034,0.523760432806393
mu_mig_ctrl_20260122_053125_ws0124_1331,60,21,11.096607927948043,119.10200049833375,11.096607927948043,2214,2026-01-26 12:05:04,0.40811629626897916,0.3426867742141903,0.5538620848681255
mu_mig_ctrl_20260122_053125_ws0124_1331,60,22,8.320075076905978,116.0921369842106,8.320075076905978,1632,2026-01-26 12:10:41,0.5078112947216222,0.26781864482306567,0.5697430096518734
mu_mig_ctrl_20260122_053125_ws0124_1331,60,23,10.189714914549967,113.03774415648314,10.189714914549967,676,2026-01-26 12:05:55,0.8246574103030849,0.10521829787998138,0.5729721682304394
mu_mig_ctrl_20260122_053125_ws0124_1331,60,24,10.59942481009453,118.6065737882321,10.59942481009453,2142,2026-01-26 12:10:45,0.44040752549392853,0.3386754912776576,0.5450791935756911
mu_mig_ctrl_20260122_053125_ws0124_1331,61,0,10.50974201798856,108.94477455255712,10.50974201798856,1041,2026-01-26 12:50:09,0.7306340217688565,0.19766447547984808,0.5147115169612786
mu_mig_ctrl_20260122_053125_ws0124_1331,61,1,14.838532697083798,104.0229556865362,14.838532697083798,2264,2026-01-26 13:02:37,0.4079566234721519,0.3594891619111802,0.5078880116040491
mu_mig_ctrl_20260122_053125_ws0124_1331,61,2,13.669336075053813,120.24756476320782,13.669336075053813,1414,2026-01-26 12:55:20,0.515194423247702,0.26533832678732006,0.574510919118213
mu_mig_ctrl_20260122_053125_ws0124_1331,61,3,41.39189127734402,78.6467401291345,41.39189127734402,2526,2026-01-26 13:02:37,0.4349696488705205,0.3756403335631852,0.28253218395666707
mu_mig_ctrl_20260122_053125_ws0124_1331,61,4,9.519583750284381,109.74643975698424,9.519583750284381,1555,2026-01-26 12:53:52,0.7891085154834385,0.26674929398790914,0.3870330845108739
mu_mig_ctrl_20260122_053125_ws0124_1331,61,5,10.308676749893102,114.41754143969163,10.308676749893102,688,2026-01-26 12:52:27,0.819915302621311,0.10263943433950277,0.5767110186838058
mu_mig_ctrl_20260122_053125_ws0124_1331,61,6,17.133769288673168,120.66597608080416,17.133769288673168,3841,2026-01-26 13:09:03,0.42374865377798715,0.4592311260607084,0.3509933168594536
mu_mig_ctrl_20260122_053125_ws0124_1331,61,7,8.497066056449697,115.82393778292362,8.497066056449697,2059,2026-01-26 13:03:19,0.39691081190439953,0.33225813401941556,0.5395433402848018
mu_mig_ctrl_20260122_053125_ws0124_1331,61,8,39.78013998698892,80.8146522178753,39.78013998698892,2646,2026-01-26 13:04:50,0.43056692352941356,0.37403791715636997,0.2828535536333739
mu_mig_ctrl_20260122_053125_ws0124_1331,61,9,7.423691708622143,114.95217741464324,7.423691708622143,1926,2026-01-26 13:00:23,0.44679380075582203,0.3127159708632421,0.5590899351330885
mu_mig_ctrl_20260122_053125_ws0124_1331,61,10,15.88977686351529,114.56035663218303,15.88977686351529,3817,2026-01-26 13:08:31,0.4036047150189382,0.44965798971284393,0.34145699255362344
mu_mig_ctrl_20260122_053125_ws0124_1331,61,11,8.30082578147839,114.49434905808437,8.30082578147839,2175,2026-01-26 13:02:29,0.39963369269931237,0.3351791234477179,0.5571756797919349
mu_mig_ctrl_20260122_053125_ws0124_1331,61,12,18.774745063270387,130.10570101130534,18.774745063270387,1977,2026-01-26 13:00:34,0.48824235176734465,0.32663249352358037,0.5689678257271036
mu_mig_ctrl_20260122_053125_ws0124_1331,61,13,9.134001780824116,118.7792771114929,9.134001780824116,1587,2026-01-26 12:54:09,0.8133228139647076,0.2688900946312138,0.38520265246799934
mu_mig_ctrl_20260122_053125_ws0124_1331,61,14,15.561251680002755,107.80124287248493,15.561251680002755,3465,2026-01-26 13:07:03,0.40423462343939986,0.43863574438424097,0.35062349296224504
mu_mig_ctrl_20260122_053125_ws0124_1331,61,15,22.952046282257694,91.54923168367726,22.952046282257694,1225,2026-01-26 12:55:34,0.4724464265677736,0.22012965207159538,0.5297528477975602
mu_mig_ctrl_20260122_053125_ws0124_1331,61,16,7.930907335615278,116.6126048781355,7.930907335615278,1136,2026-01-26 12:54:45,0.7336149810159065,0.20508591434059573,0.513212273237273
mu_mig_ctrl_20260122_053125_ws0124_1331,61,17,9.461476756502384,109.04914877455651,9.461476756502384,1791,2026-01-26 12:56:35,0.4495515684937078,0.31440641287821525,0.5652467186460804
mu_mig_ctrl_20260122_053125_ws0124_1331,61,18,19.846429829848528,119.4441118800935,19.846429829848528,4544,2026-01-26 13:11:37,0.3803384313246121,0.4874872525390737,0.3110257560034728
mu_mig_ctrl_20260122_053125_ws0124_1331,61,19,8.792699301041756,110.53224698718911,8.792699301041756,1954,2026-01-26 12:58:33,0.4011163511030573,0.3271623132425465,0.5404934366047917
mu_mig_ctrl_20260122_053125_ws0124_1331,61,20,23.038428320225094,91.31806512300675,23.038428320225094,1096,2026-01-26 13:25:51,0.4832810677720132,0.21320021752380935,0.5214711431102081
mu_mig_ctrl_20260122_053125_ws0124_1331,61,21,11.990208454688867,120.61302891509798,11.990208454688867,2250,2026-01-26 13:32:16,0.40212685411393834,0.3477202680937213,0.5557226881396164
mu_mig_ctrl_20260122_053125_ws0124_1331,61,22,8.201189385680372,115.56984048287467,8.201189385680372,1424,2026-01-26 13:29:38,0.5082618593849837,0.26459790657777166,0.5701383123623069
mu_mig_ctrl_20260122_053125_ws0124_1331,61,23,10.190138823496836,108.95780315663632,10.190138823496836,649,2026-01-26 13:27:48,0.834031184536152,0.10420184033129747,0.5768380901819474
mu_mig_ctrl_20260122_053125_ws0124_1331,61,24,15.293867167346356,123.62230691715905,15.293867167346356,2225,2026-01-26 13:32:57,0.43568375010396937,0.34056779940937504,0.5473470349255549
