X,Y
0.11405634940802319,-249.77340770112934
0.27376910359535556,-249.6446096477295
0.433399666072024,-249.6053999798976
0.5930205365455125,-249.58322415844728
0.7524519808413448,-249.50764390847422
0.9123263027357995,-249.42001502955935
1.0717496324477511,-249.3656226467879
1.2310198935237155,-249.29433400181608
1.3910346254055448,-249.21324216185704
1.5500468667615872,-249.11445393100112
1.7091908044946325,-249.05329619638297
1.8685251396203373,-249.02795526595494
2.0287753601465592,-248.9594981067855
2.1889572940270714,-248.86989072189547
2.3480694462329024,-248.81697977179866
2.5072310385921006,-248.77570855722539
2.6656137450018997,-248.66671595999173
2.8239897391186015,-248.5694381581119
2.983774300901079,-248.4404761414125
3.141485405226606,-248.30395637979822
3.3006553594272687,-248.29035918184135
3.4605149467099765,-248.16813679676284
3.6189876738554565,-248.10690904294796
3.7780672660446135,-247.9313794069726
3.934713374188664,-247.92246256623798
4.092892291112717,-247.70097125659277
4.25333699287396,-247.61612689878888
4.408940309224845,-247.5724918610072
4.56839242897038,-247.43326459407774
4.725873225837021,-247.34860865258798
4.886068893160117,-247.24785180756746
5.0431192129302795,-247.14831886141013
5.198161640517114,-246.95947794272527
5.358184612903826,-246.8525125544193
5.515649536702705,-246.7869961609308
5.675893460855976,-246.68708308017494
5.831928593888873,-246.56490326852835
5.985962013607745,-246.52553600188406
6.145004195671623,-246.3797875174922
6.304089888289998,-246.23506907006123
6.460093940138637,-246.13097834581228
6.616287500011416,-246.03892548018635
6.776521875756048,-245.93928243252324
6.933977766016924,-245.8970188241598
7.088776138661394,-245.76451072395832
7.246671971596232,-245.74283823297264
7.401782856348298,-245.47122659140712
7.561993605032137,-245.3699775269929
7.7142493541882375,-245.33036164127176
7.874684093627419,-245.23670967371328
8.031356743092823,-245.18401260954056
8.187485934113461,-245.11708348585353
8.34712060768804,-244.99730354115894
8.50343182964929,-244.93867910952517
8.663681224059468,-244.83521810683314
8.821252464419164,-244.81377072249535
8.977687081065522,-244.7620914652497
9.136401524010333,-244.61497790010426
9.286986578972195,-244.5700061320132
9.447488000862226,-244.47209844923535
9.605596622192214,-244.31126973655645
9.757645250613985,-244.31521340192015
9.916089809251515,-244.16534148109446
10.071839946163426,-244.10801710662827
10.233278099704643,-244.0300626249191
10.389185802735133,-243.97787164175804
10.544830012055698,-243.92115018043285
10.699081536318593,-243.6763611313415
10.853744661635098,-243.60139395616608
11.009666816605666,-243.55642979902925
11.163973944711085,-243.47751488629984
11.32035468774455,-243.44539409057847
11.482115810800593,-243.370363874674
11.638934381128976,-243.1897083292445
11.792908433315073,-243.10892972524678
11.948232668015967,-243.05775107707132
12.10982277975634,-242.97585302797907
12.264099261720672,-242.90495322497864
12.415192958801489,-242.773616915702
12.568850151861906,-242.69507496844298
12.729152506992422,-242.5874962577171
12.889349761090477,-242.47664992956092
13.038315437259055,-242.47127171292928
13.197109113235626,-242.33499533507657
13.353370164114809,-242.3098886176819
13.507961046156815,-242.2554144655751
13.664759098932654,-242.0837405134118
13.819547299736614,-242.03478007168252
13.979034045519448,-241.91071222469736
14.132535528016138,-241.84102778469085
14.28606231224133,-241.773307893892
14.441475081613289,-241.7386346296863
14.596731044232548,-241.70211281733137
14.758764837527131,-241.6199177233545
14.919661218189633,-241.51762444977533
15.065444450416361,-241.4869711348956
15.223307382122572,-241.33690725050664
15.373669921292736,-241.22640561706055
15.53707971071787,-241.16339730294357
15.694474382403696,-241.16340086450424
15.846594666151608,-241.08316212354507
16.00613939685027,-240.95897918409491
16.15895280845442,-240.89114487410052
16.309822695385883,-240.79592473926144
16.4632658305808,-240.74015153790856
16.62576941241727,-240.65939914136402
16.781046304898485,-240.63080774245688
16.938654211416498,-240.4786069282356
17.093732364472586,-240.44798066518237
17.248003398640755,-240.4066628835402
17.40178983252867,-240.35939802490367
17.56161654705517,-240.23846174574538
17.702584133627532,-240.17541778624914
17.86365932939254,-240.07235979174925
18.02363149089664,-239.95360528831566
18.18544943683024,-239.8584835067081
18.32960374397164,-239.84548385016663
18.492299462270285,-239.7616781905063
18.64637007518741,-239.72279871577322
18.796345965307847,-239.63236564782076
18.960397861026774,-239.56432921021462
19.11325533776279,-239.5115615831545
19.27544919043204,-239.41862049442733
19.42833811456256,-239.36703558719267
19.576516476647093,-239.25870675804464
19.731297931674867,-239.23216055545723
19.882314748427458,-239.16074919657774
20.04361661628975,-239.05626337507928
20.20663282789478,-238.97116919722882
20.357206897205007,-238.89589728758642
20.508625227072606,-238.83160885031532
20.657471104817144,-238.73856674246642
20.81928062151588,-238.63874581898557
20.963619899825577,-238.65293367546522
21.12379171060466,-238.53446447017265
21.286411535711995,-238.44280248499854
21.43735278659278,-238.37712957111037
21.588340725118567,-238.31292579648624
21.736663626587063,-238.22044055583478
21.895063336282625,-238.0822112730583
22.046681219434944,-238.0272003682827
22.20498446666551,-237.8879466997726
22.359069941593386,-237.86025627889757
22.513516754224028,-237.83676844712062
22.667008358349413,-237.80358396410122
22.819508123724518,-237.60391634221057
22.95591547525621,-237.55151779426137
23.115930813141222,-237.43149916835995
23.27789614828963,-237.33082392608918
23.440057274286414,-237.23131147620302
23.57934896273154,-237.2141002480805
23.73147597301892,-237.17088999638668
23.894919509788068,-237.0841335887852
24.04902942648264,-237.06088768679234
24.205701111628755,-236.90657723268987
24.35382846096411,-236.8256037854479
24.510961361464915,-236.67627281242534
24.659122780717716,-236.59717414368043
24.807542275903216,-236.52153278061613
24.965829116394083,-236.38401184646344
25.10550805801782,-236.38368343079762
25.267693254972876,-236.2833274887363
25.428307705755756,-236.16762313147606
25.576684429444583,-236.09470774654594
25.7249742681605,-236.0218805639921
25.865309175944304,-235.877387737158
26.031522080030275,-235.813061342491
26.172229755399478,-235.6740566121743
26.333633818451677,-235.56587641146646
26.4841949270636,-235.51676108414347
26.633583801684793,-235.45785787081658
26.78621562396649,-235.42814348089468
26.948257099011826,-235.32496925577126
27.108713133609797,-235.20736128985254
27.237585440610555,-235.1287732271495
27.398677672678946,-235.01743097343882
27.548516055227417,-234.96549652537036
27.694191617665858,-234.8788410095632
27.857220458067765,-234.78363190812868
28.004989900531925,-234.71569137953188
28.16484783766028,-234.5934054139765
28.309884565047707,-234.50380996845064
28.465547135558964,-234.34693958804834
28.614062267242364,-234.2873522394763
28.744951479067698,-234.24049162875818
28.903475200946577,-234.10840486982616
29.069840474599395,-234.0391666917025
29.209704254850372,-233.91241714421088
29.357554954368208,-233.8506315215339
29.522163162407722,-233.76666350008878
29.6740914683342,-233.73763341391336
29.81942819107649,-233.6572562497475
29.96841424522635,-233.60616007148695
30.128590504051633,-233.4868385989787
30.274631535894795,-233.41367156155954
30.436758574314503,-233.30912337202173
30.58686869156931,-233.26789374166407
30.732711813884134,-233.1947039263804
30.878811936316644,-233.1241910054277
31.028806957141587,-232.92827611601456
31.18371221248618,-232.7694710243184
31.316306411401087,-232.75560253552794
31.480985054090105,-232.67003105429697
31.623969338119377,-232.57947445384215
31.780904595045328,-232.43665906042472
31.931790688118205,-232.40493294874284
32.07836907439999,-232.3423132493804
32.23468210047031,-232.1952770399135
32.37922142191531,-232.1189420407634
32.52136574220648,-232.02624770752624
32.68127483881695,-231.9054783086541
32.815025908815095,-231.90971627339633
32.981922903405525,-231.8383693970389
33.13789534011707,-231.68974726054876
33.2950296574969,-231.5491369172751
33.42177578002106,-231.5080310508655
33.56415763162328,-231.42147571049912
33.72456559098288,-231.3045299518009
33.870964330344165,-231.24646995876313
34.034949751916194,-231.15355565692653
34.1856547825885,-231.12515682926508
34.35042599809979,-231.03675400910205
34.4927935696816,-230.95263303809386
34.63751268333846,-230.8849388938444
34.79010987625523,-230.7153075376128
34.9152676515306,-230.67416246136742
35.079715323095385,-230.58362687626388
35.246739368316085,-230.50929128928112
35.397104617185065,-230.48051351277235
35.54272737991731,-230.42124105304603
35.68017189375372,-230.30969314686817
35.84539275080549,-230.2229295353292
35.98996609276369,-230.1581911728793
36.14957840171958,-230.0350962427713
36.28876407824372,-229.93695589197566
36.43802071965194,-229.90319030876475
36.58356612855752,-229.84639316436068
36.745994819603055,-229.74112104832327
36.909937944550855,-229.64479250709127
37.04261628628987,-229.66337614030712
37.20657227250299,-229.56701803029537
37.3534168619084,-229.51956514153144
37.49252531635408,-229.42516412786125
37.64720800311545,-229.27197625946226
37.79241491919605,-229.2157780016574
37.95809988844011,-229.12925304259429
38.104852835006305,-229.0827948812964
38.2670989019256,-228.97499819658228
38.40605521324459,-228.88247941337926
38.53210882447088,-228.86842016303916
38.69480293490796,-228.76371308781617
38.86274003578345,-228.68939786929872
39.02366503627619,-228.57326975235122
39.16163991802447,-228.4773363999381
39.30813920073144,-228.4316942273765
39.47635486221008,-228.35773926463003
39.611586809641075,-228.24742394612537
39.77109427250781,-228.12297840458922
39.90226439273941,-227.9906924119632
40.06573943857553,-227.8890274532715
40.19871158820301,-227.76836089402704
40.359830280369806,-227.65327380010572
40.515906068498325,-227.50951878762882
40.65791431152675,-227.44120365016616
40.791569109933654,-227.32685184264645
40.952215192110195,-227.20909281844493
41.10880484782684,-227.0686061203911
41.247195740214906,-226.98199159410288
41.384121211910866,-226.8879875739392
41.532452955545295,-226.70299667298326
41.692797491882224,-226.58356129466335
41.85944205112378,-226.49791369048066
41.99430825060391,-226.39445555604604
42.15033150159036,-226.25140201188609
42.28437332972505,-226.1446945972881
42.43362876339827,-225.96592695872752
42.59591279014173,-225.85645417832274
42.72143331988912,-225.86016878897303
42.881203325913184,-225.73759395281732
43.02880206207282,-225.55095307378073
43.18762150983682,-225.4231582564347
43.32834772519329,-225.35490521738475
43.46214617560753,-225.2512304975707
43.61559658459168,-225.09604711520217
43.75065579838748,-225.00002374297767
43.90248393469022,-224.83695089377474
44.04065306451833,-224.75790116041384
44.182660188498204,-224.54535538284503
44.312787626332764,-224.42665668665578
44.33117970193907,-224.36625835280728
44.48472509387649,-224.21270393249824
44.612892978581385,-224.0852282655435
44.758981238135554,-223.89489559976923
44.898045452489946,-223.82325857327584
45.04038568894957,-223.61503757235104
45.193735699575235,-223.46170179280972
45.309834779683996,-223.4313697948951
45.4675353056021,-223.30014471902112
45.62310617624429,-223.1583249076293
45.78193931617827,-223.03230557098175
45.90328180729128,-222.8773182674353
46.03594114656399,-222.77812649577183
46.176203994756925,-222.56321922686317
46.29564618513198,-222.40178770985705
46.44132013486722,-222.21410906866387
46.571782930242904,-222.10704956369702
46.72854755471384,-221.97286668502068
46.865944375304544,-221.8996975161255
47.038047181743735,-221.8379321910673
47.18821249618835,-221.67239799561713
47.326616902880026,-221.60473844405894
47.48261586570651,-221.4668173501423
47.62533745295737,-221.2670936418027
47.777902956294206,-221.11329155487297
47.91685625210436,-221.04948549834486
48.05873136584914,-220.9995209950351
48.217967360000536,-220.87672807641678
48.358207680555815,-220.8197115881882
48.52137065105791,-220.71467688863868
48.65541956904757,-220.63001145404388
48.80251932888725,-220.45222596939666
48.95267576275754,-220.44102336607173
49.12975112210367,-220.39802108130198
49.287913561747125,-220.2696652899403
49.410105947692266,-220.28625128279597
49.57823670341855,-220.2024413058842
49.7325297934798,-220.0568845591658
49.892213620861625,-219.93503780031716
50.04751819785476,-219.94644469450068
50.21493046457802,-219.85806897749208
50.38017922230303,-219.7597765481403
50.528950141531844,-219.58946956157007
50.67754866997254,-219.57132071634484
50.80404500156177,-219.45780629278005
50.96747845069001,-219.35132312088191
51.110041570726686,-219.30770718653227
51.27658867777447,-219.21421848464078
51.42268309469951,-219.1858973342833
51.58959945419673,-219.09347222085844
51.731772886318026,-219.04864077528995
51.88775948896448,-218.90965100423148
52.05764250894723,-218.82897629991683
52.20178123813236,-218.7927174759137
52.34035235913227,-218.73340288867107
52.51921110247444,-218.68950890460317
52.69250672432732,-218.62175041956985
52.82994896824054,-218.55797325273778
52.965599010335495,-218.48717101017456
52.990597536700754,-218.43745535590995
53.164704579987834,-218.3719868031521
53.31403972457575,-218.35739582355646
53.48685753805949,-218.285846389227
53.63447271483543,-218.26415906177024
53.81258351582648,-218.21334255242067
53.95966349178502,-218.18940112727535
54.12773734095577,-218.09721844515244
54.269238077384145,-218.05090765282773
54.41231020042098,-218.01115324066072
54.5813414600238,-217.9223279834597
54.60756809042964,-217.8739559506843
54.78795449852729,-217.82941815225138
54.96229829655246,-217.76018216192324
54.98868804698428,-217.71144430643648
55.161971792080934,-217.63701902285422
55.308533185724286,-217.61031172747937
55.33512037768623,-217.56151420554724
55.50240083128423,-217.4624777221372
55.67523813109201,-217.38476172803013
55.85162060748133,-217.3203170663537
55.87912905420293,-217.27371856759316
56.05667132220641,-217.21272284197636
56.205335561069624,-217.19326233418604
56.23255451688836,-217.14468316193458
56.42436585975926,-217.13735146238346
56.559004670587335,-217.06356604814079
56.584621854588455,-217.00799828610263
56.61026960805719,-216.9524083460631
56.78137510163947,-216.86397139123795
56.92448524810489,-216.82249894270186
56.952151223491555,-216.77383356465762
57.12913186008217,-216.70679615722858
57.29508884772543,-216.59749356587741
57.47070617416834,-216.5242828622275
57.503594440713826,-216.49390803858114
57.68247585406188,-216.43191990312843
57.82468245890788,-216.3864811951271
57.85389542869597,-216.34140473316074
57.88397286165402,-216.29940265455133
58.05224208398357,-216.19629986242174
58.19144667661535,-216.13944505641135
58.2166157062521,-216.0783920812539
58.39724058943515,-216.02035417103315
58.59205352420627,-216.0139766080016
58.737768678322816,-215.98089091103103
58.76523170681442,-215.9271117471106
58.792729244790046,-215.8733146430246
58.96858196910296,-215.7953980358878
59.115787631474205,-215.76735332143556
59.14283138524819,-215.71112055885555
59.31341526682309,-215.61304814272927
59.46501359960024,-215.60078395243463
59.49717329010478,-215.56232859806204
59.67434976535921,-215.4871511221773
59.85278628494653,-215.41597978429095
59.88229518549181,-215.36693478293012
60.06008780922903,-215.29248967385655
60.23801686978563,-215.21799891365387
60.374232038034805,-215.14974929772293
60.402640708148915,-215.09559565511466
60.43253575194782,-215.0465850421183
60.634769023050396,-215.0569833752529
60.77510822792556,-215.00303886199416
60.94341079464541,-214.89246144622675
60.97360629488646,-214.84327538276042
61.15466186641315,-214.7768126763451
61.33315539872351,-214.7007992690571
61.363521996779234,-214.6512415677819
61.529033678479216,-214.52904238489702
61.66078912005699,-214.4451329563652
61.69040403968898,-214.3922319917863
61.85860728127849,-214.27896696239605
62.022676256233865,-214.1511509171298
62.04835569404863,-214.08380418268993
62.21528755593482,-213.96534508624742
62.38320291761172,-213.8500148962513
62.51673980713304,-213.77296577495375
62.55010474983187,-213.73095906345787
62.71448596682735,-213.6030799049521
62.886656217562745,-213.50146339256347
62.91649832731389,-213.4465468495432
63.07850518688488,-213.30984735834872
63.19941992602452,-213.19066636191684
63.22526200528945,-213.1216175061744
63.40186016116968,-213.0338606918275
63.56642126367271,-212.90535085875828
63.710248078074116,-212.86370124807056
63.85309203618099,-212.8189796372714
64.00405263361655,-212.64524632824111
64.19323405632474,-212.59820545926453
64.33889248889493,-212.40678841260575
64.4824880112226,-212.3650441905235
64.64826824026473,-212.2401246586752
64.79296000440048,-212.04599248046503
64.93465598160702,-211.99852493095827
65.0852754849039,-211.98034879597367
65.11762012399974,-211.92942966655517
65.27928178855944,-211.7906759085645
65.41411799544963,-211.7212788661558
65.57228565324966,-211.57131708866237
65.71671973110918,-211.53334511491656
65.8937208585023,-211.44388158223796
66.02382969418326,-211.36019006702654
66.19180547900521,-211.24161185461796
66.34549566636431,-211.0773515798274
66.48357229160978,-211.01978943964346
66.64469883686007,-210.8793053273586
66.80023309194249,-210.72108383238765
66.94884152217091,-210.6972564102007
67.1331725313131,-210.6294746920982
67.29823329176793,-210.50087673523402
67.47031657799943,-210.39400833690854
67.56645154234677,-210.36302150077327
67.72905579432168,-210.22692298123874
67.7663776837118,-210.1865212963738
67.9447957297696,-210.09883326653798
68.08546626234279,-210.0506221934002
68.21948565633487,-209.98215945391362
68.39674194394397,-209.89053140902058
68.56439926726992,-209.76914548172385
68.73725441116927,-209.6634035634489
68.89357630395038,-209.66340159104445
69.07826408371317,-209.59314316973072
69.24011681023488,-209.45329112878898
69.38333442297491,-209.41350661929386
69.52223319798445,-209.3608951815068
69.68658031808855,-209.22863553215262
69.71840848717794,-209.16777767294653
69.8961798753944,-209.07522645783087
70.04404211865709,-209.04954427360724
70.18524677861645,-209.00415098915437
70.34781570404336,-208.86601080886737
70.51664929121536,-208.74630713972215
70.64883091744812,-208.67461020985263
70.77722440581695,-208.5920657601339
70.80823525956494,-208.52705160300326
70.97990876016026,-208.4154662185934
71.13783302115907,-208.41980934804027
71.29184691130466,-208.2562621524183
71.4327495613769,-208.21097476033427
71.60798638734092,-208.10929637457463
71.78142084553241,-208.00207452560667
71.95282853749148,-207.88870881067007
72.08051737414124,-207.80559993602455
72.21352993081877,-207.73816591900115
72.38726333549181,-207.63147220170382
72.55561807043689,-207.50910634390567
72.7353647239514,-207.4190288327257
72.8786172978125,-207.38128593166107
73.04407491926149,-207.250248378267
73.20131155356212,-207.09580542417268
73.34495722203489,-207.05949217621824
73.4815240386672,-207.00339184898272
73.51856256123254,-206.9512147394053
73.69195705088302,-206.84206791088175
73.8486215657516,-206.68582521260097
73.94882144238203,-206.68487154647684
74.1253713065787,-206.58449778815938
74.30194108646731,-206.48385844067656
74.47836818841189,-206.38250449992367
74.6167769417379,-206.33230905004206
74.77073418659782,-206.16871116667517
74.93815725966367,-206.04217780385576
75.06555937012956,-205.96222901429147
75.2436443650234,-205.86486080624672
75.41698123118599,-205.75420352988084
75.58164676243823,-205.6196962103956
75.71442165133863,-205.55507822129232
75.84648467966129,-205.4887982308756
76.01454045297739,-205.36360402483194
76.19677385031099,-205.27642864335024
76.36988488982179,-205.1643566361761
76.49213461747472,-205.07229888322456
76.65430550303833,-204.93089691618854
76.7787362740476,-204.84526000310944
76.95334595369,-204.73707608271016
77.0906511015115,-204.68611082738965
77.1268934420368,-204.62580442451767
77.2981927175217,-204.50833238012544
77.42999074794446,-204.44293968603378
77.60433365364052,-204.33336741139018
77.73584460965192,-204.26757057384305
77.76991306639734,-204.20052402987542
77.93932743856932,-204.07759062240154
78.07337642637636,-204.01867542094476
78.24606091272987,-203.90417334323843
78.41441791296539,-203.7781928837455
78.58609935756249,-203.66065899714678
78.75600039052966,-203.5383083645166
78.88726476739036,-203.47280179041465
78.92187731413065,-203.40539759352086
79.09477806514371,-203.29040892053166
79.23272157563646,-203.24226533290323
79.36541170557925,-203.18086275566466
79.40026618345863,-203.1133962698049
79.54164703287978,-202.91762884197686
79.71287823235568,-202.79801769077662
79.82962492541458,-202.69658488491
79.96099338603247,-202.47603597033805
79.98667004201828,-202.38443675999656
80.13657250005939,-202.21087586463693
80.26488189684659,-202.13961820855093
80.42240860671059,-201.9855249670251
80.57083023300336,-201.80861255888826
80.71096901517546,-201.76762386152615
80.86248325244962,-201.59868242868356
80.99581057132998,-201.38458912770608
81.16982498563212,-201.27169645988195
81.32666501393133,-201.11609732468705
81.47219197374874,-200.93259231844337
81.64291752746523,-200.8112120706469
81.77019621168319,-200.73950126260272
81.80602076148061,-200.67094539615374
81.95606235942745,-200.49863731380336
82.13429313055158,-200.39519140033894
82.26478372140396,-200.33177649416078
82.40258195639167,-200.12991776889098
82.43599574068669,-200.05455943526124
82.63090052206418,-199.99097642039507
82.70767868465488,-199.95462322341686
82.84993932626104,-199.76402288216232
82.88579667988284,-199.69400786241036
83.0282578407726,-199.5038678126039
83.15812676109505,-199.44012677534909
83.31122783317765,-199.27584860119148
83.45395283698863,-199.0868592735133
83.61425509892689,-198.93986381648037
83.72786757205174,-198.83831817540297
83.87310810946607,-198.65585040526784
83.90767764016873,-198.58139348736594
84.10068820575853,-198.51162483342625
84.19312422253618,-198.51720001052283
84.23024484754595,-198.4483717460799
84.37880650618752,-198.27370657379285
84.5511243148133,-198.15481309082833
84.68380721695043,-198.0994038561884
84.87247062644227,-198.0185265986605
84.90995151298861,-197.94952014722477
85.07393968967601,-197.81058351845758
85.21186294376223,-197.76754293790847
85.39133443458142,-197.66443610416903
85.56285466191152,-197.54269248323703
85.76138940545393,-197.4829734975394
85.91941160374573,-197.32970404598265
85.9586127004468,-197.263081969835
86.13620690633381,-197.1543553764077
86.26730000444438,-197.09586771526884
86.31310444283216,-197.04378825677182
86.50642513103404,-196.97037529883067
86.65286492976816,-196.9468381529944
86.68113948367316,-196.85427316430412
86.85644897296574,-196.73930737341342
87.0371670671093,-196.63634325858484
87.23080067385088,-196.56220258006428
87.27828240709854,-196.51213987748457
87.47156545033873,-196.43643947415535
87.61829281574289,-196.41313991458807
87.6617945265483,-196.35347683717376
87.8617446421451,-196.2918479899067
88.05885739504025,-196.2234023310079
88.25376240234293,-196.1495908773894
88.30113560506695,-196.09740109625827
88.51074993270157,-196.0554019022224
88.66752394277768,-196.05363625232457
88.71062629007315,-195.99129255352625
88.89185246043375,-195.88560322749993
89.09228534279818,-195.82186208944432
89.13396700630808,-195.75563794002812
89.33059401572312,-195.68276569161137
89.52157070220979,-195.59711121747537
89.65860621940276,-195.55146049425107
89.70337124918291,-195.49108808866643
89.74837646638842,-195.4310809992103
89.97430757452328,-195.42034778416004
90.11442807479638,-195.38113467501177
90.3248855767056,-195.33602619941001
90.52173296117006,-195.26098142561779
90.56710958782475,-195.20044838303082
90.75317664926982,-195.10148543694189
90.92762138294887,-194.9772969304409
91.0796168140508,-194.96339609997878
91.13408012555273,-194.92140644253985
91.18862773975361,-194.87940741679296
91.40420252593279,-194.84204569518994
91.54959286823342,-194.81358158584322
91.60090745735124,-194.76394442786668
91.80777537781105,-194.70698634837086
91.99473832063882,-194.60740282520186
92.18448232719982,-194.5133860142101
92.23611075794591,-194.4632181605788
92.43581548991425,-194.389489483214
92.59663443443802,-194.39293846361224
92.65215957377315,-194.3502309400708
92.84673617090486,-194.26482011530385
93.03045858144903,-194.1563823529539
93.23037666954805,-194.08140227085946
93.28684097784883,-194.03940367265673
93.49902276303065,-193.98907531680547
93.63495520467204,-193.93998697462666
93.68188338968844,-193.87751420106355
93.87729502417392,-193.79161959373036
94.03386211092118,-193.78509552478639
94.07710174470081,-193.71440286446844
94.11724686688967,-193.63719664860125
94.29873208780117,-193.52168844786684
94.4507600852443,-193.50554884589462
94.65660304194333,-193.4395604951176
94.70936881401676,-193.3873329608906
94.88707340624646,-193.26321310402423
95.07695823417542,-193.1636587875124
95.27162563175372,-193.0734928488323
95.46713813494445,-192.98468442801865
95.51149148315656,-192.9140126885199
95.66334651342319,-192.73660470479237
95.8230827924487,-192.57512112547317
95.9636937145781,-192.53558635351294
96.01871147124051,-192.4855957123356
96.07383192585614,-192.43562698853236
96.2779489325064,-192.36237252949402
96.41312720989318,-192.31178502375977
96.45707381803923,-192.2388731026918
96.63072092622366,-192.10429882707885
96.75621489168726,-192.03463809579722
96.80352643642135,-191.96792594962574
96.96480348107073,-191.80862761636146
97.1525381505307,-191.70152896240077
97.32847372723104,-191.5709399874031
97.37340443525744,-191.49861880022053
97.54862889577014,-191.36624047355792
97.68789027353776,-191.3240921618788
97.73663561594392,-191.2587344702897
97.90674771074457,-191.11603328720273
98.08465132582864,-190.98841367804263
98.27590964138764,-190.88656894693915
98.32241083940548,-190.8158949568502
98.50487075477996,-190.69645184407946
98.64325100531643,-190.65267391591047
98.69459093715791,-190.5908234607082
98.74599642680256,-190.52893191634791
98.93880107726174,-190.428674154637
99.07680808408749,-190.38408171586988
99.25235661793216,-190.2504573122304
99.2979485954948,-190.17657687066284
99.50601511593214,-190.10470283613063
99.65494617116549,-189.91968908230385
99.8457401131353,-189.8143765106308
99.98699844290635,-189.7761926799318
100.03434638646414,-189.7046393814881
100.08040480290698,-189.6304899053282
100.25280052249153,-189.48960019901384
100.38212889985138,-189.4288672213196
100.56175383331926,-189.30160099211855
100.61376327583878,-189.2379327994573
100.7693347442196,-189.06509986635885
100.96510970953491,-188.96756756507273
101.01820066876174,-188.9052302287816
101.19440950859463,-188.77058666414416
101.33156837831962,-188.72483122881533
101.38491868185946,-188.66242127157733
101.59047401056038,-188.58192362654788
101.7667962181186,-188.4468956627556
101.95385685103778,-188.33157281964583
101.99715844453158,-188.2495868370926
102.14047174140428,-188.0532569986652
102.25785577969955,-187.9713462348416
102.30858597418148,-187.90264506242775
102.4964897074608,-187.78823499823199
102.66256792320439,-187.63370305800598
102.85779724019427,-187.53228357496576
102.91463568655696,-187.47376925886718
103.10667352779377,-187.36595061234559
103.21934185374518,-187.2761004257851
103.26204190309879,-187.19139373779694
103.43468009072195,-187.04812724519
103.53618836312937,-186.93855330297714
103.7021882754779,-186.78347499759673
103.7503866183927,-186.70810519047726
103.94517887724177,-186.60446471197685
104.09888098828687,-186.589173256518
104.27847368662992,-186.45801703698203
104.32825504238929,-186.38470550199585
104.50297148855043,-186.24446592859974
104.60943470661601,-186.14503056035608
104.65815480971497,-186.06939189688273
104.83558588853863,-185.93383755378719
105.0174807145094,-185.80605135383738
105.1568517692411,-185.76539381231285
105.2058800828593,-185.68957866980008
105.40339979115795,-185.58894286474887
105.57859448739664,-185.44879494193117
105.70243340763163,-185.38099105482706
105.74619612911219,-185.29523426648515
105.9235809096409,-185.15873182664825
106.05835834525087,-185.11029231193027
106.249987147335,-184.99854269549465
106.30813970998847,-184.9371740667165
106.49815476351041,-184.82209208140532
106.68175654077486,-184.69567838397558
106.72597140629755,-184.6094636472439
106.8981332305849,-184.46291943433974
107.04556583108877,-184.43648106953185
107.24989957838018,-184.34519618540938
107.3048815457631,-184.2768007843451
107.48358133426274,-184.14096765993762
107.61142850735347,-184.0809642065869
107.82167564780633,-183.9989401891434
107.87227383011246,-183.92226716207907
108.04213915752864,-183.77089209520366
108.17368582890195,-183.7174226346224
108.23222164061372,-183.6537667767284
108.43141155759191,-183.5518389362143
108.56781544549474,-183.5066738655452
108.74651789182795,-183.36992402785242
108.81078297075744,-183.31508420031943
109.00064270804042,-183.19667894058696
109.12861881520992,-183.13749232601967
109.31300817046885,-183.00978935226922
109.36607915911128,-182.93533721410827
109.56474626340662,-182.83104749688727
109.68623458876368,-182.76128791627636
109.7433080866787,-182.693006905204
109.95058972929701,-182.60254283142683
110.1126749606942,-182.43684966625884
110.22884694200897,-182.35864915802227
110.28368121458152,-182.2859125933697
110.46610603433554,-182.1537448314336
110.65544677490996,-182.0328055138929
110.79104091125086,-181.98693621351828
110.84738269760442,-181.91592339084494
111.03958965888164,-181.79926386033569
111.17256422636916,-181.74919156833428
111.36768707331883,-181.63711537932656
111.42596324627792,-181.5684721752967
111.56275350955222,-181.36105345430323
111.71329210170018,-181.17613861906474
111.76278377426097,-181.0927004053941
111.94743652322515,-180.96286108271545
112.0859727522519,-180.92218803036496
112.27414433855652,-180.79790194008078
112.3336868710842,-180.7299648302092
112.53305178543161,-180.62319693785886
112.65015570945663,-180.5482405971938
112.70526640505717,-180.4726845334291
112.85508567082088,-180.28633246269808
113.03261056552677,-180.1442418110691
113.08505971845467,-180.0638726782697
113.24896424222291,-179.89982640852804
113.43365229078074,-179.76871810757567
113.64234130418514,-179.67540208587698
113.71211232577261,-179.62155986225633
113.87663183697899,-179.4579807868708
114.03352634505406,-179.2824110476501
114.19737172878368,-179.11779739590335
114.25182330008798,-179.03898198021253
114.30714459333726,-178.9613716829321
114.50470903672418,-178.84902387263003
114.65039082682495,-178.8199077509828
114.71484955040725,-178.75602862711963
114.88035722283057,-178.59331173011785
115.04488184912826,-178.42906219909563
115.08231821478931,-178.32265375384773
115.22575449627071,-178.12566693526028
115.4205726583524,-178.00807676076778
115.57487603826475,-177.8279291921627
115.61627536862832,-177.7270996454752
115.75083464186675,-177.5166109550331
115.91494238964236,-177.35154735022414
115.96990346728887,-177.27107558902327
116.1073977952927,-177.06523250280958
116.19879697853413,-176.9538730448497
116.26150258730729,-176.8848546612594
116.30987124936554,-176.79386630913046
116.45256488267297,-176.59610057754904
116.61651769243323,-176.43065354594032
116.65591789640509,-176.3256604473308
116.80562567542552,-176.13859805190796
116.92913864671654,-176.0767558132105
116.95470634920896,-175.9506973362384
116.9945058377531,-175.84595767552568
117.16010898336528,-175.6828234477723
117.27742889057559,-175.61200080692265
117.33022650059729,-175.52643580779312
117.47456479369947,-175.33153403763998
117.61446696136227,-175.13016828555152
117.65402219289045,-175.02444991330506
117.81902013774778,-174.860398635763
117.95983754384685,-174.66054112378504
118.11163546224795,-174.4770687852456
118.25489110166505,-174.2810951918946
118.30262890573285,-174.18684683028857
118.37159445280189,-174.1236914707111
118.4140094651376,-173.77953327509871
118.42672927540981,-173.55705318976905
118.38616658972266,-173.33334538269713
118.3657683930528,-173.13924569634878
118.46627533379936,-172.88201262554313
118.58968120965952,-172.82264187029625
118.66376208720646,-172.76640931605496
118.82793149574086,-172.60218498265655
118.9706104599099,-172.4068178226462
119.02052329564087,-172.3149182819228
119.17385407897791,-172.13494308443333
119.33177912384512,-171.96166172212125
119.47972522789263,-171.77407600161405
119.53795708148358,-171.6935300406476
119.7314223932294,-171.5711082074588
119.8746923069415,-171.37673069662958
119.931868115954,-171.2941165223827
120.11187496757539,-171.1520655267503
120.2634609797513,-170.9695070186588
120.3105688775653,-170.87205389170552
120.500343403306,-170.74355315494537
120.66549100544596,-170.58007127876522
120.71868573513932,-170.49073966242693
120.90065545062711,-170.3507802609944
121.01918937683322,-170.2860245234192
121.06778694231431,-170.1898479699386
121.12049290230219,-170.09930905742175
121.30287762071812,-169.9595559893099
121.39551689308406,-169.85879183151522
121.44542814577292,-169.76400462010716
121.6168299860605,-169.6088332649446
121.7534528270458,-169.56982249217438
121.80980358231093,-169.48363252018373
121.86554608283322,-169.39644469928763
122.02362881419704,-169.22245621380907
122.13603851488558,-169.1499854315132
122.20524313488052,-169.0810685189764
122.27404996565352,-169.0114151612187
122.45968909473332,-168.87522607475867
122.58497366507325,-168.82069454926997
122.64544745130512,-168.739068043557
122.69830993221622,-168.6468172969539
122.84251496335446,-168.4533476396009
122.95859728267196,-168.3864220058631
123.02717500149045,-168.31535722257664
123.0783581009924,-168.2203339961212
123.26371484517463,-168.08298002472128
123.40185175759925,-168.04629651503106
123.45960390111632,-167.95982627059692
123.62472557886518,-167.79471793943372
123.80501442038799,-167.65014813699983
123.84935132524836,-167.54499140910664
123.99162600410878,-167.34886039925854
124.15471705441881,-167.1809030255807
124.34370468318038,-167.04774896518512
124.41641476319884,-166.98013990966004
124.60809089908108,-166.85018009376498
124.67610739291744,-166.77583854099643
124.84559393045281,-166.61585589358137
125.00380890299203,-166.4408401614211
125.19031784082259,-166.30345468109863
125.25973850854629,-166.2301423617091
125.41773495016557,-166.05463531009713
125.57854662314682,-165.8828931950212
125.75192460727591,-165.7277409245455
125.94533451742457,-165.59887966000383
126.01082036249856,-165.51933551806368
126.22194345185126,-165.41328235381945
126.36264946331329,-165.38056067641773
126.43811593395391,-165.3135555838133
126.6303040550065,-165.18223759377364
126.82063406404775,-165.04834220155539
127.01063260545186,-164.91386901938986
127.12733686404573,-164.89937632046312
127.405672779713,-164.8786966654536
127.59281144381644,-164.90579608243962
127.67421198182501,-164.8446968970461
127.79609500978758,-164.83560129753934
128.07743911947847,-164.81697330658716
128.20125568131442,-164.7619726778649
128.26841895435706,-164.68164552446305
128.4676940060321,-164.5567988320506
128.63316904864857,-164.38856405262786
128.83207714692387,-164.26296409821495
128.90012350492938,-164.182909567605
129.0953024770943,-164.05213964381508
129.26791172917976,-163.89258837569443
129.3306394988088,-163.8051781185966
129.53496449819852,-163.68547975264974
129.67645568444703,-163.65330247664863
129.7659377657842,-163.59915961485626
129.949169962297,-163.452417898255
130.13497520115487,-163.308811420743
130.30449404629846,-163.14470570184963
130.50153959496424,-163.0149708808597
130.58089860491967,-162.94684332185378
130.8131652804815,-162.8605196507146
131.04299030639265,-162.77079024869712
131.17411865561965,-162.7257677447662
131.2123530634106,-162.60577506357325
131.2663035816146,-162.5051410503189
131.44732284800654,-162.354355737134
131.55660480807052,-162.2825284123767
131.61624047091715,-162.18858080375435
131.69445409171,-162.11735107000598
131.9307400714701,-162.0340847133389
132.059184464726,-161.985935092306
132.2536660156692,-161.85112450859532
132.3213849560531,-161.7662300159817
132.47847438564932,-161.58543621557092
132.6638604654495,-161.43913666906863
132.72780165338133,-161.34908882928735
132.94189526868016,-161.2373070208759
133.0647961565469,-161.18277913392026
133.1472854012446,-161.11473544180674
133.2299136760695,-161.04665168909392
133.41044034476656,-160.8936088759015
133.52567670536183,-160.8299549275897
133.71555572882335,-160.68820942369044
133.7872196457738,-160.60619439934192
134.01978684407774,-160.5152302715053
134.23198634433643,-160.39957288337402
134.31575479702494,-160.33129564268364
134.4761031817345,-160.15335972151857
134.5862734303978,-160.08413890755799
134.64800170747037,-159.9891916998771
134.8636973326931,-159.876924535339
135.00255582845583,-159.84191301984347
135.07794628325044,-159.7626883061459
135.14211822512664,-159.6700208788368
135.34580062627063,-159.5428484252863
135.47034899249337,-159.49097388796503
135.54049812789214,-159.4049187229637
135.70794978742512,-159.2348786310882
135.92501031512842,-159.1229204279516
136.16155277711727,-159.0334560919391
136.21085279510643,-158.9221908789687
136.39677932638415,-158.7732265416981
136.50830647751621,-158.70656168459152
136.5845960253245,-158.62636599408674
136.65675926884532,-158.5411945374996
136.8480721139316,-158.39806363651616
136.98649116354377,-158.36270157027639
137.0817808351443,-158.3037731662042
137.17658104463766,-158.2440450530041
137.379635327041,-158.11379894803576
137.48967945122155,-158.04574546771084
137.5333476705103,-157.92671533622388
137.59508169827177,-157.8283001095208
137.81132971288093,-157.7127211698257
137.93935809966214,-157.66547794594294
138.01900525493113,-157.58710723954806
138.10712188317078,-157.51820087640797
138.3131614714563,-157.39024600501162
138.397788482746,-157.29371592066988
138.45843871862422,-157.1931158822771
138.54459320151815,-157.1212912954486
138.74043709482675,-156.9813076953291
138.8559713717473,-156.9201308889259
138.90497301586777,-156.80584496358844
138.9741497361289,-156.7141897574872
139.20656446150318,-156.61494772717805
139.3164074331196,-156.5475488498502
139.38011826865426,-156.449311844413
139.57949074719494,-156.31257055736992
139.79957069046137,-156.1988135772139
139.88646061852242,-156.12586573582948
140.10868333039568,-156.0139525125967
140.2425647526719,-155.80362829907267
140.30004832964502,-155.6973705701713
140.5034984937208,-155.56415429882503
140.56428055223165,-155.4612180655434
140.72116974892222,-155.27625991103565
140.87695133281542,-155.10734261392807
140.92614071053433,-155.14430235560172
140.94435596801398,-155.01106860360468
141.1148479425482,-154.84058625643797
141.17614414906137,-154.7372830820609
141.23357308366442,-154.62959771490196
141.29659930581818,-154.52789501136044
141.36840849146168,-154.4356348246411
141.4474562680166,-154.3511000623737
141.53058749443824,-154.27082532959045
141.7328773959424,-154.13387453510032
141.73259331076773,-153.9773140667769
141.77962094807992,-154.01362410198323
141.90582973017985,-153.80825103096248
141.9818606485417,-153.71933120128224
142.02444759615366,-153.59405949298758
142.14512949669435,-153.38152260964745
142.19427725165806,-153.42100826539206
142.228314958736,-153.29965850517422
142.4220235335274,-153.15178024194788
142.48628791770653,-153.04915681959721
142.54903296444806,-152.94474835137711
142.71673083652152,-152.78066181729503
142.76391184886214,-152.81905108761623
142.79034220849317,-152.6873682315135
142.86084033543005,-152.59057193103502
143.0533595231701,-152.44006413139866
143.04794409821068,-152.27319984360446
143.09168334697745,-152.30865126063526
143.22092772986127,-152.10140673748074
143.29516278670323,-152.00774844625582
143.36945080402265,-151.91396754599492
143.5168327502063,-151.72460680665677
143.56246435661032,-151.76297645970436
143.58042883690229,-151.61900024893905
143.76037110640974,-151.4536431575963
143.85988327477966,-151.38551276333806
143.94191519161947,-151.29876940984815
144.02976072624259,-151.04476039604467
144.0754234622072,-151.0842202167071
144.10508486691927,-150.9504904882069
144.28535291163692,-150.78454862764784
144.35647560521366,-150.68551842505178
144.39160818194395,-150.55619558861522
144.43748505240802,-150.59662574822468
144.58131573074363,-150.39933657443441
144.65017955515316,-150.29726225523103
144.71480791055322,-150.19062680637094
144.86374899943002,-149.99727217011335
144.9089943374494,-150.03796152682472
144.935794275942,-149.8978182592862
145.12280763874548,-149.73713923609404
145.19948849806252,-149.64209847330727
145.30042161550747,-149.57183896579076
145.46692275479444,-149.39427367342645
145.51021707601805,-149.43403044060375
145.50328235136107,-149.2570907587639
145.65287178803155,-149.05704911216264
145.71894918047155,-148.95009740974407
145.7585867996838,-148.8159930147355
145.82303184402875,-148.70709170843807
145.90594279082805,-148.61684498501424
145.96257665062024,-148.4996657750175
146.0345697264239,-148.39795865455534
146.2025884066512,-148.21597873253157
146.26556866647888,-148.10480767919734
146.34713717986085,-148.01228565594224
146.4133646546398,-147.90407119271973
146.47965835623728,-147.7957650582558
146.55337629903576,-147.6947823358387
146.72421643786024,-147.514872073406
146.80837354834367,-147.42402449362712
146.87537820258524,-147.3157718664596
146.92579678953342,-147.19074310153283
146.98851565966072,-147.07790158411274
147.0595712411044,-146.97324196700524
147.23472126518703,-146.79687698325662
147.27161637791346,-146.65786065300995
147.3243036284299,-146.53446371002892
147.4174667023169,-146.4511514850045
147.48968002250777,-146.34682941718725
147.539110438845,-146.2197557738909
147.588597441764,-146.09262013101718
147.7194044116385,-145.87163443173444
147.76681226568272,-145.74226673874062
147.83216923555298,-145.630467792028
147.894533136219,-145.5155680708991
147.93203638062423,-145.37608851915425
147.97742279358835,-145.24425710231392
148.1606580316491,-145.07448336370226
148.21063382486392,-144.94691689994988
148.27051843037046,-144.82891021781305
148.3526376560348,-144.73245294318795
148.42417578355096,-144.62548978867665
148.5431764194189,-144.39259307233826
148.59674889358277,-144.2730609090592
148.74213847137733,-144.24818487980076
148.70235092826826,-144.20426815297097
148.84637020848987,-144.17838214250088
148.98761272038513,-144.15027199314764
148.94724298893308,-144.10549471037854
149.0780779704588,-144.06765093770218
149.20874263339496,-144.03012885646513
149.16848119988072,-143.9851647136859
149.29902731139236,-143.94787262640153
149.39415553956573,-143.87047401618824
149.48522606880445,-143.78935385322387
149.58677197081488,-143.7184881550674
149.6897360536567,-143.64914923153256
149.83664023184485,-143.62934396219745
149.79783591175277,-143.58489513530688
149.94476371727868,-143.5654114376654
150.09052481821374,-143.54524437221383
150.0514743595915,-143.5002766571773
150.1837455005384,-143.46752166366568
150.31245313424085,-143.43182479324085
150.27217241413004,-143.3854052691193
150.39022291610206,-143.33988473289125
150.51355136027416,-143.299872232203
150.47479372183847,-143.25463201447974
150.6193870705268,-143.2351823620666
150.75241361563812,-143.20516743128988
150.71364583019292,-143.15964490008477
150.86185207807324,-143.1443497344829
151.0005202327335,-143.1204244478036
150.96139809654613,-143.07429612866036
151.08155136813684,-143.03314430416253
151.21145901290726,-142.8192163544353
151.3232761673754,-142.76143163791434
151.41891349821884,-142.68853195175024
151.52437796323622,-142.62504853457546
151.6850400418961,-142.4407880845369
151.77378232171318,-142.36192587430213
151.86246077065746,-142.28318315006644
152.07728578193507,-142.16125858745227
152.04150363759754,-142.1165531525899
152.22059074941282,-141.96157156862645
152.308476006031,-141.88279905252736
152.3968910754044,-141.8046975995532
152.48524918448044,-141.72671956320994
152.6337464660266,-141.5326163715546
152.7389189076627,-141.47059483397783
152.8558382629082,-141.41958091381582
153.04117709835768,-141.2598994434003
153.11902885763234,-141.1730857060869
153.2023059198735,-141.0914631064422
153.25552183693398,-140.9823696102794
153.4197862695063,-140.81799647537437
153.3818923407619,-140.7691181410353
153.5889839166994,-140.64443894055177
153.70162976531887,-140.59063171112012
153.8689758145732,-140.4155219751769
153.95664911413698,-140.33920013358846
154.044261430144,-140.2629924221702
154.14286244429877,-140.19694843411708
154.26267488452126,-140.15032188079027
154.3820301049182,-140.10338369847676
154.470372162264,-139.85750742439384
154.63888516073703,-139.70090860689655
154.601730820739,-139.65083604549415
154.81257487069408,-139.53283300444608
154.89884056773283,-139.43974908465566
154.96906013825063,-139.332047876182
155.1004298069886,-139.12566477581674
155.20229768401188,-139.06383842774812
155.24810421010616,-138.93403814377166
155.24669465168373,-138.76193456557755
155.38156347504125,-138.55901379521399
155.47129405610568,-138.46812836575762
155.6634165777806,-138.31608349152035
155.8160439246884,-138.12893873067478
155.80748372635506,-137.95045514612863
155.86076565640263,-137.8266769379205
156.04569486639795,-137.6680531798363
156.1651013168588,-137.45170073259868
156.20360073225197,-137.31463219451035
156.36448238598902,-137.13484353720077
156.44393356989383,-137.03349346578497
156.5127576847315,-136.92267275561238
156.66407119803984,-136.73429284573038
156.79667481740066,-136.52970228323264
156.86131623432053,-136.41487583687046
156.97094053935376,-136.1904151405252
156.93408986747585,-136.13577976299976
156.99665111615394,-136.01878965778545
157.05986285769012,-135.90222592693107
157.2101178162286,-135.7127043712452
157.2697353110431,-135.59279844821995
157.30478282016392,-135.45160593778974
157.3535054723334,-135.32209750376154
157.42520474177084,-135.2122174612316
157.49533851465262,-135.10083826627653
157.67711672735254,-134.93791716181988
157.73086604740612,-134.81222856572464
157.6964424540545,-134.75783863685902
157.84704250426233,-134.5678983638255
157.92033865089408,-134.45849209386753
157.99469529847167,-134.34982805199755
158.13002634799753,-134.14676921656346
158.09076247856132,-134.08736165949514
158.11590412445986,-133.93658033943112
158.17318283432604,-133.81293192207028
158.3166755414091,-133.61656250274763
158.360160488504,-133.48107897073967
158.43454416843085,-133.37151168612098
158.53681821373175,-133.28523066318792
158.62697354168276,-133.1885519528746
158.66167381579638,-133.04517555601961
158.7983082232712,-132.84265032664746
158.85262909847276,-132.71556048152263
158.82085826391932,-132.66060411241213
158.93671050339884,-132.44056087998587
158.9741866896145,-132.29912548272242
159.05673169911614,-132.19506623245798
159.22597115915616,-132.0193988972226
159.19759970959183,-131.96633105758076
159.27113820811977,-131.854304059976
159.4312376248376,-131.67067441474828
159.5451681984886,-131.6219658489787
159.62537013777325,-131.5151355955887
159.64227668466503,-131.3560511082266
159.80535239028683,-131.17487976267284
159.94082772478356,-131.14410879748704
160.12465916192167,-130.9800370883437
160.15197401482502,-130.82937663245602
160.1975770252563,-130.55254815629962
160.29259805337583,-130.4891768433458
160.442025114031,-130.29742741503276
160.5251858007765,-130.19211679798164
160.64795495215023,-129.97875285005108
160.7564312571629,-129.92677087158629
160.78668735801293,-129.77846827069905
160.86910765441934,-129.67214877152037
161.0461106175215,-129.50264772450177
161.0556420392526,-129.37145911913632
161.18363150863007,-129.16297733188193
161.3703819363564,-129.0016420695228
161.3820199499852,-128.8730713602418
161.43604459100715,-128.7436861553032
161.60248965986506,-128.56632041808723
161.77270887406763,-128.39197334822452
161.81588162942595,-128.25367352535335
162.00242167617722,-128.0921598199616
162.08433237297592,-127.84806383884103
162.1854573808336,-127.79183861466677
162.21310758509694,-127.64118911406888
162.2735738809416,-127.38085939676297
162.42441475378834,-127.19172445038488
162.51236195988022,-127.12574360649756
162.5963897945485,-127.0191805265851
162.79339086488446,-126.8661407843414
162.92326685919707,-126.66082327684737
162.95220822562592,-126.51101709426251
163.06965397382191,-126.29622231159547
163.16966032632632,-126.06815894094787
163.22329441038144,-125.97667086626832
163.27360528036854,-125.84340121302792
163.45554425426022,-125.6788665034354
163.55333182096285,-125.62178087128997
163.66701929264602,-125.40504399471426
163.76291193192873,-125.30644740406842
163.8499932107362,-125.06950140165686
163.93758723093322,-125.00515392669472
163.9988458250885,-124.87990658311257
164.05815240496122,-124.75304642627086
164.22758974423834,-124.57906687501546
164.2753798332705,-124.48492955637428
164.32716223222224,-124.39401116920128
164.4156289078341,-124.33102328060487
164.51680560479335,-124.2777680798712
164.68629072269127,-124.10457172021486
164.82580816147487,-123.90885469226507
164.90226693895931,-123.83743165104447
164.94399509588024,-123.74010226265192
165.0321463006185,-123.67776504671087
165.17290939347066,-123.4837300673082
165.26980182080524,-123.42822434098669
165.47231904724694,-123.2804656466314
165.54851618115183,-123.20978204679086
165.5911564286454,-123.11429538782909
165.6775154976565,-123.0514763703899
165.82564211884872,-122.86378684502206
166.0433135365214,-122.7721121752072
166.01748459680653,-122.70849044654537
166.1898446370193,-122.58358315130604
166.3605156221602,-122.41290313105803
166.4570493889144,-122.35840289871119
166.55349126163037,-122.30394678565074
166.66849434448727,-122.26321803770915
166.82561402123105,-122.08298262851747
166.91283972312544,-122.02213844106674
167.0426007167218,-121.822154694147
167.1217672593183,-121.75573983669297
167.2061687108454,-121.69327013154523
167.30818705354153,-121.64373603908915
167.48805592168827,-121.4807594030671
167.63734168238693,-121.29561978978845
167.7324112289888,-121.24140974801841
167.83701444402035,-121.19419368494817
167.92927120623963,-121.13816684266612
168.02481976860307,-121.0846254061597
168.21361214947734,-120.92852878795055
168.33989916514813,-120.72753955093133
168.4343083303888,-120.67356474594388
168.5157926278588,-120.61044796212171
168.59426980791528,-120.54530798647154
168.74256753515076,-120.3607017111146
168.84082054211717,-120.30995582854086
169.0351506645788,-120.1582817813334
169.13007003335838,-120.10537448526416
169.2249137538975,-120.05251936721507
169.37003630544442,-119.86615419602525
169.47019769946093,-119.8173083908906
169.63448773397744,-119.69448397731465
169.62324501686862,-119.6367495719359
169.79789331738408,-119.52153454259981
169.98670932718963,-119.41673020437058
169.96689133659714,-119.35253115412742
170.0727232760912,-119.35859301302109
170.17732845341095,-119.36398002272081
170.15348877011556,-119.29689132950668
170.2784095658746,-119.31671048131935
170.40297730491332,-119.33645080438433
170.38325881763828,-119.27217216792772
170.49696005084104,-119.28448180608288
170.7501582281671,-119.37813128592543
170.60402391705279,-119.24175814005221
170.72907437108364,-119.2623482208444
170.70944173615715,-119.19796924601167
170.82058192457745,-119.20902129964577
170.92901944031505,-119.21836294172903
170.92901944031505,-119.21836294172903
170.90572050088417,-119.15135877525769
171.01405154816766,-119.16081347459917
171.14750030804518,-118.9695697235256
171.23926987009946,-118.91697174260565
171.37371816613182,-118.72668192594571
171.44323673787372,-118.65893376859044
171.501523531563,-118.53190989023754
171.67201707412633,-118.3667016413545
171.78438118729744,-118.32881358889385
171.9483577051261,-118.1592049809805
172.02817746779192,-118.09914103001819
172.10793331769895,-118.03914990628188
172.24269556264267,-117.8498543495844
172.35893371457237,-117.64802041104889
172.44239950064096,-117.59101579102733
172.52869203286474,-117.53604719703489
172.66330371985902,-117.34720019498563
172.71634680228522,-117.21632810054405
172.80638745107743,-116.99735449481408
172.88544869872854,-116.93797672618484
172.97777424609495,-116.8876765900879
173.13825452747864,-116.71679856089605
173.27276789046113,-116.52847739944596
173.3519419570372,-116.4697022470027
173.44580358603238,-116.42089857468189
173.55820542673916,-116.21817272454619
173.6361350436735,-116.15895545165615
173.79229506709686,-115.98578206187898
173.96815414320488,-115.82575658691106
174.16154490984934,-115.67734533110585
174.2776637489722,-115.6439881019339
174.45433015444635,-115.4844825495578
174.53490621935688,-115.42775595504513
174.63971127555897,-115.38714580528465
174.89234936240052,-115.2779029245596
175.08590264442225,-115.12953579333562
175.21153434113768,-114.93652720476436
175.31400496973066,-114.89470880729634
175.4164603820632,-114.85295967001086
175.56855571953213,-114.78624015568116
175.77819743476275,-114.64820390113482
175.89758047039905,-114.45130362213744
175.98732367025752,-114.4015376364112
176.08864552386012,-114.35938523965223
176.3306365475707,-114.24234504332156
176.4331801789098,-114.20111738633007
176.5915411891606,-114.02989232991908
176.70232999475613,-113.99416463992799
176.93544732248364,-113.87116533632692
177.0729883439114,-113.85275056987756
177.23320374746794,-113.68278691552965
177.3512785770194,-113.48587605473367
177.4461101334863,-113.44031217829225
177.704261224177,-113.3330220491518
177.86733904310415,-113.1649614305238
177.94536268870047,-113.10896380860798
178.0431089354179,-113.06559535270928
178.2834575514556,-112.94673875902792
178.47270142210064,-112.79535769971288
178.55251665420008,-112.74089806413359
178.74763970160032,-112.5932670185436
178.86224877486163,-112.56091823553201
178.9777016481915,-112.4675030355672
179.14050884410355,-112.2993851013996
179.21789933113004,-112.24384619585848
179.3074221954186,-112.19600152711524
179.40828073025435,-111.9894761870213
179.54849648850492,-111.80765439366031
179.62552019113514,-111.75240321233373
179.76505674446392,-111.57038413651198
179.85673605984854,-111.52446989231848
179.96527540443492,-111.48908499317514
180.10929052177434,-111.31013719988188
180.27488303270735,-111.14455665146836
180.46102826989647,-110.99161692849644
180.53788707092463,-110.93708470727753
180.64759870034567,-110.73734983395119
180.78234735337543,-110.5530905193739
180.87115652310925,-110.506269560643
180.97707630110565,-110.46997860580133
181.16299950066121,-110.3172062976079
181.31661212093735,-110.1447457656981
181.38251865724283,-110.08440557570466
181.4519326897518,-110.02630205034804
181.509191882515,-109.89582063529998
181.68339148962536,-109.73605403864131
181.77174339810185,-109.689674450598
181.96856793785292,-109.54360859877877
182.06944181662186,-109.50493881628185
182.16737470265952,-109.39864108935834
182.26549138877485,-109.2922759533923
182.43064534637566,-109.12690769537504
182.51118189490953,-109.07625675481866
182.57326756692208,-108.94809432015767
182.63950515481588,-108.82229332469375
182.81476177596733,-108.66286778396851
182.96531472446887,-108.4887656612898
183.04738987297324,-108.37203473732148
183.23918939960728,-108.22223099727407
183.3157200615507,-108.10194041823782
183.3681532213804,-107.9673230320441
183.52565687130183,-107.79706685075865
183.63276682803618,-107.76278362234491
183.71678559518085,-107.64653584136072
183.80907967264977,-107.53497799290237
183.98092470012796,-107.37296500466607
184.05927775361002,-107.3220681994555
184.16846635716016,-107.22007266672443
184.21719365067244,-107.08273543408798
184.3549687862305,-106.9008340861576
184.5214861396157,-106.73563778857519
184.62234112707074,-106.62820518259595
184.79873089744814,-106.46855085439506
184.89732009811635,-106.42987402744285
185.09769690942184,-106.35456575648647
185.0949389091768,-106.28246886862402
185.19195433601638,-106.31360778425324
185.35751274379496,-106.21875597202344
185.33869123933357,-106.13729988858088
185.5181821553162,-106.05066385417761
185.61980135173613,-106.08508457011396
185.60901816051435,-106.0080844381744
185.7636856991382,-105.90775694072198
185.85038454574752,-105.86306136030485
185.93701594042358,-105.8184067303074
186.02397266759792,-105.77401628067746
186.12356740481712,-105.7368841470229
186.2230831949374,-105.69977294039721
186.30221404331007,-105.6511671649153
186.3766515062747,-105.59998804062383
186.56716974076215,-105.52145389540698
186.56100608541277,-105.44642011903588
186.6588783753219,-105.48028427311044
186.85443466643366,-105.40500998687939
186.84658353675295,-105.32886768561289
187.0169976822867,-105.23960567722798
187.0705723137913,-105.17730744344203
187.13837621600086,-105.12311168274532
187.23441275225338,-105.08485643963213
187.42814621808878,-104.9372885552031
187.51241623799757,-104.72850289105648
187.68038267848766,-104.56656662355938
187.77411396483583,-104.52739630312932
187.9484346414307,-104.36907177970035
187.97271429594235,-104.2184884804574
188.1497684306187,-104.13487176407796
188.15346890733275,-104.06365265583524
188.33765130161802,-103.98415980317627
188.4751889309865,-103.80565475280306
188.65241351132855,-103.64902562984022
188.73762937065737,-103.60580866958215
188.88401711710452,-103.43235709291392
188.9070391511306,-103.28108370146882
189.06561433945095,-103.11431021778694
189.14986555452407,-103.07092156333512
189.22838236072838,-103.02448592289028
189.39882538897186,-102.8643974531002
189.5267083929894,-102.68123304829047
189.5829615519639,-102.62306689561252
189.71213899296325,-102.44085638656726
189.737109811701,-102.29073337063915
189.91067292802305,-102.13248104429935
189.97826028320077,-102.08088239123553
190.04907055697225,-102.03110277280598
190.17939763921848,-101.84990939299263
190.20414118433087,-101.69971497299188
190.3326642203213,-101.51764252881051
190.40660257157987,-101.46995894877833
190.47296121077477,-101.41832125148377
190.5748375572653,-101.22246407872228
190.71765834147288,-101.04846143772215
190.79081481273852,-101.00080169304248
190.95069818929755,-100.83598947413694
190.99139540841912,-100.69433968281491
191.1330762588268,-100.51991258558367
191.2097837669824,-100.47450427561415
191.27653095542559,-100.42394397713599
191.34007880231513,-100.20890924539457
191.40908528775185,-100.08210845398845
191.5227601046151,-99.89347149315051
191.58535997122678,-99.84120240139973
191.6513209120025,-99.79077214827237
191.69732808896148,-99.65195693120327
191.85098892470805,-99.48446237006344
191.93441249311743,-99.44335576441553
192.03483793122928,-99.41112018617494
192.1369325938318,-99.21721084704969
192.18305401406425,-99.07839666855422
192.31504795441654,-98.90001065505207
192.36996811147554,-98.84467948009399
192.43221227584016,-98.79320180202022
192.49348836018797,-98.66217952939786
192.57669753669248,-98.4591691199697
192.70962731819984,-98.28171807368015
192.78201473886298,-98.23585588334772
192.85434924959742,-98.1900439170852
192.92998392411516,-98.06625123351716
193.06971058169373,-97.89250373001144
193.13519822582586,-97.84346690862806
193.20066136788037,-97.79449998103084
193.32221550582616,-97.61189761458775
193.3816677967894,-97.4797803703608
193.51903295800827,-97.30518942579391
193.56819467201902,-97.24844180534345
193.61535085143427,-97.19078236760292
193.65297276807962,-97.04771187725619
193.7515864752183,-96.85409198869452
193.88331514758,-96.677143049898
193.9742043960283,-96.64177516911546
194.06622774841514,-96.60703081082085
194.1203968932595,-96.47219092937446
194.24532649508296,-96.2921051212964
194.3270054005744,-96.25243268500229
194.40389742204536,-96.21045719209152
194.42917959302358,-96.06131067455856
194.5380037469977,-95.87361373475142
194.64263903499904,-95.68398853887103
194.714151981726,-95.6397555312118
194.7856135853871,-95.595570637233
194.85786651785816,-95.46955239715774
195.00206311099848,-95.29962871527512
195.09418332646703,-95.10436145046813
195.15023074251735,-95.05304360648319
195.21500186057102,-95.00605613385402
195.282045462211,-94.877389603507
195.43833208649355,-94.71366757700113
195.4814201311161,-94.65643119982991
195.5423274366439,-94.60791051018322
195.5599990673802,-94.45533522010957
195.68914752295214,-94.27880426403894
195.8145489803436,-94.10055060228639
195.8737379604005,-94.0516311627471
195.9255300581963,-93.99924326538748
195.94591295303562,-93.84810949204207
195.9166885243479,-93.59636126554493
195.98054418049335,-93.38942865021207
196.0386367045673,-93.34058453314671
196.13047988548877,-93.1473399354034
196.22938379855458,-92.95760600411312
196.28080791414246,-92.90598319405203
196.34015928343229,-92.85819384471907
196.38559742680602,-92.71933143660095
196.38497071142734,-92.4831698067387
196.4417559460853,-92.27436227974442
196.49337024113467,-92.2234277800071
196.54201852748935,-92.01122777325239
196.61205158372903,-91.8092795237831
196.72997829076965,-91.71518114349956
196.69080442410112,-91.6116070125386
196.74815932580165,-91.56392188547822
196.77341235155686,-91.34176033547764
196.80472726544812,-91.12272471799788
196.86104077799757,-91.07497671187942
196.9187083004408,-91.02793189237703
196.9525887243592,-90.8842099091857
197.03021113809973,-90.68719405019547
197.06493158874028,-90.47067522510163
197.12251953750675,-90.42405602253318
197.17343856418032,-90.37445532878485
197.24551505474554,-90.17564691172062
197.31159508657532,-90.13321080001995
197.37209179714088,-90.08829453931678
197.4240125694738,-89.88080183105113
197.47438068127894,-89.83150440278648
197.52574458064157,-89.78273874395407
197.57708789414608,-89.73404196628408
197.6489756410451,-89.53633763827756
197.62756126010757,-89.36824509775741
197.6713194911701,-89.15814887108318
197.68269861639558,-89.0049723481815
197.71802002657532,-88.86253823880682
197.71940530788015,-88.70482245410986
197.74537958493303,-88.55811636484687
197.77867777763709,-88.41464274471001
197.84179286345434,-88.21377752347637
197.80623999012707,-88.11014825744877
197.7958271553756,-87.94711041223958
197.9559465822267,-87.78947353953922
197.9810104758661,-87.71235377795657
198.07567054454532,-87.595667731221
198.0508470194116,-87.49615512259153
198.1980438263018,-87.33234189448902
198.18331384047576,-87.23700296005941
198.25970414211653,-87.11173038176909
198.3408139147492,-86.9884052228448
198.44190538115342,-86.87369761633433
198.40006994982895,-86.7659120129779
198.50962209745825,-86.5851453305041
198.51004020754496,-86.49555194813281
198.47268621077467,-86.38937295519611
198.54398321678985,-86.26102482503038
198.60568945258143,-86.12840304260317
198.71046061317006,-86.01432338514495
198.79008084431845,-85.88920881077469
198.83216792085796,-85.7477799671323
198.82640316095,-85.65444482448945
198.91164321123776,-85.53136118947485
198.89299485657483,-85.43218836067042
199.017123032632,-85.2569375626681
199.08578331701625,-85.21788712538635
199.16834236357258,-85.18484387200462
199.26548984024868,-85.15808809532415
199.41384260267094,-85.17651332567564
199.3369262819245,-85.12039610489246
199.4765527909651,-85.135229717701
199.3996617189573,-85.07905192549484
199.53922343444233,-85.09399515639393
199.61687706546954,-85.05921081052631
199.71213000292903,-85.03197521493138
199.8637808111133,-84.86961312919524
199.916835610282,-84.8245913059656
199.99457896212508,-84.79010808478036
200.24192540625938,-84.6929572181026
200.16849530943318,-84.6373948034694
200.2342229256971,-84.59797662793208
200.36063964178436,-84.51720235332341
200.52917574869218,-84.36249786449567
200.62463864903043,-84.33586969388195
200.71588139851806,-84.30751102546435
200.94049275338958,-84.20212151191271
200.87477029153044,-84.14888373286936
200.98805560039955,-84.12987203001657
201.18318249985782,-84.07879752534828
201.26616647021638,-83.88871937284954
201.347705169341,-83.85666137494681
201.42233303361758,-83.82177785442812
201.70338782605904,-83.74119144773532
201.6411535076285,-83.68847371638323
201.7197913642426,-83.65538141188635
201.87468725882863,-83.58836705490319
202.03716973050487,-83.52469887849954
202.04175523761353,-83.43376632854793
202.1433242598824,-83.34514762872752
202.23437354045714,-83.15949975444977
202.29388561696686,-83.11902010126562
202.3588783736641,-83.08085377163654
202.41363024296965,-83.03854570993714
202.53848307596735,-82.96041421627918
202.53459498819623,-82.8656733664329
202.66589734725727,-82.79040912212301
202.73331387356413,-82.75358533581382
202.87466903008652,-82.68276732939131
202.87183352304717,-82.58827560762286
203.0741398826607,-82.57184372718432
203.0003519434802,-82.51244158222121
203.0647560588818,-82.47467155300552
203.2328271529174,-82.41522872537783
203.308643883273,-82.38224590416594
203.3673291340361,-82.3423775856145
203.38072150393685,-82.12728193340176
203.43631526332112,-82.08637905822233
203.56566537090947,-82.01207958038366
203.64120336836785,-81.97938866167244
203.56667550386345,-81.91881862737121
203.79193104869378,-81.91401750191636
203.80732148048398,-81.82649584113967
203.90920793553872,-81.74171475594342
203.96518259641823,-81.70143717812748
204.0211348720221,-81.66121238201876
204.07656959923185,-81.62084220484256
204.17139079081562,-81.53387835606048
204.14344745045966,-81.42888047814797
204.25561452425745,-81.34911234869652
204.30841672984144,-81.30801377977153
204.32423026173927,-81.25226888068
204.33160644361288,-81.19325630964218
204.37503893819365,-81.14865007864691
204.48233758943223,-81.06774218464005
204.4613221014515,-80.9654769209825
204.58257557834756,-80.89034503652671
204.64899189251167,-80.85515209876291
204.71510340850287,-80.8198922442349
204.77309290165536,-80.7814817874348
204.9152564983058,-80.6540808357898
204.83413680290013,-80.58912259761787
204.8814495228368,-80.54670368393758
204.988012921598,-80.46674444420839
205.0542113938655,-80.43192199900632
205.12037900560355,-80.39714003150655
205.18651615297566,-80.36239860527041
205.27730860546384,-80.27685063805329
205.20851981272796,-80.15576322578542
205.29171766391252,-80.06756030736676
205.35477512439985,-80.03192127731555
205.41781315085385,-79.99632824278396
205.490780720352,-79.96465264365503
205.55906079126453,-79.93120185617906
205.69078817776824,-79.86257426333368
205.74691471876844,-79.82455976839344
205.6706631561661,-79.76042544366547
205.85744667571734,-79.74803452919838
205.90760991465078,-79.70788235804136
205.82401787102992,-79.64075688295001
205.99201789751794,-79.62160476777137
206.03402091604858,-79.57848480494968
205.95001697323463,-79.51106309246964
206.0760144500446,-79.53542540960798
206.17826188795965,-79.45653588841438
206.23571590340543,-79.41961680523272
206.1609435523019,-79.3555626601238
206.29314656929898,-79.38274356539705
206.34968555734272,-79.34558217725892
206.3894043469745,-79.3020129881875
206.41997391159487,-79.25499551272102
206.45353743895922,-79.20919633755351
206.57422562214708,-79.23245829310687
206.48430191779818,-79.16239182177533
206.60649472166665,-79.18633964142634
206.52317890547775,-79.11876439859648
206.70938514884978,-79.10898393478325
206.76445655431735,-79.07177828823117
206.69861553425517,-79.01074681673846
206.8376484250734,-79.04155201595238
206.9487693625963,-78.96777712657327
207.00273015310432,-78.93036098979168
206.92818290215266,-78.86580763700539
207.11702611843623,-78.85812033272019
207.17414738686014,-78.82206924236488
207.09821565081052,-78.75684677438323
207.22608677545261,-78.7841008772336
207.27313560196373,-78.7443301192241
207.3201786415927,-78.7046153208795
207.36721321663265,-78.66495534375457
207.41423692514664,-78.6253491572659
207.5420478460872,-78.65305221528509
207.4612501435416,-78.58579678626711
207.519515228599,-78.55056115523428
207.64916256959734,-78.48520169264845
207.78321817903955,-78.5156599970415
207.70924278327232,-78.45080169612821
207.75610522499196,-78.41146304870982
207.91332794795994,-78.39399649478645
207.83229665453388,-78.32634919255689
207.87634275674495,-78.28612577872312
208.0178237927196,-78.26322411569743
207.92874389609918,-78.19243197787331
208.05738977760072,-78.22153914847985
207.9785197574662,-78.15454595811953
208.10714793723213,-78.18374348519848
208.15689048473098,-78.14599651127195
208.25484665052844,-77.97621259476037
208.3357733942298,-77.80017279072926
208.44997504654177,-77.63666312181998
208.5105778940732,-77.60335305897352
208.53510584274972,-77.46242575751242
208.61590143997864,-77.28671046092187
208.64941083975668,-77.24358243234435
208.66042387296815,-77.0977290364295
208.72301458850708,-76.91561332598872
208.83815444102856,-76.75298219164688
208.89463025237643,-76.71869218165818
208.96211740522978,-76.5387754657327
208.9740141875502,-76.39340753027778
209.05759661976225,-76.21956716893098
209.1166717919708,-76.1865581877215
209.14856477385885,-75.99417116310222
209.16928390771463,-75.85215549670691
209.20873138827014,-75.66279384194044
209.26499244160848,-75.6291094929948
209.3449656727933,-75.45468751534143
209.45124762488763,-75.28985720047754
209.50578603973136,-75.25581157676768
209.5883511836366,-75.0826710939863
209.62782920347934,-74.94758200189206
209.6903481735841,-74.7674319802916
209.7475668245739,-74.73466902154526
209.73188372585687,-74.57998756465052
209.73470938724287,-74.43189690374463
209.78398282707045,-74.24747209341336
209.8050117057159,-74.10587522213693
209.76342236699327,-73.94217538275294
209.77432831035856,-73.74461600151858
209.82531172227638,-73.71021438341891
209.84223695030443,-73.56730565714163
209.80157101678884,-73.40422323877827
209.8238562817177,-73.21124548649328
209.82901853431744,-73.06430713006355
209.80866487108662,-72.90849467623653
209.8715508783067,-72.73002239297678
209.88999037892535,-72.58773513083153
209.9424670274653,-72.40587961163284
209.9255002947812,-72.20032325062687
209.89593297629008,-72.04168281767419
209.93925756143474,-71.85722235571347
209.98754242103027,-71.67465435962578
210.02037140715336,-71.63525973338466
210.05146503335644,-71.59532919044815
210.10801188599604,-71.41602698846826
210.08264644143182,-71.20913291139674
210.176082912902,-71.14058575114672
210.15688749619625,-71.03623431240203
210.23300108743794,-70.96206554596499
210.1953298901734,-70.7518773237004
210.24842312013928,-70.72007559664566
210.3020130602537,-70.68848543963436
210.3900168562308,-70.52103421804436
210.4274767276351,-70.48418730913758
210.4566393879046,-70.44461471582592
210.47915952912453,-70.2556579955202
210.5155328505422,-70.07154506387637
210.5690021277733,-70.04038784184924
210.62245607962777,-70.00926901976425
210.7061302242171,-69.84126634254808
210.7212696340192,-69.65072809993349
210.7510379930238,-69.61204778238202
210.81193180376835,-69.43696305598439
210.86238844666627,-69.40527406580952
210.91284686186856,-69.37362971040083
210.96452273925394,-69.19589727009792
211.0952842443536,-69.04420683443823
211.14853559204303,-69.01372163920453
211.2048926702312,-68.9842931066601
211.2441483492428,-68.85069356631114
211.3342883545584,-68.68598018004201
211.4196414239881,-68.51981861316094
211.4398920437156,-68.38002759288163
211.5585890151034,-68.22475441657672
211.67002778635398,-68.06719776935998
211.7246918102552,-68.03774704741818
211.7641050054275,-67.90413768961324
211.80750678321124,-67.77175010411923
211.97280328706267,-67.63150478745432
212.04589153157653,-67.60815644229532
212.16771343973136,-67.45411717244687
212.18588554791057,-67.31363155690572
212.29531045553887,-67.15571544793134
212.43952341342867,-67.00883913593684
212.55191953521694,-66.85195943744182
212.67376693237446,-66.69810497722531
212.72951440634026,-66.56935376427622
212.88697224300694,-66.42662116705444
212.95519957135835,-66.40229505682352
213.04688185029974,-66.28463116474352
213.0604002341244,-66.14257615891145
213.17356675049592,-65.98607112097942
213.23445915068024,-65.95967115104544
213.36488509868337,-65.80863244622772
213.44815020869314,-65.68808812078868
213.55545979606046,-65.52992056932122
213.64831253263452,-65.36739941617986
213.791528337282,-65.22033753736758
213.9486694093813,-65.07751661118606
214.00612338429025,-64.94878500819262
214.1328594071297,-64.7966853276588
214.23366997289642,-64.63679824346697
214.41668931366033,-64.50172210186388
214.55428564044527,-64.39683213883377
214.6560905048848,-64.23723972260314
214.70233410801833,-64.20733194460286
214.71652408260854,-64.06538196738681
214.73020184450095,-63.92326018604428
214.83077382060475,-63.86623066671814
214.83060077057593,-63.76346237151767
214.89511660883988,-63.73924273655706
214.97725824990872,-63.61743445718183
215.0653814460968,-63.454135393473926
215.1178810190039,-63.42652813233113
215.15144206315748,-63.29033167981151
215.2282009827678,-63.16676768283245
215.3606612990482,-63.01661984071988
215.41968593396905,-62.99114790089577
215.43463433375692,-62.849433305059605
215.52223676660168,-62.68633731703261
215.59130389305247,-62.517968637187636
215.7012519244725,-62.40378340431229
215.8624493381025,-62.26207876267724
215.9261863826247,-62.09232178758137
216.03347889499932,-61.93519513971863
216.11895528956174,-61.81364607069537
216.20459263023128,-61.65036370091178
216.25491233145692,-61.47714600432144
216.26530736476238,-61.33414496747514
216.3497861672437,-61.1708066973533
216.41668340270311,-61.14848033687953
216.51156213547696,-61.02936292528805
216.61756782313253,-60.9132465397255
216.6778247994832,-60.74321350977281
216.73389493021824,-60.572158127850514
216.78724563274776,-60.441153934657706
216.84518102760995,-60.27078619265722
216.86038661893534,-60.234497313090884
216.85547808780302,-60.08736973714341
216.91618289203967,-59.958385118329225
216.9931993226115,-59.79362506252982
217.03801267572797,-59.765827683775534
217.04393782536812,-59.6217642840989
217.0525995506948,-59.47844282744649
217.1429963449743,-59.42343576177279
217.09963646816965,-59.30578967365533
217.1401088612975,-59.27708143071753
217.12201366192699,-59.12658961129118
217.16582867922372,-58.95341933455049
217.2136812009641,-58.92693336443724
217.22190471990757,-58.78374028735989
217.20858787138474,-58.6347214503247
217.24229847587696,-58.45924702832727
217.29001511244206,-58.432994345097434
217.309940491846,-58.29306421637308
217.34326658035607,-58.1178369625039
217.38554491254453,-57.94518546348908
217.37093976469288,-57.79615727142542
217.45016297139847,-57.63355269010959
217.56883269152985,-57.48148103689928
217.59617981420837,-57.30540348401213
217.55235029991204,-57.14889482061543
217.59674197982122,-56.97759365274925
217.63741173767897,-56.843317029544444
217.7006173749333,-56.67711562617098
217.71724555668504,-56.498964075144904
217.76251735651246,-56.328436433050626
217.79000244346588,-56.19080753330183
217.82151003873605,-56.016949621736025
217.8410099248518,-55.840202672671104
217.83753695373485,-55.69473456321095
217.88941873539562,-55.52653419878081
217.9352065967965,-55.5013910816817
217.97441102527463,-55.366898311422446
217.99601618724787,-55.22789490903274
218.06311070719767,-55.06385994409479
218.11062030106956,-55.039399921814955
218.12023189967576,-54.89744318620302
218.17190416813492,-54.729804129383574
218.21401341406582,-54.70418064877239
218.1966317062553,-54.55558141954449
218.1048654663827,-54.38845602120393
218.17045272605932,-54.22474092556652
218.22454821955546,-54.20237844654557
218.24248148932404,-54.06275107717138
218.29807696901852,-53.8968226288194
218.34001577098093,-53.727679124233454
218.3474551890608,-53.58554893233775
218.35685511779062,-53.44388877492374
218.4445100544061,-53.28618527077291
218.4913560319202,-53.26251872441037
218.50625423645667,-53.12227470569741
218.5221961606458,-52.94740081879126
218.52842579121958,-52.77039062349647
218.58040575711325,-52.63920742675967
218.61231590166275,-52.46863316484237
218.67601226499085,-52.30584408207625
218.68953469995807,-52.16546032560612
218.7478464527926,-52.00156271485223
218.76001686273258,-51.82687216567537
218.8132170692525,-51.66208184559793
218.82699569859514,-51.52190906418855
218.8505144310076,-51.35034850837201
218.8860122565698,-51.181782813918325
218.88922332891482,-51.03925475344655
218.94922234764942,-50.87662433733848
218.99468758877882,-50.8539231567503
219.03072751491806,-50.71910810337656
219.08229372152252,-50.587831070913985
219.14682231216216,-50.42650660521214
219.18725900497648,-50.40288355130815
219.17951168214304,-50.25800777398482
219.2153475178361,-50.090405120162806
219.25310826754014,-50.066368232403626
219.22452808411265,-49.91690495180499
219.21839379749923,-49.77257518290815
219.18971374098254,-49.623149195169965
219.22201977810488,-49.45528227109422
219.26402132108163,-49.43254797865222
219.27343615030304,-49.291887826721094
219.3426164625253,-49.1326182315681
219.38958329934883,-49.1111802127046
219.38993749650214,-48.968586743495194
219.41906216628922,-48.832395771909916
219.3884067482218,-48.65126286280485
219.42098993586944,-48.62688618021129
219.39001939687486,-48.47753517075052
219.43201851150212,-48.31292289521052
219.48149134254933,-48.15010927323123
219.47891643366884,-48.00718408135219
219.5160167731987,-47.841883149383534
219.55800703717642,-47.677810175758836
219.5682385322555,-47.50702376068753
219.55634538112238,-47.3623165398511
219.55801094951318,-47.189991470411265
219.6000139421498,-47.02652518375015
219.61500365205572,-46.88774708660066
219.68401074156566,-46.73023479588542
219.72601090417822,-46.70898955317959
219.72602045231065,-46.567115174533185
219.735123674185,-46.42716215806571
219.77069285266336,-46.26290039681053
219.79660509567802,-46.09677931602114
219.7629599655666,-45.948005853528194
219.77899134424825,-45.78010815726098
219.77910641983217,-45.638495804165174
219.79826079690537,-45.50082466204622
219.88547704842716,-45.34795015780528
219.8770053509675,-45.20459484726448
219.85420897064643,-45.05831465756578
219.8940181080343,-44.89593979379028
219.89400938472818,-44.75441005525288
219.8019919220575,-44.6229334330339
219.79953124619453,-44.452246885963014
219.7973630930497,-44.310342644667244
219.8305914650913,-44.17555422214264
219.93154510327096,-44.025953074738425
219.90647995346288,-43.87949057948942
219.89401635563686,-43.73556669944324
219.94018178810654,-43.5752542741857
219.91738080790168,-43.429375836357906
219.91974047134195,-43.288479272408445
219.91031426649187,-43.11755175045329
219.88674045866244,-42.99930095003192
219.89401949355934,-42.85937836212472
219.89708117484247,-42.718627126063765
219.96626832016707,-42.5633160687738
219.97801818231693,-42.42428047938057
219.987886045758,-42.28486804676986
220.0165321243833,-42.12198205803143
220.03173024891535,-41.98363878138008
220.00713751247798,-41.837709152909135
220.01935305495485,-41.67203508508147
219.9944489053577,-41.526179791817306
219.94598456104458,-41.37592434312068
219.95205222026487,-41.23595457678968
219.96725539715953,-41.09768386366029
220.02001811964368,-40.94012168678971
220.08127139319896,-40.78426722956434
220.10525943257608,-40.64768402136893
220.12964722931062,-40.51114364194172
220.1073725215689,-40.34016721602973
220.05923818698386,-40.19043662894892
220.0923183963916,-40.02991623356873
220.17124052271728,-39.87786181596129
220.1864763938881,-39.73981145238962
220.20683841520673,-39.60266350438574
220.25420131453293,-39.44510290338949
220.2300137236367,-39.300023423000475
220.24459642503425,-39.16186863573597
220.26501702635187,-38.999804966209396
220.30267791394064,-38.98157615636143
220.27694414783636,-38.83642464996063
220.25127356996956,-38.69131709439101
220.2779228415214,-38.530806504555436
220.3010793420624,-38.39433327481582
220.32425684392035,-38.25783415007878
220.39346312111522,-38.10496262220137
220.4394710570337,-38.08863700953677
220.4217589205159,-37.94515503856959
220.39800962078485,-37.800660195666104
220.4277848220568,-37.6413617954557
220.4241543849399,-37.50040813920402
220.4204108105621,-37.35943992977817
220.49449608011938,-37.20792974263138
220.53617391759346,-37.19129989158514
220.51605029937625,-37.04769256198749
220.49451984716174,-36.90387536338917
220.5240155157889,-36.74522906292164
220.5442055231047,-36.60845079186945
220.56970465216781,-36.472524756918475
220.6226803417378,-36.3180143743578
220.66090020828676,-36.30125337766994
220.6286715118511,-36.1559331909308
220.61514855690862,-36.0137074778098
220.68433729505506,-35.86218915585832
220.66027753990426,-35.74099792514642
220.65878623280392,-35.600719066051006
220.64051365718763,-35.457745288002975
220.57763717364375,-35.33007662324506
220.54590012273027,-35.184938727629984
220.47188463433937,-35.05538449500152
220.44001570303743,-34.910241020931466
220.45824201413487,-34.77303960759768
220.43128517635932,-34.65073541206189
220.49054557000696,-34.49791812833442
220.437604153682,-34.371401133033274
220.38786296530574,-34.245287785170916
220.3946132500654,-34.10611106600523
220.39801599849227,-33.96640985506702
220.3720681684298,-33.843732660358896
220.38962426457368,-33.70611712440794
220.36130403432733,-33.56149217273914
220.28394081131668,-33.430748940758015
220.2457724231553,-33.30586474917633
220.2687834279511,-33.168930928024324
220.348859645452,-33.01947574370534
220.31401981374387,-32.89485797282386
220.2650835084492,-32.76802858772247
220.24058176315089,-32.62389839963913
220.2244244409318,-32.48103019335701
220.18202521997694,-32.354967211539524
220.19883471426436,-32.21688913136164
220.1988645687847,-32.07634530455752
220.14602102125536,-31.948525180541967
220.1040139022604,-31.822175930391357
220.13307932426244,-31.66545513688377
220.07022345480124,-31.535999322357718
220.06201212222115,-31.394182260527806
220.12799480311185,-31.242945652182577
220.16884371177426,-31.10812458402858
220.1589563687459,-30.966115108152376
220.1914458144767,-30.810373479602994
220.21153636816314,-30.653063184895593
220.18801774121542,-30.50933780867465
220.24460632492634,-30.357326955910118
220.24798007014792,-30.21739165959486
220.24711163567943,-30.076872751336527
220.29534296749924,-29.923953234530632
220.31254805058563,-29.78593829206764
220.33858132386135,-29.649089362800243
220.36978320435023,-29.49410999021407
220.40858722330321,-29.480534616583604
220.39801617533405,-29.338892909361153
220.3714248646418,-29.19514226492973
220.39933308125387,-29.040134237048388
220.3999829298372,-28.900079987341428
220.42173962148678,-28.762779138043538
220.48201299293376,-28.612259246415253
220.48201253605342,-28.472156237982887
220.49662408608214,-28.31593781918708
220.49582734559712,-28.15793145549782
220.46117737272505,-28.013594658822274
220.42906985893072,-27.86962329421829
220.4827783837926,-27.718896923065262
220.44001425804714,-27.573710915627174
220.44618329921522,-27.434668916809652
220.4994171583816,-27.284142059615515
220.54051313675103,-27.271941462100934
220.53304971170584,-27.131326985671564
220.5136844348833,-26.98926526453349
220.52582843215177,-26.834067204312277
220.5026896618287,-26.691667722357906
220.4980423577937,-26.551524206366583
220.51265784983457,-26.396983958329418
220.56249020513272,-26.24681142505482
220.52690285348936,-26.10315383360246
220.57380076162875,-25.952844592826505
220.59851864174263,-25.816373038720823
220.58547995187587,-25.6754755004999
220.60724522951037,-25.522497746933546
220.60925094808596,-25.38343114953583
220.6404329281067,-25.247700634460376
220.65711776647768,-25.094435694283398
220.69653543330938,-25.083090358255323
220.661221584233,-24.939921065317282
220.66478894133988,-24.7855357677262
220.70933648819297,-24.63591472299107
220.75395200176885,-24.48643349213226
220.7563715611035,-24.347749028043612
220.8383970988963,-24.202557292118467
220.87929104792656,-24.191821305963824
220.8692243796172,-24.05186966751992
220.87639058665505,-23.9137964510219
220.8841937877948,-23.760845572274043
220.92258605407423,-23.750054432447374
220.94552704345043,-23.5989812092111
220.90931530554292,-23.45650059535356
220.8892260176233,-23.30114656078068
220.92547258260552,-23.15191614303242
220.94448719452689,-23.01544759931337
221.02547319233642,-22.871039060541783
221.07006112004524,-22.861335145785894
221.09512105988995,-22.72554450915798
221.06503044752262,-22.569961894458924
221.0983384697889,-22.559251654976133
221.13456264770494,-22.42471391795544
221.06769508444788,-22.279741055713696
221.11269011794835,-22.13222054296214
221.16227182505384,-22.123362480295466
221.15308063589814,-21.970653362921308
221.17026227537255,-21.83436297713682
221.22393784503538,-21.688099027468404
221.25991740434935,-21.54022772069453
221.30268860956525,-21.393152323794602
221.37611032258698,-21.249148801519556
221.40943626092695,-21.114545027518595
221.43890129365093,-20.96648468828059
221.5696587763994,-20.828093529878483
221.54061842189552,-20.674799068433977
221.53785496619216,-20.53691559940463
221.5894147630913,-20.39136997440185
221.63095357797314,-20.382538162205172
221.62599082760244,-20.244572278882018
221.6443785717832,-20.10873103224538
221.6958914372806,-19.96346521954477
221.73668501083668,-19.954765230978673
221.7309928905382,-19.816848858644224
221.77328514895683,-19.67100843641191
221.86118060935246,-19.529310408249696
221.87221342128535,-19.38096483773847
221.88406920590623,-19.23286036375808
221.89052328245998,-19.09625681479732
221.9114273964118,-18.960879947760542
221.92214165605975,-18.812983518175376
221.96091997516436,-18.804653837865466
221.94937850182754,-18.666646081020843
221.945005676878,-18.529251055596546
221.99934448827457,-18.38537576872986
222.05915249853712,-18.24206019611714
222.0441429778658,-18.103907773160476
222.07562118132233,-17.958461723134697
222.0878759841514,-17.82259075394679
222.08146606481517,-17.68521833563436
222.06752452877566,-17.536451823228475
222.0782494995708,-17.389817110670496
222.07353204423353,-17.252763043186587
222.08249807257616,-17.106240654056577
222.09167362452885,-16.970335664805148
222.10487319967484,-16.824375480677958
222.18354528950394,-16.68349467398054
222.2305326851456,-16.550493698791193
222.15963517882778,-16.4087280013326
222.16945652093318,-16.26297043392572
222.2049808192126,-16.119244238365233
222.1663668053139,-15.980120812017999
222.22626506884868,-15.838351694327688
222.22045549336758,-15.70166578659832
222.18993393698736,-15.563256057569362
222.22006231924442,-15.419639026645914
222.27243971034136,-15.413827043313827
222.29666425305484,-15.279355330627018
222.2703484737182,-15.141411056547948
222.28191176774254,-14.99687096197173
222.26248006898606,-14.859512609786863
222.32783927042667,-14.718785499845653
222.34230124216853,-14.574814166145506
222.3601212453133,-14.440041604020276
222.37631437083044,-14.30514259858994
222.40988974607453,-14.162672938997728
222.39299873459186,-14.017155428768437
222.37293680050402,-13.880108451849487
222.4120305366384,-13.738353505334686
222.44380506829555,-13.604573327637265
222.40916099901762,-13.466732766207652
222.43332570257874,-13.324328468335308
222.47384818429543,-13.318633336279749
222.4594495779218,-13.182184396118773
222.4771510338753,-13.04763558255713
222.45152292025514,-12.902686380846532
222.47510958237032,-12.76076772657698
222.502016851632,-12.626863290286337
222.51775678605216,-12.484699109710638
222.53378395840545,-12.350213627475066
222.5348109369562,-12.214885286838964
222.58594300709916,-12.074929346649983
222.62922398604158,-12.069938646792707
222.62972812294097,-11.93468749816018
222.6071762448301,-11.798213764603965
222.59757479288717,-11.655363690950091
222.59092190185322,-11.519842576719777
222.5904757925099,-11.37773763824691
222.60803638692545,-11.23671455846541
222.6114355040209,-11.101864904796436
222.60518628628301,-10.96653580726811
222.5960999053079,-10.82451081432805
222.5802894459704,-10.682346197217301
222.5301861668943,-10.545133158335812
222.5400117650573,-10.4044813772479
222.54001941784517,-10.269748978085067
222.54001152234176,-10.135015861548581
222.51775010779215,-9.99323252930415
222.47766355564747,-9.85681874390706
222.532839616078,-9.724616415240705
222.51051590546115,-9.583209025814535
222.45097151825783,-9.446128570276793
222.36453012524922,-9.31362618532144
222.310252538416,-9.171291355291622
222.28802192284087,-9.035956814458354
222.28557221778735,-8.901441287249327
222.2507899787034,-8.770957308015834
222.2896829969811,-8.632769037591041
222.23334864097302,-8.496196887365187
222.17064145763442,-8.359453082102108
222.1747035997293,-8.22525702028792
222.10639737890676,-8.088420616193565
222.0780193747156,-7.9530967378111495
222.07801393359864,-7.818806106054579
222.04823919385325,-7.683485380519979
222.01503956242533,-7.548084224790313
222.03814591700697,-7.4101225711499135
221.97852938520043,-7.278382391696625
221.96030504857373,-7.143565581393204
221.97482225913078,-7.005568503105338
221.9261549089528,-6.86991504501392
221.86377317826924,-6.737976144859515
221.84564779419958,-6.603275753883865
221.89349435872447,-6.466610702018537
221.89230360861822,-6.332478950578844
221.77584217863995,-6.195128645218778
221.73110372042714,-6.059879281585373
221.68206659508107,-5.924569107763056
221.62638826039694,-5.789144727255971
221.59181093416078,-5.654326074733051
221.5784524320814,-5.520077829114027
221.6048760116861,-5.386812759767001
221.65801928288408,-5.250975769867177
221.6052813368109,-5.118975427929642
221.5874351877679,-4.984650383224425
221.60619683003904,-4.848218341418476
221.55931629224477,-4.713377761237512
221.46676567979264,-4.577649823459418
221.4397451611932,-4.443348589783749
221.45855992975686,-4.307370512305434
221.4373186786349,-4.173296834277135
221.41966960564764,-4.039314330253771
221.44372508454836,-3.903732457004979
221.42613941457967,-3.7698492847395086
221.40855160781373,-3.6359872941517173
221.43273967104045,-3.5006956078550897
221.40139005682877,-3.3667222791316864
221.38714545619987,-3.2330365440942987
221.32626715361175,-3.096848064478957
221.29522777754326,-2.9630804272690385
221.24188376532487,-2.8290649794151674
221.2481147533264,-2.6942164141012714
221.22566215720266,-2.560731849503972
221.20833771341094,-2.4273305960746114
221.27047470321168,-2.2933933251668894
221.31211317763092,-2.2924453273338488
221.287653217999,-2.1591037595387435
221.2944726687407,-2.02607799443354
221.34654316398658,-1.8922930359868626
221.29987991477637,-1.7588785560617806
221.27246260189455,-1.6256615689317009
221.27778519011295,-1.4918017287653107
221.23807539725,-1.3586354885015606
221.24379538799334,-1.2257686528983187
221.30423556086146,-1.0925089695884111
221.3458890090021,-0.9598311326638216
221.31171163479152,-0.8268199792676207
221.31941884710844,-0.6935648209334251
221.28644019632495,-0.5606934025834155
221.28162627716983,-0.42791602264710094
221.32631750735683,-0.29503343542290433
221.26791016594134,-0.16227822808863177
221.2800114735477,-0.029584758369695954
221.33536261671176,0.1029843884562988
221.36558302221746,0.23557537304644519
221.37195711661147,0.3681628972187041
221.42090014440453,0.5005545627624925
221.3622507565748,0.6329175526664481
221.3606173588478,0.7654074802865598
221.44075692244573,0.8976898381254633
221.43830238008104,1.030141699124982
221.43347912924514,1.1625781872869982
221.4858430514815,1.2945689638570297
221.47811991384685,1.426930248442887
221.46127298498394,1.559218061895901
221.51598596688407,1.691021392292501
221.52775117902934,1.8234681760478249
221.5325627266971,1.95586762606673
221.5582652535057,2.087222689472675
221.58431911193944,2.219779848633644
221.61218451515072,2.3523873515220544
221.70680558234542,2.4828115398233424
221.6649268760497,2.483823919709123
221.70297098931567,2.614993254456555
221.64514506787677,2.7465013651263805
221.67104966331146,2.8773119371325566
221.66918077083045,3.009413382522424
221.696496834089,3.1419262149233433
221.70725416737167,3.274227067368539
221.7487921576858,3.4049841291355962
221.7516740405742,3.5371245189107343
221.7076997584539,3.668493035201279
221.76882801034023,3.799347603698485
221.78533004717855,3.931667849666136
221.7778266082503,4.063567899200592
221.80713169957485,4.193658709637398
221.77681022841722,4.327614197557848
221.7531650058176,4.459171183105241
221.78039586469734,4.591753355942935
221.78234108233485,4.723829383157888
221.70666160034423,4.857099777023636
221.63135755923113,4.9904472786637815
221.6369049262717,5.119627105034157
221.62968861417372,5.254614028293737
221.6609003078765,5.387474793975221
221.645150264651,5.51920336914185
221.60008877119495,5.653535595415875
221.61210651389828,5.786012660908375
221.59722478654984,5.917785707063089
221.53897783286507,6.0519664845878465
221.52318341221542,6.183731288258086
221.55771478708573,6.316912097905883
221.52602332273509,6.448206498991813
221.50283529408384,6.583644527837401
221.45922788635087,6.718597209399016
221.4859755670044,6.847649397222073
221.42226628329217,6.982063764512264
221.38952508074482,7.113305726131254
221.32924041096553,7.243607128150587
221.3697089415881,7.3771941156868825
221.34606954806435,7.508654747550805
221.3871641482336,7.633200489186145
221.3440435268347,7.636270759073613
221.35465728696752,7.764175389634987
221.32214048392788,7.895111137818164
221.3406517403425,8.02307097443171
221.33854770694253,8.15500202134474
221.27649978441838,8.284686233852016
221.26244155766793,8.416121810920837
221.31685843291052,8.545089703633135
221.30342501205465,8.676478731900085
221.30109812180282,8.808293811730623
221.24665841719892,8.938000845753434
221.1703423600144,9.066746174291595
221.08471895789535,9.200497377606803
221.05995843165994,9.331308123147835
221.06815349482997,9.463500099154132
221.0788869986864,9.595812029979967
221.07001718763718,9.727274200817023
221.070013758637,9.859121208182069
221.0280175392945,9.995031484637305
221.03761464307934,10.127371976848153
221.03224105595712,10.259029071138292
221.00037019639254,10.389434090381252
220.89047792511056,10.522365983250968
220.88617753638744,10.654055972256725
220.90179383222545,10.786713364403187
220.79173864831944,10.913177782335781
220.76009491646738,11.043433269426506
220.7334887950973,11.173905978952192
220.67572603818346,11.309504203053283
220.6829424183213,11.4417262573155
220.68769993895037,11.573827981425653
220.69307408300097,11.705968097365897
220.64733714550945,11.842448621183122
220.61587349100495,11.972650871573626
220.5850722356408,12.102851845970871
220.56400782340432,12.233556045321919
220.44363964428592,12.358667820491647
220.4086066628683,12.488470814506021
220.33756943689713,12.623717222592969
220.37750303035227,12.750205352234943
220.4112097785014,12.876226287037603
220.41120100449356,13.007915635088535
220.47354491989407,13.127635239911827
220.3877916994426,13.138209972106491
220.45883827181535,13.258320677427301
220.41595342199082,13.263656822651136
220.44395920068516,13.38897808989131
220.41225595334035,13.51858586354618
220.460644122381,13.644973075648945
220.51346644047393,13.771544227466325
220.53528053403846,13.896073667105375
220.5044394919917,14.025483520617083
220.52604389720727,14.149794788001133
220.5836878282028,14.276316338266824
220.58129252852825,14.407403900940741
220.5508934106614,14.536642864674011
220.49542473756102,14.655458608913266
220.5401226253469,14.780780451694573
220.53051854613338,14.911193203383226
220.55908196648724,15.035262796327624
220.54470797969205,15.165269952680038
220.57331829856003,15.289160670542978
220.56710876369078,15.410505562509849
220.53015114162923,15.538746391322057
220.49460500901085,15.667043664207007
220.56097803999066,15.783874367124843
220.51838792457912,15.790182473084341
220.56632650680436,15.914946492068086
220.57456168839815,16.046234956243836
220.6033681849687,16.169461192449536
220.6542162653488,16.29420333045458
220.64814422338014,16.42433804940362
220.59577257492876,16.541202437920948
220.52217977979035,16.66611550895037
220.49858025266195,16.79474936966382
220.59041081266773,16.91220957438043
220.54958379892946,16.919074685449345
220.63008536322633,17.04559234741001
220.5988414554693,17.17350103348591
220.66958071207128,17.28894490502085
220.62634836727167,17.295763462591946
220.6435613568653,17.417101488094332
220.62572066018774,17.545877795392936
220.69796689800793,17.66100816036696
220.65484726578816,17.667970629487343
220.70665618176443,17.7917823643828
220.72320259765726,17.923204827125577
220.74825490314663,18.04470741486588
220.7274147629606,18.173018336576185
220.76336329322234,18.295237311638516
220.8216428698114,18.419217456541514
220.7615631036746,18.544087643340973
220.73223449236897,18.671488341348415
220.79188698947672,18.784330763121126
220.74739052946785,18.791587873568446
220.76419428843127,18.911705218877604
220.6876645655871,19.034834818772854
220.78480362747612,19.15044863125457
220.74418130388304,19.15817007216949
220.79273717683907,19.280731704147268
220.76641157665262,19.408012300618285
220.80632285848472,19.518211346103282
220.7594080044882,19.525511417088662
220.7661306717853,19.644085930918376
220.73712289841407,19.770915151330666
220.7625139825635,19.890953268760377
220.80779174810706,20.012682948280283
220.84405109296628,20.14529070464031
220.87796523008006,20.26585838248428
220.84917172018518,20.392465280097014
220.86747053363368,20.511410379248805
220.87388648617517,20.62912797991216
220.81126507690462,20.76449266663746
220.77983346254908,20.890669512605403
220.7400372481081,21.016013221202506
220.74774971664073,21.14586132696964
220.74331889937204,21.27454812290965
220.74670960830153,21.403988124639337
220.72089430373427,21.530583144086737
220.66425146871106,21.66679557021702
220.65088706532225,21.79461603193908
220.6281678707301,21.92149136419668
220.6340542313011,22.051199077246974
220.65532438427206,22.18246021139687
220.63729237739457,22.309772197976724
220.5981492424962,22.434916068834617
220.53728196632798,22.5710014044633
220.57394496712215,22.690629823760588
220.4974426682274,22.825160955692713
220.48419438176586,22.95290024162117
220.44002231424972,23.090908197308373
220.47197672292535,23.209835455933213
220.44182077589775,23.349419635711033
220.36305387456568,23.47019194053586
220.33690408753506,23.596506859664878
220.32376858163815,23.72419249715772
220.29642379598977,23.850324378619202
220.2741692298226,23.97697828981355
220.30669171356269,24.109600732644072
220.28945471288714,24.250995797448937
220.33812211819907,24.37124189975949
220.28158135455377,24.508415654689678
220.30426923642585,24.640096503534426
220.2720236533039,24.780155403672538
220.31257949390806,24.89934892805642
220.2928254010413,25.02626625208469
220.22899804981552,25.16287975985455
220.23740157806253,25.293033074449713
220.22656814162474,25.420975705900148
220.17007706595538,25.55860143119318
220.1854687084438,25.674556920160303
220.10210010460193,25.80908939821204
220.079563632121,25.935623112770962
220.04238575924936,26.060396338913172
220.01631793882012,26.186448245535153
219.98094866533006,26.31135702805002
219.9478531021601,26.452023668961857
219.97732392993947,26.569156128648565
219.90434549907187,26.705089813241624
219.81869112762374,26.823786970942738
219.7745255574275,26.947470634285153
219.76801855034762,27.07574201113562
219.7260178741282,27.21559568128816
219.77814650924506,27.351203438910353
219.7412138381679,27.475736522509862
219.74601424819824,27.60546889441632
219.7332021938136,27.73298400244639
219.72040696164885,27.860486185708435
219.68992469150342,27.985720225789596
219.6092403196683,28.121018938110407
219.64561137043802,28.238221554694622
219.58159470236214,28.375701700714778
219.52856779758767,28.497929449973224
219.4673418049337,28.63586321250464
219.503605964293,28.75282012708613
219.4909123319216,28.88021546099745
219.4056491348197,29.01506514306005
219.44076946293427,29.13167493714326
219.4320171132186,29.276750857121975
219.43201494490333,29.40584992104429
219.40619136971097,29.53147349164648
219.36809792298328,29.65540796651814
219.31000135269605,29.794110608702177
219.27616414925598,29.918597299110658
219.24063176932182,30.04281185880662
219.27746012309825,30.176942861240196
219.19889603498123,30.295168997963586
219.2050773100597,30.425065060968688
219.19252617163392,30.552357366410412
219.13622297840348,30.6915782512314
219.1217397931591,30.818618457454495
219.08394525715673,30.94234922006952
219.01289516195314,31.07962576395895
219.02715030607757,31.210737679223648
219.02619520663973,31.339690017323
218.99776994896024,31.464694430802716
218.96854539929024,31.589550027991013
218.9551515650579,31.716664328975728
218.93278544992384,31.842457877659278
218.87651076685285,31.982122725117144
218.89733323299808,32.09532654390301
218.8516929905863,32.236619675490125
218.8392816899303,32.36384584050935
218.7830672134901,32.5037217022719
218.8081786485147,32.61731804201357
218.8030671372063,32.74558905854535
218.72378776479144,32.88210180629542
218.74371308327085,32.99470221526452
218.69110265582705,33.135274154182554
218.6760221941681,33.26202337077526
218.67601523195017,33.39105646052752
218.69392017196503,33.52283519565139
218.65565304683625,33.665856704833935
218.63402110838595,33.79161162887666
218.64090530772577,33.92176523949447
218.68122312131183,34.05713388753216
218.72995874229883,34.19386609290615
218.73654219819156,34.3240413480082
218.73146667905468,34.45238797222458
218.6836139168284,34.59439066727916
218.73489889069043,34.711218777540886
218.65877844884986,34.84881469855974
218.64168212400455,34.975256290318406
218.62740054609824,35.122879052396684
218.67601782904887,35.23912205612025
218.63401368099306,35.382417751302654
218.58825668226095,35.39593582994684
218.54255325990002,35.40947858976363
218.49506213738874,35.552133016665685
218.50955022897767,35.68388445913491
218.47082898784444,35.69870062854886
218.4321100488292,35.713534742442214
218.41348634912737,35.86124128862879
218.37478233197587,35.87616896139875
218.3155699034352,36.017406170538486
218.2585127540638,36.15909793789049
218.21401610615675,36.17322308433448
218.1720143434954,36.187778861173605
218.16760753960676,36.33847524653229
218.1268497573237,36.48326596003673
218.0872005915874,36.498376218381075
218.0799071318809,36.64898652242996
218.04442335841952,36.6648904740844
217.99507105493197,36.67847998710935
217.95390253072878,36.82368520262267
217.94867843867945,36.975112803421965
217.9059668556979,36.98998050694305
217.85393410031804,37.133678458687754
217.81335677320607,37.14899736290051
217.77277951420353,37.164334638864915
217.73542925758323,37.31080053884111
217.71910506176587,37.43855265374493
217.67429161027738,37.453304486352565
217.6296071989544,37.46809624741845
217.55863799562417,37.6090660272968
217.51235926487797,37.6236665610315
217.50075183206957,37.77509610582764
217.5239051384379,37.909941910067374
217.5447139862399,38.044405563400694
217.54634591237874,38.17552903674926
217.53456763136938,38.3042931540727
217.54330947774093,38.43666870531003
217.51159775327116,38.58508898225232
217.47560697553754,38.732887702557754
217.53197665593942,38.85052040254599
217.47962316190072,38.995513938275046
217.45878726000385,39.12272085092105
217.47991575054377,39.25747769771356
217.48455386585277,39.38927336874388
217.42926882837844,39.53399109655466
217.47729968651038,39.649867688640995
217.45174489592463,39.800112953483016
217.39643971229594,39.94504214215287
217.38117577078816,40.073291522346395
217.3845115729612,40.204962494669545
217.4314871421394,40.344734912636824
217.37956058406925,40.49056372205813
217.38392020318088,40.59802014639364
217.37783103528457,40.752503684274636
217.40196769488978,40.88817427949068
217.40784589619568,41.04518910683572
217.44218380332734,41.18292093529307
217.42675062790212,41.311237675593055
217.41601669067583,41.44043147991823
217.4372649710339,41.57572757950253
217.48381264043738,41.71590204462389
217.4258295973536,41.86128706804312
217.3669130970882,41.981226658917535
217.35784320419674,42.110752328207724
217.34944013495905,42.26592393953362
217.30550931388845,42.38870621550455
217.36705508120107,42.53207393091598
217.37402148683012,42.66480354144278
217.33201382211263,42.813773469650265
217.38465042766526,42.92963556655329
217.35281566619514,43.08073759721293
217.29002067069396,43.22582499171662
217.33202017324004,43.339456870497244
217.30317795451253,43.49140759763561
217.30638153393582,43.62353330954987
217.29143912837782,43.77849802089281
217.31495464810965,43.888233793042524
217.3080866843633,44.04498242390273
217.3320238940025,44.181413797403096
217.32077056675652,44.31069896804311
217.24049078106884,44.45276765598176
217.26277175587867,44.58894432338387
217.24538075810023,44.71698205489542
217.21300285775985,44.84190478814702
217.20601791540997,44.9720458505971
217.164019281284,45.12224270861053
217.16380894031045,45.253836228042495
217.12537081248243,45.37744019529594
217.12916440767847,45.53745248539636
217.15423821131293,45.67442235467792
217.1424342578527,45.80364371083723
217.12521235312673,45.9317046087247
217.0458037918359,46.07449734830142
217.0800186266694,46.18547660139624
217.071748483428,46.34348715709052
217.03801483018285,46.4962245107092
217.06212533664996,46.60490326163414
216.99600593202732,46.750775191914144
216.98637426202433,46.88046938484741
216.95714866899806,47.00590666300631
216.93524428898354,47.13289910449908
216.87803323363303,47.28088477896626
216.88675189539128,47.41457433140317
216.92774766915707,47.526471402535066
216.91604005264753,47.65563297255165
216.90587489629877,47.78512013255102
216.88234168449316,47.9116417993428
216.8700169418417,48.04061776205933
216.87001298315434,48.172315513652826
216.93105137993706,48.288285359165684
216.89910079773261,48.44220923836996
216.88409249672858,48.57056446548889
216.92583841561796,48.68208270983616
216.91807444941793,48.811988204365754
216.83798580277073,48.95527654300755
216.80695395281887,49.07993085061198
216.8607745215448,49.19393356930977
216.870377003327,49.32773077234845
216.8086876990577,49.47530749201624
216.82379821700837,49.580317611643146
216.79369339155724,49.70500603152999
216.78601474683612,49.83481324509538
216.78601830574644,49.966381787177156
216.81897848683118,50.10556641143587
216.73960828125462,50.21876399028989
216.82100839279164,50.338662827834035
216.8205776248896,50.5007020568237
216.81640022570986,50.631315241889844
216.84727202402306,50.739335602389396
216.76026638849277,50.88131096791887
216.70202081479073,51.030125666206516
216.7003622802262,51.192418324707404
216.72637629568376,51.33025514513281
216.67858941771877,51.4505994662496
216.60077141786488,51.59508771963875
216.59286106300266,51.72489371004394
216.54230045547533,51.87601982597063
216.54871958539658,52.00930115505762
216.50685551425616,52.162699217527795
216.4693509521219,52.28543870638915
216.4212010255793,52.30564968987788
216.36602395241124,52.45605898903634
216.36408417328943,52.58746059060276
216.35493086430515,52.71710217693723
216.3271623152626,52.87441192437526
216.28558128237594,53.02849325394267
216.25443156843716,53.18527743277779
216.29722419176912,53.29533189945221
216.2178701315676,53.44033391110248
216.10493768962854,53.57709133435943
216.01854548645298,53.72047803633226
215.97740668568093,53.842286040793965
215.9428752078789,53.96569496260064
215.90964232709493,54.12247496121286
215.90401241069392,54.2531381631015
215.90401755438066,54.385213922363434
215.86684344305593,54.5079016635986
215.87441578914368,54.60846458285283
215.7883484145132,54.75208853227835
215.75464386127672,54.875519749378604
215.81734585628445,54.989850148386815
215.74906239349423,55.10435064176504
215.70319017067774,55.22450538824938
215.67378861092368,55.34883094831981
215.6985786276314,55.45315949572062
215.6940202023302,55.58377235956645
215.64366377281775,55.736603608760994
215.66989540390793,55.84109552946513
215.65202448647554,55.968227518468204
215.6520153097406,56.09998424542233
215.68822951252886,56.20684501939203
215.6557660090556,56.33006620304511
215.60769225653897,56.44916075655718
215.556708835953,56.56743303256496
215.52461773765575,56.690612397176764
215.4737797566434,56.808810030181505
215.47452148292035,56.905828755842286
215.45370971343425,57.03180975113824
215.4425546945098,57.16032743542845
215.48401736132973,57.26787708662819
215.47199884816544,57.39609125803684
215.40380861079393,57.54438799395178
215.42914872976843,57.647441361743255
215.40218431145007,57.7715915398074
215.36510995975175,57.892991144843386
215.37107836998902,58.02594224346239
215.4149199773476,58.13367409444759
215.37030850292174,58.252901055561196
215.2968189018183,58.39983929657565
215.3562255548691,58.511607137318144
215.33353820390897,58.63668683163589
215.27407398749017,58.751701881855304
215.28016508379648,58.84870774748221
215.25294278107737,58.97238103462975
215.22772369496164,59.09657119561093
215.24319827206835,59.19587160976473
215.14673516410747,59.336433707147954
215.1271615302566,59.462073518016
215.10792842597849,59.58778381478733
215.14244039184206,59.72839152412049
215.06210494154445,59.87355723419164
214.9990719081603,59.987048681307044
214.94518692104265,60.10302127107911
214.91764460157756,60.22631017429438
214.8616230947639,60.37836748143795
214.850797664611,60.50635483349793
214.828880131248,60.63119845497252
214.75692053038077,60.77892822115955
214.78285289697519,60.8801841281192
214.70572539827307,61.026481034292445
214.6804293505274,61.15029646479512
214.6258820192097,61.30314042951048
214.660404978439,61.40657902690805
214.53699554817985,61.53974760634415
214.45741828941883,61.68553579331402
214.50297334724607,61.79194245275643
214.4630004106345,61.94920669683435
214.4116914610713,62.065387026670564
214.34182182772668,62.17612058928181
214.30543961082992,62.296503239651216
214.21241677069835,62.4384906294575
214.20205572799972,62.566423821568684
214.1835355455666,62.69195614837362
214.09396286115228,62.83503961516952
214.02955639495252,62.947064587102034
214.00089271424332,63.06954474099286
213.97131110768726,63.19171873694731
213.92508969190874,63.30893216056465
213.80677295328215,63.4435192193346
213.76178603378082,63.56101416231615
213.70740561833895,63.67565517259108
213.62863548865622,63.822013181182385
213.58262573755354,63.939082122051246
213.53123009813032,64.05447905993181
213.4331565424241,64.15578214542553
213.3590427181351,64.26418181562461
213.3269948526069,64.38518681739134
213.26949943127528,64.53798456708766
213.13368410637577,64.66713606897433
213.11395672857503,64.7521302196808
213.00112307053823,64.88815216694326
212.94816020566742,65.00260350537798
212.95753160536336,65.1360556985435
212.91208486932956,65.25271887161719
212.8548201119601,65.40580578905787
212.8707289956196,65.5011209070661
212.76880496886017,65.6404869334403
212.6335762303567,65.76959747151689
212.53231589430928,65.86876753440237
212.4610645036581,65.97713215689038
212.4469366567809,66.1031833617703
212.33660027734047,66.23989276939173
212.35689053142843,66.3359316642237
212.27271934911673,66.48078773646792
212.15493419676304,66.61516386786326
212.11606788779906,66.73335552384981
212.08971658128638,66.8554444047794
212.0401383624282,66.97016496439943
211.9763470037959,67.08032679328555
211.89858932274265,67.18598193700564
211.80117681675378,67.3266856515616
211.77067103587655,67.4472517252031
211.73942172861825,67.56754300525162
211.63340039341213,67.70553620578387
211.58297375891937,67.8196315737194
211.56533660332423,67.94419520637898
211.5613836277801,68.07314022407311
211.48646344577898,68.17920190198453
211.3842449144415,68.31840357297554
211.3323208741952,68.43177560267192
211.30046439969018,68.55159413714951
211.19750377637095,68.69056611906974
211.18747599877724,68.8174492361296
211.17251575977053,68.94270966478759
211.13669083864266,69.06112698385868
211.0716757762029,69.21258665336053
211.09970479003022,69.30921013260223
211.01081741963802,69.45286237291032
210.9184480930811,69.59543327520308
210.94206004742597,69.69037833166337
210.82825908045245,69.8258412633644
210.75411122625397,69.93132145671449
210.68510144094716,70.08165942491422
210.68650542328237,70.16888101633762
210.60221412134618,70.3141366332783
210.60251602387638,70.44426191512332
210.5958387829478,70.57204881293977
210.49191125559244,70.71083457727711
210.4360659509291,70.8220763703023
210.38366899957325,70.93441183437864
210.3898910016013,71.06648314420805
210.33820476209797,71.22296556422044
210.27266319629206,71.3307537622204
210.26763853302364,71.45902747609858
210.2194122597921,71.61685669255277
210.17946624308493,71.73325210318654
210.1340510353997,71.8477281057517
210.09891540529048,71.9656690137698
210.057195141624,72.08130693364848
209.996614468929,72.1904096109037
209.93103305349217,72.34246174620112
209.90134630471863,72.4621440762932
209.82842441764055,72.61177824180736
209.8206597595728,72.73903415949248
209.7906756332724,72.85856382254083
209.73663383997555,72.88493353068122
209.68411122616817,72.91186419384167
209.58871833842227,73.05395293568284
209.52346971821203,73.16121034720805
209.4586812808684,73.18399512972557
209.3938661816316,73.20679890000251
209.28651681353506,73.34484676440361
209.24010299223679,73.37419141045905
209.2243070095662,73.54453475698804
209.12628427774914,73.68609782762121
209.06967303930202,73.71205682072343
209.01305629642624,73.73804624549801
208.94048932687895,73.88880413351393
208.91724243176967,74.01093534625126
208.868057486393,74.0397075562223
208.81885871683045,74.06851081193774
208.74935715113534,74.22063578007455
208.69832057627033,74.24890362728279
208.63979603003568,74.27454118605061
208.4984271751909,74.40127997191615
208.46427349993564,74.51965074126745
208.41104270657846,74.54731029419942
208.33796791096472,74.56790201121717
208.27770315704376,74.72379436797684
208.18073173790637,74.86660624022177
208.12384470305085,74.89317069804328
208.02773382304588,75.03642132140762
207.97810711673318,75.06571071274351
207.92846583771657,75.09503171284776
207.8685172464281,75.25158786062646
207.8482811297704,75.37517245678492
207.8231050827289,75.49693700888928
207.72476739463715,75.63968658892968
207.71402025804602,75.76668145804653
207.65043632895367,75.92220519325438
207.63520704182488,76.04757810564897
207.61001111824882,76.16927518725848
207.5589085647331,76.28141936431295
207.51259631216152,76.39526262545353
207.4433501355246,76.54886400137029
207.34559280229342,76.69202633120732
207.35550943081623,76.77814432496955
207.24374232123418,76.91607294694896
207.19287102408222,77.02801984261069
207.11310112713207,77.17787282037753
207.16106240173636,77.27780854910195
207.10037244815737,77.43483244208204
207.0226536006084,77.58559624933342
206.97897326491042,77.70008360087324
206.93908633158927,77.81594216555709
206.9043022975911,77.93367238030955
206.8177219832983,78.08118091210915
206.7682140706523,78.11190545700099
206.67973910397694,78.25885530770883
206.6389822615509,78.37431349109552
206.5815291145748,78.40218463157467
206.52354716938473,78.42989030778779
206.38993747823443,78.55987417195188
206.36993624299672,78.60214444027518
206.2856289608132,78.75104199781168
206.15454821788316,78.88212449019888
206.08787760268308,78.90678628082394
206.0251714015775,78.93299833199652
205.921548344322,79.07474169700053
205.90733700786063,79.20045952573349
205.85919319149187,79.2324171205518
205.8098418899846,79.2639504439037
205.70210440384616,79.40431850712712
205.67429790464814,79.52486222805939
205.6246479844954,79.55644403591182
205.57499210803806,79.588063905297
205.50553890692527,79.74347622100052
205.45585948707344,79.77521532552754
205.32706530730795,79.90773184915544
205.21346171646474,80.04617842951522
205.15561939342595,80.07492286622207
205.09655270524493,80.10322599284183
204.995092395767,80.2465973595873
204.97109907868133,80.3687895551734
204.9175193861218,80.39939475465997
204.86393375862133,80.4300369696029
204.7745128969818,80.57835255124839
204.67598296736784,80.72315137501448
204.62363280093606,80.75447985530477
204.54952747606507,80.90907917723294
204.4914940584297,80.93828475602197
204.43344366871926,80.96752130444872
204.34310222046804,81.11594192145934
204.3171206131344,81.2375552044561
204.25601124041026,81.26573082819307
204.1833686609468,81.28935129196175
204.08834246994638,81.43612017606183
204.10328612100625,81.57412768935491
204.02812754081435,81.59687810582595
203.94906308338784,81.6180949095668
203.83665554482047,81.75811563292342
203.69425313049172,81.88611408679063
203.63728213338115,81.91634474459731
203.55618084614457,82.06910543775152
203.49787664613086,82.09891942308293
203.43956692259115,82.12876995557649
203.34077545986005,82.2746279657072
203.30039053409635,82.39058314255026
203.24201561285435,82.42056009290458
203.1983866018792,82.45655990119921
203.1693860485014,82.6310155177596
203.13928129153066,82.75122084619524
203.06767027033527,82.77602019051913
202.98392546628165,82.79590262013538
202.86049831629467,82.93214095753213
202.8066351147738,82.96432068833143
202.75331363955138,83.12939423375721
202.62764325805503,83.26488406181223
202.55140175714388,83.28807257299799
202.4973583377981,83.32042519825823
202.4140180276018,83.47351310737417
202.40721089876104,83.60345682693765
202.35857836184752,83.6382243743665
202.29879244112118,83.66842467736534
202.08225070563714,83.74385483758309
202.15936119679705,83.7985523968136
202.0998378142138,83.82896743160371
201.97063357134252,83.88569889481334
201.90598475856797,83.91410129035255
201.83697688031086,83.940728273721
201.7009284356958,84.07256409728329
201.66125495979324,84.11152047288765
201.62553229058122,84.15217726260727
201.5630250996446,84.31494732806837
201.50878067213745,84.34801596236672
201.45326089866725,84.38059418481288
201.30615812428175,84.4867539175539
201.38210699459682,84.54005359837117
201.31904829370893,84.569598560145
201.19287487367225,84.62878257365543
201.1297580435049,84.65842086181104
201.06475615069292,84.68730456646487
200.96560303131622,84.83547895937392
200.90936070979728,84.86817589528673
200.8444998062392,84.89727328970737
200.75408552296645,85.04937316835672
200.59812411170535,85.1737240778244
200.52518696070558,85.33336372409981
200.3732690113014,85.45943374717119
200.2801044664083,85.55342279904005
200.14051639839408,85.6846360307388
200.07766567437628,85.71499700584755
199.9517066452156,85.85211690221269
199.88161316621236,85.95574689978412
199.794306586416,86.05186938661572
199.718892914533,86.07697612232991
199.65788704474647,86.24208520988368
199.5372725234478,86.38152873677012
199.53004073047234,86.4542006393662
199.45464494011281,86.47946683528475
199.3349845170806,86.61927957901148
199.16262724060365,86.73616967463028
199.06694812702895,86.82812861678899
198.95309049157467,86.97039846683128
198.79157125701627,87.09182566920956
198.6359762540899,87.21580011116615
198.49049070385664,87.34418057219416
198.44239913846278,87.45658525619622
198.3858021143516,87.49052994305241
198.24183375393332,87.61957446962887
198.1564813093896,87.71540445627119
198.07728436743736,87.81384831711743
198.0114863772524,87.84388340278102
197.89201372017607,87.9836873755309
197.8163558235779,88.08355459216615
197.69557233407235,88.22273672416124
197.5783016091,88.36351474782006
197.3951961191886,88.47481666039842
197.32665754748973,88.5775416270973
197.24781498742152,88.60206847386442
197.11843005023147,88.73739442587238
197.07407906472451,88.85088325049931
196.93682000987778,88.98261863972176
196.80284853729657,89.1158352135843
196.73992313653676,89.2207503119539
196.55349482785076,89.33006274865664
196.40384659467395,89.45602267317815
196.30382377756513,89.60460236273335
196.14279108146948,89.72533917101089
196.06640916392934,89.82371206450517
195.96928486618762,89.97364112979177
195.91237652887668,90.00875565849073
195.80317117238798,90.15328152258007
195.69192100695446,90.2353898938963
195.65379594939412,90.35111516787931
195.60634355675606,90.39078818419618
195.40719432869415,90.49368629905676
195.23091540398926,90.60706714201282
195.23724211645762,90.6813864885582
195.164591272699,90.70953011424845
195.06099295793504,90.85658284581089
194.93504676095216,90.99326327913109
194.8439043426263,91.08392621185914
194.7044679538807,91.21421502067403
194.57846446592802,91.35079778987311
194.45178298261467,91.48707606593199
194.39939982000323,91.59560679387106
194.28828918214725,91.73920212877452
194.2266231538202,91.77299823480621
194.02767881325224,91.87512698660176
193.948078547746,91.97057580307097
193.8930845897749,92.07760058517538
193.83508107863994,92.11328898379793
193.7525536356744,92.27055372406785
193.6766910416405,92.3675630406247
193.60114183990797,92.46461773553716
193.5342770796541,92.49626668307985
193.41531857590695,92.63618543193519
193.36658874491403,92.80984059681059
193.28927263709932,92.90587684610132
193.1124928539002,93.01800472886097
193.006018133067,93.16397966340263
192.84503270129034,93.2836410268357
192.73419338576508,93.4275535412086
192.7025845202722,93.54533936034355
192.56130769896163,93.67447374643532
192.42757173727352,93.80726745776023
192.37175174624926,93.91311901727168
192.30451925718793,93.94527899662043
192.20991127222175,94.09723639047334
192.1529217276703,94.20243312492536
191.97998947329796,94.31595869963108
191.85987176446227,94.45540323150672
191.766633482172,94.60813556735265
191.68846497453416,94.70262209887342
191.60597928301135,94.72762095663246
191.456906630114,94.85278691852838
191.41539496527596,94.96526709681748
191.34118135410205,95.06144270424784
191.25592391017494,95.08517578663611
191.12518628309903,95.21934451367264
191.02304938119923,95.36779686344117
190.96398930913978,95.47132100865166
190.83192104671096,95.60480242479686
190.7611045970982,95.7690364577187
190.58929928792546,95.88259492869688
190.51258535392563,95.97697449585297
190.3722939311928,96.10625319529188
190.3262680039003,96.21595370796967
190.28871560490816,96.32987948105274
190.12750537951612,96.44843280775808
190.04688201741962,96.54036752167174
189.99649221920814,96.6475687655739
189.97408786219793,96.76895478666832
189.9342777537085,96.88143118539848
189.8835704660265,96.9882858977583
189.77027526318142,97.13094729980163
189.69933109632785,97.22731902265616
189.5508583746646,97.35189312336446
189.55168697208404,97.41680665218509
189.4137514103284,97.54662875590132
189.37477868076118,97.6591071893484
189.33777744715897,97.77254913154427
189.28741047876474,97.87902796108294
189.15123154144675,98.00960339118706
189.07573129815484,98.10291505516605
189.03135920166352,98.21229375710037
188.94375481521482,98.36801739494581
188.90697360503708,98.48127534862647
188.86001365304205,98.58916820977917
188.82630895926346,98.7039240746315
188.791118726323,98.81785512422606
188.7688525393532,98.93851066141193
188.7222305367298,99.04635241759361
188.6215467850072,99.19524496518285
188.51592147430645,99.34160115109287
188.52639520547064,99.40967105149105
188.4082441055036,99.5493444231899
188.33095761825618,99.64069710840477
188.24894734127867,99.79948753055453
188.12886263918472,99.93815992140357
188.0824889838595,100.04572498436372
188.01581071088754,100.08060199801427
187.9277875164952,100.2364352094725
187.80767911146145,100.37521576692863
187.7440561450563,100.47345272953481
187.6849453491254,100.51261666567808
187.62755869342178,100.68510496088305
187.50311979203244,100.82170129903933
187.45686678897852,100.92914879161985
187.35039315266133,101.07540987992238
187.30202454716945,101.12074241609083
187.22019704911122,101.2804939226666
187.14855455917703,101.37411823900851
187.01685256014545,101.50686739056157
186.95416292427723,101.5447205904222
186.87900426309616,101.7083212587367
186.83296634480178,101.81570382222499
186.7074989906313,101.95194901864589
186.62057086169716,102.10929622303155
186.55815934497699,102.20757932105349
186.4750370998466,102.23461303904014
186.33525193541308,102.36305909701343
186.24054901219992,102.51630458884519
186.23028880834195,102.6431377454327
186.16296657618147,102.67907631899884
186.05730941524496,102.82645364547794
185.9558050002726,102.97619011058113
185.88051809006228,103.0670135854563
185.7493164359887,103.20025808235631
185.68467735987028,103.2379965701959
185.57077633224853,103.38095809186476
185.5482759221656,103.50098471280377
185.49602036309906,103.67843129672497
185.40206615897503,103.83270407880639
185.28826655297283,103.97592683406332
185.23949546934688,104.08118375628847
185.16486995076872,104.11379558910265
185.06158464413866,104.26301572691175
185.0187666902793,104.37154935948035
184.92668350723702,104.3944540744431
184.79370271701086,104.52697367688762
184.67607109614255,104.66819201003237
184.6374145853062,104.7789518502878
184.57346562297298,104.81797750742616
184.47421921081053,104.96974228064134
184.36306416058957,105.11479296741808
184.31760391502257,105.22159912137313
184.22126301744876,105.37513650772054
184.13316154278354,105.53347870210116
184.07425184530018,105.5758492057551
183.9455847193153,105.7110827170147
183.81274801643315,105.84392477376642
183.73753032920584,105.87712918187368
183.6654025512934,105.91216347420114
183.5593999401707,106.06064541148741
183.49864380611413,106.10238652120978
183.4456549032634,106.14868259919822
183.3898350192812,106.19340658113933
183.30356016919524,106.35369320484651
183.26340755645793,106.46351296176078
183.20616758678685,106.50762408885674
183.1027254577694,106.6581133409582
183.039088416716,106.6986596479524
182.95121069267597,106.72512415623562
182.8631548460634,106.75152326647998
182.7298316896763,106.88482548238007
182.65757764704102,106.92056520122716
182.5693273223748,107.08037417191296
182.51614642252454,107.18253117442725
182.44033238036414,107.21634302840494
182.36448572682406,107.25018518237647
182.2886018178437,107.28405496968695
182.2267933625267,107.45979185651842
182.1633480698387,107.5011498497193
182.099883191241,107.54255697552229
181.990834849566,107.69073329124504
181.89123585032985,107.84456969828067
181.81815544057642,107.88052209216971
181.68540380361623,108.01481447007473
181.6145065070149,108.05219023965874
181.54359515124165,108.08961273600424
181.424032320049,108.23192410238879
181.3487766213108,108.26688856256179
181.2743936955264,108.30242611820177
181.1828808140925,108.4617145984372
181.10224214880057,108.62762586464123
181.04343977755371,108.67275163438137
180.91288844458117,108.8088823974169
180.843719934057,108.84792660729705
180.76645756282423,108.88215353448625
180.61116451802005,109.00350816326085
180.5344848087259,109.03819607032322
180.45775789826124,109.07290703938008
180.3637469998232,109.23144280111453
180.33022741082212,109.34534555704529
180.26085364046722,109.38468467845192
180.1914388018391,109.42405750059739
180.07766632527446,109.57084682077144
180.01214953731142,109.6127391596937
179.95221480601867,109.65809564148039
179.86476235638335,109.82119561913464
179.795573950717,109.86107677024239
179.66108931998193,109.99559522886244
179.5319656216692,110.1334023877758
179.46644222093337,110.17575355424282
179.40812564959398,110.22259592171109
179.30683211465006,110.37772876375588
179.23499099790192,110.4164177908752
179.15921370306492,110.45273833189609
179.02613657550262,110.58849763118057
178.9501335027726,110.62480584300471
178.83947652750945,110.77452880586023
178.74620654311747,110.93510157738554
178.62811679519933,111.0803417278348
178.53472081158577,111.24100903450146
178.5585146088083,111.30663985068836
178.48960815375503,111.39842435917691
178.41937418042264,111.4892753064564
178.44458533381558,111.55552225066442
178.3998278601862,111.66211072853353
178.35510968777174,111.76865631299296
178.31043300872892,111.8751604683771
178.27034684166094,111.98448085573106
178.25055533802112,112.10650462066869
178.28626766315602,112.17883057333763
178.26727758776906,112.30124939640665
178.23867372654954,112.41757604567215
178.1247637024876,112.56483633057776
178.1491730439095,112.62968369064896
178.10141695361472,112.7337337587525
178.0537243272559,112.83775205425063
178.07827569088215,112.90243671107558
178.00605025503216,112.94171022617029
177.91356562493453,113.1023812344844
177.84724610696927,113.14556777242122
177.77415593912025,113.18450885174502
177.64303453614792,113.32083568844048
177.57580628911015,113.36365522569395
177.5199028330921,113.413774779454
177.42174130368326,113.5713915361772
177.3330148009987,113.55230975835127
177.36844867337777,113.62337475155786
177.2048532046758,113.6910014783724
177.13100899080405,113.72999863472394
177.05714236031164,113.7690407113066
176.9087361348362,113.89487296279025
176.83608029161152,113.93482395592876
176.76338559136875,113.97481080871958
176.64376639464518,114.11934835316393
176.57029113170103,114.15897699114117
176.49751535201304,114.19911877667369
176.3982688808698,114.35707206292615
176.30681244922224,114.33782794626318
176.33800655622292,114.40548973634885
176.24484201207545,114.38524269003322
176.13297438358887,114.53542229305916
176.0664560334346,114.58005426073301
175.9987073758482,114.62395353130826
175.8635101364668,114.75916413803513
175.7846776494409,114.79597836023855
175.7070210455707,114.83361777618228
175.58627276638282,114.97843512390975
175.5130959757337,115.01914917303074
175.4490547140969,115.06591748092616
175.37811047613616,115.24368431040378
175.3114447085031,115.28892303901365
175.23718321074114,115.3292327633468
175.15776463573434,115.36620823430167
175.0723828006537,115.39931030507212
174.99831619431782,115.43992794687655
174.88675158494777,115.59155976291329
174.8244398525671,115.64010769507485
174.75175168663054,115.68186211402526
174.6285789320924,115.8260580186702
174.5506103727614,115.86446054332035
174.4835904717815,115.91019613891584
174.3590032706288,116.05366075516649
174.2794473343977,116.09121252549238
174.19985330092788,116.12879754054653
174.07692763087493,116.27356003187175
173.97693601328055,116.25250654539238
174.00315864774925,116.3151780369468
173.9003211915369,116.2923279388214
173.75662002278258,116.4235173533006
173.6953087905648,116.47373730715256
173.6339133156713,116.52397958250562
173.5375247391085,116.68715114299775
173.45483483886207,116.72326227701213
173.38145962606563,116.76570332851418
173.27683442273215,116.92361815099063
173.21411119476366,116.97341959668377
173.14482205666653,117.01886208131705
173.02315230755613,117.16553934432235
172.9222854436654,117.14568310293103
172.9489596178658,117.20782753281622
172.79073747372448,117.2859277462422
172.70601779565501,117.3212606364984
172.6137243079941,117.3515004774227
172.45195071557907,117.47130383254198
172.38098685809217,117.51617843881574
172.3193800413349,117.5675083302134
172.21730947128475,117.72821968795282
172.15910402759425,117.78207801101384
172.11032674510636,117.84247749706962
172.00128573451025,117.99876233726266
171.9382365482561,118.04959328035667
171.8368812479843,118.03123286401701
171.86074845674477,118.0905839795101
171.68761467848012,118.16026545092907
171.60495550411042,118.19788137519936
171.53108274931776,118.2416142942893
171.41815992234032,118.39586308021264
171.3433520845846,118.43911933988542
171.26242835468977,118.47821411398918
171.15034967630785,118.63330331837052
171.08221851427817,118.68142635717888
171.01228404925584,118.72837486850548
170.88150771488912,118.87074182426456
170.8064980095412,118.9143288869829
170.73145408595147,118.95796242589299
170.6563608795634,119.00163204877798
170.5830623271477,119.04662469095899
170.51969817764387,119.09862872865229
170.41285788393344,119.25823302525178
170.35074849509496,119.31132018015583
170.27622843348968,119.35579408571787
170.14939234101158,119.50166751818078
170.07147410643984,119.5439190864797
169.99744523196378,119.58897538475277
169.874958474072,119.73813013636497
169.8097305876886,119.78956610158063
169.7174262859645,119.8219696749941
169.54947075635255,119.93918642996567
169.44207463966353,119.92060285434955
169.46760522826088,119.97908004396922
169.36012983059487,119.96055722621313
169.24908882452368,120.11837158215947
169.1919268217647,120.17608925567535
169.11666162632378,120.22103236172342
168.9983769770452,120.3739982864134
168.45682358048487,120.02450502338883
168.75111532842521,120.23592981255916
168.6283212468416,120.16759136250386
168.9225917369494,120.37891318251937
168.50554104206063,120.09932999231604
168.79979347941173,120.31056432129463
168.6764075526483,120.24186346683044
168.97010158264712,120.45261309386902
168.83861924798035,120.37813160192852
168.41244051583743,120.09240251158027
168.70604268919396,120.30293500391517
168.5734335666219,120.2277805905447
168.86707736353975,120.43825728935109
168.30811665875544,120.0775995356227
168.46902884508177,120.21280068227418
168.33393515078689,120.13606041791678
168.62766132409155,120.34627900177381
168.49257507629628,120.269531518707
168.78640135635362,120.47973864957169
168.19664399874821,120.2376908398488
168.12057478584472,120.28332160230094
168.02080568310362,120.45199200145215
167.87213286183623,120.58564882057847
167.83761889328477,120.700754791941
167.7699299136356,120.7527273660528
167.62997031232948,120.89268460738418
167.49002198349913,121.03264999055591
167.4341405117931,121.13218012594514
167.35762725775044,121.17808471470202
167.21567295928057,121.31660570485333
167.1240093548069,121.49168002793125
167.0991655957961,121.61360227286387
167.03350198083015,121.6677364200538
166.90923553415575,121.81929720633498
166.80277264552603,121.9839236926531
166.6849172574345,122.14029997071682
166.63744143733436,122.24557660719232
166.47440108735407,122.36875349579783
166.35587181428383,122.52464661526031
166.2926922812372,122.58132129393474
166.1830756528828,122.74398636881416
166.14950875474477,122.8593197139132
166.0341502038365,123.01779653825564
165.96323471433618,123.06913478688271
165.8396622787156,123.22169891019182
165.8146141455392,123.34328608907782
165.71555789652024,123.51414925554627
165.63838710535734,123.56119188054353
165.53458351532305,123.72874768112209
165.4921102662298,123.83728258832672
165.40143124669873,123.87443148840106
165.2387208938345,123.99795568602477
165.1633255916478,124.08161833720038
165.07633999733795,124.26194683053254
164.99318585543622,124.30498954062134
164.86828549099144,124.45697493835233
164.8321398188881,124.5700058212918
164.76730110289964,124.6270961137349
164.69036615111654,124.67512658810573
164.58985304486498,124.84584377455697
164.52438307444706,124.90278136173298
164.458542089208,124.95953439595507
164.27937184675758,125.03718754964491
164.31017958570857,125.09421962278803
164.19702741739022,125.08162975959154
164.09949077951978,125.11456520526701
163.90178391667027,125.21184147179687
163.78018039282134,125.19330166053128
163.8054160325374,125.24575522980574
163.73643951109005,125.40854723266861
163.66763114885615,125.46384461038842
163.58465349096284,125.50836612951491
163.4474959722393,125.65241913112176
163.35351343260933,125.65607936941463
163.39122850355386,125.71766032143553
163.250754712206,125.8269472917635
163.17262710761534,125.87564564329257
163.09444872143476,125.92438920673999
162.91891615890097,126.00729902946199
162.9456926527421,126.0600356671872
162.836036270693,126.05264461188717
162.71260929377922,126.20817834472791
162.65135696306484,126.27049563797698
162.58456117848272,126.32861424732403
162.49285930706338,126.367465253693
162.39768820184008,126.4036837708129
162.31877397078017,126.45263030399086
162.2402422220412,126.50196065852056
162.10222469812467,126.64681169292813
162.02218238781631,126.69514855536117
161.9340354556331,126.7372271062054
161.81238841387767,126.89511399896342
161.74678554756443,126.95505949068941
161.67715159774593,127.01194358258762
161.55714715736406,127.17144883101875
161.51337571572313,127.27908159553927
161.44695005987606,127.33875902907566
161.36807601310696,127.38871452093113
161.2167116196107,127.52368388802306
161.1210837693766,127.56055712051754
161.0376109470174,127.60712723036794
160.91194465610997,127.76262579251252
160.83985240437707,127.81842739528996
160.7747688549369,127.87990258107621
160.6399867665901,128.02844698331515
160.57222806598824,128.08802596731027
160.44639960547985,128.24387609257326
160.31705175370382,128.39696094397868
160.2469210341696,128.4550049058058
160.2004894780569,128.53216659603066
160.0578090956661,128.67486495139127
159.97091438788414,128.71976062707884
159.88396906366688,128.7646957294488
159.7805550190111,128.93926117218484
159.69671618533602,128.9869043846261
159.5955220755701,129.020602529785
159.46601767583832,129.17438118299884
159.3987453966807,129.23571999459526
159.28344102116563,129.4012110301413
159.13718070940786,129.54159337527702
159.0519125513732,129.58864473240686
158.9553610694396,129.62657936932254
158.79753333447508,129.7576648196367
158.70340808828522,129.79771757880033
158.62349730687527,129.8494786403066
158.49419448170818,130.00407577609187
158.4179759778198,130.05907613170146
158.311968393441,130.08969747940628
158.191000657647,130.25139601385575
158.11015251851222,130.3028857567915
158.00380962672577,130.47685530115075
157.8734832652287,130.63110280040786
157.77244485415233,130.66620978493037
157.68446391313606,130.71220463736583
157.55553673712652,130.86784062612253
157.47339254837345,130.9188754926591
157.40246317891663,130.97933570209042
157.3424930852381,131.19276352155316
157.26508315295646,131.24811140044915
157.18625477437672,131.30237571224404
157.062363804126,131.46293047146258
156.96898392041152,131.50522802895196
156.82858532187888,131.65209296402054
156.68466360797598,131.7960062936713
156.596067018,131.84258221605828
156.5203777024271,131.90012085025174
156.43720427739436,132.0955396882768
156.36591303119624,132.1570649887019
156.29458296622354,132.21867099531156
156.223216054947,132.28035960189644
156.11716358593705,132.45708932839264
156.05163636233783,132.52400592089236
155.9607336835208,132.5694768646314
155.81221916387287,132.71045812651406
155.71535170339038,132.89550366950374
155.62946754769456,132.945564528047
155.48834981178356,133.09303591833512
155.42869343405468,133.18646079933862
155.4644309257586,133.23774642359763
155.4408044096196,133.36186365967626
155.34292212819383,133.54619085355645
155.3035985028744,133.6567574044794
155.33922361847206,133.70752609573606
155.22926827375616,133.88139449537096
155.17915881517717,133.98243318411016
155.21612256467725,134.0340390433749
155.08581297007677,134.190178088741
155.04117400619393,134.29568217963262
155.00697676412693,134.4101575364656
154.97282023400786,134.52460465289278
154.93868580369733,134.63900746883024
154.91112853345834,134.7590683722867
154.86341880350273,134.86152843744694
154.7949012324382,134.94576011951062
154.74049691420674,135.04218106104187
154.6999241309926,135.15058450441114
154.66295687335963,135.26206576281115
154.63913134085084,135.38498373701987
154.60525837936075,135.49905165215924
154.57142455118773,135.6130909232591
154.53761893777258,135.72709206991874
154.4882743423294,135.82736836267557
154.4477730690259,135.93533625533277
154.42869749796097,136.06210633671148
154.3203909335775,136.2367872173734
154.35714090914448,136.2860455400834
154.31234226996474,136.38994267271408
154.25541534681406,136.61002028579244
154.2904756362109,136.65747715183477
154.11770413512272,136.7587166168093
154.15268500132416,136.80591328123364
154.02031592363446,136.79970561022256
153.93940639440686,136.85542099660057
153.86760141874845,136.9193421566167
153.79573427858034,136.98332745844377
153.72144121861498,137.04526975424076
153.65381859797324,137.11328045724215
153.53874755435731,137.12364982338474
153.5759640804918,137.17227966238386
153.3777382904208,137.23740443198017
153.4162060536437,137.2869872455078
153.30567242411243,137.3020001364226
153.161448365769,137.43147409145328
153.20017591355125,137.4810436298298
153.1140167089116,137.51856088476265
153.05265386355725,137.59328814922478
152.96699593007736,137.64629494593902
152.8947506369997,137.71148275980556
152.826635417541,137.78051752765484
152.75316386895554,137.84484963731464
152.6140815146133,137.8360155653951
152.65001841855567,137.88250063396706
152.47507259462353,137.98638398852805
152.3668786128706,138.0060363430328
152.40736691582123,138.05637988007797
152.2549797239003,138.16793276527767
152.2953539293438,138.218007684252
152.1841741228971,138.23561847876036
152.01695066066785,138.34806935097248
152.05592898029337,138.39661755009183
151.9053050472896,138.36594650504733
151.94430299111295,138.4144441669117
151.81201971015102,138.55945225902633
151.75162906258498,138.63741930622373
151.65043525466237,138.67822348225786
151.5588134935613,138.72786790381616
151.42966896921158,138.73099165441695
151.46711689993103,138.77753944247556
151.2789977491119,138.87283187784848
151.20779638066955,138.9297540391524
151.24706234995597,138.97770081964399
151.05232809642135,139.05595111277913
151.09013883662263,139.1023782377273
150.96169319711598,139.10734558604614
150.871951789158,139.1596640111297
150.79480793554657,139.22371504562605
150.71393182641296,139.28444151020784
150.62836912454054,139.34095086723175
150.52239804278724,139.37867293695257
150.41243508493412,139.4127686811671
150.3047045833199,139.44900225512134
150.20526449118495,139.49300584523618
150.07560411578206,139.49865089086958
150.11457573496097,139.54523073944057
149.9272446127217,139.63434863748049
149.96739965673228,139.68184353845737
149.85890413747066,139.70784125296592
149.76590343208454,139.7584660168908
149.6599897725352,139.79712849653046
149.57251410900574,139.85310705206894
149.46581407717366,139.89120317305415
149.26657838380214,139.9900736642557
149.2093654328233,140.08375243209096
149.12125220355605,140.28680282382538
148.95328472769984,140.41480390842585
148.82327443734528,140.57858021606518
148.77817749937566,140.68332842205854
148.67925418003944,140.729162638271
148.52993130243354,140.87472876001183
148.4837597259208,140.97828393942493
148.43314386951457,141.0775234394684
148.34210619427026,141.1310478030455
148.1959083139586,141.27950150034926
148.03384262377375,141.41280159041852
147.99010939518024,141.51832011296926
147.8097302368607,141.63391468426434
147.61398974750807,141.7346305368722
147.4531558852832,141.8687412925359
147.40300775550443,141.96764314541159
147.27835680984302,142.13650817507983
147.12600125011463,142.27866982259243
147.0725449281263,142.3740892931959
146.98589924166555,142.43268502638642
146.8872217103652,142.47972740191952
146.73576797229904,142.62283969492253
146.64068562456788,142.67356635290372
146.53129408646652,142.7104589281645
146.35517593647475,142.82965459831993
146.2448796591464,142.86578470511213
146.1508088115696,142.9178541881321
146.01063688619138,143.0722811491788
145.90926001817044,143.11740322183616
145.8189706083084,143.17350287670862
145.73574151302876,143.23665537032588
145.58541328709273,143.3814661855811
145.47410214290363,143.41718837053102
145.36273460251172,143.4529274536241
145.22455693468984,143.6098832095091
145.1121804964642,143.6447790902085
145.01095785015258,143.69079831198013
144.86146862497077,143.83674561243248
144.75586554994214,143.87859751928562
144.65513911361865,143.9253869875745
144.4872136637102,144.0531243840157
144.38807444253638,144.1016692889215
144.30897735000184,144.17033657395103
144.1361024390345,144.29323614739658
144.02956674801257,144.33466325888736
143.95037370733465,144.4036042879699
143.79389434679607,144.54305737201963
143.69186822787555,144.58929785936695
143.61213084403457,144.65808478411157
143.43032785015637,144.77216119473525
143.31830948997353,144.8085802052091
143.20623435511743,144.84501713727303
143.040374831006,144.97519205878982
142.9529517715056,145.03677248953798
142.8718083405114,145.1048584959015
142.72354946302235,145.25310190123912
142.64472868196688,145.3238363415275
142.56060389343986,145.38930878543457
142.35861831466104,145.48292740200975
142.25498695436374,145.52865915358538
142.15059106088566,145.57370346321053
141.96724554039238,145.68629705585496
141.86041699383614,145.72899234549257
141.74831402317662,145.7663531416383
141.7048247524135,145.72584286152806
141.58118430014073,145.90012735655566
141.53840213853846,145.8605768179552
141.44795416319207,145.92069087450068
141.33517266107407,145.95786752842622
141.22667405347232,145.99955019365646
141.1466210945522,146.07075884658582
141.05607959779326,146.1312520192168
140.96049902009707,146.1866472168181
140.9163717155956,146.1464141370386
140.741856480312,146.26922914247294
140.69674259254916,146.2282048652006
140.5811538824214,146.26322297820116
140.4697793149334,146.3027046736982
140.40681505032006,146.39274456585835
140.34841792588475,146.4877432173357
140.2379487449898,146.52853665800922
140.19193095578322,146.63683154743975
140.10831004680554,146.70598406324146
140.06443614489356,146.66710042996732
139.88330246882944,146.78411796669664
139.83837744368807,146.7443729325316
139.74480767067487,146.80357610437466
139.70071529362664,146.76483839541655
139.5725863265468,146.93806998226913
139.45136708958466,147.11868833948833
139.28708490652204,147.25390872773508
139.27673114355946,147.3930916654499
139.25595634041227,147.52121272214467
139.10599606817436,147.67147448037986
138.956743099734,147.8224893213112
138.9114836367278,147.9244009063538
138.76714222001712,148.08056061066753
138.71330684618775,148.17311871764073
138.64589167291146,148.2510398033211
138.58783344723,148.33883038095001
138.45821634079476,148.5104256804147
138.32634679622717,148.67969094148503
138.28234232271876,148.7822576012326
138.22115007262192,148.86621739157763
138.0402407728207,148.98243884702674
137.92877208228225,149.02381537554365
137.7875055528903,149.18286764168485
137.7335104383629,149.27416384553027
137.6623785708724,149.34675136269843
137.50032278858902,149.4829760418079
137.34894749183275,149.63077996799305
137.28545206906003,149.71120172511647
137.16368261514816,149.89120418698218
137.02091850052403,150.04834308211395
136.87053630832833,150.1971535835446
136.8152521169631,150.28605812936172
136.6471675993141,150.41525145347373
136.55867882776647,150.4825400786854
136.41615920975767,150.639997039218
136.35207745778837,150.7187893223498
136.28672723663507,150.79603751877397
136.10726493544308,150.9122824059055
135.95361085963086,151.05706364067277
135.90273752875248,151.1499292264871
135.74350183614942,151.28834725103457
135.59615343384627,151.43999567760625
135.4405590117867,151.58242480498527
135.38612128420507,151.67081425063472
135.17734232910558,151.75337374963829
135.04204218788823,151.9183157216078
134.88887410749857,152.06318037464052
134.81518501786434,152.12928804160268
134.63384505619237,152.24209984874747
134.59739705108495,152.3499879336955
134.46721241980163,152.52054922385338
134.35555496176767,152.71225866891044
134.19638010018966,152.85002361837044
134.13824460626,152.9328969647066
133.9527918852986,153.04044234811536
133.82780428414688,153.06796342204981
133.72347368150713,153.11919904062182
133.58435097195635,153.27980334097148
133.54638342767808,153.38533277165865
133.4485244597484,153.44424575467946
133.3440655583667,153.4956932275371
133.1634558597365,153.60866561478392
133.0077269610698,153.75024725449677
132.90649356346205,153.80570970829763
132.72840427019295,153.92143650593127
132.6208667851527,153.96978358969488
132.47164816597828,154.11902204423637
132.2991153784087,154.24107969279746
132.19421964571308,154.29279196108428
132.08838880748107,154.34352847259174
131.92529554920688,154.47667872677005
131.87185542752957,154.5633280584003
131.75269583692864,154.5986062653012
131.6046758072339,154.60006124841613
131.45067172963684,154.74373652381794
131.30978925402772,154.90286754206124
131.2228005569078,154.97641591669165
131.05678879801232,155.10601394051332
130.94035599098078,155.14497566914525
130.7742141920362,155.27439565183425
130.63255651672753,155.43286405293327
130.46606093268744,155.41243186662956
130.36576578843935,155.47090181929525
130.20837744969398,155.61071039492384
130.16657275415506,155.71007254629262
130.06609918811776,155.76857458316485
129.9587309642107,155.81894454037237
129.78064959999202,155.93394260545617
129.64083808533326,156.09487432483417
129.5324057086431,156.1442645715536
129.3565347190216,156.2618031802826
129.24133814144216,156.30319475258398
129.13375848993292,156.35390467075348
129.016350885609,156.5104964326588
128.96588556318224,156.48113353879486
128.9304780549701,156.58761921782366
128.83331690995888,156.65119529775842
128.71753928065948,156.69225662421562
128.54262694607272,156.8108608887966
128.36738041749214,156.9289254566693
128.21444784723016,157.0741932882876
128.10716145763095,157.12594932248408
127.92663946328939,157.23739335181406
127.74460806547509,157.34681656429174
127.63326538614406,157.3938203651232
127.51699188127677,157.4348467222958
127.3486725010199,157.56115758309122
127.18082426467257,157.68795384148532
127.07268357844038,157.73929304719908
126.9166633253085,157.88078871908755
126.7607676591013,158.0224054357935
126.66001598937548,158.08328827375922
126.52286965079288,158.24844224872666
126.42788568339644,158.31684004552767
126.30522819381115,158.3507052792379
126.11149439625662,158.44508491186414
126.04434200552097,158.51028487717986
125.92840724063123,158.55263333227526
125.82249059609751,158.60771104579325
125.6670166054385,158.75002967308404
125.50829027411821,158.88819960402225
125.40292778660151,158.9443246403035
125.23251164214187,159.06770356808488
125.10942506884568,159.10151193749255
124.93498263462617,159.21968783016845
124.76747714831272,159.34658825701516
124.66206143640855,159.40315312515722
124.55661319062445,159.4598123627407
124.4016214905552,159.60285775708215
124.34436337801658,159.67908130473086
124.22131250815755,159.71332352138924
124.1201088003443,159.7757715172223
123.9563253385679,159.9074735861689
123.82956325579518,159.9371741136273
123.63640454605252,160.03081809256722
123.45629105874731,160.14114233076813
123.36487384358378,160.21683012537773
123.22482160331383,160.37924009346597
123.08420410002391,160.5409671959901
122.99146765078324,160.61547325073957
122.89567973177085,160.68617129244797
122.72100715999522,160.8036691221292
122.67432727605097,160.892341358037
122.56978453239124,160.9518202731625
122.4601589300806,161.00476214290154
122.2992554007444,161.1402624366098
122.19351434068976,161.19855552780697
122.097316713154,161.2695971317709
121.99048783938328,161.47685678329083
121.89578053376098,161.55027291823384
121.78575849148086,161.603548286104
121.61271202220162,161.7234138590318
121.49811426074633,161.77080660662546
121.37601883564597,161.80832144858945
121.21820391179692,161.9485136623093
121.18095084498538,162.04895871153462
121.0957961863634,162.13606909503943
120.99024201126566,162.19604897187958
120.82735146495473,162.32955517482532
120.70698412910329,162.36986800779002
120.59674162794808,162.42391788952693
120.46380816109918,162.5979490544008
120.34976830345094,162.647149508132
120.24359469667068,162.70711734546416
120.10055044062625,162.8678374718029
120.00761385239068,162.9460727748036
119.92058048398196,163.03253017151656
119.790465651504,163.21129602335358
119.64437862454362,163.21763538066517
119.5352783767762,163.27451136812877
119.37361788805188,163.4104264186084
119.25813391185173,163.45880237674342
119.15169963779474,163.51972035189866
119.01107594341926,163.68470542658508
118.9181008312466,163.76446461465682
118.81583108903676,163.83161047953982
118.71254099008122,163.89751853099497
118.5733181046297,164.06502544342135
118.46725931638842,164.1274319153593
118.34987140955933,164.17428215881094
118.19053963762268,164.31418757830482
118.08849501699547,164.38260499107864
117.98171936723595,164.44460372149624
117.8285139403132,164.5932757074879
117.7259024107885,164.66139175681997
117.60307178281582,164.85277763329142
117.45373721392876,165.0071057006089
117.33592343772304,165.0543700599535
117.22456820997193,165.11085346273114
117.07153812386667,165.26021492986942
116.9539322773937,165.30813224263073
116.84384852217345,165.36681976962785
116.71586647824944,165.55193109250183
116.62165874459313,165.6334933910695
116.51583934444449,165.6987550621338
116.3651278330397,165.8520331984724
116.24415609567208,165.89598812290205
116.1280713129095,165.94704146439187
115.98986152213261,166.11844645092472
115.88752294226686,166.18948599123988
115.78339703566347,166.25814556094903
115.63719551707618,166.41849945493138
115.51959465897242,166.46808625063852
115.39720325910872,166.51089130921153
115.2349238697182,166.6482598278982
115.11438205147188,166.69393270744231
114.99985126055692,166.74844237987872
114.84932357749315,166.90300816840556
114.75585850759086,166.9884419729115
114.66236612686133,167.07406298487098
114.54275521636643,167.27417935614193
114.43663787317,167.34182294934658
114.31252455802624,167.38329620618708
114.13823775866673,167.50376073332788
114.02468993521677,167.56092165238383
113.88133050091939,167.72687832460645
113.77124447476281,167.94201173127408
113.6539170413428,167.9940997394242
113.5380681488269,168.04851622198473
113.36771079136997,168.17493197257429
113.23350701007712,168.20231759371143
113.09927235833041,168.22973124035016
112.95736612616976,168.3984965215116
112.8765483725611,168.50581073839868
112.78618881213652,168.59915226170196
112.65236194373189,168.78059347750167
112.54426737529009,168.84783195204935
112.42601706620444,168.89999627444257
112.3134975045639,168.96092394708708
112.15673444458427,169.10843876532525
112.053407708032,169.1835438283001
111.94666096940757,169.25368370964685
111.81680912821892,169.4422687236926
111.70277424827309,169.5017503806584
111.5810200703612,169.54966588014494
111.42338846909337,169.69644663528157
111.3124985389836,169.76116361128982
111.19058402099128,169.80922253951343
111.03173767463846,169.95435369992902
110.9406775035483,170.04993780751875
110.83860839399577,170.12888890714694
110.66657470285156,170.25407098977877
110.56897354452086,170.34026652996008
110.48752502439976,170.4516209733274
110.3224300839307,170.58777626158562
110.27052223327584,170.66115419193508
110.14819509237968,170.7096853752162
110.0380454607684,170.7772514703329
109.8762301757288,170.9184446767098
109.76617449305894,170.98648461987662
109.66240002509272,171.06451368408938
109.52192977560351,171.23932381230134
109.41320237033801,171.31002730075943
109.30721672256524,171.38522889702352
109.15622680308665,171.544000018306
109.04978173023449,171.6188719521891
108.93544782142719,171.68152302181628
108.75839245392962,171.79947406740484
108.6560011619555,171.8812888235641
108.54767173654362,171.95392931030887
108.37683102597902,172.08183546672404
108.2723145810615,172.1608773248278
108.18578453875753,172.26878529370265
108.02491133026476,172.41283707240572
107.90295811876823,172.46467272089595
107.78609422759213,172.52480303493127
107.62293339400863,172.66536781047571
107.4994505971616,172.71515714380172
107.40176745630698,172.80660077825354
107.26713959542691,172.99340654342967
107.157467968447,173.06601270327826
107.05549429140551,173.15127943850652
106.89002946850864,173.28870686682575
106.78159957736081,173.363913979429
106.68753234680096,173.46269166411122
106.52200576420387,173.6002951086926
106.4680748858816,173.66721765698097
106.33177017294328,173.69745401631062
106.2215643683444,173.77047441224207
106.06189628896112,173.91757285952173
105.94902168057857,173.9865849767695
105.87194128976617,174.11466564665767
105.77268294754424,174.2065952036609
105.61033668406745,174.34988336462672
105.48259448755418,174.3951908636108
105.34417624411294,174.4229550750461
105.18035033880959,174.56386923329853
105.0734001698947,174.6440637723912
104.98509389210894,174.7555298229999
104.84625475746307,174.93847946007907
104.71475600994438,174.97840770303412
104.58534848054673,175.02195427487283
104.41354968488884,175.15002716377583
104.31893783401412,175.2522220640383
104.22731799664962,175.35975613888883
104.09935255508991,175.56204074470423
103.98513188545117,175.63205064191348
103.85993621970097,175.68370585929455
103.68553968070799,175.8079165904411
103.57119690867994,175.87823317356955
103.45861818552922,175.95176175744575
103.34212605289653,176.17478435276755
103.21052611246111,176.216337350427
103.08077496261441,176.2611774374298
102.89168595349342,176.360499933642
102.76867471914878,176.41706806800008
102.66536470923484,176.50767959499763
102.55808700372238,176.74790372169457
102.46754018937857,176.86116816152884
102.34576118534238,176.92078883249408
102.17725874339023,177.05600214942328
102.07549786865313,177.1506586257824
101.94337928446043,177.19283934754097
101.76377192066666,177.3088680577014
101.6649110260793,177.40925475276805
101.56218349803346,177.50319311398178
101.4006024018443,177.65095406966233
101.29090988747335,177.73317650435783
101.22597118548963,177.73753797928472
101.10488459591974,177.80028261087583
100.93268000822923,177.92998515376593
100.82775079270732,178.0215635378125
100.72461560529133,178.1165998134199
100.56848885393673,178.27504182210248
100.45353179251066,178.34962115934002
100.35528421210839,178.45414722172413
100.20182162270655,178.617789008926
100.0738137873128,178.66977690993562
99.96331207373018,178.7532326119068
99.80844451693163,178.9147412134379
99.67405898337253,178.9557912364405
99.55205264140035,179.01923186850883
99.38037735914085,179.1507334688026
99.26550948253083,179.22737966283262
99.16700671170273,179.3338639869089
99.01596281946375,179.5030100274801
98.89103436987938,179.56213318336924
98.77202523433529,179.6322102042813
98.6233558602374,179.80610050988076
98.51082671798099,179.88843487632693
98.37968115990444,179.93698372783587
98.22194131816637,180.09470125624904
98.07455957876554,180.1137094029542
97.94651315538324,180.16834526744285
97.77169715389962,180.29475702318928
97.63418058093127,180.3321636180996
97.50729798720944,180.38936428166838
97.36651038357132,180.57886379015295
97.24965997546329,180.6550810679147
97.12834556785548,180.72324031766217
96.97316883787403,180.88652289552599
96.83255950857948,180.91903431537594
96.69231067045186,180.95232666320132
96.5746366042577,181.0280441886233
96.40969313770655,181.17338155366193
96.29429880800484,181.25380881786248
96.16551031167437,181.30924757596765
95.99587115873672,181.44594535717277
95.84962825604553,181.4686259570961
95.71836921688204,181.51979688726234
95.56990228342012,181.6967535248976
95.46845232704332,181.8050218023658
95.36219280230237,181.9044756391304
95.20024458051901,182.05633534201542
95.08517215965989,182.13948126351133
94.97127892321527,182.22516748125616
94.80071239420387,182.36082258285788
94.67481492156779,182.42384573851496
94.56359803268552,182.51541520023775
94.41155746290644,182.6871182192605
94.29513362600338,182.7691597967794
94.18039045151421,182.85474127654325
93.99523365510791,182.96252270598333
93.86258260804094,183.0136101982377
93.73423660683933,183.0732791806645
93.58851960620667,183.25813680477813
93.46852003998468,183.3345777054928
93.34943347823607,183.41307305126443
93.19038063586439,183.57228209579446
93.06801280384195,183.644774090192
92.93764886496594,183.70170926239564
92.80066693203882,183.90499205423848
92.67927425689476,183.9801553028593
92.54527332980088,184.03050533109828
92.36870289483454,184.15556650561
92.23801445138508,184.21277760932946
92.12045061356105,184.2964438977886
92.00752322826122,184.54922956290778
91.89202191570132,184.63771091733605
91.76511748262924,184.70354814412968
91.6188678252544,184.89030345766014
91.47806417038173,184.92849193235537
91.35001032495688,184.99263360102216
91.23575318466462,185.084988668548
91.09690743938715,185.28759812217342
90.98226645004063,185.37981361539693
90.8546971399522,185.44596563133524
90.69465798650005,185.60599503674595
90.57332349844813,185.6853373129953
90.45189601511805,185.76476960074038
90.30193726782058,185.9459749010575
90.19967378341298,186.06546873056902
90.08524132690754,186.16024096344256
89.94348048604783,186.3591854446127
89.82092441620169,186.43775477218696
89.69985586824654,186.51969846706896
89.53382763485581,186.66881740240026
89.40260603494806,186.73004696607384
89.29467979391907,186.8402401157293
89.13335446529581,186.99958021572928
89.11231270868434,187.29307394384483
89.11916267549199,187.64635756993923
88.75362857849755,187.37628997443903
88.73361861309081,187.6742106001423
88.75615598742445,188.06336771152624
88.6202704249722,188.27915811029575
88.50006682275603,188.36706630826592
88.37804549979141,188.45142010770223
88.24572392631207,188.6757860700135
88.11212404563813,188.7359910855299
88.01248436464869,188.86929402663438
87.88527126618348,189.10574488953495
87.74486455923478,189.15215687675447
87.61821429829325,189.2284502342582
87.47762786605315,189.4369540549866
87.36122384871305,189.53605413350684
87.26227777196706,189.67346942573514
87.11088732205619,189.85949521135487
86.97797295812927,189.9236699852818
86.91018739585061,189.96802918533217
86.79607585099892,190.07407298730297
86.63712779129328,190.2447768400201
86.52742761965926,190.36123045480022
86.40237293752585,190.44427919453656
86.21799742359337,190.55940552191873
86.12018945368379,190.70324142003128
86.01915402437743,190.84046206592873
85.8807103526221,191.05810286905955
85.74550823196266,191.12017343192863
85.60098495175778,191.1616648366441
85.46013251123536,191.3747087899519
85.34683198941867,191.48662169557667
85.22409208930128,191.57774456484034
85.06863078200212,191.75888986572724
84.9453040230687,191.84932568958806
84.8233501696855,191.94321689632915
84.66450989488239,192.11737605051758
84.54214060975973,192.21096890923056
84.41047598518765,192.28375031361045
84.23810537287054,192.42756766021026
84.10068775633216,192.48763044203696
83.97165092073789,192.56714665912767
83.82789156891268,192.7769631852635
83.70256640825541,192.86565702237263
83.57545075178926,192.95056515741354
83.41123996026901,193.11396206203483
83.29272787701493,193.21940161739758
83.18429595887623,193.34868708559483
83.0328336684935,193.54245802964493
82.89849126167901,193.61216624625752
82.77084271527369,193.69781600881134
82.60345504894985,193.854940163833
82.47466977559492,193.9384878150343
82.35802562183189,194.05097593807574
82.19123866607988,194.21000844918416
82.0669430830851,194.30514239092813
81.93952263733927,194.39324519461584
81.81893184159867,194.49793801549606
81.66869645656942,194.69719021731973
81.53741478876067,194.77713848141133
81.3807006713061,194.79653434560115
81.22560420701224,194.98474224442782
81.10857974890226,195.09979059383866
80.98211641891159,195.1925571731809
80.80775699956497,195.33503212938888
80.6774935368068,195.41919614046236
80.55178335690509,195.51475698617924
80.40774212774248,195.73133131548994
80.27711531499722,195.81567658350673
80.14493565086546,195.89657427021965
79.94518803745838,195.97758367208598
79.80092058230123,196.0291847314992
79.6598173798016,196.088789082338
79.48408721999789,196.22857297251127
79.35424821936881,196.3164141065202
79.22292153788928,196.40093413012775
79.04675602877057,196.5398844108544
78.90755334606152,196.6053285458347
78.7673675184206,196.66859307722427
78.57519898637533,196.76757988049178
78.43124538901183,196.82170294590594
78.2909821692267,196.88533552238937
78.10780164730484,197.00666397626298
77.97336584778805,197.08539125706363
77.87308464088152,197.25096665165165
77.70411891921349,197.4086822920919
77.5647491943803,197.47592512591814
77.4337696584495,197.5648628790419
77.28700819461427,197.77978373034745
77.16118814721982,197.88270795646363
77.02898242728973,197.96966448702304
76.85735792480945,198.1215701181646
76.72878500085363,198.2185191587043
76.61333052299642,198.3498523674517
76.46736516611823,198.56892998891723
76.31453618725523,198.6040830820778
76.17255249319045,198.66767565596373
76.05292965561445,198.78999435213768
75.90244738700329,198.99856842854757
75.77355056068293,199.0975220348405
75.63154340731377,199.1623880906017
75.47158361797251,199.34687025471396
75.35392976818872,199.47672914304488
75.21847218159564,199.55992969365604
75.03143939019289,199.67320578915331
74.91009965190231,199.7945672260392
74.78803484750806,199.91453263982083
74.61484911512042,200.06510919559554
74.48795638414413,200.1729718541042
74.34684692464229,200.24302879288595
74.18571605442362,200.42654758848823
74.03581415834206,200.47336699008474
73.89839407424864,200.5542730108348
73.74237243188239,200.75227318501624
73.60866482726611,200.8439986069309
73.46794565114833,200.9169672413085
73.2895898318847,201.05454412162015
73.14695761476777,201.12274677537135
73.01685228149493,201.2257850966709
72.85409104195456,201.40668538625806
72.72382962715554,201.51012105381508
72.58089572008275,201.57883950128678
72.42273082195484,201.77323346231623
72.2903092350015,201.87190585277236
72.14733368775286,201.94149679251478
71.97571433608559,202.09893829219683
71.84083081113862,202.19182569079314
71.7077889991345,202.29034399129932
71.54059700707802,202.46080828211606
71.39111322239623,202.5134700336962
71.27715911136791,202.49918453654521
71.14726134946329,202.60831560096372
70.99634288645225,202.82631272054314
70.85969475138504,202.91710069242785
70.72487481011925,203.01356905613605
70.54365512625347,203.14546791387352
70.40770892139811,203.23937103467782
70.2628139549795,203.30783129436483
70.09140004816977,203.46830762436372
69.95356145912693,203.55783403881898
69.81652971816474,203.6501467685911
69.66072320727969,203.85679619988784
69.5135382964388,203.92016602305685
69.37726963967937,204.01594557624284
69.19259336595826,204.13837431279393
69.05266571945319,204.22400153298835
68.92818824205473,204.3558549035838
68.77800438689579,204.58106234840568
68.62865868841303,204.6399858018918
68.49338774196254,204.74127286183887
68.32436300629963,204.91115393436513
68.19086201517672,205.01860291210633
68.03106444974543,205.04732830998154
67.84836238075759,205.17630860490848
67.72103366244757,205.3036053050983
67.58316436574141,205.39950549802336
67.42082519600694,205.59085259886075
67.2747587866508,205.6625537881285
67.1389358551522,205.76601136353145
66.96772696149064,205.93092950837632
66.83078094303814,206.0317869519219
66.68054890597192,206.09209443810107
66.51075891477348,206.26190107352593
66.38823935052042,206.40888306840094
66.25360662563452,206.5188614834475
66.0732409256138,206.65646387986615
65.92242358953956,206.71654995886593
65.77501231105087,206.78765496949984
65.64281211688078,206.90707422615844
65.46748164028376,207.06098536358184
65.3271909665071,207.1557395496398
65.1839720148094,207.241678928745
65.00797580560412,207.39389103032622
64.88651979615099,207.5501435564313
64.741549752771,207.63180752146417
64.54917595136094,207.73191626886654
64.41101688963029,207.83608718688566
64.28605312384755,207.9835016565507
64.11621480555554,208.1567841230116
63.96265777359981,208.21243042515965
63.82438451578761,208.3182596823122
63.65969772536866,208.5090138823601
63.5226856282682,208.6199803232204
63.391596001734364,208.75104835822566
63.2113015803964,208.89132718417025
63.07571609550266,209.00858902081683
62.936367003592544,209.11398358824485
62.743860060608455,209.21394508378958
62.59990064953243,209.3046817724812
62.45746762549244,209.40103355292874
62.274337916896904,209.53231405729034
62.151866379458376,209.69678090765004
62.00887061552017,209.7927181436929
61.83182471168343,209.9450821016168
61.69061676160796,210.04793274953624
61.53917899624248,210.11642864602817
61.36542404160959,210.2804444571732
61.21723304231456,210.36070852987362
61.069536861450054,210.44312901061258
60.919461396778644,210.68953451699588
60.776778293698285,210.79031981655126
60.626813564090064,210.86635034732515
60.45636120796989,211.0432430746506
60.301021255014,211.101183223298
60.15953031102822,211.20807582896336
59.99386990410082,211.40252706983117
59.874071458516084,211.58715268811892
59.72336318706964,211.66329697124388
59.579710597796726,211.7649598637218
59.41656542824364,211.97009354463043
59.29398852137385,212.1482294210468
59.127674957717325,212.34299027323442
59.09837966786617,212.410225327987
58.94895475411218,212.49319542932682
58.79758676122576,212.56962779546546
58.65321874196401,212.67189148775992
58.47572633813635,212.82693831581867
58.33732964803267,212.951939531616
58.190487773730354,213.21958234084323
58.160551947982064,213.28262220189097
58.017078735623315,213.3902292235703
57.875962661986996,213.50717482030106
57.72560183639985,213.59061476443887
57.55878479009155,213.78648121127424
57.369146028272354,213.8974334024461
57.189681578912904,214.04598952029662
57.054579342310184,214.18798992645605
56.919849518025885,214.33225662954322
56.76398958272595,214.39759534278886
56.59011894892694,214.568309215316
56.5609614271698,214.63087549426572
56.424026844051824,214.76861137224765
56.26490376695633,214.9957538289211
56.11878882472641,215.09985707944776
55.98245849995243,215.24222555194007
55.82616634360713,215.30849096170547
55.678497294877076,215.58213840518664
55.650539616660964,215.64740940083988
55.491726137451245,215.70457821537389
55.31940752613711,215.88301513972905
55.16543775946648,215.95974753045098
55.02208907270662,216.07867479265568
54.83929895157583,216.216672489561
54.81099918507947,216.2787035872375
54.66584241185821,216.39133193254688
54.51208569749887,216.4705274641092
54.335122375778596,216.63153332327207
54.1999874376437,216.78599661498956
54.048562022117046,216.87608673440994
53.87419514724394,217.04835418659113
53.844795406847375,217.1037616359411
53.6923418861388,217.19032493584183
53.5364089607587,217.2633306150576
53.345273558271046,217.36741161510216
53.197358855168176,217.47374303189562
53.03188315116783,217.68278447662024
52.868165037076565,217.89935682136968
52.70187159877104,217.93152270614522
52.55425364588453,218.04138419250143
52.38274735985828,218.22673130727128
52.22272984250778,218.28598935235064
52.088681945169604,218.45455805846922
51.90690032068566,218.5977478252947
51.77033425969581,218.75741110438915
51.61643242460624,218.84465357896843
51.458716705719134,218.91626303315243
51.29277384513748,219.12787586673883
51.14127517996817,219.22705398168134
51.005848297934754,219.396043070511
50.8187340409218,219.51790887582348
50.66882480266942,219.6258267540893
50.538932157343574,219.82155535714412
50.360852448842415,219.9833617969986
50.20437980830555,220.06473954311832
50.077305015610754,220.1007292417419
49.90982848815265,220.31040401733745
49.75262272174847,220.39054742239452
49.60186066816237,220.49990263817344
49.459565672429456,220.82337365087085
49.32088593509267,220.98864918717143
49.17270595811982,221.1123872281091
49.01479122133124,221.3689426853711
48.86979905797574,221.50885683234188
48.72995359349298,221.6731946331437
48.55699479216421,221.86365863561036
48.421326680828784,222.04913172213534
48.26953915395152,222.16177002384944
48.11071056356615,222.41912321622084
47.96042198615029,222.54034892589286
47.80837534337363,222.65428253140593
47.65396352924076,222.9346881397679
47.50092846982077,223.0457301926426
47.363141837062,223.22946988476218
47.182819826193786,223.39026420624268
47.02423818042098,223.477339034646
46.86233795366237,223.54924098438138
46.72389668694821,223.55684357316684
46.539058575057624,223.69719164372822
46.38792933132865,223.82272806333745
46.24101434172844,223.96963935916662
46.07782044396907,224.21594839837766
45.9241701550717,224.33204659983662
45.76596703060843,224.4267196327987
45.573431596935414,224.53064185303882
45.432352568021045,224.53324160234914
45.28892367505837,224.70312261381434
45.12824176620198,224.78840373455884
44.97314846973435,224.90230738227024
44.839482887012984,224.94656132384594
44.66048840398324,225.12037252876115
44.50185512150849,225.2190584936759
44.36456049093008,225.24858922989733
44.21352116938658,225.38794180511968
44.0423887811191,225.42558014356416
43.901457797002294,225.440067423768
43.74847678586145,225.57251642232873
43.59318091192698,225.6940676502275
43.43629379898207,225.8083482464945
43.2752991206797,225.90213245439688
43.115529456130375,226.00311715919182
42.95788722212854,226.11614249858303
42.82480882065047,226.18055456894697
42.65307933606129,226.22122519187235
42.49416506872329,226.33049527013378
42.36845598331282,226.43855375601262
42.206629633525054,226.5347279496693
42.037369201739416,226.59165363814085
41.883308551275455,226.73135114548634
41.724137170567026,226.8444685701719
41.56544417915267,226.9611787443343
41.40195042159191,227.05257715389823
41.25247880292822,227.0416430165508
41.0973744371148,227.18129104433928
40.94185235225774,227.31985171662745
40.799625095394354,227.35302569899503
40.63914113357759,227.46650315907237
40.47477720351225,227.55918096621576
40.31365417130359,227.67099397183242
40.14971432576057,227.76783592265352
40.00304769332297,227.782746088345
39.82014781994947,227.9545080595453
39.677458164228476,227.99476742183091
39.50864790426514,228.06751383293945
39.34893054761518,228.19366347763605
39.19094689509002,228.331083486599
39.0472890759634,228.37177927173548
38.85464934676955,228.4902266998377
38.704894951543764,228.4976425994552
38.529477099814954,228.5364305218999
38.382827784123585,228.56488032677794
38.202003493262914,228.75500920293064
38.03581814882947,228.8511372335585
37.8685810354715,228.94183217107968
37.68652488951353,229.12569200981437
37.51769906304569,229.2080844107053
37.34593376496751,229.27323583013998
37.162833098730665,229.45152171655639
37.00743033901892,229.61919377229788
36.828858820100514,229.64406094032358
36.6465513829551,229.82834543121118
36.49575579594476,230.02868335083969
36.32772990306985,230.12189039654356
36.14236865365967,230.28847320468313
35.98560468812835,230.4552168207941
35.81260571818074,230.51916264592862
35.6143467101895,230.60324169360894
35.44160834785636,230.66941495184543
35.272616425405666,230.7607849480594
35.089883860793776,230.94577728241342
34.921723989547594,231.04417335630902
34.748895637508035,231.11255698789367
34.557797605323906,231.24263337646863
34.40340528991911,231.25262824342002
34.223656145038625,231.2764577548239
34.0395769099138,231.4544144944904
33.87057240703985,231.55207577129005
33.70577718889194,231.6797331370269
33.51688646173716,231.82569749564396
33.339552292198334,231.86815354786623
33.162646797243006,231.91407729018513
32.9700312752842,232.0334949651016
32.78899396215382,232.05062669038728
32.613164805735934,232.10501720836558
32.44326670705558,232.20247298164617
32.25146566162778,232.3269273350007
32.07921461839896,232.40874970279995
31.906329191471514,232.4868916393063
31.704512349234133,232.53747406723483
31.53061095613449,232.60877394247436
31.354037672624703,232.66108249970205
31.166100422048313,232.81282350329914
30.992324016665833,232.8869317015373
30.81762844709026,232.95497554618362
30.62441093161712,233.06667973772971
30.44483524879974,233.09821113115365
30.268590722360415,233.155784935027
30.078301394729234,233.2889399851599
29.902624259172214,233.3517382336165
29.718963134230723,233.35262303568015
29.52017703616388,233.41770004798124
29.347382271495878,233.504317881432
29.171724104719086,233.5691008210635
28.98779909474326,233.75189495766085
28.811085121838417,233.80939544026424
28.63970415331904,233.91119110552236
28.462418543250035,233.9657655634025
28.28360275465254,234.00838994927307
28.110365715887742,234.09803137669013
27.91016289792376,234.1467734967043
27.739799182960507,234.26163834268547
27.56589853955237,234.34796889687058
27.374080823627974,234.46618815610415
27.196963294065075,234.52615507888407
27.020860018091057,234.59574524064607
26.82881300780489,234.71103602057116
26.64948148107548,234.7532111868621
26.473514286611284,234.82581564104302
26.299026757561528,234.91265449496905
26.110778003162086,235.06118059188407
25.93319072892618,235.12158269745333
25.758781107796356,235.2118656459538
25.566187441198135,235.32051705769504
25.388127644553578,235.37844774075322
25.20996171079525,235.43623467842008
25.01913251909032,235.5600909408892
24.84551229905999,235.66187810530738
24.66763992764925,235.72455406755014
24.477709363108783,235.85651707490896
24.304338689283462,235.96397774182236
24.12496474268267,236.0143526422515
23.9331504546717,236.12736890126453
23.760399206982942,236.244250359388
23.58616125117862,236.34806443220276
23.394365391188195,236.46081035840078
23.219166018696757,236.55681776003564
23.041531679296643,236.62935844702375
22.862196777581318,236.68546643557707
22.687794767956067,236.7939737854433
22.51062190431617,236.8751069360998
22.32472147321687,237.04992345612274
22.150406298424905,237.16366727329785
21.971846523026755,237.23349772888378
21.778390263991884,237.32731917761382
21.596030671544725,237.35645569029936
21.41496333733304,237.40042141808675
21.22398936015761,237.51939008080691
21.04782515012825,237.61932341208572
20.865065556426188,237.64591080977
20.689940968919725,237.76071270289953
20.503366398420113,237.93001295206597
20.32107643456703,237.963992839375
20.148434931065268,238.1126225965871
19.9608162558389,238.27068240820506
19.781783296300194,238.34634462531005
19.607772781923348,238.48452505685407
19.421264637577938,238.65735655449313
19.24082751120575,238.71978798481095
19.061038920431773,238.79155972721722
18.876776564034316,238.9937318525625
18.69682383683274,239.065765004384
18.516768456085263,239.1379172107516
18.327317782372827,239.27462523029072
18.14758185580988,239.35276237965672
17.972331964336583,239.49229451976316
17.79227475438309,239.75590195289493
17.612398866288007,239.83779178952483
17.431562406933352,239.90820906425148
17.24228016431201,240.0486256766182
17.07493340155637,240.12458284376783
16.89912292988416,240.2719499132771
16.710916007979673,240.43065291485084
16.53045401496694,240.51513177539695
16.34656576917935,240.55111716461153
16.158629201745974,240.71401497480107
15.979364956442392,240.82070202912013
15.800240345360999,240.93203706420616
15.611423409574085,241.08295641074778
15.432878398886357,241.20704732989023
15.25767186445027,241.38699245816653
15.071357910427968,241.58021693030258
14.888378356947129,241.64100275052303
14.70663839145121,241.72370736121442
14.528376694590492,241.86644614420575
14.34402360020518,242.09715539740682
14.160069556118751,242.14889872689645
13.977706960688801,242.22960649858783
13.790458029400577,242.41375634700373
13.611324188952187,242.55535527139895
13.427873878196388,242.62291058518252
13.238020849673397,242.7622567354729
13.056026243897962,242.85916451762742
12.875175910913985,242.98048763154668
12.685914814554556,243.1316667411411
12.507097975994025,243.29755782377865
12.324807346142835,243.39989462948864
12.134597281592082,243.5340885667375
11.953760101618313,243.6701167309919
11.767336377514667,243.69478879774945
11.574625391402673,243.77549681875618
11.391921482952233,243.8792809245206
11.210877274394914,244.0226670745559
11.031017890831082,244.19716627365423
10.84412661628536,244.21934805385334
10.659176894745691,244.28680853706825
10.468342208575999,244.40729172493917
10.286614873573049,244.5538818324491
10.101573861918242,244.62568412959652
9.909834026102272,244.72290198354614
9.72640202948886,244.83767427068514
9.544524501782298,244.9968742028289
9.351787877514296,245.06624214389566
9.16502674082448,245.1023331634583
8.982972873506526,245.2684628858108
8.793590137944422,245.42555831316247
8.609977992205698,245.55760204574986
8.424308904552545,245.6355756788096
8.238099427677254,245.70099964515538
8.048079082053121,245.84158358043157
7.861776743832108,245.90771433147933
7.67585798909505,245.9893863687975
7.485486653245999,246.11736934268117
7.301277267870239,246.26152827094265
7.116624364410414,246.3979761208946
6.926994588639512,246.55352295092982
6.742087156705911,246.69130431621522
6.554301670801507,246.72868287523465
6.364207541409889,246.8675638869186
6.175025513251886,246.85104750518516
5.989622480682186,246.98932099954322
5.798847807260347,247.0966801170682
5.612168873971656,247.19008991094606
5.423325047928925,247.1913315744091
5.237564626909217,247.33827327946634
5.051408827171207,247.4768457125956
4.86279651921614,247.5011673994636
4.672438790704252,247.62408453409915
4.486132615345507,247.77608407375774
4.29939901152624,247.91682035618615
4.109735140005801,248.08303345045553
3.921805132687011,248.1674545046628
3.733264301333724,248.21982712796822
3.544565537025731,248.45613922768104
3.356912107106347,248.5857919546644
3.1691010723906237,248.7185894839108
2.979558773066548,248.91337652610676
2.7917840355229218,249.0769617329134
2.6031966398799113,249.1866127882178
2.412781900904121,249.314604622462
2.224057242907471,249.431770049346
2.035533378630127,249.595427516511
1.8463813483883909,249.70782491052378
1.6557715008295466,249.81624258413873
1.4666151026453764,249.96114006498684
1.2771040196673251,250.07974488893015
1.0866972705859692,250.22395323130272
0.8969567557794709,250.344388795427
0.7071644586892691,250.5113305276288
0.5166192337260603,250.62662611199298
0.32635027056346266,250.67612278494627
0.13601221640555475,250.73684174537013
