theta,r
-1.5704226059152302,176.82760280906382
-1.5698989273550203,176.73113969661262
-1.5698984573357426,176.70707952767242
-1.5698979868238552,176.6830192956714
-1.5693732099932352,176.59782324668447
-1.568847883371252,176.53929702252384
-1.5688468607198363,176.51527063417063
-1.5683207070430154,176.46052205019242
-1.5677940018479772,176.34051882813665
-1.567790843654523,176.2921170577545
-1.5672667445598039,176.27087608537346
-1.5672630297907202,176.22278145688273
-1.5667346620949785,176.1859889282551
-1.5667325224646365,176.16189451361888
-1.5667303805788617,176.13779999945803
-1.5662008983856106,176.07099267865974
-1.5656735628929839,176.02786232998756
-1.5656708600358655,176.00364111545377
-1.5651402649511923,175.88406008814846
-1.5651372775760455,175.85968276185594
-1.5651342870435674,175.83530503677042
-1.5646025698389985,175.75915275802691
-1.5640702935623403,175.65930755200947
-1.5640667335680332,175.63485976441723
-1.5635336136010773,175.54775279877268
-1.5629999328083772,175.4805827712972
-1.5629957997671722,175.45624786385324
-1.5629916623416986,175.43191260114446
-1.5624568487755413,175.36576942824314
-1.562452420816943,175.34157841459123
-1.5619167573298363,175.2855286134946
-1.5619120376194175,175.2611603812085
-1.5613755221224053,175.187147684057
-1.5608384410783214,175.08637743627452
-1.5608331398342525,175.06171665689573
-1.5608278329429555,175.037055173612
-1.5602896071349983,174.97097120152975
-1.55975081340292,174.9225487597325
-1.5597449206828393,174.89807693177923
-1.5597390216721918,174.87360460014258
-1.5591990771245083,174.79009093315548
-1.5586650445033536,174.7268230753713
-1.5586585622646996,174.68710185331253
-1.5586520730952342,174.66039430815127
-1.5581106944913665,174.5635639428927
-1.5575687437886916,174.46313286851145
-1.5575616607424574,174.43825866831793
-1.5575545701070075,174.41338353145213
-1.5570114576239111,174.37081376757655
-1.5564754512991639,174.31412672202904
-1.5564677706358652,174.28953961149347
-1.5559235085527527,174.2308166319985
-1.5559155233872786,174.20646279182284
-1.5559075296434162,174.18210857152016
-1.5553620977963705,174.12455167586427
-1.5553454891428762,174.07451496865414
-1.5548160884354765,174.01411881801656
-1.5547988831638355,173.96401120064561
-1.5542606041933058,173.8983598508044
-1.553713138638979,173.8166257254448
-1.5537039325616118,173.7918201154771
-1.5536947165576087,173.76701363684475
-1.553146070075234,173.6942978249104
-1.5525968418361418,173.61516124825965
-1.5525870132571358,173.5901713971673
-1.5525771740577776,173.56518047648356
-1.552026758618362,173.46059155008268
-1.5514862039862973,173.40585544049736
-1.5514757589742991,173.38121250664818
-1.5514653026579996,173.35656887697277
-1.5509134140256708,173.3255513357983
-1.5509026418631346,173.30121355759456
-1.5503498620436134,173.20296270314265
-1.5503387727088118,173.17762269463503
-1.550327671340351,173.15228123200959
-1.5497736916579932,172.33729470134816
-1.5492308377897923,172.94883779887408
-1.5492191228419954,172.9996696908998
-1.5492073951615162,172.93974615831294
-1.5486519285235396,171.21717092996093
-1.5480958709133676,171.8546503495255
-1.5480835129737813,171.79274424076803
-1.5480711415740642,171.73079684509798
-1.5475138726127975,172.3106392756149
-1.546956010191168,171.80753813610173
-1.5469430038484013,171.87192651782922
-1.5463842356644366,171.1052798602489
-1.5463709030760986,171.06918119690462
-1.5458112268835087,170.81699800735117
-1.5457975666790462,170.82069312073054
-1.5457838915325322,170.82441852808034
-1.5452229910280102,172.06063340377915
-1.5446757959548068,171.5600583657785
-1.5441140132653866,171.2384089749604
-1.544099394005435,171.2424805162401
-1.5440847587207067,171.2465828279015
-1.5435217446263703,171.27210670617404
-1.542958129594091,171.53419830893262
-1.5429428441505102,171.56215664961147
-1.5429275419161421,171.59017206560299
-1.5423626888982058,170.33080845121512
-1.541813172110401,170.70967614378293
-1.5417972324124352,170.60719345870638
-1.5417812751772177,170.50431923957368
-1.5412148945319633,171.5930653043017
-1.5411985992826744,171.50344983262568
-1.5406312921807466,171.0113062125712
-1.540614657497029,170.97093702333584
-1.5405980044621828,170.93056711261798
-1.540029446090018,171.05632766553111
-1.539477577881384,171.21493830049525
-1.5394602791569953,171.17466995625682
-1.5394429613186167,171.13438363653614
-1.538872860998045,170.6863241501142
-1.5383021502275067,169.91471809779406
-1.538284163395434,169.8127269807062
-1.5382661566464928,169.71064950384368
-1.5376941825738892,170.3579984978322
-1.5371215954812611,170.8902727808914
-1.5371029147452349,170.81675810612387
-1.536529385985725,169.23329602363538
-1.5359552423063505,168.84294510845422
-1.5359358833358971,168.81755496003362
-1.5359165028491208,168.79216326655217
-1.5353410837110217,168.6874856939114
-1.5353213511404085,168.66123765209784
-1.5347449832772968,168.5777617485634
-1.534188392299596,168.54682173302922
-1.5341679966081831,168.5224649564347
-1.534147578187831,168.49810778225475
-1.5335696391267581,168.40819990146142
-1.5335280668495566,168.3568764611945
-1.5329910793458403,168.3330458984173
-1.5329488385884065,168.2820464103846
-1.5323689876102362,168.18087465344712
-1.5318103164113623,168.121324692417
-1.5317885133008524,168.0965031034146
-1.5317666858021024,168.07168888540008
-1.5311852506443397,168.02647535851918
-1.5311630614232636,168.00164791399055
-1.530580663018722,167.93762786666943
-1.530558110553989,167.9120618816234
-1.5305355327944323,167.88649414017883
-1.5299518292611847,167.79184230880512
-1.529390754556451,167.7359273839845
-1.5293674971408928,167.7100946521889
-1.5287825358173055,167.61959531817135
-1.5287589109955566,167.59295582759253
-1.5281729778680295,167.5080539494464
-1.528148984094779,167.48286502451145
-1.528124963309303,167.45767476109424
-1.5275377124583172,167.37492841162117
-1.52694982843148,167.3024346050778
-1.5269250920923776,167.2765028475747
-1.526336228956558,167.22164634630718
-1.5257467306970682,167.1225801772624
-1.5257212742961217,167.09627226476425
-1.5256957891288772,167.06996345370226
-1.5251049604223066,167.000724337066
-1.5250790984755846,166.97494057541738
-1.5244872832935528,166.89778645782047
-1.5238948289807048,166.81108321257625
-1.5238682388545624,166.78579319433499
-1.5232747942558595,166.72866339474385
-1.5232208212069254,166.64942512812962
-1.5226807085653076,166.6146711101916
-1.5226260317557272,166.56066657242027
-1.5220305991419618,166.51098287662825
-1.521434522744755,166.4081272936699
-1.5214064305594341,166.38105399204272
-1.5208093550693456,166.3031907454095
-1.5202116338250555,166.23392474180577
-1.520182798722467,166.20772939837846
-1.5201539307551521,166.18153155283716
-1.5195548495656166,166.1125437904602
-1.5189551199130027,166.01422132153218
-1.5189255034462656,165.98759432290356
-1.518324765814719,165.94694109100874
-1.5182947561978157,165.921906186596
-1.5176930080615592,165.81889241541163
-1.5176626036395544,165.79160258436238
-1.5176321644141935,165.76430898753432
-1.5170290415766123,165.67445947250047
-1.5164252648257415,165.59672534018597
-1.5163940657999184,165.56936235869475
-1.515789270925181,165.5106749916825
-1.5151838201443042,165.4077173280644
-1.515151856533852,165.38028723452402
-1.5151198561977244,165.35285319989433
-1.5145130174071386,165.24781869629686
-1.5144806138826827,165.22238885736232
-1.5138727492860808,165.16367244437484
-1.513264224658065,165.1053037527939
-1.5126550393744498,165.01937503394078
-1.5126214935080833,164.99179955686333
-1.5125879089531056,164.96421995621034
-1.5119773222181405,164.8813433239959
-1.5119433281511516,164.85578502319368
-1.511331706478926,164.7775749615792
-1.5112973011746922,164.751036524255
-1.5106846419665985,164.67810730463242
-1.5100713165636404,164.59611253078907
-1.509457324340794,164.5200444485934
-1.5094217574067808,164.493985504322
-1.5093861492543206,164.46767277932312
-1.5087707381699396,164.41866303619335
-1.5087347123336399,164.38235562705722
-1.5081182544783258,164.27229354182015
-1.507501125619862,164.21511286176172
-1.5074643019424323,164.18945977570917
-1.5068461222837386,164.0815588116335
-1.5068088761579914,164.0536580190724
-1.5067715866802278,164.02575384155142
-1.5061519727059325,163.9561462786739
-1.5055316835215917,163.87640841412187
-1.5049107185010155,163.79937049859424
-1.5048722392283262,163.77259706052627
-1.5042502140602843,163.7019854053046
-1.504211305723966,163.6747033777011
-1.5041723519303745,163.64741751571773
-1.5035488785376172,163.55275722916278
-1.5029247250774584,163.4664696469355
-1.5028849531833979,163.43835030198176
-1.5022597315642858,163.3930810996495
-1.5016338278357737,163.30283594732563
-1.5015932326975165,163.27543964195587
-1.5015525899526254,163.24803935375976
-1.5009252239539892,163.17644536166276
-1.5008841430289825,163.14986199302604
-1.500255700795416,163.07886817340264
-1.5002141798432038,163.0519255392947
-1.49958465866834,162.9923400014265
-1.4989544496953042,162.85794723225962
-1.4988696864241218,162.80027072824487
-1.4983235522976888,162.76971897832289
-1.498237999218743,162.71773533987033
-1.4976488190378556,162.70480024075636
-1.497016146649054,162.63684723367544
-1.4969725522077684,162.60841291173608
-1.4963387911495947,162.520890643236
-1.4957043375559957,162.44496010624076
-1.4956598947306883,162.41731198422139
-1.4950243482981722,162.35422582270465
-1.4943881072719885,162.27301567514337
-1.494342810739452,162.244441715705
-1.4937054726925423,162.16839624069814
-1.4930674379919586,162.0738610421761
-1.493021282398463,162.0485040935318
-1.492382146483146,162.00579925922645
-1.4917423118524755,161.9011172393502
-1.4911017778847937,161.79757480206362
-1.4904605439593779,161.727364113675
-1.4904127109319465,161.70009206304468
-1.4897703687024386,161.6506966218381
-1.48972207056342,161.6247153219469
-1.4890786172508226,161.5126654654759
-1.4884344604750952,161.43080511491866
-1.4883852848631893,161.40386195812903
-1.4877400127718143,161.334190418255
-1.4870940351521846,161.26566924885566
-1.487043976579819,161.2367242197057
-1.4863968794001141,161.1374420494766
-1.4857490746257813,161.06315014623783
-1.4851005616401602,161.00766761601957
-1.4844513398276238,160.92276817958
-1.4843995607308513,160.89369388966497
-1.4837492122004023,160.81402284412215
-1.483098152777815,160.75295000006483
-1.4830454752454985,160.72750164601197
-1.4823932848327224,160.64727899220122
-1.4817403814616386,160.567318233882
-1.481686799891219,160.53945581592023
-1.4810327612461447,160.48934292805936
-1.4809786930904054,160.45936379683
-1.4803235163331685,160.32912708672686
-1.4796676230935435,160.27418730347574
-1.4796126418368198,160.2480458987718
-1.4789556061804365,160.17300296911668
-1.4782978519719228,160.0975058074598
-1.4776393786019681,160.0396151941896
-1.4769801854624234,159.971781456139
-1.4769234294227058,159.9423376401504
-1.4762630866287463,159.8562378184679
-1.4756020219977501,159.7855336380427
-1.4755443369320353,159.75888887963544
-1.4748821183157603,159.69551009486045
-1.4742191757946517,159.61089025010963
-1.474160555931085,159.5813151100703
-1.4734964550828256,159.46304574726233
-1.472831628261699,159.40608201809806
-1.4727720677963794,159.37984408890628
-1.472106078295324,159.2755222311373
-1.471439360753249,159.21535788447665
-1.470771914569392,159.17241614524215
-1.4707109692645417,159.14379962806396
-1.4700423545697845,159.05814868153828
-1.4693730091667876,158.97744811398215
-1.4693111092480173,158.94920021397166
-1.4686405909582676,158.89629332718272
-1.4679693398939992,158.789965165777
-1.4679064794499,158.76009480609565
-1.467234051112504,158.66268759854182
-1.4665608879346128,158.57651992570976
-1.4664970610213193,158.5485326887757
-1.4658227161735176,158.49490662858048
-1.4652123546821572,158.42387865349764
-1.4651476344196717,158.39388927084062
-1.465082835060769,158.36389447454354
-1.4644065672299376,158.28789062823142
-1.4637952578262856,158.26458964650678
-1.4637295604280693,158.23652522666356
-1.4630518140648843,158.16795036975378
-1.4623733275515296,158.10397304039066
-1.462306646986953,158.0622443857452
-1.461626967031907,157.98072669720983
-1.461559751423947,157.9526018034377
-1.4608788750721398,157.91814932790024
-1.4601972550353282,157.80061656404064
-1.4601290464804713,157.77039530080123
-1.4594462256085448,157.70430964567805
-1.4588317815694292,157.67704139932547
-1.4587626589912268,157.65011740683843
-1.4586934513711307,157.62318981753108
-1.4580086794706222,157.5363554989837
-1.4573932861918917,157.48199821951613
-1.4573231597654888,157.45165847904354
-1.4566368916754606,157.37619645395503
-1.45594987462182,157.3256912904971
-1.4558787381742648,157.29865675884125
-1.455190508425185,157.22173434687755
-1.4545015276591982,157.1685109376827
-1.4544293749844426,157.13936332966932
-1.453739177054193,157.0597968829414
-1.4530482260553106,156.9933146733011
-1.4529750509141317,156.96551957265032
-1.452282878273007,156.91393359412055
-1.4522091439243332,156.88471298525738
-1.4515157466331607,156.81264755764525
-1.450896267064978,156.800655862427
-1.4508215927441617,156.77376428858295
-1.450746825797889,156.74592138712924
-1.4500514427635893,156.6978330578397
-1.449431012898516,156.6514244105169
-1.4493553010827207,156.62072596320937
-1.4486584001889307,156.58322799218098
-1.447960739517581,156.52250698336462
-1.4478839838568076,156.49314108924887
-1.4471850865764961,156.43634968855645
-1.4464854274773737,156.3418833838008
-1.4464076215881512,156.31437470681925
-1.4457067213665722,156.28347905408614
-1.445005057287326,156.22991103294072
-1.4443026287930616,156.15011777500152
-1.4442232850291434,156.12358765774192
-1.443519609411674,156.07215147203524
-1.4428954763390938,156.03824042889917
-1.4428151673457743,156.0072688309633
-1.442734757989257,155.97628852154187
-1.4420290642700424,155.91327710955358
-1.4413226020717762,155.8385555880624
-1.4412411206276166,155.81293714227087
-1.440533402238046,155.74735814149486
-1.439824913341758,155.69297147910248
-1.4397423532811906,155.67039689087437
-1.4390326036479042,155.60091711914538
-1.4383220814833577,155.50980277359835
-1.4382384362438376,155.48173158588244
-1.4375266487890719,155.42475044434397
-1.4368140867817967,155.34988538644492
-1.436100749681826,155.31634706051346
-1.4360155179088858,155.28976967863395
-1.435300909480533,155.23674764195707
-1.4346717480529685,155.19024309426928
-1.4345855239450063,155.1621135248816
-1.4344991912132248,155.13397875443428
-1.4337825297819289,155.0777966974984
-1.4331524194149887,155.03977750684703
-1.4330650892327015,155.00996130698545
-1.4329776488671886,154.98013777027955
-1.4322589278479352,154.8929578334095
-1.4315394257038923,154.82076924512864
-1.4314508709957905,154.79190661252727
-1.4307300838007908,154.75738305669228
-1.4300085134782254,154.68861970739567
-1.4292861595037276,154.59743376710472
-1.429195977723739,154.56949075991824
-1.4284723326367363,154.53398345569752
-1.4278390985121396,154.487347144075
-1.4277479019029564,154.45738132883116
-1.427656589661762,154.4275819935111
-1.4269308632225899,154.36481252156386
-1.426296681423108,154.34694436756203
-1.4262043491463332,154.32083024750807
-1.4261118996223277,154.29185662952136
-1.4253840852418354,154.21761835358816
-1.4247489560257864,154.16435083280766
-1.4246554812386798,154.12628538949076
-1.4245618875761594,154.09800902496144
-1.4238319786641824,154.04799972907566
-1.4231959023231189,154.02778136192347
-1.423101278148886,154.00115843502377
-1.4230065334580182,153.9745321693047
-1.422274523423791,153.9173804267977
-1.4215417198107068,153.84024230825494
-1.4208081221158897,153.77937136648802
-1.4207116994200801,153.75029287845683
-1.419976786123579,153.66221854641074
-1.4193385424812104,153.62724854194735
-1.4192410767792605,153.60545706551198
-1.4191434865185544,153.58299115768762
-1.4184064569534551,153.5209739053043
-1.4177672679640487,153.43994221264006
-1.4176686293800644,153.3960333434266
-1.4175698645516486,153.3609218969079
-1.4168307121336545,153.28984921447767
-1.4161905782423725,153.2267012009283
-1.416090759752712,153.19831792839085
-1.415990813319591,153.1699290397655
-1.4152495314657347,153.07021891856044
-1.4146084531533987,153.06022849137955
-1.4145074477002992,153.03327292478508
-1.4137645615399708,152.94269169981777
-1.4130208725039322,152.87028147812038
-1.4122763801138796,152.74386769379436
-1.4121736469378834,152.72239238727062
-1.412070781638307,152.70092160019368
-1.4113244153815008,152.58467777189833
-1.4106811799220087,152.54550713446923
-1.4105772428606467,152.51510842102715
-1.4104731719311967,152.48470146878566
-1.4097246545728968,152.4353707794325
-1.409080477143133,152.3520458199864
-1.4089753290260143,152.32359674971153
-1.4088700452826353,152.2951474926204
-1.4081193702566843,152.20268160880187
-1.407474251501962,152.17392329776317
-1.4067224985991198,152.07056336277287
-1.4066155894244776,152.0410130288729
-1.4058624826970458,151.9775104620175
-1.4051085644857484,151.88912168574524
-1.40500042707516,151.856734634745
-1.4042451504017708,151.74523141662152
-1.4034890603492125,151.67134710519332
-1.4033796874199689,151.64285510326317
-1.4026222342653791,151.56730337734652
-1.4018639658440621,151.44276351685798
-1.401753350079451,151.41027224808386
-1.4009937139140058,151.35502183420454
-1.4002332606022563,151.28711488161096
-1.3995842645580419,151.22391073140741
-1.3994719897059216,151.182768299021
-1.3987099007895678,151.1493759478833
-1.397946993420626,151.05112250468778
-1.397833460066175,151.0119859634911
-1.3970691760175813,150.93994820926602
-1.3963040716613615,150.83640793871194
-1.396189272390323,150.8155605153961
-1.3954227867182785,150.7138347724065
-1.394655478892346,150.63018780314906
-1.394539406256702,150.5920051995791
-1.3937707124779084,150.5110167046875
-1.39300119470799,150.41310009080138
-1.3922308525341547,150.34572358819173
-1.3921129328656316,150.29120065461353
-1.391341198686174,150.20594972674468
-1.390687693338725,150.12146525230034
-1.3905686382806857,150.0886521330393
-1.3897952512452942,150.00960835237498
-1.3890210371792175,149.9390610375586
-1.3889006853056614,149.91674165490707
-1.3881250717855207,149.82501735796026
-1.3873486294342685,149.72935542189916
-1.3872269731675841,149.6964429449402
-1.3864491267362045,149.60927523623846
-1.3856704496834111,149.50775852547918
-1.3848909416238235,149.41969559689386
-1.3847673956544857,149.3911194227697
-1.3839864774950263,149.32476233031872
-1.3832047265551746,149.2041531934211
-1.3824221424591285,149.13870336021367
-1.3816387248343671,149.06619358999325
-1.381512692224995,149.03761163306072
-1.3807278571098283,148.9403252301744
-1.3799421867161188,148.86268809863103
-1.379814818195939,148.81687162407627
-1.3790277257030388,148.71378989495946
-1.3782397961930473,148.61866173243098
-1.3774510293099975,148.53041235939583
-1.377321727808416,148.47980590212327
-1.3765315328487238,148.39746095893517
-1.3757404987957864,148.31625582691967
-1.3756098429909713,148.27282714912835
-1.3748173762627192,148.17628218279998
-1.3741559120308393,148.1555785878299
-1.374024068732994,148.12698985843807
-1.3738920508124586,148.09839910423634
-1.373097306011998,147.98979309808163
-1.372434929917724,147.9333330644272
-1.3723017187140836,147.9104546743914
-1.3721683308327863,147.88758106301438
-1.37137130167234,147.78270428005825
-1.3707080153029134,147.7518461788222
-1.36990989853712,147.6356747516
-1.3697747104843365,147.60256616213348
-1.3689751478115548,147.51021884956884
-1.368174739995494,147.45190382348022
-1.3680381653648537,147.41850640460535
-1.3672363070710905,147.34026613872544
-1.366433601985603,147.2230036829814
-1.3656300498023795,147.1012016340937
-1.365491472712756,147.07262263633012
-1.364686464157107,146.97933541242597
-1.3640204029373475,146.92022424055722
-1.3638806068763976,146.88069623782735
-1.3637406243731072,146.84368141382072
-1.3629333061656905,146.7455981292288
-1.3622663449651224,146.64491909995465
-1.3621251376198287,146.59409352792116
-1.3619837416955693,146.55949409449786
-1.3611741076746224,146.48640607302565
-1.36050624836931,146.4175087810005
-1.3603636217160966,146.38395972675121
-1.360220804332016,146.3503979107882
-1.3594088483563442,146.2480621486197
-1.358740092874578,146.2191333793125
-1.3585960388585243,146.16881986652555
-1.357782375567699,146.03234189513918
-1.357113152986683,145.99438653623372
-1.356967858216963,145.96584546086734
-1.3568223687519592,145.93729830898536
-1.3560063742553263,145.81607992826585
-1.355336260288021,145.78833664028303
-1.355189524145512,145.75008914647026
-1.3543718181678692,145.6074888756462
-1.353553256071795,145.53919121935292
-1.353405070423955,145.50830995929772
-1.3525850241060202,145.40577732483862
-1.3517641201487445,145.30624413514312
-1.350942358314114,145.22583794554566
-1.3507920841620578,145.1925898239577
-1.3499688323475327,145.08706713580762
-1.3491447211594711,145.01256437797014
-1.3489929781590888,144.96611091857375
-1.3484719232281204,144.90147621165838
-1.3481673725164915,144.81745627554432
-1.3473409060207167,144.7278443980852
-1.3466672291235016,144.689254640515
-1.3465135784554512,144.65584210852592
-1.346359720525397,144.61425555069744
-1.3455308927939849,144.5324258252861
-1.3448563392725341,144.42570009243468
-1.3447012025393088,144.40740577211363
-1.3445458562672692,144.38911916906622
-1.3437146613994642,144.2996654831165
-1.3430392336524783,144.2115866378483
-1.3428826025719833,144.17771567796098
-1.3420496795910042,144.08008333221215
-1.3412158922670974,143.97680416729605
-1.3403812404152478,143.89467645897798
-1.340222459709672,143.85106850492608
-1.3393862951485274,143.7778874382571
-1.3385492646688781,143.67816904931607
-1.3383889699469018,143.63776857370962
-1.3375504223591803,143.52721735530986
-1.3367110074808832,143.4690908048419
-1.3365491903665836,143.44005531785342
-1.3357082539936738,143.4157256316933
-1.334866448976968,143.28924815902064
-1.3347031010659096,143.2552370595841
-1.3338597701807906,143.19962133745588
-1.3331802324100854,143.12755944360816
-1.3323358205704432,143.0868785347317
-1.332170498335394,143.05612133179298
-1.3313245570962942,142.96325313171837
-1.3304777454681973,142.87678020687557
-1.330310874893334,142.84270943198504
-1.3294625295344675,142.76639274302204
-1.3286133125025692,142.7382914358288
-1.3284448851095316,142.709951211439
-1.3275941300299912,142.62190454573678
-1.326742502013784,142.53225573751052
-1.326572509296931,142.48467220267224
-1.3257193389311817,142.42452488417914
-1.3250366267481788,142.3486850837933
-1.324182379299348,142.26523014029993
-1.3240103755646448,142.2411867645166
-1.32315458237584,142.20737926921896
-1.3222979147328777,142.11057535202104
-1.32212432797956,142.0840036485695
-1.3212661103423622,142.0296134976385
-1.3204070170615798,141.94597082658143
-1.3202318387147856,141.91771562487
-1.3193711912022685,141.83330382486628
-1.3185096668787477,141.79141517419194
-1.318332888337714,141.763172854733
-1.3174698055622835,141.6817740620558
-1.3166058448308327,141.61717366406583
-1.3159198324700954,141.58256180434998
-1.3157410060947885,141.54206562175744
-1.3148752893107338,141.4627657459095
-1.3140086944404268,141.36909245337392
-1.3138282500403435,141.33057100062516
-1.312960089313508,141.2758498622925
-1.312091049412406,141.1916818425138
-1.3119089783227502,141.15419104955507
-1.311038368417183,141.10506148037868
-1.3101668782730114,141.03781813921182
-1.3099831718046202,141.0079491223466
-1.3091101075278435,140.9239891211472
-1.3082361619722105,140.92821452875137
-1.3073613351397189,140.80560191752755
-1.307175287615931,140.7609308929745
-1.3062988815253394,140.6975465799872
-1.3056090376791694,140.67089329329124
-1.3054215931541369,140.62629804450953
-1.30523388971864,140.59187557465899
-1.3043550180155108,140.54490084250682
-1.303664369653221,140.53122959882882
-1.303475263053095,140.49745865337152
-1.3032858949423487,140.45083545159562
-1.3024045525960564,140.3681081173433
-1.301713103482693,140.35435248300783
-1.3015223260373,140.32618846095335
-1.3013312844650833,140.29816368985604
-1.3004474664930008,140.25884729896
-1.2997552204643072,140.19124755685414
-1.298870341555061,140.14278348311947
-1.2986771751863135,140.11949212396524
-1.2977907019706407,140.04657480026611
-1.2969033438021698,139.95218383052296
-1.2960151007545986,139.86927509037952
-1.2958195294526653,139.80439995506504
-1.2949296871978073,139.64658061154768
-1.294038959214209,139.5152089176536
-1.2938416844423215,139.47060568746727
-1.2929493533257765,139.35859088385513
-1.2927510857975593,139.31719973746675
-1.2918571485551258,139.16595786597503
-1.290962323854552,138.95320015125253
-1.2905620740416954,138.86554106018895
-1.2900666118087687,138.85067458457817
-1.2896649155838977,138.76464807006863
-1.2889685805399291,138.65953596404754
-1.2880703694758953,138.53395464345195
-1.2878679310459906,138.48534800161238
-1.2876652103004287,138.4360561291157
-1.286764656627424,138.339224622716
-1.2860673905611208,138.25215041721336
-1.285863213096883,138.1951419400042
-1.2856587505782666,138.15381860056718
-1.2847556863819303,138.14416986770092
-1.2838517316220321,138.05381570290322
-1.2836455183752236,138.01925628587216
-1.2827399391550478,137.95594421117374
-1.2818334686950905,137.90540263145272
-1.2816254957467068,137.87082548546778
-1.2807173970610326,137.77914847200853
-1.2798084064896231,137.7454834684053
-1.279388629242621,137.69693783394436
-1.2788985242222346,137.71198138622975
-1.27847726534287,137.64942704204105
-1.277776527281949,137.6333639493319
-1.2768641199513722,137.5690621061342
-1.2766518572394,137.5377991937603
-1.276439296647399,137.50654248653944
-1.275524507385733,137.46131837038746
-1.2748228768023757,137.45872979398513
-1.274608824259687,137.42126404062412
-1.2743944710073325,137.37183665528704
-1.2734771456606377,137.30971318801306
-1.2725589259144787,137.23362693102678
-1.2723427709446713,137.2005466911114
-1.2714229053508421,137.16463302821373
-1.271205693395327,137.13339623397655
-1.2702841790952037,137.08112108288196
-1.269361769157684,137.0395498424515
-1.2691427404334439,137.00832353836051
-1.2682186782115177,136.98155582556564
-1.2679985826476905,136.95034223107422
-1.267072865305232,136.89446038074402
-1.266367865781406,136.86451188544933
-1.2661462511660442,136.83331482384497
-1.2652187405198454,136.75174667101314
-1.264996050937254,136.71704489202529
-1.2640668809541376,136.62451579907273
-1.2631368140802597,136.54344378903698
-1.2629122803808446,136.51617108703155
-1.2626874291511723,136.4888937962236
-1.2617549320938193,136.41292349597205
-1.2610479237737156,136.37449471677039
-1.2608215368152482,136.33472674357728
-1.2605948293844018,136.2936075901097
-1.2596597657334643,136.22383545601474
-1.258723803550791,136.16137306341426
-1.2584952307487143,136.13025488261604
-1.2575575967936157,136.05214558258427
-1.2566190640320851,135.98916465076073
-1.25638861667732,135.958384305718
-1.2554484087816966,135.89089641365018
-1.2545073018412702,135.818202128103
-1.2540423095720077,135.7490960677386
-1.2535652962353327,135.73706986861765
-1.2530987432205407,135.64981819523177
-1.2523885007012885,135.63226343261877
-1.2514439172076155,135.5394532968292
-1.2512089102720623,135.5084315207875
-1.2509735690872938,135.4774029178191
-1.250026518273343,135.3816940608146
-1.249315479688676,135.33045598958876
-1.2490785674998492,135.31336571790868
-1.248841318030412,135.29628678861104
-1.2478916796041908,135.20824155773158
-1.2469411411132691,135.13339227155433
-1.2467019741268195,135.1024250209287
-1.2457497448042365,135.05819276522683
-1.2455094444025567,135.02150443413484
-1.24455552160703,134.96042002894086
-1.2436006981857275,134.86864836090996
-1.2426449746060533,134.79745539829827
-1.242401944858598,134.7557872009169
-1.241444524219326,134.693569758172
-1.240486203434217,134.59918447423613
-1.2402412284295994,134.56831820945837
-1.239281207537603,134.52149400591043
-1.2383202865525886,134.44690113257016
-1.2380733570321518,134.41915024710005
-1.2371107329385678,134.35907056158874
-1.2368626452988962,134.31840032124236
-1.235898315545966,134.2652404991655
-1.2349330853892297,134.21056348098395
-1.2346830277692495,134.14967316506826
-1.2344326116841366,134.09609986060877
-1.233464863005485,134.002213420906
-1.2327482500291955,133.94476438936414
-1.2324962131523813,133.89764892178982
-1.2315266626857415,133.86037691462755
-1.2312734511922994,133.79961113335725
-1.230302186761395,133.67617662720522
-1.2293300219415373,133.5928809339149
-1.2290748156833289,133.55984999976081
-1.2281009340900924,133.4603882621418
-1.2271261523756063,133.39723743829205
-1.2268689420633878,133.3498834966137
-1.2258924408166822,133.215438356721
-1.224915039760099,133.1779332460535
-1.2246558161039813,133.1185456551278
-1.2236766928075278,132.99301011037494
-1.2226966700567838,132.89303818086347
-1.2224354237670747,132.8460656985899
-1.222173801083071,132.80522109665458
-1.221191226122318,132.71672709960296
-1.2204710294208367,132.6858315952733
-1.2202077512088938,132.6227742105528
-1.2199440933623182,132.56613628369143
-1.2189588888234861,132.49216813300066
-1.2179727847837618,132.38412002010278
-1.2177070824734701,132.337252903666
-1.2167192462622558,132.23207896526833
-1.2157305110479657,132.1632599950241
-1.2154627549757282,132.1023227285105
-1.2144722850990237,132.02796184553372
-1.2134809167636575,131.9181958191943
-1.2132110976350585,131.87140826207764
-1.2122179922024678,131.7582010706338
-1.211223988902787,131.67951111109068
-1.2109520974281411,131.64378585889804
-1.209956354653502,131.56344220734366
-1.209683226021589,131.51949654985842
-1.208685741546347,131.39386195844168
-1.2079621781901784,131.36524855361526
-1.2076873597492652,131.3605434536965
-1.2074121431859774,131.322570626362
-1.2064120173997501,131.18984570290826
-1.20541099500714,131.105603784405
-1.205133681231831,131.07109372354088
-1.2041309126211694,130.97453976394658
-1.2038523448840122,130.9400384988032
-1.2028478279089407,130.8672035539369
-1.2018424150702427,130.74240099975455
-1.201561734535085,130.70420158714222
-1.2005545711964558,130.60898558433558
-1.1995465128375304,130.5489082106736
-1.1992637102391428,130.51370169124243
-1.1982538993070118,130.39261634544033
-1.1972431942486508,130.2908836742944
-1.1969582603324733,130.28394682936533
-1.1959458006908856,130.20345429571861
-1.1949324478684453,130.07075656269308
-1.1946453733916076,130.02438432201373
-1.1943578809865314,129.96834379299338
-1.1933419061112915,129.91625645657606
-1.1926142625051726,129.86452772533312
-1.1923250382375308,129.81819298316012
-1.1920353926225258,129.77185157400635
-1.1910167642514957,129.65054160012926
-1.1899972439399178,129.57754182008506
-1.1897054358857988,129.52714884817183
-1.1886841532682781,129.41114437346255
-1.1876619798214043,129.32495571667693
-1.187368000113993,129.26507794425987
-1.1863440626201147,129.20974185713123
-1.1853192354618787,129.05761311086775
-1.1842935196347786,128.97174166037385
-1.1839964820254394,128.9059453618012
-1.1829690007028086,128.8327727236347
-1.181940631953641,128.71418277521042
-1.1816414014669898,128.65242506205124
-1.1806112656515901,128.5545654600317
-1.1795802437071372,128.44693610491373
-1.1792788111961783,128.38578572533666
-1.17897693785268,128.3321812661914
-1.1779432625619854,128.22327504502132
-1.1772123453998404,128.18624075687637
-1.1769087017374904,128.13091303080597
-1.1766046137397272,128.07556684454266
-1.1755682808737011,127.96987479609027
-1.1745310638929096,127.88659449654897
-1.1742247521232048,127.83017668884165
-1.1731857617541053,127.71871103298301
-1.1728781095318046,127.68249155972751
-1.171837344109467,127.57693487344375
-1.171105134226556,127.5088247715773
-1.1707956964412611,127.44671916333311
-1.1704858050444529,127.40110214936067
-1.1694423810924754,127.3736601891577
-1.168398076462496,127.2238394156673
-1.1673528923197305,127.10734636366507
-1.1670398547583118,127.04850532410997
-1.1659928936389188,126.97058639987378
-1.1656784967237137,126.93559285354502
-1.1646297570897155,126.88564478872695
-1.1635801400899624,126.75830630648906
-1.1632634768831287,126.71469035087094
-1.1629463484335603,126.67595467383185
-1.1618940472503827,126.64269590906444
-1.161159808237946,126.60654140545603
-1.1608408697547605,126.55783223427014
-1.1605214624433242,126.50796592410056
-1.159466502518304,126.42970047118504
-1.158410668097637,126.34269946110707
-1.1580889729585802,126.30414932181557
-1.157676091884055,126.31455751956551
-1.157031355280197,126.24502018539265
-1.1559728649841352,126.12465989661897
-1.1549135033647837,126.06292999729217
-1.1545885987825129,126.00892950102579
-1.1535274538046223,125.9347436565387
-1.1524654394685545,125.84495640279745
-1.1521382265926694,125.81127511906759
-1.1510744282721161,125.7193657690975
-1.1500097626210108,125.67062884358779
-1.149680232603728,125.64537591839505
-1.1493502169996739,125.58495287196372
-1.1482828469541022,125.50143690303385
-1.1475464670103646,125.45992137181534
-1.1472146110390906,125.41081397074
-1.1468822658385436,125.3617509547527
-1.1458122429993913,125.30189941089775
-1.1447413564572126,125.21784085330879
-1.1444066728752014,125.15912210158994
-1.1440047219972904,125.19935840320132
-1.1433339990518514,125.09736244804253
-1.1422604637563332,125.01552174225299
-1.1411860684278778,124.95317832117235
-1.1408481102007737,124.90663443801668
-1.1397719281792207,124.83808403894719
-1.1394325416333213,124.78919406283842
-1.1383545718830463,124.73522839470115
-1.137275745317933,124.66755326886866
-1.136933994270034,124.62249689045359
-1.1358533798879287,124.54028916058391
-1.1355101900988922,124.4984213149248
-1.1344277869445996,124.41352947657575
-1.13334453036184,124.3198903260849
-1.1329989613043203,124.27055273038714
-1.1326528812599728,124.21430954964099
-1.131566897812728,124.12719405527855
-1.1308280198131557,124.08655091314941
-1.1304800629255005,124.02859287430151
-1.1301315913451941,123.99586782274596
-1.129042966026533,123.93237794123684
-1.1279534918836023,123.8679703639048
-1.1272144653649878,123.81980532270795
-1.1268631705125776,123.7762252704487
-1.1265113559288094,123.73605254609137
-1.1254192454728402,123.64053359403052
-1.1246799925236621,123.5878841271809
-1.1243262905004126,123.53432498920884
-1.1239720650263294,123.4972936659562
-1.122877321365317,123.4341087671165
-1.121781735968635,123.35214661419013
-1.121425091206919,123.28333108121778
-1.1203277176158741,123.23350271930772
-1.1192295051396501,123.14234609010946
-1.1188704327443186,123.09886554735894
-1.117770432666951,123.01300062920976
-1.1166695966251396,122.91984423202977
-1.1163080883030507,122.88697746494401
-1.1159460442412081,122.85360274000845
-1.1148424673054067,122.75356439581023
-1.1141020094309204,122.71737902070399
-1.1133735649665057,122.62026555116752
-1.1129977222814214,122.64622876603605
-1.1122673667203566,122.55405111531745
-1.1111603381257524,122.46504441014083
-1.1104198428802015,122.41491154618602
-1.110052480963818,122.38054283335991
-1.1096845744806234,122.34075608375697
-1.108574931716547,122.2877724396473
-1.1074644635636188,122.16258715840077
-1.1070940906860962,122.11408109390845
-1.1059818379920818,122.02087910169371
-1.1056099533760904,121.98829792718955
-1.1044959158501768,121.89808364804178
-1.10338105764393,121.8584241166649
-1.1030066927145787,121.81365276434728
-1.1018900509046647,121.71762772950777
-1.1015141642008555,121.66261508870711
-1.1003957385937189,121.60405377673533
-1.099654317247891,121.57393212064446
-1.0992764972046407,121.53143062427463
-1.0988981164019094,121.46426506064317
-1.0977770926141648,121.39079764341587
-1.096655256533344,121.33162653700103
-1.0955326101030092,121.2820254040626
-1.0951507568079761,121.23555858968234
-1.0947683365098382,121.19169033745591
-1.0936429386172557,121.13872984701175
-1.0929010986498413,121.08368111959496
-1.0925167336434936,121.04478555216924
-1.0921317978485925,121.0156368202388
-1.0910038136370916,120.92216313515095
-1.08987502603021,120.82902167679092
-1.089487567055469,120.78634717085501
-1.0883570020061621,120.69828697204552
-1.0872256373236293,120.68284398234043
-1.0868356475570098,120.61329898567564
-1.0857025073406832,120.53659478627637
-1.0845685713301187,120.42284170002287
-1.084176043232286,120.38782848212243
-1.0837829318024166,120.35844219712354
-1.0826462411758513,120.28753265068845
-1.081903832311746,120.253468961375
-1.0811130973945504,120.16032513818614
-1.080766541145016,120.17036815556189
-1.079973841713082,120.06532789572512
-1.078833797912062,120.01201912344365
-1.078091578592477,119.96922011174597
-1.0776929681398935,119.92258568488259
-1.0772937654581813,119.8724393514386
-1.0761511669809283,119.82246692346511
-1.0750077866532206,119.73311393500248
-1.0746060179516412,119.69328383684288
-1.0734608713618883,119.59726530810562
-1.0730575175379198,119.55081586670137
-1.0719106052090472,119.4611865593414
-1.070762917269108,119.39861850159018
-1.069614455957566,119.33625351617513
-1.0692075337258604,119.3042193341433
-1.0688000066739018,119.24725378485395
-1.0676487931597314,119.1883818534042
-1.0669063200578475,119.15311829534559
-1.066496810482176,119.1144179047138
-1.0660866922896652,119.08304826773285
-1.0649329499709785,119.00742630711325
-1.0637784429474613,118.91875484580319
-1.0626231735392946,118.84172132790188
-1.0622094629641274,118.80774345751271
-1.0617951374676202,118.77809013967246
-1.0606371178893546,118.72994602952863
-1.059894657392051,118.6860398074966
-1.0594783403958967,118.65884325128441
-1.0590614046850866,118.63385321944524
-1.057900874476851,118.5587286910461
-1.0567395910249926,118.48003165753107
-1.0563200383880003,118.40767296160057
-1.0558998620057944,118.33503790418902
-1.0547358292440172,118.2452567642245
-1.0535710479343379,118.13787533934969
-1.0531482442149722,118.06843056592383
-1.0527248117099308,118.00503469700448
-1.0515572805269309,117.9143125647341
-1.0511322141936692,117.84374950704117
-1.0499629354625553,117.73095671690393
-1.0495362314717251,117.66580064443619
-1.0483652063617062,117.5505817157169
-1.047193442475478,117.46623654292516
-1.0467640906220483,117.40454013780015
-1.046334099875202,117.32684833959752
-1.0451595856996585,117.2361195126562
-1.0439843378264946,117.1566769320344
-1.043551689109633,117.12153548993152
-1.0431183964335702,117.02651749806864
-1.0419403984267015,116.88684965985058
-1.0415054491275935,116.84705156512737
-1.0403257112858384,116.78817203809194
-1.039889101608752,116.73243226932694
-1.0394518416161582,116.65523144384265
-1.0382693515862484,116.5479428671807
-1.0370861384751406,116.43874674039508
-1.036646196831045,116.42647269938593
-1.0362055997848374,116.36135269475326
-1.0350196351764842,116.23999038442726
-1.0345773640235156,116.18308485907326
-1.0333896645189133,116.08379845519885
-1.0329457155582098,116.01632277503104
-1.0325011048016792,115.94895426334696
-1.0313106523635027,115.84830969099184
-1.030119488098904,115.74092530677362
-1.029672172478522,115.67719359112093
-1.029224189958555,115.59955169655959
-1.028030274007572,115.50074552046968
-1.0275806001125332,115.47507926966966
-1.0263849551207662,115.3414771713791
-1.0259335862091075,115.32970731224586
-1.0254815439709264,115.24768457148875
-1.0242831465007185,115.13329312413025
-1.0230840491128854,115.04655598456941
-1.0226292793071843,115.02142107767747
-1.0221738310579276,114.96861681647374
-1.0209719830163377,114.82999327068202
-1.0197694411560818,114.77106905410331
-1.0193112560846669,114.72439976828139
-1.0188523874511548,114.67481214550335
-1.017647097037957,114.58065821131777
-1.0171865128648194,114.50393342477768
-1.015979504471933,114.45765852396917
-1.0147718116720046,114.35509214712177
-1.0143084770529058,114.31126698982132
-1.013099071689327,114.25921933239374
-1.0126340135184146,114.21548230400651
-1.0121682615475034,114.16175599581985
-1.0109561126778763,114.04280374386863
-1.0097432891321654,113.96457353979524
-1.0092747734132324,113.91570085975361
-1.0088055587768412,113.87738722342849
-1.0075899946795972,113.77802589417259
-1.0071190435266584,113.73454187764787
-1.0059017755059096,113.70186735100938
-1.0054290844063032,113.64980070789204
-1.0049556879093655,113.59800204726886
-1.0037356805389017,113.51306207493099
-1.0025150123271518,113.40682303946964
-1.002038831123026,113.36217512713029
-1.0015619394031696,113.324373645226
-1.0003385354333503,113.24959145941708
-0.9998598910384442,113.2048154774518
-0.9986347928213047,113.12857090365041
-0.9981543924032624,113.06855499296178
-0.997673274975151,113.01947119204208
-0.9964454429476058,112.97406929822992
-0.9952169646235391,112.89618215912233
-0.9947330421998531,112.84179836239817
-0.9942483976514672,112.7791987308128
-0.9930171897674376,112.73667523814474
-0.9917853429012156,112.6531219430592
-0.9912978853375068,112.59691908289228
-0.9908097005412032,112.54593911466209
-0.9895751286775807,112.50007357367792
-0.9890851688903319,112.45595249659216
-0.9878489196362118,112.37567371649789
-0.9873571816438346,112.32997602511804
-0.9868647099175066,112.26557642708686
-0.9856257387552327,112.20770407023106
-0.9843861442124695,112.16158990311342
-0.9838908402607396,112.07782527745766
-0.9833947974782369,112.02578674032267
-0.9821524862799202,111.99917296226326
-0.9814076994795532,111.97840656979051
-0.9809095595003948,111.91658917028576
-0.9796660205251622,111.81205904169458
-0.9791660891623719,111.76565327101589
-0.9786654127582859,111.75771546535937
-0.9774191672728182,111.65708166836336
-0.9764134714932518,111.56236416661879
-0.976172317587814,111.58796687526387
-0.9751645208389991,111.48391413333607
-0.9739149706623804,111.41332990304163
-0.9734088941835923,111.38078379718688
-0.972157697069549,111.29369424523745
-0.9716498145466361,111.24383903975766
-0.9711411754423156,111.20444861974298
-0.9698872826496514,111.14092510097721
-0.968865620841076,111.0563916917029
-0.9686328027849624,111.0899606166184
-0.9676090341976606,110.9765071401506
-0.9663518654054879,110.9012292719721
-0.9658377829240559,110.89452399128041
-0.9645789819471317,110.80626592435927
-0.9640630792088216,110.75370701550769
-0.9635464083841007,110.71550229700088
-0.9622849241599066,110.68724536692942
-0.961247159235809,110.59115333331938
-0.9610228707584425,110.61180082559117
-0.959982994095349,110.52313780486516
-0.9587182649515544,110.47291282421403
-0.9576731756832376,110.35252915603682
-0.9574529754755638,110.38667733975369
-0.9564057733666218,110.25966898537999
-0.9551378160066388,110.20619699057347
-0.9546119891811189,110.17602994330491
-0.9533424241379191,110.051593009935
-0.9528147578866384,110.05321986765811
-0.9522863071119086,110.01179792363052
-0.9510140811809036,109.90970883876301
-0.9499527020095409,109.8326324489818
-0.9497413139457217,109.85623609009903
-0.9486778182873696,109.7628591781208
-0.9474023988066463,109.72723354358956
-0.9461264473816184,109.63881354539748
-0.9455913970155915,109.58092448172935
-0.9443138604110533,109.52300021678293
-0.9437769575695046,109.45306826669317
-0.9424978404840689,109.35187952071142
-0.9419590826519936,109.32827211328345
-0.941419525489544,109.29409584434977
-0.9401377745457665,109.22256025135502
-0.938855510860991,109.08596821271453
-0.9383130356332691,109.03855870204089
-0.9377697561879653,109.00153521422426
-0.9364848683973183,108.92294466984826
-0.9359397241792825,108.8666264205117
-0.934653275421734,108.77979415377357
-0.9341062640550432,108.72880709366257
-0.9335584421391029,108.692031321398
-0.9322693785348781,108.64989844709643
-0.9309798230957278,108.55945889148434
-0.9304290704410515,108.52530892553011
-0.9298775024018944,108.42662985183196
-0.9285853426990842,108.32702681264144
-0.9272927013696901,108.25544257162464
-0.9267381983383755,108.20525336874191
-0.926182875116913,108.16624065101016
-0.92488764049282,108.12290018487647
-0.9243304363719993,108.05214425712147
-0.9230336724014239,107.92132080431148
-0.9224745852239725,107.83514386799045
-0.9219146716020227,107.79072370875197
-0.9206153250541824,107.64490564746889
-0.919315518966348,107.50422509231309
-0.9187526593506876,107.41214107101507
-0.9181889685467516,107.38083433329112
-0.9168865917088607,107.25764650672927
-0.916321009238571,107.17060823053198
-0.915017125831988,107.00463341708314
-0.9144496496955727,106.96181751137117
-0.9138813361765773,106.85655366452424
-0.9125748937678833,106.71838918939329
-0.9112680147294048,106.5376249470221
-0.9106967454151144,106.45160061127494
-0.9101246340434058,106.39062150390214
-0.9088152087069535,106.26788968349993
-0.9080795826679778,106.22620497801987
-0.9075053578501114,106.13112199240099
-0.9069302878237478,106.07361205868668
-0.9056189601658908,105.94422866284935
-0.9050419870570844,105.85393034101261
-0.9037291887657015,105.72409873683407
-0.9031503108103671,105.68266535765838
-0.90257058156188,105.59681197423615
-0.9012552635993878,105.50396095659066
-0.8999395428306937,105.27305525347963
-0.8993568500528927,105.21466357188379
-0.8987733014240934,105.14453320755948
-0.897455074913144,105.01949980775768
-0.8968696141275384,104.94155419296135
-0.8955499430364775,104.81000921629644
-0.8949625685054415,104.7327956233233
-0.8943743321193075,104.69320865088835
-0.8930521695710982,104.57760486831035
-0.8917296290714031,104.49823253263753
-0.8911384224533543,104.39847096240314
-0.8905463495087304,104.30120371143721
-0.8892213323971492,104.19338062060417
-0.8878959493106467,104.06076354305694
-0.8873009047640497,104.00402757586532
-0.8867049894649277,103.89383012832374
-0.8853771450327793,103.73531346899877
-0.8847793064923257,103.7089063237847
-0.8834500587997424,103.64305731395844
-0.8828502957010194,103.54184315773787
-0.882249655983777,103.45931490584644
-0.8809179628504223,103.32016511325214
-0.8795859298054892,103.23191806820748
-0.8789823138190367,103.13423624417555
-0.8783778168856666,103.08825955536877
-0.8770433546049556,102.97358601820561
-0.876436927287581,102.89580383045009
-0.8751010913263635,102.82815994339603
-0.8744927325024255,102.76168691498779
-0.8738834869687666,102.67400514160117
-0.8725452388154873,102.52574700122814
-0.8712066776517762,102.4128643527361
-0.8705944526334954,102.32031254447068
-0.8692545400969911,102.22807362018807
-0.8679143256791884,102.13238909693702
-0.8672991241610646,102.06032653661703
-0.8666830290213307,101.99530232709733
-0.8653404365698701,101.9175614080268
-0.8647224050160828,101.81000822525668
-0.863378484172218,101.72456552989071
-0.8627585153665495,101.68779778991373
-0.8621376473467549,101.60740896243067
-0.8607913670936818,101.51483680021173
-0.8594448129701572,101.40999695508866
-0.8588209673426268,101.34106382147688
-0.8581962184457879,101.30814349200276
-0.8568473233831613,101.26441491575001
-0.8554981678209975,101.19469482871241
-0.8548704426101157,101.16030755542943
-0.8542418101339775,101.08974986577694
-0.8528903325437922,101.00174857575242
-0.8522597573900378,100.95214721379824
-0.8509070008303735,100.83136184670634
-0.8502744824746192,100.79669473256027
-0.8496410514525083,100.73039051832463
-0.8482859932113327,100.65926640815292
-0.8469307036787812,100.58852607516512
-0.8462942975508216,100.5384247625356
-0.8456569748887918,100.48839213533074
-0.8442994035711429,100.41827273517087
-0.8436601345325478,100.359491195929
-0.8423013194781432,100.26169191898046
-0.8416601037616956,100.18644281851658
-0.8410179662507984,100.12204926467018
-0.8396568909630114,100.02616021703041
-0.838295614416681,99.95891772528822
-0.8376505046521319,99.93595332789566
-0.8370044693619783,99.88517173486574
-0.8356409534738966,99.79979315228847
-0.8349929690800654,99.78199684594601
-0.8336282462026835,99.66505838334895
-0.8329783126344067,99.59959076577763
-0.8323274484310974,99.58618673881611
-0.8309605089836243,99.47089220510853
-0.8302462982590344,99.45319595010187
-0.8295933991284739,99.39133943135735
-0.8289395672168615,99.33841271423702
-0.8275712775248087,99.25293581111458
-0.8262028298065032,99.16167642899063
-0.8255460362274315,99.07627935141905
-0.8248883063463921,99.01810483297072
-0.8235176846631035,98.93863706216703
-0.8228580060762666,98.8841738565603
-0.821486232389932,98.78608387988729
-0.8208246053578812,98.69843040139197
-0.8201620371504447,98.64156001314389
-0.8187881139373455,98.57806970164363
-0.8174140646078005,98.49828742947473
-0.8160820742381486,98.3831075136344
-0.816039894333581,98.41409681458816
-0.8147058986354732,98.30974489742145
-0.8133296119826601,98.21397953156911
-0.8126601949082823,98.15560052142337
-0.8119898300065791,98.10858521341397
-0.8106114407876847,97.99859865488365
-0.8099391279818434,97.95994609355571
-0.8085596466830719,97.8686304196624
-0.807210174072738,97.76449315780391
-0.8071800772118011,97.79756505561879
-0.8058286164526278,97.6618739222669
-0.8044469808260389,97.60759937543104
-0.803768828284337,97.53666033742796
-0.8030897201861148,97.49043431067713
-0.8017060329608735,97.39813737873928
-0.801024978277143,97.33220712364998
-0.7996402414853157,97.23851885649624
-0.7989572410965339,97.18976785870285
-0.7982732807314251,97.15888750394039
-0.7968865198415651,97.0675868662017
-0.7954997147617322,96.96020626543334
-0.7948128258442188,96.90772876127036
-0.7941249740087338,96.84729752941436
-0.7927361705713026,96.78311510170127
-0.7920463745943633,96.73789919497692
-0.79065656562456,96.67364012563878
-0.7899648266498943,96.6217154364648
-0.7885740227407682,96.52236819668596
-0.7871832065451448,96.33959344576715
-0.7857923834436177,96.22947923969366
-0.7850967613859126,96.28069744776153
-0.7844001707848072,96.21926067537329
-0.7830074129430986,96.0208813727403
-0.7816146643763728,95.94442914115827
-0.780915173432179,95.83625305751107
-0.7802147113012223,95.78443294485815
-0.7788200552037019,95.58935846984127
-0.778117659515257,95.51754113195895
-0.7767220707433135,95.39221363965108
-0.7760177430524897,95.32624768034833
-0.7753124403000555,95.1953851605154
-0.7739149745966072,95.09377347092246
-0.7725175537449389,95.03540625046784
-0.7718093669666545,94.91824701435101
-0.7711002026809533,94.87235464848281
-0.7697009331170173,94.77224168161163
-0.7689898406856066,94.60488812598167
-0.7675896861373904,94.51602970921194
-0.7668766673926183,94.45474824394634
-0.7661626674925038,94.42367609572835
-0.7647606960910384,94.29813221197443
-0.7633588058232104,94.17566985365958
-0.7626419402053521,94.04874526846415
-0.7619240911921475,93.96939400918025
-0.7605204132954012,93.89081705923618
-0.7598006427683567,93.85869245649079
-0.7583961290562953,93.73010126460085
-0.7576744391304153,93.69590528703631
-0.7569517623985713,93.51299631174446
-0.7555454941737629,93.46263576969791
-0.7541393440467447,93.37022873960832
-0.7534138219290891,93.27434956990967
-0.7526873109793984,93.21233952128401
-0.7512794365621971,93.10202443817234
-0.7505510119758272,93.04655899561688
-0.7491423523738487,92.9856584943072
-0.7484120165535159,92.95460863490067
-0.747002583799601,92.90262555641402
-0.7463254705397264,92.90449588489678
-0.7455933036497573,92.88448828204096
-0.7448601454096224,92.83010208186712
-0.7434501129064685,92.78172363736036
-0.742715051908498,92.71639616108408
-0.7413042792489578,92.67149213331352
-0.7405673181350193,92.6291948102127
-0.7398293627318165,92.5955266148383
-0.7384169590619583,92.54258035162259
-0.7370047429492164,92.49077354978354
-0.7362639897958287,92.46502615494246
-0.7355222407460249,92.44532803669497
-0.7341084255766304,92.39231291447918
-0.7333647839741668,92.3591689419483
-0.7319502817775795,92.30743176499473
-0.7312047505592765,92.27446741637341
-0.7304582207706511,92.22640958426352
-0.7290421560749806,92.19034309642078
-0.7276263175971457,92.10457255640497
-0.7268770162276773,92.03726121054417
-0.7261267149160707,91.97775137817852
-0.7247093468562154,91.9556356352609
-0.7239571645005048,91.94069423928522
-0.7225391639315588,91.91383102444226
-0.7211214164351349,91.84169833535843
-0.7203664835564344,91.79664585845397
-0.7189481254168685,91.74235570497099
-0.7181913219649659,91.71469586399576
-0.7174335161634059,91.68895696371456
-0.7160136955222907,91.64017316514058
-0.7145941550184838,91.61290029172687
-0.713833620724163,91.57732349533441
-0.7124135086233262,91.53213328016412
-0.7109936913638653,91.47297672482264
-0.7102304436372557,91.4388985074523
-0.7094661926951553,91.40793160883575
-0.7080449768767374,91.36665456738339
-0.707390019941111,91.36660655703872
-0.7059702780600619,91.32419858997457
-0.7058571252870305,91.28477002420634
-0.704435699638863,91.25975917003102
-0.7030146017929405,91.20418741597739
-0.7022449707628734,91.17369128270919
-0.7008233725359148,91.12769624515484
-0.6994021168849549,91.09079364184164
-0.6986298195389425,91.04342434409688
-0.6972080860915095,91.01048515937035
-0.6964339602464107,90.96699733984833
-0.6956588308689912,90.93959836414277
-0.6942358122283698,90.86786439399606
-0.6935899312870644,90.87255018021361
-0.6928131637216276,90.84373445121906
-0.6920353931799845,90.82872023393134
-0.6906123075228181,90.7565742194046
-0.6891896068305887,90.71269721895958
-0.6884092117734714,90.68337976952671
-0.6876278133950035,90.64045896360574
-0.6862038944719604,90.61075556005545
-0.6855633816776877,90.60451081919454
-0.684780379000506,90.54436968671715
-0.6839963737394082,90.51830128104663
-0.682572471527867,90.48175383733815
-0.6811489876265415,90.47809133608602
-0.6803623927045741,90.43196741387021
-0.6789385451781162,90.39523246586126
-0.6775151308177987,90.35517437105817
-0.6767259636994606,90.31520383179868
-0.6759357947943407,90.24905119571329
-0.6745112617789114,90.21356873974288
-0.6737193129013533,90.17969167341403
-0.6722944581236547,90.14071597613449
-0.6716635565696849,90.14679148769116
-0.6708700644135818,90.11337790054979
-0.6700755715590248,90.09368895600305
-0.6686508794667015,90.0713161086351
-0.6672266633150746,90.03365518259717
-0.6664296446685661,89.99112020610355
-0.6650051535809439,89.9407784820111
-0.6635811532951846,89.91207342336315
-0.6627816272767388,89.87043283792617
-0.6619811020631641,89.83654930112043
-0.6605561036716949,89.8386455420146
-0.6591316147618832,89.79836110061687
-0.6583286021488195,89.74158481659792
-0.6569038903176245,89.7089817202728
-0.6554797028193248,89.67981756190541
-0.6546742217717326,89.66240191598749
-0.6538677434456881,89.63163546320119
-0.6524426287762883,89.60846338562003
-0.6510180571569433,89.57118767538316
-0.65020913109398,89.51248963424045
-0.64878438901449,89.46943108038208
-0.6479737485972573,89.4436365215294
-0.6465488505139658,89.40717324865685
-0.6457365012674683,89.38157003252024
-0.6449231563176677,89.34332495141162
-0.6434974091939845,89.29148741162473
-0.6428869987072163,89.2915999895812
-0.6414631177828869,89.2668679413805
-0.6412564925733086,89.2305309621656
-0.6398312136240905,89.17409998910057
-0.638406530053933,89.16852467903865
-0.6369824472696355,89.15377907801371
-0.636163623025304,89.12254153613105
-0.6347394612278165,89.0730465674892
-0.633315914973096,89.05457031803812
-0.6324947353220634,89.01431318225207
-0.6316725659806406,88.98993357616853
-0.6302482901747356,88.95616029736127
-0.628824648647756,88.79999696924104
-0.6280001465092035,88.70455941096785
-0.6265764794289369,88.14915165684279
-0.6257503251488623,88.07879360381006
-0.6243266472826464,87.6709268849881
-0.6234988470161317,87.68866969891045
-0.6220751731643619,87.63526642438549
-0.6206521670105418,87.61995971518691
-0.6198220781267454,87.59659940891481
-0.6189910046122161,87.573356395352
-0.6175673833186093,87.57793553961592
-0.6161444484379159,87.59918472625051
-0.6153111099838698,87.58350596930536
-0.6138882330639022,87.56798538651833
-0.6124660571591569,87.55178507119255
-0.6110445875003723,87.56571385905474
-0.6107939131793838,87.52659770337466
-0.6093711969747733,87.50926748812454
-0.6079492004578018,87.51247398675555
-0.6065279288289017,87.47677269260275
-0.6056885348929514,87.46489487645918
-0.6042673847197839,87.4895086783072
-0.6034264067103889,87.48301200319754
-0.6020053929875644,87.47238067041572
-0.6011628376640973,87.45156784417469
-0.5997419754106976,87.45670300341654
-0.5983218711092261,87.45104670756473
-0.5974771538535382,87.4446469958746
-0.5966314644290104,87.42135622232317
-0.5952109502651863,87.42303051491861
-0.5937912126088554,87.44018411863615
-0.5929433866783174,87.4374253511055
-0.5915238549532276,87.43612924877773
-0.5901051140664448,87.44018653445514
-0.5892551745139923,87.41187806830203
-0.5884042680505102,87.41118475550743
-0.5869851935068395,87.40865286494736
-0.5855669282722715,87.41527528400601
-0.5847139342265497,87.39419225601137
-0.5832959295010318,87.40384016249679
-0.5818787482949535,87.42006977790543
-0.5810236899742369,87.39694599489839
-0.5801676704137881,87.36308019531221
-0.5787502321572552,87.36115049535883
-0.5773336357906882,87.34619578095779
-0.575917886244658,87.35931993519466
-0.5750592973821098,87.3386035847341
-0.5741997518853009,87.3247351495074
-0.5727838010140585,87.30366687471353
-0.5713687152446699,87.30239446552953
-0.5705071693842358,87.28862860097745
-0.5690924382625857,87.25690562356208
-0.5676785862116408,87.26215352603131
-0.5668150639743199,87.24800443371848
-0.5659505914774154,87.24294248478012
-0.5645366152259735,87.22697504354421
-0.5631235361997691,87.17530063454565
-0.5622571149298334,87.14264639566063
-0.5608444451996631,87.1408813614828
-0.5594326865103721,87.14687979228466
-0.5585643408286921,87.09166232601495
-0.5576950516663106,87.0885286606712
-0.5562832461343636,87.05684589016089
-0.5557426152451252,87.06724359590916
-0.55487236965577,87.05189728075065
-0.554001184225434,87.01970594722377
-0.5525907716415074,86.98602010970042
-0.5517181782705561,86.95988477602711
-0.5503082447802637,86.94982670815402
-0.5494342514969186,86.92723639540834
-0.5480248123026059,86.88796833934101
-0.5466163336675987,86.88138078436494
-0.5452088201928557,86.84986607335716
-0.5448637286865715,86.81524238003149
-0.5434553236999949,86.80192103500572
-0.5420478970481959,86.77010258214708
-0.5415195434412039,86.77657894682955
-0.5406414532821167,86.76251020734726
-0.5397624364299698,86.73647026658693
-0.5383565502647878,86.73239956513005
-0.5369516603195478,86.6899085927892
-0.5360708654486869,86.67400935520291
-0.5351891478053575,86.65728702021366
-0.5337844223269674,86.6532208191372
-0.533263258108628,86.67000502033758
-0.5323807106112113,86.63358373827266
-0.5314972444400872,86.59723722282926
-0.5300941445404329,86.58778788160097
-0.5292093553743855,86.5661698097874
-0.5278068824186092,86.55403254049865
-0.5264054450489729,86.5111081619859
-0.5255189478704808,86.46048323209996
-0.5241181612266197,86.44702725368707
-0.5232303645628411,86.43127278169948
-0.5223416576258706,86.41352715604236
-0.5209411562030886,86.39544958256258
-0.5195417162696498,86.39265990198628
-0.5186513465377786,86.37691123551085
-0.5172526025709346,86.36732497085197
-0.515854932915568,86.32219598752177
-0.5149629264115341,86.29848984522887
-0.5140700184637339,86.2595947951725
-0.5126727116005073,86.24952382738279
-0.512170113232188,86.27242469414335
-0.5107753413455957,86.2343285580171
-0.5098813760375871,86.21099081738384
-0.5089865160343433,86.17820281865497
-0.507592154021391,86.17819217760793
-0.5066960600572274,86.15525686497884
-0.5053024710304138,86.11864090449704
-0.5039099984231927,86.1090124879609
-0.5030123509404107,86.08400914389703
-0.5016206746182165,86.07272430522032
-0.5007218176545918,86.02649038686293
-0.49982207554187386,86.00762285638189
-0.4984308951021355,85.99694934954114
-0.49794122446378264,86.01871154312884
-0.4970408560377093,86.00646874210354
-0.4961396072366984,85.97638235952147
-0.4947504091083035,85.96839259506747
-0.4933623645404388,85.93536736744996
-0.4924596356879317,85.93198818165294
-0.49155603149492255,85.90242747730292
-0.4901685597539903,85.91205877292639
-0.4896864401239694,85.92267168715921
-0.4887822579229615,85.8901609441206
-0.48787720530291157,85.85773612475634
-0.486491797005006,85.86204802746133
-0.48510757055185233,85.84314413264136
-0.48420109632980124,85.77300575648496
-0.4828177862131966,85.75684679384581
-0.4814356697527411,85.77776305111968
-0.48052780080982543,85.7517692083455
-0.47961907174485136,85.74290773949971
-0.47823763833568494,85.73299812270827
-0.47732779588615265,85.70153802735994
-0.4759473227958617,85.69298371077105
-0.47547840398043295,85.71118812781394
-0.4745680672226826,85.6786236351792
-0.47365687820507446,85.64750850209535
-0.4722786054383312,85.62756161539487
-0.4709015616664495,85.62855932342606
-0.4699890531672443,85.6107547183512
-0.4686130145525066,85.61411793800673
-0.46769943440912204,85.56418587842657
-0.4667850103868845,85.53950748927286
-0.46586974284735927,85.51933364988456
-0.46449428987920516,85.50333784260188
-0.46403667869432846,85.45434506307399
-0.46311888283563035,85.41016326590311
-0.46174279761685666,85.3890035882869
-0.460823954026651,85.36046183184502
-0.45990427134903966,85.34976923984102
-0.45852905495999063,85.34266335916648
-0.4580623903699878,85.30799837133839
-0.4566867837102129,85.28335034862289
-0.45576439493710375,85.25977345092986
-0.4548411713103699,85.25799351688165
-0.45391711327200057,85.23821826038413
-0.45254224280823685,85.24713961613213
-0.45206649576082475,85.2129580969516
-0.450691269222967,85.19632520691299
-0.4497645365241138,85.14614266376854
-0.44883697385387544,85.12776536944294
-0.44790858169502534,85.1138401376235
-0.4469793605369205,85.09427233437982
-0.44604931087551825,85.08890630353258
-0.44511843321339434,85.02762788528219
-0.44418672805975923,85.00471001460517
-0.4428116816831613,84.99709183738348
-0.44187899810858333,84.97502019619067
-0.4409454907474359,84.96916194229023
-0.4400111601369697,84.94734107209467
-0.4390760068211326,84.92559535129878
-0.4381400313505867,84.90596665660243
-0.43720323428272434,84.901436437095
-0.43582869238209593,84.89887511083653
-0.43532717761837375,84.87010091558734
-0.433952376347293,84.83411867307025
-0.43257895974118526,84.84302521049065
-0.43207279168083523,84.81313776020647
-0.43069913515704117,84.7947963967562
-0.42975800272398745,84.79271575139556
-0.42924729645356985,84.75500817225965
-0.4278733006455387,84.74294735342059
-0.4269297322484876,84.72334775905367
-0.42598535312320374,84.71993848147552
-0.42504016391101607,84.6948112027688
-0.4236672756344132,84.67554579463288
-0.422721182038153,84.63946148609128
-0.42177428245805193,84.61608063108989
-0.42082657756392067,84.6028291738954
-0.4198780680324965,84.5806739380538
-0.41892875454745737,84.57793104721297
-0.4179786377994367,84.55640725293242
-0.4170277184860386,84.5301476619808
-0.415655679441371,84.5272727914742
-0.4147038873607447,84.51079116802022
-0.41375129698609087,84.4613977444264
-0.412797909043651,84.43667805512413
-0.4118437242666824,84.38649658669586
-0.41088874339547266,84.37076817470708
-0.4095178574175876,84.39308261722724
-0.40897639636671423,84.3524721615021
-0.40760540871682605,84.37187084982232
-0.4066479975880002,84.31838701306337
-0.4056897963059339,84.3087674278072
-0.40473080565377195,84.29071038774345
-0.4033611903020975,84.32291225917956
-0.4028104594072481,84.28203644785829
-0.40144078003824696,84.26139623488405
-0.4004793984430128,84.23659777568339
-0.39951723362854386,84.21742503310433
-0.3985542864209847,84.21671468923014
-0.3971860600236828,84.21900181745902
-0.3966260481669269,84.1855535172334
-0.3956607588085068,84.12013876666376
-0.3942924978615701,84.15352610930573
-0.39332642392815553,84.13846911125839
-0.392359574831159,84.13597296443957
-0.39099285643688064,84.10875324796253
-0.390423554659406,84.06307881887565
-0.38905684860838047,84.05469220686125
-0.3884844444443923,84.01475803166164
-0.3871177627879227,84.03965127724891
-0.38614706789826714,84.02223208839186
-0.38557000110245054,84.00061135095545
-0.38420337875845767,83.99073093884007
-0.38283833910686405,84.01302383660143
-0.3822566300203335,83.96749688702266
-0.38089165357993093,83.96074937398699
-0.379917170414321,83.96193708867648
-0.3789419282620975,83.94047994635636
-0.3779659280934636,83.91769196524866
-0.3769891708859079,83.88973003349994
-0.3760116576242143,83.87046717385459
-0.37464850735680766,83.87553772670664
-0.37367029483966463,83.8755789198229
-0.3726913313619212,83.85483708878428
-0.3717116179370682,83.8392061556581
-0.3707311555859088,83.81913703678792
-0.3697499453365665,83.79806843685802
-0.36876798822449497,83.80042920430178
-0.3674068611854467,83.80268607838094
-0.3668018375906761,83.76356944687973
-0.3654408710849968,83.7618100307149
-0.364081556690547,83.77069207006653
-0.363471918732397,83.73171460100056
-0.36211278577335254,83.75785762675392
-0.3615000127283572,83.68600009708658
-0.3605129548269467,83.65764966488811
-0.3591541177280564,83.66498605926529
-0.3585366347296179,83.60692647148207
-0.35717801075051736,83.64355095353903
-0.35618886212139284,83.56230551859043
-0.35519898490203433,83.57234772211748
-0.3538422781228938,83.58541523533317
-0.35285179531635397,83.58623321570754
-0.35186058940785575,83.57017636510253
-0.3508686615550881,83.57441246360342
-0.34987601292310966,83.52520356105268
-0.3488826446843546,83.50964609304602
-0.34788855801863816,83.50346033403697
-0.3465343484157766,83.51570615843907
-0.3458982341625228,83.49751704508806
-0.344544318389426,83.48462706919022
-0.3435482353787629,83.49750881843197
-0.3425514419877828,83.47711929375069
-0.341553939439216,83.47098703366325
-0.34020222855679433,83.49657899548444
-0.33955681179717784,83.46147830569507
-0.33820543542213943,83.48514456042663
-0.33720598497260373,83.48298611694001
-0.3362058336098776,83.46769918773444
-0.3352049825993892,83.47302703008688
-0.3338558940756626,83.48334304077129
-0.3332011867337301,83.47845731547336
-0.33185247358567405,83.4873591366962
-0.33119460764666764,83.4661744671379
-0.3298462830691785,83.4714212289742
-0.3288421523068625,83.46450091059077
-0.32783733295969053,83.4640283730386
-0.3268318263502624,83.50020069788934
-0.325485900407362,83.51880169621583
-0.32481875667188115,83.49568948700326
-0.3234732604336136,83.52478381103272
-0.32246591989563966,83.5304663326574
-0.32145790079763115,83.54888485679157
-0.3204492045042933,83.53187513281932
-0.31910618983308314,83.57921149444482
-0.318429785827183,83.53983465412868
-0.3170872421415426,83.57214338592887
-0.3160767630457578,83.56083626746427
-0.31506561564638746,83.53891157607154
-0.3140538013498968,83.56459363440484
-0.3127138220436651,83.58242962690512
-0.31202817772800395,83.55603471770837
-0.31068871081556326,83.57910247059367
-0.30967516559579844,83.57760529131338
-0.30866096255720615,83.58463348113582
-0.30764610314762736,83.5937109810344
-0.3066305888221858,83.59688398798686
-0.30561442104328734,83.59583243249844
-0.3045976012806182,83.59489349532187
-0.3035801310111438,83.59407600429282
-0.3022444325181182,83.61830035377241
-0.3012266020674033,83.61775112847424
-0.30020812749221454,83.6219871986523
-0.299189010295827,83.62621157559204
-0.29816925198875255,83.6472688015136
-0.2971488540887379,83.60854706248907
-0.2961278181207618,83.59920098298342
-0.29479579598451494,83.6314482667822
-0.2937744366048141,83.63173744592515
-0.29275244565577024,83.63662103505575
-0.29142295351634484,83.67596328974597
-0.2907065752602659,83.67119379237413
-0.28937773400312783,83.66932621506325
-0.2883541882689347,83.7095532851458
-0.28763307190175147,83.6788767596754
-0.2863052327274701,83.70603632933557
-0.2852798260944362,83.70725731215119
-0.28425380234790554,83.99603299423879
-0.2829285753291726,84.73365534223703
-0.2819022875681264,84.32608608780852
-0.2808753893607353,84.68581491743876
-0.27984788232988617,84.76418530250494
-0.278819768105533,84.65378711913161
-0.27779104832469104,84.12833142283705
-0.27676172463143156,84.56848091530813
-0.2757317986768751,84.53187386764563
-0.274701272119186,83.87390216517905
-0.2733809102707476,84.27504489475953
-0.27235016757555586,84.19602411823296
-0.2713188310863374,84.22729799903347
-0.2702869024856969,84.19260900601104
-0.26925438346321534,84.38531249738384
-0.2682212757154435,84.76251363462738
-0.2669048371147048,85.00718171579793
-0.2661533008650343,84.97065993888319
-0.264837673217116,85.0352338748437
-0.2635240272230668,85.11146310823581
-0.2627681888846981,85.06350559167382
-0.26173258087820805,85.06548226591937
-0.2604201879457089,85.1433054995284
-0.2596596418904594,85.13121519627012
-0.2583481017500245,85.1712619684679
-0.2573112059015793,85.18343107232168
-0.2562737439031459,85.1945508418847
-0.25523571752603985,85.19795984446333
-0.25392749212387306,85.2543300122592
-0.25288934868423174,85.23279475481016
-0.2518506479215113,85.26250435516587
-0.25081139162990446,85.27035504978366
-0.2497715816103236,85.2881888893736
-0.24873121967039025,85.30713312940343
-0.24742728303707973,85.35947049656878
-0.24664884729343337,85.35698210376124
-0.24534584692102,85.39239885048741
-0.2445642890937763,85.39743826012605
-0.24326223897544313,85.4036453682149
-0.24221962516209478,85.42694585091547
-0.24143338556507202,85.39514887075555
-0.24013278710306904,85.4643271263321
-0.2390885665766586,85.44966865463861
-0.23829764710340634,85.41952511323541
-0.2369985318774383,85.42259470487973
-0.23595272146322563,85.42476426079486
-0.23490638485589008,85.41999063411996
-0.2338595239510317,85.44061518413852
-0.23281214065074732,85.44853879125104
-0.23176423686361716,85.43979908841852
-0.23071581450469128,85.41991357057175
-0.2296668754954755,85.43858280488664
-0.22861742176391764,85.42742464930431
-0.2275674552443931,85.45843981996563
-0.22651697787769076,85.45202871845969
-0.22546599161099806,85.47884519434854
-0.22441449839788657,85.46301337809749
-0.2233625001982968,85.46919036762206
-0.2223099989785233,85.48077460586809
-0.22125699671119922,85.48600792606382
-0.22020349537528075,85.49461064912683
-0.21914949695603161,85.5033544687401
-0.2178614981567043,85.54854738685525
-0.21704001684003837,85.52513571644624
-0.21598453914521537,85.54421108179766
-0.21469824446466698,85.55002152648892
-0.2138721185335657,85.53871820179435
-0.2128151796560676,85.51240864845279
-0.21153062088440894,85.53160180345328
-0.21069985490251572,85.51119469496425
-0.20964147310289413,85.47954779372785
-0.20858261441590964,85.461961106188
-0.2075232808951208,85.44751685205021
-0.20624168600692525,85.49178396402382
-0.20540319759687165,85.45015731837464
-0.20412281302231908,85.47366119326092
-0.20306267784698118,85.46927999303647
-0.20221956308499792,85.46233525687379
-0.20094102052140433,85.47090137412684
-0.19987950254556885,85.46613458030613
-0.19881752782055762,85.46474153121252
-0.19775509844842368,85.45856106863354
-0.1966922165371257,85.44185344378863
-0.19583986652752547,85.41356123237381
-0.19456510355828324,85.43526729562726
-0.19370968064859254,85.4167974058831
-0.19243620586506313,85.432007270762
-0.1913710930826407,85.43859367188927
-0.1905110663169429,85.37791912220118
-0.1892395503610215,85.38258079468473
-0.1881731247250456,85.37240768850045
-0.18710626578399114,85.36994237462322
-0.186038975703764,85.33559579811909
-0.18497125665595,85.31557021172625
-0.18390311081779329,85.28529660118889
-0.18283454037217423,85.25296548629709
-0.18176554750758783,85.25249839038293
-0.1806961344181214,85.22542812360776
-0.17962630330343224,85.21433405341635
-0.17855605636872532,85.21516018927034
-0.1774853958247303,85.17985060483504
-0.17641432388767905,85.1931265773259
-0.17515318397322613,85.18681970340245
-0.17427095472670703,85.15670164587092
-0.17319866196255215,85.14879270932424
-0.17212596672482589,85.11700225219622
-0.17105287125692167,85.08686524418366
-0.16997937780759428,85.07930748502747
-0.16890548863093582,85.06768024820272
-0.16783120598635148,85.04570130307745
-0.16675653213853528,85.01548573636117
-0.16568146935744518,84.99062899792031
-0.1646060199182788,84.97550818710855
-0.1633528288359184,84.981090291143
-0.16245397019255461,84.93702856470017
-0.1612022699752008,84.95557954549977
-0.1601264249514082,84.9447059467827
-0.15922305284682267,84.92476188078629
-0.15797361518806965,84.94735571885948
-0.15706723962326444,84.8983297374663
-0.15581932782413568,84.91282678889874
-0.15474163581838302,84.88358928843226
-0.15383076357169928,84.84441726457887
-0.15275121252994145,84.80224177856684
-0.15150639435196947,84.7860639834984
-0.15059103591861941,84.72394502420897
-0.14934778546989977,84.69691273883738
-0.1482679536739962,84.65562559400357
-0.14734811986983778,84.58028537807445
-0.1461072471146874,84.57654259385738
-0.1450263770624646,84.53863411141931
-0.14394516564385806,84.52534061088717
-0.14286361522622743,84.4824847701191
-0.14193634737641425,84.4125418937074
-0.1406995068865902,84.40343884699169
-0.13961695372247548,84.36217400161053
-0.13853407107506369,84.35116288673412
-0.1374508613347166,84.33320418109945
-0.13636732689631043,84.304834730662
-0.13543118111218588,84.25965511766412
-0.1341992935272252,84.23655229922232
-0.13311479940861035,84.212338821902
-0.1320299902160062,84.18952864291562
-0.1309448683664247,84.17573360725416
-0.12985943628121638,84.14690975486252
-0.12877369638604066,84.10554510829286
-0.12768765111083563,84.07234879305229
-0.12660130288978805,84.02206516940879
-0.125514654161303,84.01551440631145
-0.12442770736797361,84.00101438381861
-0.12334046495655027,83.95764978693823
-0.12225292937791002,83.93995383249379
-0.12116510308702574,83.9392212903022
-0.12007698854293512,83.90734377255488
-0.11898858820870949,83.87946189550988
-0.1178999045514226,83.8136959445839
-0.11681094004211923,83.78813168149429
-0.11572169715578354,83.75174761327087
-0.114506855283093,83.76918561297809
-0.11354238617145922,83.72519626567774
-0.11232934245773506,83.71271369284395
-0.11124018345474045,83.70057195379279
-0.11027139396482709,83.65274868316753
-0.1091805330075671,83.63123443616527
-0.10797112593215326,83.6121413355842
-0.10699803076484746,83.5903513401953
-0.10579046210283558,83.59379953659243
-0.10481450480506498,83.52888665085572
-0.10372236421503896,83.49554852854864
-0.10251757819496758,83.50519519125098
-0.10153734041342878,83.4295980275649
-0.10033442611777028,83.42494261734036
-0.09924248879380498,83.40249605990728
-0.09825798605817325,83.3768336453174
-0.09705790420302493,83.38841551249455
-0.09596526199743867,83.34463899044916
-0.09487238989805905,83.34490453265366
-0.09377929044372725,83.34325013939403
-0.09268596617651423,83.33086336664466
-0.09169298135519685,83.29580344239471
-0.09049865338767178,83.29662803501864
-0.08940466996602504,83.30001598613806
-0.08831047193139373,83.3017740234231
-0.08721606184148327,83.27959168228753
-0.08621605878047882,83.25027495594118
-0.08502661574172843,83.26696646197539
-0.08393158486227244,83.2738565398492
-0.08283635218824414,83.27696699756129
-0.08174092029211683,83.29267347424802
-0.0806452917492123,83.25976381205328
-0.07954946913766545,83.25243048030033
-0.07845345503838887,83.25057423490307
-0.0773572520350375,83.25196561620268
-0.0762608627139729,83.25151761841462
-0.07516428966422757,83.25752601110169
-0.07406753547746937,83.2594317745979
-0.07297060274796534,83.25271102722547
-0.07187349407254603,83.23010892991041
-0.07069849984516817,83.26683601820363
-0.06967875928388396,83.23881066838419
-0.0685058210071705,83.23351236522345
-0.06748335193602241,83.16885427732423
-0.06638540257067353,83.1502794647004
-0.06528729289219806,83.14083523052962
-0.06418902551435568,83.12090740002134
-0.06309060305317858,83.11842841219085
-0.061923908027438614,83.12573381589465
-0.06089330335609087,83.08314584501149
-0.05979443136327603,83.07586456565004
-0.05863090006774737,83.07350703637204
-0.05759625621283722,83.01904252551128
-0.05643484954843725,83.02194982355691
-0.05533661858587795,82.99474365243262
-0.05429795500832546,82.95848939845364
-0.05313975837641335,82.96376184312396
-0.05204113438385624,82.98296454233972
-0.0509423846387625,82.94082892185403
-0.04984351177292248,82.92899906855193
-0.04879819267668448,82.89187359023013
-0.0476978749168757,82.87340399032452
-0.04654618079529045,82.8901496049998
-0.04549689525864589,82.85959197304578
-0.04434739286763082,82.8737257951346
-0.04324783664191685,82.84850895523081
-0.04219460515927121,82.79728739174955
-0.04104841288396029,82.79234833741825
-0.03994855064313766,82.78094739475156
-0.038848591691123625,82.78623345549626
-0.0377485386772085,82.77607336829621
-0.036648394252046385,82.7169726699218
-0.035548161067617,82.6876836926065
-0.034447841777187425,82.69285822587956
-0.03334743903527416,82.68640718892689
-0.03224695549760485,82.65060993948649
-0.03114639382107977,82.63459776294997
-0.030078873653303008,82.57786001385087
-0.02894504668469768,82.59640570296717
-0.027844266544160192,82.57963435153712
-0.026743418903329215,82.56302805974033
-0.025642506424393332,82.56029913421162
-0.02451453572170732,82.5819749593756
-0.02344049760563448,82.53219286457008
-0.022339406594746078,82.54761860608843
-0.021238261403544664,82.50113166659985
-0.02013706469854453,82.4760063484052
-0.01903581914700918,82.47539632610821
-0.017914795485147097,82.48441330656335
-0.016833192176900897,82.45389632732574
-0.01573181609625271,82.46956331867217
-0.014630401844841321,82.45193447815134
-0.013528952093095575,82.42876371786937
-0.012413795035495535,82.41888611618863
-0.011325956772860435,82.37363163412924
-0.01022441654765665,82.36546300373463
-0.009112812768910418,82.38857785020022
-0.008021264328350137,82.35252289347366
-0.006912043144344388,82.33607495065422
-0.005811631890364215,82.35703246839896
-0.004716396671101238,82.30774001081593
-0.0036147476580721803,82.31618333946713
-0.002510324338043359,82.29407418287715
-0.0014114259838656602,82.27532282448183
-0.0003094177949897217,82.29303495614204
0.0007910379333007132,82.27912845835958
0.0018935755371014163,82.25123844302831
0.002991940976920051,82.2789616850929
0.004096891359676978,82.24415453880408
0.005192815035111598,82.25751759541855
0.0062932345320120976,82.2259318446128
0.007401783827381277,82.18979155714585
0.0084940251375665,82.22384145866006
0.009594390917365463,82.22955855594682
0.010694733463081469,82.21586892009103
0.011795050111053364,82.17157771061207
0.012895338197996618,82.15471742440077
0.014011011546960956,82.12001773427627
0.015095818037770839,82.14023593442089
0.01619600446626144,82.13692753811536
0.01729615168511936,82.11353290722624
0.01839625703352073,82.10222186684794
0.01947489201874029,82.12673275660973
0.020596331478735148,82.10154545634848
0.021696295257093795,82.08355975363403
0.022796206528163908,82.07814179779355
0.023896062634546206,82.08258812597323
0.024995860919641736,82.06406037804473
0.0260955987276906,82.08005496552194
0.027195273403809714,82.04621420834584
0.028294882294031987,82.06694278215434
0.029394422745343773,82.04275212446105
0.03049389210572403,82.05485767592549
0.03155858198843057,82.08315917103664
0.03269260695079476,82.07833344412475
0.03379184713674767,82.08411476933142
0.03485268289659921,82.11649996224833
0.035990079797174224,82.12264503970331
0.037048334279765685,82.14462959098674
0.0381460272949216,82.15402877038757
0.03928676983034841,82.14708511434851
0.0403854802139975,82.15839476120523
0.041484093049466896,82.13770792589578
0.042582605698164806,82.1552107552387
0.04363306028506945,82.17845515510768
0.0447793198881589,82.18238137772079
0.045877516159664324,82.18342193174654
0.04692403975957086,82.20547813478716
0.048073573892868704,82.22144041338564
0.049117465524556994,82.23499965937624
0.05021400237942896,82.25361291074549
0.05136678402833252,82.24928600852938
0.05240671094703224,82.29699659098458
0.05350287743024311,82.32595726850595
0.05459891522971037,82.34940683121569
0.05569482173522486,82.36203602951164
0.056852955376153,82.34759509710526
0.05794978923741221,82.35339693056358
0.0589817274144827,82.38555219967532
0.06014303563653535,82.36542336849199
0.061172293630318765,82.41003515109544
0.062267357665955717,82.44694174640804
0.06343181279375938,82.44498103904424
0.06445703461154574,82.45417972300633
0.06555164233550025,82.46378513216746
0.06664609277323005,82.4737559841451
0.067740383337292,82.4856668257446
0.06883451144253044,82.51302136753446
0.06992847450611306,82.53512867576636
0.0710222699475668,82.54281169149625
0.07211589518881367,82.55393116912225
0.0732093476542064,82.5682458535471
0.07430262477056414,82.56066004579566
0.07531324937319278,82.63194119475091
0.07648864267599603,82.62570931095577
0.07758137833135965,82.65177055632566
0.07867392837033778,82.66037423581596
0.0797662902326126,82.70401863682198
0.08077006145322077,82.71172591595723
0.08195043919920711,82.72384713268738
0.08304222119642211,82.71219211560545
0.08404185720778361,82.74564348671504
0.08522518747174504,82.75770284934626
0.08631636665954942,82.80041966777765
0.08731185043736112,82.83293349987903
0.08849810443128318,82.83426458720487
0.08958865794233195,82.85671429213694
0.0905799727592515,82.8663821152746
0.09176912155496167,82.89014587606805
0.09275764791897384,82.92133916227208
0.0939487104439594,82.93686527632129
0.09503817056206101,82.93197152238254
0.09602250075019492,82.97106196792579
0.09721640956292123,82.95022252988524
0.09819793343275567,82.99475342011644
0.09928530150614512,83.00441402075448
0.10048202732458167,82.99092862295655
0.10157009236380136,83.01390487459392
0.10254598271714783,83.06061452341103
0.1037454961340751,83.05170571930708
0.1047185594688525,83.09025626991362
0.10580447718142907,83.11045412341154
0.1070067486685557,83.09107898180173
0.10797555890356313,83.11519579881875
0.1090607179730608,83.10352301340802
0.11014561922739559,83.15340815772235
0.11123026020547039,83.16343164920684
0.11231463844981832,83.19480808405187
0.11339875150663445,83.20261517830468
0.11448259692580727,83.22919389634615
0.1156920780300494,83.23487758145494
0.11677653964021696,83.25998233281891
0.11786072539355841,83.24363916752156
0.11907429307889666,83.22071699677048
0.12015907833445352,83.2232295113383
0.12111160310589456,83.26743147518974
0.12232779413420355,83.24790849378216
0.12341171980545226,83.27334862926449
0.12463109157949234,83.2370273378711
0.1257155883326871,83.28204431223614
0.12679978788312474,83.29076666779824
0.12802319335807713,83.28521430035612
0.1289672856770025,83.32797825577461
0.13005057908150125,83.35036610513961
0.13127653563226563,83.30661257785577
0.13236036569912193,83.32838483330022
0.13358947285768136,83.33661960902592
0.13467382832324035,83.34996878233594
0.13575786524764216,83.35276246813397
0.1369909509135759,83.35276905827342
0.1379249738521673,83.40258126989207
0.13900804073301665,83.40745522255767
0.1402436035066796,83.4343912679412
0.14132716104014503,83.43041061247996
0.1425658425580002,83.4277643854246
0.1436498792726229,83.41872223324063
0.1447335761361847,83.43740079017729
0.14581693076429594,83.43143721416163
0.14689994077728588,83.44331682387171
0.14798260380023123,83.45527760502264
0.1492276078509333,83.4654326966403
0.15031071501393606,83.4967649631197
0.15155880423722876,83.50879092570277
0.15264234387071113,83.5266812767272
0.15372552239285353,83.51947862849404
0.1548083374436893,83.53271531362414
0.15589078666824457,83.55632946896522
0.15697286771656574,83.57059158466457
0.15822714257078382,83.57198030277283
0.15930962078573574,83.58146631242096
0.1603917225959343,83.59815540618898
0.16164980907755552,83.58414360734419
0.16273229030078454,83.58328369307947
0.16381438689019895,83.58889875571333
0.16489609651799875,83.60117499797055
0.16597741686167075,83.60130628592643
0.16724078664698092,83.6025435903475
0.16832245676605892,83.63634006745886
0.16940372939093049,83.67027970923732
0.17048460221372147,83.67821471915465
0.1715650729320006,83.66220451697197
0.17283365062256795,83.66281125658486
0.1739144413823492,83.68908364052416
0.1749948218496315,83.68949234097329
0.17626710543338567,83.65250254904552
0.1773477879111461,83.7065881509328
0.17842805191295286,83.69239504138281
0.17950789516202814,83.71298155216604
0.1805873153872923,83.72807583136412
0.18166631032338776,83.74947182968725
0.1829443796989176,83.73889526296163
0.1840236408499727,83.76779367030672
0.18530465198764248,83.75998347240065
0.1863841670555664,83.7572825276367
0.18746324279472612,83.79054180422844
0.18854187696182947,83.79772324481512
0.18962006731953757,83.80158986330773
0.190697811636477,83.8095463211173
0.19198445863638292,83.78821180367882
0.19306242093851558,83.82247367141636
0.1943519684314194,83.78863708784243
0.19543013627397463,83.77708874994252
0.1962935741242725,83.80562386429094
0.19758508965714472,83.77135949679023
0.19866187078905745,83.76776687889043
0.1997381852857157,83.77472298259309
0.2010332154708914,83.7722604079435
0.20210969947498872,83.79069493638357
0.20340758733708586,83.77687549982214
0.2044842282688826,83.78053682136719
0.20533629464338113,83.82337069603572
0.2066360662737678,83.81043352795082
0.20771125901468224,83.816078781132
0.20878596470383856,83.80225668604999
0.21008917898648397,83.79373597573866
0.21116400550422967,83.83333746789049
0.21247003313762847,83.83433851719573
0.2135449677812389,83.83540675321483
0.21438550621583383,83.8630044039563
0.21569333223099127,83.8535833907122
0.2167667577859816,83.86446187958441
0.2178396760713555,83.8490255604934
0.21915087089618684,83.85348660338882
0.22022386117761766,83.83621169211476
0.22129633625575124,83.83568938606619
0.22236829403621974,83.84763915960357
0.22343973243143062,83.85655390726006
0.22475540677190986,83.84125682125584
0.22582688689363997,83.82582463244431
0.22689783974694722,83.83316457070813
0.2282168072804079,83.83891479557668
0.22928778319137474,83.84627366308015
0.2301075140736453,83.86454842410512
0.23142812757573508,83.85088704553023
0.2324974919555164,83.86332649072675
0.23382080440884834,83.87782186436507
0.23489016157451947,83.86227326888127
0.23595897171211203,83.85661382715384
0.23728550003914867,83.86281671806307
0.2380949428285348,83.89738899635636
0.2391620997878359,83.91050718097497
0.2404901862086158,83.87156863380321
0.24155729997875647,83.86369966231274
0.2428880363804068,83.87682822566924
0.24395509396790263,83.89527716477707
0.2450215850265551,83.90613174989623
0.24635545835449543,83.8871955907163
0.24715285967233447,83.92237430501552
0.24821763933515234,83.95379862351429
0.2495529820818271,83.94437014472103
0.25061766967544513,83.9153322860748
0.2516817772030117,83.90929154606312
0.25302019457935393,83.89975016808285
0.25408419129076304,83.92763054698648
0.25542519015980597,83.92975711209769
0.25621041977173925,83.94490443822244
0.257272647716075,83.93198026426181
0.25861502661597435,83.94469015070221
0.2596771136667734,83.97514026087735
0.2607386016758195,83.99037600631077
0.26208397374860454,83.94449133245962
0.2631453021121689,83.96551197648485
0.26420602392627657,83.99103362466143
0.2652661373258925,84.00947121860523
0.26632564045359053,84.01669247500014
0.2676748319719119,83.97854264373956
0.268734145485458,83.99456753684142
0.26979284129153774,84.02536693863043
0.2711449431178458,84.01173884762788
0.2722034305713008,84.00046142409785
0.27296520419312986,84.02864409582598
0.2743185283467795,84.01626562501593
0.2753751350526315,84.02502350944887
0.27673091251552834,84.00750195397401
0.27778728103812705,84.02611949920419
0.2788430135154654,84.04314982695173
0.28020161709681407,84.04909637866459
0.28125709268430427,84.07251163636354
0.28200637694534003,84.08722016006668
0.28336611211649265,84.06121453106178
0.28441965245464584,84.07880878552837
0.28578178627710843,84.07669262255688
0.2868350400618699,84.07497604214497
0.2878876398088523,84.08119804924391
0.28893958379675816,84.11989221254164
0.28999087031223986,84.14031484604962
0.2910414976499033,84.1585642533732
0.2924074126364665,84.13967791627277
0.2934577184837354,84.11852964787006
0.29482597640169056,84.13427461090657
0.29587594757138225,84.16243574609155
0.29692524707279033,84.18218172015858
0.2979738732418109,84.18196165797875
0.2990218244223984,84.18186214753541
0.30006909896656875,84.23616550189101
0.3014409600651497,84.22362120001901
0.30248786528083965,84.2206693674598
0.303862012586887,84.17074629192953
0.3049085352931852,84.21100119091506
0.3059543690787935,84.22177330356669
0.30699951233822015,84.24593996828528
0.3080439634741272,84.25980402682369
0.3090877208973319,84.25754115794021
0.3104652921406277,84.26599305041063
0.31150863272249435,84.29847334452005
0.3128884325046856,84.27902581617464
0.3139313430834512,84.27269119510589
0.31463444497846366,84.34518595319412
0.3160150453566031,84.32655645892339
0.3170558339680976,84.32856123338361
0.31809591218800193,84.3360649830827
0.31947895558478506,84.32693151755936
0.32051856982076793,84.36476417304853
0.32155746697785326,84.38598421912374
0.32294292032604816,84.3765195154912
0.3236331040692067,84.3906601444011
0.3250190263949788,84.36657443208892
0.32605599238114263,84.38044148678448
0.3270922317085775,84.39955085210512
0.32848050748567464,84.39717449522252
0.32951623610105896,84.3937676790392
0.33055123151960253,84.41582019210045
0.331585492304531,84.43295393308803
0.33261901702739527,84.44539066622893
0.33401002074428615,84.45712574081519
0.33504300652700847,84.45936013861169
0.33607524980920167,84.48812784019117
0.3374685166548621,84.47216176195127
0.3385002029545441,84.49499931483425
0.33953114037026044,84.5179206771478
0.34056132752808127,84.54092652147119
0.34159076306244573,84.54851760818323
0.3426194456161566,84.55540804423913
0.34401545688987434,84.55673622311818
0.3450435496485748,84.54178041614814
0.3464415649566233,84.57162800628232
0.34746905496217106,84.58122545342644
0.34812326720369197,84.62187912790654
0.3495217412797973,84.61320210167068
0.3505469349799253,84.64666939457308
0.3515713606469535,84.66108538435124
0.3529719379276228,84.67482268379068
0.3539957284918272,84.6861349821894
0.35539824860600283,84.67854381930886
0.3560409859771393,84.71070448393978
0.35706245038427764,84.71705263901761
0.35846533835439476,84.72531411634039
0.35948614045751426,84.72555653917584
0.36050615993245627,84.77055681533368
0.3619110593419745,84.75175581745405
0.36293039897498564,84.76481761481082
0.3643371794328719,84.74949894954177
0.3649667113808549,84.80485926717603
0.3659836817696076,84.80762530832479
0.36739073953633805,84.81541874490992
0.3684070032859297,84.84477072340921
0.36942247028014313,84.90182845669453
0.3708314473127452,84.88931103712602
0.3718461903333182,84.90574506276315
0.3732569861092768,84.87656545229815
0.3738732677144735,84.91019677454969
0.37488559982201036,84.91696060797486
0.376296582809151,84.91775053426271
0.3773081645721919,84.93333094183463
0.37831893593017946,84.9384975616609
0.3797317456936438,84.94992995360683
0.38074174959099283,84.9767230885443
0.3813463767218889,85.01867676285067
0.38275930837094807,85.00250599975175
0.383766861132542,85.02381590563866
0.38518152452482474,85.01759426534821
0.3861882839027788,85.0449151914323
0.3871942197123075,85.03027283744866
0.38861061716718653,85.0525130645126
0.38961574270965454,85.06140839745495
0.39020707554029954,85.09264657555346
0.3916235058954186,85.09086705397547
0.3926261415504853,85.1187440929344
0.39404424053100806,85.12419278276279
0.3950460404643785,85.1261841084341
0.3960470041601512,85.10961916396005
0.3970471306616701,85.13816218622758
0.39804641902057764,85.13320002880346
0.399044868296801,85.13562987707546
0.400464553077433,85.16574727721118
0.40146213726903607,85.19767601783894
0.40288342725384885,85.18638081866521
0.40388013412013274,85.2089104377488
0.404875992580856,85.2125658049829
0.4058710017460832,85.20381274587969
0.40686516073412266,85.20912986414082
0.4078584686715109,85.24565981355227
0.40928116399752856,85.24527971844495
0.41027356586520564,85.26847197104117
0.41126511172838753,85.27540394520092
0.41268928643944425,85.30025931141704
0.41367991007815963,85.30419710210704
0.4146696728275612,85.30849377243462
0.415658573872705,85.33841347600236
0.4166466124068076,85.36216356867587
0.4180720750263651,85.35283437530313
0.41905916729216125,85.36948176001704
0.42004539228208215,85.3954149401687
0.4214722416796116,85.3643649091392
0.4220152373485988,85.39137747770339
0.4234418954041706,85.40464561435485
0.42442541356235397,85.4129836569319
0.4254080582615932,85.41136196251622
0.4268360457747927,85.41014384817144
0.4278177048224063,85.44524824365661
0.42879848583746505,85.47632502656602
0.4302277677177444,85.46239619253842
0.4307574109504759,85.5057105080268
0.4317355536587291,85.54365514648102
0.43316445877594134,85.54774374943558
0.4341415889155247,85.5664817915684
0.4355718599934331,85.53606536117309
0.4365479659404086,85.55404927080635
0.43752318361654396,85.57026573677653
0.4389546569316141,85.57324982317361
0.43947095160233324,85.60586149675837
0.4404435006547812,85.60138373606415
0.4418745131930968,85.57904735021933
0.4428460118219642,85.60583136291714
0.4442783264205452,85.5871207274667
0.4452487631834688,85.58746656762976
0.446218301958484,85.61539414359534
0.4471869421712231,85.64513319468783
0.4481546832551275,85.65254835891213
0.4491215246514263,85.66005293238248
0.4505544060078079,85.65429424533201
0.4515201600085888,85.67562415275052
0.4529542795771466,85.6803232462955
0.4539189349298266,85.69783418868914
0.4548826831007067,85.71012905880409
0.4558455235811314,85.70662183184871
0.45680745587013455,85.70321983854822
0.4577684794744177,85.7211246166855
0.45920299268282255,85.7251461519816
0.46016289282479944,85.73177781416697
0.4615985805085556,85.73876361925929
0.46255734613318966,85.74888711441179
0.4630371162563303,85.78422985368752
0.4644721293848228,85.79715327495794
0.4654281461325237,85.81138204077497
0.46638324572119316,85.83413483239418
0.46781915565016097,85.80928759333615
0.46877309663526207,85.80985240822231
0.47021011747171276,85.81687367490046
0.47067821579728714,85.85229337289022
0.47162939318952635,85.84476018910694
0.4730656596977039,85.84742064446289
0.47401565811083607,85.86245487354277
0.4749647314134338,85.85389664968866
0.4764018049572414,85.86791914145105
0.4773496854591025,85.89264483953487
0.478296637402536,85.8951771903482
0.47924266045551717,85.91468839839857
0.48018775429332317,85.9136565470406
0.48162504258876265,85.91901177528761
0.4825689238620077,85.9476825296224
0.48351187259522277,85.96280946246557
0.48494987885830637,85.97791386985179
0.4858916015544701,85.99040810821826
0.4863351206602262,86.02382773196203
0.4877722393057466,86.02374073686056
0.48871115383058983,86.00978650981456
0.49014923463776416,85.97665289280937
0.49108690398175925,85.98858953666841
0.49202363387665216,86.00379488525809
0.49346234435102787,85.99545228007267
0.49439781594836113,85.99581337596109
0.4948281845991211,86.02439643034509
0.4962659314278788,86.05150758879248
0.49719857490464925,86.07709899471251
0.49813027528077436,86.08280585355776
0.49956858810036203,86.10854224473943
0.5004990089229028,86.14483863527387
0.5019381976583457,86.13298707180502
0.5028673289117823,86.13792244471503
0.5032845947006268,86.1625363997789
0.5047227451810543,86.1492882778044
0.5056490299145536,86.15826917637506
0.506574365537081,86.16793096679366
0.5080129953239578,86.16856285524256
0.5089370208889962,86.19843690705862
0.5098600946305454,86.21828795603724
0.5107822164479277,86.25905702192412
0.5117033862471473,86.2891710361735
0.513141718611365,86.26166470865677
0.514061560956321,86.29230584848588
0.5149804486912221,86.31661302565115
0.5164191746217827,86.30451463767793
0.5173367228005842,86.3005797702706
0.5187762012445237,86.29076843354343
0.5196924003217654,86.32669416420254
0.5206076398503016,86.36119712764892
0.5220474553472004,86.3373974230057
0.5229613338946797,86.36024419124082
0.523347600933172,86.40353292032499
0.5247862051598042,86.40638557442693
0.5256971978813026,86.42427834201195
0.5271364936711441,86.4313448480149
0.5280461090476669,86.43491117321348
0.528954760210327,86.46819532304069
0.5303943088244021,86.47752691756996
0.5313015711399407,86.49598171595652
0.5322078670399923,86.52404885585739
0.5336476359578561,86.52722487688496
0.5345525316479959,86.55660238558151
0.5359929292068486,86.53805847873494
0.5368964156154881,86.56981339040719
0.5377989313290334,86.59019334232025
0.5392394935917848,86.54240113577478
0.5401405888913364,86.56409440156408
0.5410407114908854,86.59316666359177
0.5424814062396706,86.6032759652276
0.543380097434195,86.61931826754325
0.544821358187584,86.62114496729251
0.5457186091436436,86.65467582586098
0.5466148834521555,86.69319606995757
0.5480562215468611,86.69481366421137
0.5489510448600904,86.72411075010847
0.5503929096300707,86.70847655048347
0.5507377562956095,86.7388186852321
0.5516296447798164,86.75990782004394
0.5530700595684092,86.78458452473758
0.5539604826310451,86.79070963930084
0.5548499259064081,86.79672293496715
0.5562903369180858,86.81586867621402
0.5571783044031379,86.83966213499468
0.5580652904799933,86.87791380209026
0.5595056662536289,86.8572274376854
0.5603911663156649,86.88848268639
0.5618319869275269,86.89048492920979
0.5627159926423211,86.90751299211124
0.5635990136523059,86.93195436968222
0.5650397450569073,86.93354656210045
0.5659212617347361,86.94458642516925
0.5673623992252997,86.95646374278253
0.5682424033942206,87.00984725088884
0.5691214197681927,87.02979972931413
0.5705624144282052,87.04148861824847
0.5714399085497793,87.0599176888483
0.5723164135700554,87.07799810347758
0.5737572345562931,87.08274593766434
0.5746322077270465,87.10199677115232
0.5755061905608805,87.14485804612079
0.5763791834052998,87.17267023513834
0.5772511866130589,87.18463183244744
0.5786906987574085,87.2150190398439
0.5795611576549391,87.23594430342614
0.5804306257913454,87.26417176496551
0.5818698867754043,87.27690041024535
0.5827378013973563,87.29684237244501
0.5841773503837192,87.30391881136575
0.5850437038323418,87.31613766763243
0.5859090640666357,87.35923067389733
0.5873483096485947,87.36996474771529
0.5882120997499394,87.39626187631926
0.58907489570095,87.43769748080437
0.5905138079507524,87.47968715214914
0.5913750249565428,87.49380372623227
0.5928141654495682,87.48950597743358
0.5936737961110244,87.51752093353817
0.5945324304893577,87.52844302568593
0.5959711860936087,87.55542795459795
0.5968282255614648,87.57600562582925
0.5976842679965315,87.61680529811699
0.5991226092410784,87.64860475719063
0.5999770483473255,87.68072476280425
0.600830489739088,87.72413147812887
0.6016829339218159,87.75156535942958
0.6025343814055757,87.76469776868561
0.6039710485927132,87.77468244367388
0.604820882252247,87.78495909717859
0.6056697186363361,87.7989525845231
0.6071058980493936,87.82496746120808
0.6079531125830622,87.87035372552273
0.6093894064053081,87.88733523144074
0.61023499221891,87.90257408822997
0.6110795792381692,87.9252493624653
0.6125153353102692,87.97651582732317
0.6133582858301846,88.01702914637151
0.6142002371601152,88.03904864932238
0.6156354270337661,88.08053500178644
0.6164757342324875,88.11264190125985
0.6179109808703178,88.11356219168856
0.6187496373335271,88.13021383970045
0.6195872933964968,88.15826733652698
0.621021924647381,88.17030171781701
0.6218579225902228,88.21282005444286
0.6232925744559307,88.23914338352995
0.6241269078408518,88.28181369282906
0.6249602398082869,88.304408365748
0.626394227595852,88.3232922101723
0.6266239020808627,88.35727175063069
0.6274542336910444,88.3730462560608
0.6288862045050425,88.36632367459768
0.6297148622011906,88.40431776964206
0.6305425203766415,88.44507130466968
0.6319737788801452,88.46997681056777
0.6327997562904111,88.50754433772644
0.6342309626447924,88.5309476729921
0.6350552532188457,88.55241776734454
0.6358785436462927,88.57998981736398
0.6373089902488567,88.59643080079852
0.6381305872347681,88.60948200620835
0.6395609465714902,88.63177601197157
0.6403808442119286,88.67961439921959
0.6411997412665027,88.70791250794692
0.6426292939412542,88.7438723329988
0.6434464852905403,88.77456743131776
0.6442626762775767,88.80531342611168
0.645691395799876,88.8302366155381
0.6465058748669092,88.86990202898144
0.6479344524389193,88.85514340354499
0.6487472139493217,88.88649153403985
0.6495589749486844,88.90407041987531
0.6503697362154625,88.9339540577203
0.6511794985314514,88.96796846443017
0.6519882626817624,88.99329701635762
0.653413786191953,89.02987464068767
0.6542208256849276,89.06138086170725
0.655646157783806,89.09049484486475
0.6564514672461901,89.12859545878496
0.657255778657683,89.15292838678428
0.6586801676755663,89.18241976129931
0.6594827434614773,89.20389815991344
0.6602843217346043,89.22232131332173
0.6617077423481802,89.2407344693743
0.6625075795432176,89.29016257780924
0.6639307559189584,89.3212658719795
0.6647288469282745,89.33406490806018
0.6655259408180124,89.35879592124992
0.6669481046715656,89.41731692625208
0.6677434471637816,89.43922613142918
0.6685377932326423,89.46960726057098
0.6699589198221397,89.48335965411664
0.6707515094228325,89.50927014875931
0.6721723398710696,89.54748562096923
0.6729631681606951,89.58840206353759
0.6737530006925349,89.59834161483045
0.6745418383625011,89.61846006994517
0.6753296820692032,89.65192431697653
0.6761165327139225,89.68000882763457
0.6775339660614025,89.70856190545123
0.6783190504595579,89.75912071786757
0.6797361412990967,89.81341121933454
0.6805194548646505,89.82291907060531
0.6813017762768004,89.84503748835361
0.6827177276924963,89.88027947920057
0.6834982738006409,89.91098726096145
0.6842778287415334,89.94018176312629
0.6856926172064113,89.9728097776705
0.6864703925094631,90.02706570525639
0.6878847885604925,90.05576396702567
0.6886607799006282,90.10210082762394
0.68943578124111,90.12619394168696
0.6908489731672769,90.13374509851432
0.6916221864442771,90.17143799104863
0.6930349546812407,90.21893774317873
0.6938063757328352,90.25637500759763
0.6945768081138579,90.30810455039912
0.6959883316655062,90.34700743341223
0.6967569679522166,90.36734183235758
0.6975246167911707,90.39047664051832
0.6989348731146551,90.44755629547873
0.6990569561223522,90.48447683378565
0.6998216486180114,90.51611243482296
0.7012294626335138,90.55709701187769
0.7019923561545146,90.58489000067216
0.7033996857095782,90.6163897652377
0.7041607764375889,90.6733454999838
0.7049208843609758,90.72959687553075
0.706326892720771,90.76716835850667
0.7070851944593837,90.80449131357945
0.7084906883796492,90.86817627609457
0.7092471802750835,90.90315559313017
0.7100026911596682,90.92064091293629
0.7114068253718575,90.97325937320812
0.7121605232463943,90.98983136297761
0.712913241591251,91.01964920246377
0.714315994801478,91.07135978202612
0.7150668970994725,91.1135163362086
0.7164690897003291,91.12998940000082
0.7172181725449072,91.15532450427592
0.7179662778872662,91.20152866153879
0.7193670519917872,91.22449068072584
0.7201133350654524,91.28419180359127
0.7208586422481061,91.33690445244834
0.7222579771840126,91.40748456452238
0.7223463332881567,91.44368676492567
0.7237439674028295,91.48414971671126
0.7244855022576246,91.52819105411615
0.7252260650728096,91.54151437514545
0.7266222311518219,91.58301518969182
0.7273609676693558,91.62424334526676
0.728098733868663,91.64282044060153
0.7294934118719834,91.680046993409
0.73022934940812,91.73310060192237
0.7316233825644275,91.77549502199777
0.7323574885136199,91.81036241248492
0.7330906265923359,91.83989636877426
0.7344831362573822,91.87645512384913
0.7352144405972584,91.91156126921638
0.7359447789090412,91.96142506870402
0.7373357456667293,92.00512411780277
0.7380642482103943,92.06261016858585
0.7394545271864478,92.11399048004651
0.7401811912796997,92.17423844299542
0.7409068920041664,92.20151472337474
0.7422955936909621,92.25055393281617
0.743019454145415,92.29683510724631
0.7444074411436581,92.30446902660978
0.7444642919846713,92.33902790856102
0.7451852716905125,92.37698180632756
0.7465706135359798,92.4304957200579
0.7472897529583198,92.45973800481025
0.7480079353075664,92.4830583432079
0.7493916553636708,92.52143748505928
0.7501079959122251,92.5418996586855
0.7508233814429555,92.57295224784453
0.7522054615441962,92.62704188923118
0.7529190038741974,92.63904389248566
0.7543003185895849,92.64653399160758
0.755012015494765,92.69930327578629
0.7557227604164234,92.75247186948657
0.7571024028772774,92.77691234803198
0.7578113011749419,92.79717224171802
0.7591901527197389,92.81933056753974
0.7598972023148014,92.85139965763486
0.7606033030828896,92.89853505356548
0.7619804507200719,92.9359473012178
0.7626847017845769,92.95752180831634
0.7633880062515649,92.98984155057698
0.7647634328265084,93.0303196399457
0.7654648867016606,93.02759183379995
0.766839483403713,93.03684714951048
0.7675390848350881,93.06551305920081
0.7675635872140388,93.09917512291017
0.7689354591536697,93.15830516564475
0.7696322344926159,93.20603698571026
0.7703280702530863,93.2096427527126
0.7716981815919838,93.22456968610138
0.7723921675435286,93.25611847861391
0.7737614161945933,93.26634083959505
0.7744535506928323,93.29155072945109
0.775144749104478,93.32468077902547
0.7765122075666103,93.3426942461014
0.7772015541042626,93.35878195970778
0.7778899669648359,93.38810994409116
0.7792556193125018,93.42158381286083
0.7799421799852441,93.4237452657436
0.7813069329016766,93.45558524199184
0.7819916399595379,93.49266576235591
0.7826754170015364,93.54492745275225
0.7840383352419227,93.54852917027168
0.7847202585393448,93.58235284279053
0.7854012543215195,93.63125730163068
0.7867623225718623,93.63834022758196
0.787441464583699,93.65436602645488
0.7888015977581384,93.65430110881833
0.7894733457809832,93.71145943041427
0.7894788847852867,93.67756957439093
0.7908306890338986,93.74618029570023
0.7915052087967894,93.76300250725475
0.7921788086795125,93.79032575374961
0.7935342672381154,93.81977839667823
0.7942060162537872,93.86489726894682
0.7955605102347644,93.85906194429562
0.7962304073610798,93.88244287550165
0.7968993885591302,93.91979544518597
0.798251971308936,93.94974098420467
0.798919101020483,93.98258404576845
0.7995853174579607,94.01747829211035
0.8009359748591968,94.04943082697451
0.8016003403108989,94.06671887972954
0.8029499996816892,94.07964150674991
0.803612513328029,94.10715223232725
0.8042741177993884,94.12480716056821
0.8056218262915463,94.12430991168173
0.8062815796277223,94.13260665794557
0.8076282691050477,94.1267921677091
0.808286170612699,94.1373376167089
0.8089431671359288,94.17221736595805
0.8102544504286683,94.26043006133804
0.8102878808324419,94.21823899177005
0.8109087397967829,94.2546309797028
0.8122506121182794,94.31574889314916
0.8129030549479053,94.32281928124031
0.8135545994824817,94.34597090266963
0.8148944773643043,94.35840014131148
0.815544176354964,94.37680875800545
0.8168829975746571,94.3799724397992
0.8175308505755887,94.39424146919309
0.8181778096279531,94.41111546388376
0.8195146128439473,94.42173866308254
0.8201597270605635,94.43405216806218
0.8214954539785502,94.48367527915553
0.8221387230334355,94.52773297396625
0.8227811025687772,94.52290356039752
0.824114788534568,94.57500548200915
0.824755324218482,94.60667341999344
0.8253949732863465,94.62242491119291
0.8267266062945474,94.62823715334585
0.8273644129081615,94.65829295172246
0.8286949400711908,94.67718911613522
0.829330904088795,94.69718237901077
0.8299659860406841,94.7171439565341
0.8312944382694697,94.73121326940549
0.8318659527239166,94.77211923581604
0.8319276791738639,94.7370568416933
0.833191525008947,94.78591443037476
0.8338221325880876,94.84386380733503
0.8351465755052124,94.84534653983079
0.8357753469964929,94.86963777409923
0.8364032450274357,94.90709979271621
0.8377255878179494,94.96098500590328
0.8383516515123889,94.97102563748479
0.8389768447569389,94.99453083395665
0.8402970765257692,95.0352443666034
0.8409204372659675,95.04125796717658
0.8422395122139972,95.0466766795417
0.8428610406435335,95.08847985124423
0.8434817033709905,95.08954921222093
0.8447986471973729,95.10792412550006
0.8454174795875852,95.14541698979986
0.8460354493410343,95.18046588720684
0.8473502517037133,95.19190202292414
0.8479663931711245,95.21424873643689
0.8492800123004798,95.23445752834172
0.8498943258440017,95.27561199857719
0.8505077815995841,95.27667018017159
0.8518192400992868,95.286394848823
0.8523430154792343,95.35967361866174
0.8524308701184758,95.32867953634826
0.8536515674773039,95.35451208311945
0.8542606374866393,95.38191644533083
0.8555679857463921,95.42019349620567
0.8561752358778686,95.43722897781444
0.8567816371413074,95.45947011812748
0.858086803795135,95.46433411996998
0.8586913875469416,95.50969925765585
0.8592951255801967,95.56551750752094
0.8605981013403456,95.52858900112122
0.8612000243000331,95.56695127015473
0.862501771927517,95.5818394079127
0.8631018804792651,95.60316377561826
0.8637011483201698,95.62537580708602
0.8650006876762376,95.66130212230235
0.8655981436736518,95.68524981070584
0.8668964395578768,95.71469196656304
0.8674920844756802,95.71875146339124
0.8680868937451796,95.71864198776277
0.8693829645436778,95.70332244142023
0.8699759654213377,95.71535891262246
0.8705681338708438,95.74219736486586
0.8718619711485089,95.7783770225795
0.8723396580145901,95.83354580505527
0.8724523339610162,95.80365515786431
0.8736305733374148,95.86039913658853
0.8742184525734953,95.89390501965111
0.8755080987416738,95.88719977971725
0.8760941789797246,95.91147455783806
0.8766794359393009,95.9569149613362
0.8779668315762255,95.97199362711417
0.8785502924480793,95.99750662788209
0.8798364048107046,96.06940258818983
0.8804180706345693,96.10575151065629
0.8809989183698106,96.06306524494157
0.8822827650905181,96.16585461694123
0.8828618208017486,96.21136527177104
0.8834400617032276,96.24053718939584
0.8847216353279754,96.3089866649595
0.8852980872907852,96.3488274891289
0.8865783567859534,96.40620720415822
0.8871530209888725,96.43262716252912
0.8877268756381699,96.51315194667964
0.8890048577758203,96.531648582499
0.8895769278594757,96.6149151774404
0.8901481916993652,96.6230135795276
0.8914238795149915,96.70341032199948
0.8919933620420325,96.70830209288656
0.8925620416443254,96.81017967195926
0.893129919651722,96.82751941047528
0.8936969973923958,96.85367387397869
0.8949684319530331,97.01797010161543
0.8955337356872094,96.98271566861915
0.8960982424795659,97.0284746385266
0.8973673694110548,97.07704139843129
0.8979301055829969,97.11934366858524
0.8991978941297478,97.18642127217264
0.8997588611051133,97.2295208039807
0.9003190364886952,97.27042292245547
0.9015845047459473,97.36270438944908
0.9021429144186804,97.38629444746664
0.9027005358492279,97.40898476265187
0.9039636777690508,97.44226472673056
0.9045195370275894,97.52514014761952
0.9057813224696343,97.63102427345147
0.9063354211038579,97.6634320112665
0.906888736895668,97.71451647643623
0.9081481841388124,97.75746641617805
0.9086997429402206,97.79185064871336
0.9092505222703924,97.84589827950695
0.9105076257245949,97.86681885192561
0.9110566517487071,97.92727280535426
0.9116049016785647,98.00277109230232
0.9121523768297307,98.04984960768152
0.9126990785159105,98.08383520169886
0.9139518839220102,98.14279289187121
0.9144968401691816,98.17222616974286
0.9150410263292371,98.24868506088245
0.9162914780733016,98.3710963623648
0.916833922591069,98.38570737433709
0.9180829888329065,98.42299251876949
0.9186236934715026,98.45430542779472
0.9191636334862108,98.49246068980248
0.9204103356994012,98.52730451312866
0.9209485397179403,98.52663010058232
0.922193846094949,98.54892120706016
0.9227303159514435,98.58050020565456
0.9239742215691654,98.60007506544181
0.9252176957327276,98.64833952843674
0.9257514591234132,98.68070485614842
0.926284466283264,98.70349897914578
0.9275255558489064,98.78221277726217
0.9280568345359261,98.76605597885495
0.9287662047605413,98.80623515030507
0.9300064094356184,98.83578605298747
0.9305357381146012,98.83047785617643
0.931064315624767,98.85486415787061
0.932302120436315,98.90826167456103
0.9328289733023456,98.9326927527982
0.9340653491416733,98.98834927258386
0.9353012672595251,99.03304166512847
0.9358254217343203,99.05751142405624
0.9370599019168676,99.13061061388314
0.9375823358050467,99.18446608002107
0.9388153736072852,99.22377560104856
0.9393360890312777,99.2619662341713
0.9398560640228341,99.31486319326272
0.9405676800657615,99.29758443082235
0.9417987967411647,99.3552297491912
0.9423168191131929,99.3830088167833
0.9435464803871042,99.43604932632715
0.944062788655871,99.4923974413693
0.9445783617059986,99.53471698476051
0.9458055866849636,99.56763809020244
0.9470323244972426,99.6340918762721
0.9475452112759941,99.65204507473689
0.9487704811416542,99.70006771363158
0.9492816605883165,99.7693301133658
0.950505458438803,99.80367408159609
0.9510149328645928,99.84377302067138
0.9522372546875564,99.92052808411725
0.9534590735013332,99.9861967904541
0.953965868269337,100.0115833132315
0.9551862030201758,100.01574218491574
0.9556912976475914,100.0412439313169
0.9561956711423037,100.09359004546484
0.9569101444690026,100.09283919222382
0.9581284768594619,100.17537689880197
0.9586308964482086,100.250736574486
0.9598477331061038,100.27374518574297
0.9603484576389147,100.31617469567611
0.9608484664148624,100.36508798262263
0.9620628268024305,100.43007943133284
0.9632766608846836,100.48887673875953
0.964489965429125,100.54141196774948
0.9649863301284786,100.5677167970442
0.9654819844908525,100.58876225730441
0.966692801548327,100.61843950064528
0.9671867709344849,100.65712530533528
0.9676800335051624,100.70111732056907
0.9679030813588162,100.67870167332083
0.9691128207365989,100.7031822439121
0.9696048364086802,100.74051168281116
0.9700961472053142,100.78268223907494
0.9713033884020196,100.8756311589204
0.9717930197809448,100.91832302264166
0.9722819498141294,100.96511777843835
0.9734866912085254,101.00695335597281
0.9746908803414853,101.05948077190125
0.9758945141027525,101.11214929587642
0.9763798190393715,101.15743458344309
0.9768644281380569,101.21552586871827
0.9780655521831602,101.249295015343
0.9785484925877522,101.28376658169834
0.979266113587688,101.31182865934416
0.9804661092884706,101.36256724890166
0.980947099860777,101.40426566713992
0.9814274001387072,101.44599863905755
0.9826248767169566,101.51502434099945
0.983103514300708,101.5498423011101
0.9835814651279591,101.58456803412612
0.98429944392019,101.6134662196743
0.9854947972379864,101.70973497755764
0.9859708013073456,101.75262624873147
0.9871646012383042,101.81595121823855
0.9876389487876478,101.846415659217
0.988112615161588,101.88229946821846
0.9893038863421274,101.94102381434757
0.9904945709192086,102.01553964610554
0.9916846659523698,102.0722507865015
0.9921547367350353,102.11651552401898
0.9926241319534741,102.17853710183829
0.993811690075703,102.25541362766452
0.9942794403264864,102.32140640224232
0.9949986519870422,102.3484238663137
0.9961850147943245,102.38128294190088
0.9966508225470756,102.40991056041148
0.997115960374659,102.4607157977835
0.9982997785961386,102.53266235874362
0.9987632780272885,102.60337117623217
0.9999455205654338,102.691652396025
1.0004073845923405,102.73970185562317
1.0015880489541265,102.7790178139214
1.0027681013408765,102.84161345119173
1.0032273643287937,102.90008414012925
1.0044058329576084,102.98104985364287
1.0048634673228733,103.02882449487875
1.0053204432720384,103.05019912184571
1.0060403498304507,103.04975524485735
1.0072166113487586,103.0991694499005
1.0076716527075766,103.14720241043842
1.0081260390340347,103.17174357552315
1.0092997424026438,103.23564390311712
1.009752509347356,103.27987881374989
1.010924619794244,103.33492719822895
1.012096100180188,103.41655400359124
1.0125462858253553,103.44674979685594
1.0137161681572129,103.4719428684854
1.0141647415027935,103.49979531977722
1.015333023687791,103.5819366769612
1.0157799878966658,103.60401876735679
1.0169466678889316,103.66773196570853
1.0181127063813962,103.75124521953656
1.0185571019401054,103.77927506882756
1.0197215333912955,103.83126165745298
1.0201643270826979,103.87115801582577
1.0206064830158608,103.90999987260314
1.0213271495705047,103.91465961755591
1.022489322288556,103.95206192635064
1.0229295562677072,103.99698584663797
1.0240901153768633,104.05519862326896
1.024528754892128,104.08709906946964
1.0249667623901604,104.14335108230257
1.0261247469129908,104.21338056258728
1.0265611655315652,104.25021295028765
1.027717533858976,104.31377552631452
1.028873241521939,104.3511089573421
1.0293071173176789,104.38151311823944
1.0304612044418748,104.4344865089738
1.0308934989350722,104.47969780288479
1.0313251706681614,104.51840618126718
1.0320459638996629,104.52045764996892
1.033197760451797,104.58071822376003
1.0336275216431894,104.63984991638638
1.034777691889066,104.70157427068827
1.035205879477354,104.74424540294767
1.0356334500634627,104.77284725247276
1.0367810392635322,104.81186309909349
1.0379279524304457,104.88336820813981
1.039074187146745,104.96267457682333
1.0394982853996948,105.00171571964327
1.0399217724166148,105.04024534536663
1.0410654228369647,105.08847850055572
1.0414873497838553,105.11688457520827
1.0422083899097854,105.18003342887815
1.043350671263757,105.24601223332465
1.0437706980886263,105.2875132735373
1.0441901194500491,105.31641547120046
1.0453298136694074,105.36301839856951
1.0457476829277246,105.38448266045184
1.0461649501917296,105.41826128503499
1.0473020594760887,105.48427824740239
1.0484384759674164,105.56345539797573
1.0495741973661095,105.60139302655425
1.04998802728122,105.64657274414795
1.0504012609695637,105.70243348396716
1.0515343951890677,105.74759102922249
1.0519460906363862,105.80523436409055
1.0526668298007065,105.80240617864047
1.053798562550406,105.88121184994051
1.0542083717768704,105.91041274824934
1.0546175905463038,105.96709039537157
1.0557467342661848,106.0103088907825
1.0561544230014466,106.05059481877706
1.0572819198364838,106.13462342790197
1.0576880820611076,106.16522742662218
1.0588139311049047,106.19930605782375
1.059939069664479,106.25013546701082
1.060342770737376,106.30407020504595
1.0607458905489728,106.35115870653264
1.0618684414481048,106.47528269487188
1.0622700453755807,106.50829758515047
1.0629902777181457,106.5032391061934
1.0641113972202927,106.54969810945377
1.0645111299620973,106.610120600626
1.0649102871995026,106.65147725587197
1.0660288181318727,106.70040889877289
1.066426467905406,106.72998076984895
1.067543345121493,106.80082670262497
1.0686594996088847,106.83469604985149
1.069054713870944,106.87604954761987
1.070169212061105,106.95241200773935
1.0705629273656767,107.00030653678596
1.071675768674865,107.03975588231887
1.072067988636107,107.0702945454066
1.0731791725175985,107.08311606499993
1.074289625925433,107.10793795865636
1.0746794267009228,107.14839447589789
1.0757882203346312,107.23220293314223
1.0761765343801428,107.28352038380163
1.0765642900698313,107.30714032347241
1.0772836677923714,107.30982799608589
1.0783900651022917,107.36556580029053
1.0787759715331686,107.3915946982037
1.0791613230629928,107.42150606920525
1.0802651348339614,107.464031452436
1.0806490105912665,107.49809991804803
1.0817511610136241,107.5559521579457
1.0821335646637529,107.6121295561049
1.0832340534324838,107.63911626092559
1.0843337991839421,107.67266022416815
1.0847138154918388,107.69455853510483
1.0858118976546458,107.74244679613889
1.0861904506334779,107.7871817743112
1.086568460014109,107.82564053019902
1.0872868689973316,107.82362905341218
1.0883825391672464,107.88906880715629
1.0887587167279653,107.92607298563216
1.0898527213246854,107.98443377239266
1.0902274444017708,108.02238921375013
1.0906016295673613,108.0765903371368
1.0916930556127584,108.12241796103672
1.0927837287444153,108.15525548630816
1.0938736471489832,108.18946395533507
1.094244561299668,108.22471812852169
1.0946149432134453,108.27404307605589
1.095702284676751,108.32237442085878
1.0960712269808912,108.36321447804146
1.096788868421984,108.3969167674936
1.097874692677801,108.4564978758539
1.0982418190736416,108.49436222421507
1.0986084188937795,108.52876558101438
1.0996916681353022,108.58346337706453
1.1000568373235726,108.61174291008214
1.100421483193572,108.64216614834791
1.1011384194518956,108.64590938560805
1.1022192378335924,108.69893659788764
1.1025820769038097,108.72941744198124
1.1036612269355555,108.78002654982853
1.1040226444064385,108.82110251211574
1.1043835441875867,108.86218413545926
1.105460125909732,108.92493116624689
1.1058196100629003,108.94755963173216
1.1065359398413894,108.96048238787782
1.1076109843160444,109.01932008288725
1.1079686716408716,109.04991980927085
1.1083258468882158,109.08649583832012
1.1093983257244215,109.1456760308483
1.109754094432076,109.16945990197414
1.1101093542682205,109.19957457096962
1.110824906173107,109.2157350028353
1.1118949446692443,109.2863305606946
1.1122484171005091,109.32763271946305
1.113316787626113,109.37102609689114
1.1136688626522855,109.41018350440027
1.1140204343826123,109.44529598963338
1.1150862470057392,109.48203683122206
1.1161512828007427,109.54213636323837
1.1172155402031148,109.6279977270315
1.1175639434623874,109.66634623987333
1.1179118489825255,109.69554070383761
1.1189735518539914,109.73673291039968
1.119320075114822,109.77415960346693
1.120034474085988,109.76282377669709
1.1210946141535538,109.79960763032489
1.1214393677024241,109.84431193608316
1.1217836290488754,109.91647674255873
1.1228412182332723,109.95708448395631
1.1231841065368204,109.98436041260038
1.1242400300631874,110.01935871166617
1.1252951682637087,110.1065929719289
1.1256358076054032,110.15161404904033
1.1266892797509498,110.20898067447274
1.1270285553013177,110.24343138480899
1.1280803620541704,110.29900401808393
1.1284182776200862,110.3301085290777
1.1287557117550733,110.3739497137532
1.1294684196692926,110.41077927542958
1.1305177719969493,110.47280537191546
1.1308534571193296,110.5309227165898
1.1311886641391449,110.5701921512629
1.132235478953983,110.6447682945488
1.1325693374128758,110.66602824006497
1.1336144897492433,110.70748069146543
1.134658849627404,110.7559681656455
1.13499049410699,110.8073050020298
1.1360331914291177,110.88615359328267
1.1363634966545988,110.94410099770691
1.1374045322600455,111.02256334310314
1.1377335020445478,111.06423582786731
1.1387728767977598,111.12735045862844
1.1398114552082104,111.19410173502885
1.1401382297442955,111.23070283317406
1.1411751473952312,111.2970161661915
1.1415005958257662,111.32946145409986
1.1418255821616086,111.35902662856134
1.1425358536508698,111.36972389335763
1.1435703122647614,111.45700096317773
1.1438935787491369,111.5152542088892
1.1449263777518404,111.60686679590144
1.145248327487111,111.64203979147032
1.1455698204940647,111.67242004398193
1.1466001046845635,111.72881627653938
1.147629587492293,111.79397526955908
1.1479489151835844,111.84215176054781
1.1489767414544187,111.93955601270747
1.1492947638482116,111.9844435627203
1.150320934653402,112.02433721662779
1.1506376555640638,112.05871604212288
1.1509539280484495,112.09781163453053
1.151662171997703,112.12659164342533
1.1526858838450182,112.20768794556236
1.1530004584167557,112.24348437223219
1.1540225163938382,112.26563406882147
1.1543357988606093,112.30189202770066
1.1546486381912056,112.35106169030269
1.155356204125022,112.42177595443358
1.156375802421799,112.52446250376843
1.15668695203086,112.56028593813517
1.1577048982292208,112.61485322260114
1.1580147651233053,112.64396116074249
1.158324194143166,112.67474775905762
1.1593396484336247,112.75894329020204
1.159647800586502,112.79997887004629
1.1603542941148735,112.842969238022
1.1613681300657044,112.91125792119362
1.161674604317119,112.946246856153
1.1619806459274225,112.96879532253563
1.162991996139195,113.06344438885958
1.1632967702668684,113.10692247406101
1.163601114630685,113.14041806088149
1.1643064746889042,113.16167186599714
1.1653153679384096,113.2343227107147
1.165618045091754,113.28285209824564
1.1666252934297774,113.34993858673765
1.1669267124906184,113.40900273722218
1.167227706967798,114.52334447330546
1.1682324820454049,114.73233485701216
1.1692364446647847,114.66603079069439
1.1702395937895527,114.60084128888874
1.1705376807844445,113.80439216084676
1.1708353483455483,114.57337887731187
1.1718360308500235,114.65990814138988
1.1721324554929122,115.2090899997415
1.1728358991126857,115.06352455969002
1.173834952130169,114.36755863582275
1.174129730096164,114.2006072177217
1.174424093747334,114.75789104193231
1.1754206869725796,114.34745526573552
1.1757138170817,114.17191956015752
1.176006535666404,114.30181309666348
1.176708775019465,114.29844081729841
1.1777029167522064,115.2140326025022
1.177993999529002,115.76863437339175
1.178986507198883,115.84009300865401
1.1792763658077092,115.89177052646332
1.179565817955651,115.94020199507614
1.18055587917613,116.01474948599225
1.1808441128788305,116.05560427571261
1.1815451233770455,116.09195415361569
1.1825335496355551,116.17918713438087
1.1828201597988164,116.2269805371516
1.1831063685325751,116.27503346969358
1.1840923555914427,116.36705123719987
1.1843773552290613,116.39226361432137
1.185361716132924,116.45489125188105
1.1863452584567564,116.53678225455512
1.1866282468138614,116.5776433465472
1.1876101644343042,116.6939031104752
1.1878919530371634,116.73374707596504
1.1888722476195874,116.80340038735827
1.1891528402177522,116.83554392818436
1.1901315134439912,116.90643868520647
1.1911093667446884,117.00330066256842
1.19138796735042,117.05060729396364
1.1916661791688026,117.10365129179463
1.1926416147930108,117.22524417373829
1.1929186418265711,117.26941895692403
1.193616230255548,117.31431105788803
1.194590024741197,117.40632087684521
1.1948654603893019,117.44270705501108
1.1951405121576837,117.47492539414627
1.1961118967601592,117.53587509858266
1.196385773041655,117.571759181828
1.1973555448695912,117.66268164244616
1.198324495508598,117.80730520624584
1.1985964102289837,117.83993910950605
1.1995637498417455,117.88771271736694
1.1998344983593636,117.91997947600389
1.2008002287653907,117.98199755892733
1.2010698147911298,118.02216998711337
1.2013390262797903,118.06832473650343
1.2020339378245561,118.1200052248278
1.202997238842027,118.21671818609916
1.2032648825731769,118.2570337714318
1.2042265780766168,118.32014308929902
1.204493068573835,118.38125070637159
1.2047591893336838,118.42202376496496
1.2057185013974991,118.59117145317063
1.2066769915158944,118.68496213105041
1.2076346589859182,118.75985748269188
1.2078980768983234,118.85237253389013
1.2081611298380963,118.90147032951799
1.2091164221874182,119.0029870581446
1.209378336636577,119.04610821247563
1.2103320329911362,119.14248317651679
1.2112849069187082,119.25806248164236
1.2115449149246158,119.29491005135006
1.2124961949013007,119.48685299557864
1.2127550736099284,119.46394774731917
1.2130135945886946,119.48373671203942
1.2137047616056635,119.55756758422838
1.214653626742142,119.71044031920164
1.214910612673269,119.7624981141292
1.2158578879465987,119.8110628845646
1.2161137537518547,119.86388078459349
1.2163692664964398,119.91671213311906
1.2173141904951852,120.07841109065052
1.2182582920773741,120.20958003342977
1.2192015706354178,120.41371852497473
1.2194544463413177,120.47049510068527
1.219706973619848,120.44501599051537
1.220647909638505,120.72511610104009
1.2208993313367174,120.80785230579518
1.2211504070560515,120.80369550421908
1.2215880230089853,120.80830709488956
1.222527313150075,121.03595490677662
1.2227772215232031,121.16221979687482
1.223026786066125,121.15288221729682
1.2239637425187986,121.38107175237091
1.2242122105753896,121.4686109449772
1.2244603372256306,121.48168222097335
1.2253949668751098,121.6373868475622
1.226328774770538,121.83266321217718
1.2272617603687972,121.9615694435872
1.2275072974454209,121.95845009496767
1.2277524976518581,122.06755591491451
1.2286831654387211,122.25980793733383
1.2289272835417078,122.32385445907798
1.2296130114634138,122.42110362225507
1.2305420352080714,122.55032747193727
1.2307846639191662,122.60348209511244
1.2310269602596735,122.79164562044677
1.2319536752896958,122.84553349139688
1.2321948985352429,122.95600542163258
1.2331200513107399,123.07874653134013
1.2340443827196774,123.30713564850802
1.2342837977208858,123.30990749711336
1.2352065693767913,123.41856574448218
1.235444920261365,123.47293900313699
1.2356829455730522,123.51995781536834
1.23660342467585,123.61060198135856
1.237523083422708,123.77330677502486
1.2384419213562596,123.93705724546234
1.2386774223201096,123.98625139453478
1.2389126021125159,124.00251659796038
1.2398291568094815,124.25714816120453
1.2400632866324357,124.26061848749245
1.2407448914368775,124.49991821849713
1.2416598055610706,124.51579351316525
1.2418924789846915,124.68558338155239
1.2421248356012915,124.68211239184248
1.243037475896101,124.89983659105796
1.2432687914258511,124.93317160779073
1.244179887941538,125.00744158754291
1.244410165886242,125.04029427127573
1.2453197208923987,125.13521541362022
1.246228457038366,125.28863541979335
1.246456980520857,125.30631314588943
1.247364177870632,125.53764433218282
1.2475916725996785,125.57792433987456
1.2478188587233927,125.62208120527123
1.2484973334491822,125.6774537444156
1.2494021759417684,125.77726948094327
1.2496279295552268,125.83898303665012
1.2498533772013434,125.92009998258337
1.250755971970063,126.05001895341361
1.25098040127105,126.14100831378498
1.2518814664748967,126.2527337765936
1.2527817147377367,126.3478536283379
1.2530044188506677,126.39014444736907
1.2539031403662728,126.52524353800777
1.2541248348778764,126.61423931886809
1.2550220319899914,126.72580966580972
1.2552427203364123,126.76817592592916
1.2561383953960172,126.87743450011499
1.2570332546899698,126.98595545313808
1.2572522363705587,127.02154956276952
1.2581455764951945,127.17587530090506
1.2583635606987422,127.23151239999149
1.2585812510861722,127.29520788503123
1.259255384027823,127.35584984326422
1.2601463923483793,127.46941324312942
1.2603626830784702,127.55670585453773
1.2612521775340415,127.67649835650067
1.2614674794362086,127.78011978382617
1.2616824916367193,127.8318423622281
1.2625697788884103,127.95657352183875
1.2627838072033577,127.99921595522919
1.263456252807109,128.0637975573229
1.2643419131192868,128.194990468233
1.2645545544800294,128.28605591893722
1.2647669102162382,128.2831122788751
1.2656503732307505,128.4975405523026
1.2658617536566954,128.54686542454814
1.2660728505460992,128.5896689619575
1.2667437148465983,128.6338875183772
1.2676248642021126,128.72801749154755
1.2678345851124533,128.76102065742666
1.2687142356762897,128.86271620457504
1.2689229898106007,128.9188521583705
1.2698011440225612,129.12201897693143
1.2706784873898092,129.23238574376086
1.2708855950260036,129.31213470485955
1.271555019686101,129.36998393527887
1.2724307406905966,129.52555441108865
1.2726364847718705,129.5844629028183
1.273510713779289,129.76465919221613
1.2743841319299443,129.87096887562242
1.2745882427050084,129.94913941623184
1.2752567390206946,129.99783413103984
1.276128534853716,130.09686895548356
1.276331290879911,130.15674990193406
1.2769995192364847,130.19148783987526
1.2778696919817603,130.29199951553022
1.2780710967159101,130.34450000530342
1.27827223262463,130.40913177448607
1.2789397832958374,130.46812400195418
1.2798076587483433,130.55400634356857
1.2800074487431283,130.59371906644895
1.280674722903421,130.64284289131686
1.2815409755962608,130.75655516375778
1.2817394231536787,130.87080328375555
1.2826041943133382,130.95406088338754
1.2834681545701652,131.089305640227
1.283665000577174,131.13284177053157
1.2843313037762552,131.20042871702282
1.2851936417888175,131.35283022717243
1.2860551684701558,131.40883383446064
1.2862500154547623,131.51002921709483
1.2871100660854815,131.6173978247569
1.2879693060040758,131.6955193067804
1.2888277350893627,131.77273105175988
1.2896853532251686,131.9758960346766
1.2898772916394106,131.95159257988627
1.2907334385892706,132.0521339745313
1.2915887752556023,132.24031094391717
1.2924433015384242,132.35040322031108
1.2932970173426772,132.53142936838057
1.2941499225782087,132.65042302196474
1.295002017159754,132.76196220444135
1.2951897586777894,132.8060427531149
1.2960403886458118,132.8650382734551
1.2968902086934297,132.92714978532427
1.2977392187511143,133.0618558149933
1.29858741875414,133.2642722641512
1.2987723048548978,133.32538214246173
1.299619045349775,133.4212682967156
1.300464976567762,133.60962639676504
1.3013100984595503,133.7666840427677
1.3021544109805523,133.86386034730356
1.3023364637680488,133.90493845409813
1.303179321976643,134.03564791266564
1.3040213716353262,134.10563800096034
1.30486261271461,134.23104549544684
1.305703045189639,134.33769555443644
1.3058822867552613,134.37969403707186
1.3065426690401754,134.4642235918204
1.3073814842505804,134.63991559255678
1.3075594459053101,134.60464187655396
1.3082194908097977,134.7826334190192
1.3090566887113346,134.90150230163096
1.3092333740542865,134.9462443109471
1.309409826471986,134.98815002306725
1.3098930779532454,135.036059640137
1.310728658538114,135.24500357248985
1.3109040711761446,135.28093240008738
1.3110792526871577,135.31708604150816
1.3117382081135363,135.35831442983513
1.3125715373170885,135.44028179416208
1.3127454515305281,135.4732810097566
1.3134040588037739,135.58719888924767
1.314235772595011,135.71361270865407
1.3144084231272533,135.82024202240362
1.3145808465517979,135.8702040252897
1.3152386987666411,135.95737291248423
1.3160681676734043,136.22266873865635
1.3162393328189643,136.15194616074868
1.3168968298830404,136.34097169510682
1.3177246854354097,136.55582577017515
1.3178945959268682,136.76558395455362
1.3180642832933822,136.6469652805526
1.3187210189005216,136.81452600426283
1.3195466362183188,137.3328787774993
1.3197150743266985,137.37303995903838
1.3203714479338955,137.6327448665231
1.3211954541051625,137.76662162654054
1.3213626465878052,138.06706548196996
1.3215296198915496,138.13814395788876
1.3221852258281432,138.2763615296943
1.32300700056315,138.64558288397762
1.323172733629797,138.46671290955433
1.323827970864208,139.7411320567715
1.3246481368068974,140.868574196417
1.324812633275395,139.49200387295946
1.324976914474208,140.3146587201855
1.3256313780067899,139.42253103167792
1.326449319455352,141.11133224705668
1.3272664577098292,141.19911610191417
1.3280827928630863,141.27293542519652
1.3282446152706737,141.31761725842586
1.3288983250120863,141.38650657523235
1.3297130542578752,141.46219568738564
1.3298736527419206,141.49972142203066
1.3306869685980942,141.59940307027097
1.3314994826796491,141.64930220739666
1.3316586529341101,141.68710588227432
1.3323111951003734,141.73324017602027
1.3331221059780558,141.7959215973074
1.3332800613333236,141.82630573058188
1.3340895647118605,141.9340255379359
1.3348982677100987,142.00768180561394
1.3350548076698698,142.04583789444513
1.3357061704582756,142.13680838419776
1.3365132730905498,142.19112821004686
1.336668607167976,142.22267250513565
1.3374743082540896,142.33572966206796
1.338279210420227,142.38259070391172
1.3390833138127047,142.4406934255656
1.3398866185816805,142.50969403000144
1.3400393531772639,142.54065210498632
1.3406891248811366,142.59990127547124
1.3414908328688624,142.69933905549647
1.3416423742533392,142.73387784698141
1.3424426888603893,142.79252147512088
1.3432422063999132,142.88332432575754
1.3433923632511005,142.91371537426318
1.3440409270414468,142.9635838291542
1.3448388509582556,143.05406794171967
1.3449878235960335,143.0844630242978
1.3457843602337625,143.15831966663137
1.3465801014218504,143.2394446422881
1.346727702204047,143.26939769846797
1.3473750473450252,143.29844707649912
1.348169198191666,143.45757608508112
1.348962554153786,143.5135419639706
1.349108393467402,143.55377420127743
1.3497551154270178,143.6438415368185
1.3505468822105948,143.706555870997
1.3506915517982312,143.73693542005327
1.3514819408088876,143.82402119380694
1.3522715366574436,143.88945637314265
1.352414854965019,143.93121446878575
1.3530603395541339,143.9895822837928
1.3538483497127183,144.06745244663242
1.3539905072618827,144.0956868404166
1.3547771458968685,144.1551809915129
1.3555629931497555,144.23973905929265
1.3563480492450302,144.33071543901866
1.3571323144106273,144.43714240730426
1.3572719814190222,144.46750141948365
1.3580548813575835,144.54353993998373
1.3588369917500422,144.6131161120444
1.3596183128347876,144.68234130230013
1.3603988448535833,144.79805875099802
1.360536042743222,144.8406947588135
1.361315215876459,144.92948042775774
1.3620936013540146,145.03398061494147
1.3628711994278389,145.1098104307272
1.363648010353181,145.2011663205973
1.363782760467459,145.2395052366594
1.36455821889135,145.33680830168214
1.3653328916028626,145.45647270669753
1.3661067788671672,145.54965575598195
1.3668798809526608,145.6061363663395
1.3670122045535256,145.6377722006848
1.3675202669153192,145.649087443903
1.3682923604927546,145.79704836251113
1.3684237306768363,145.82522723856195
1.3685549328528939,145.85340077681425
1.3691944788682986,145.92488369680242
1.3699644429864792,146.0302366425308
1.3700945273967722,146.06980495166158
1.370224445661997,146.11639896862886
1.3707336233156668,146.1274500872152
1.3715020201432815,146.2919320181774
1.3716309904473643,146.35088071178345
1.3717597961457242,146.38693529709272
1.372398048383288,146.42768423169323
1.3731643243168217,146.60153955509006
1.373292021102185,146.6703775963327
1.3739298185447069,146.6967345162059
1.3746945313667442,146.81917213059342
1.3748211228931733,146.86055339723072
1.374947553179013,146.89319191747816
1.375584503353033,146.93440575032054
1.3763471039292832,147.06965046718142
1.3764724341284509,147.10788773767734
1.3771089249307917,147.2102564330791
1.3778699666694159,147.35988155030273
1.3779942004298464,147.3823218390259
1.378118276277746,147.41727229127463
1.3787539163689462,147.47490080564634
1.3795128545896531,147.5910781748145
1.3796358391495076,147.62363088350148
1.3802710154126416,147.70423290121587
1.3810283991615044,147.90144080977043
1.3811502960745035,147.93813815247114
1.3812720383660606,147.99192804535917
1.3817850061627377,147.98660057054886
1.3825408367457253,148.1191190585348
1.382661649652499,148.14971225776404
1.3827823094257286,148.18029710476029
1.383416163511408,148.2406960961268
1.384169902529326,148.33059841702067
1.384289483418073,148.38758605991475
1.3844089129396124,148.43337500268177
1.3849228670441005,148.48228707424525
1.3856750573963983,148.60340428001828
1.3857935630336602,148.64921260335854
1.3865444433032799,148.77076623673676
1.3872945510080208,148.8640502999092
1.3874118365981012,148.89644917024728
1.388043886496774,148.9868543883444
1.3887924501211772,149.17730292452416
1.3889086691832788,149.209673575257
1.3896559293926267,149.35334970869678
1.3904024193548121,149.4440196309004
1.39114813942946,149.55651732616144
1.3918930899788795,149.69576625267086
1.3920070430593692,149.7390832454143
1.3927506968856767,149.88581510535658
1.3934935828227875,150.00048816915015
1.3942357012407622,150.13516273180178
1.3949770525122784,150.21161913202155
1.3950887601019157,150.24384565499923
1.3958288213647252,150.42268198098168
1.396568117135225,150.521629289286
1.397306647793614,150.6456476979963
1.3980444137226433,150.7718890918647
1.3981538962074989,150.80918605995583
1.3987814153076008,150.8391868311519
1.3995176529362987,150.9919880813708
1.399626098460435,151.03163814661974
1.4003610553902344,151.18395876085046
1.4010952500448026,151.28369073565142
1.4012025277044442,151.31577794001777
1.401828682819146,151.36080920575537
1.4025613541107302,151.45367971751983
1.4026676033871275,151.51133607770876
1.4033990007476025,151.65058382294404
1.4041296383227293,151.84670162767154
1.404859516516947,151.92445247749725
1.4055886357370901,152.10275036790281
1.4063169963923758,152.16076911716655
1.4064205609734526,152.20489739576342
1.4070445988943892,152.29257472788228
1.40777144365707,152.43744546730835
1.4078739937504579,152.4694694268689
1.4085995752838234,152.5608592927903
1.4093244008039827,152.71261554809706
1.4094258135427775,152.74077600422038
1.4100484707314858,152.79698419052977
1.4107717854891755,152.95487696505455
1.4108721922256118,153.0084832202415
1.4115942505704975,153.11009700536928
1.4123155554862707,153.24134577413733
1.4130361074021724,153.3056321887358
1.4137559067496759,153.44457234439147
1.4138541899820456,153.47633872798662
1.4145727397451326,153.62154407355646
1.4152905386944479,153.74925977146216
1.4160075872676543,153.8933266544673
1.416723885904587,153.97824762071784
1.4168200653708265,154.00635705706227
1.4174394350472397,154.08012437441002
1.4181542351397516,154.23622494343087
1.4182494289848842,154.28438154290342
1.4189629889851967,154.3921301093842
1.4196758017109041,154.5000134819839
1.4197698970326726,154.54690530261234
1.4203878676120398,154.6387892723164
1.421099187140724,154.7404437515583
1.4211923051935422,154.78082093098647
1.4219023914866593,155.00006880134066
1.4226117331952426,155.1157620961375
1.422703763876664,155.14728028599242
1.423228672044294,155.23307989826358
1.4239370106456528,155.31339220212203
1.424028184692091,155.34487679148663
1.424119246414892,155.37635216179336
1.4247352954020585,155.48360193678215
1.4254416633708702,155.5869834030208
1.4255317596329602,155.61969076467977
1.4261472890643803,155.73873616347927
1.4268521729504196,155.9147107812251
1.4269413072456303,155.95654077058038
1.4270303319813138,155.99847077120768
1.4276449701194436,156.0755284114026
1.4283478929992188,156.21439170797385
1.4284359605277634,156.25631094446288
1.4290500763581107,156.3365895029005
1.4297515206711946,156.52690025277087
1.4298386344719922,156.56260643803824
1.4299256414429757,156.59241451476402
1.4305388646557948,156.71325974819857
1.431238357617865,156.8181065255265
1.4313244155917861,156.84937526926143
1.4319371138384118,156.93393412012813
1.43263513379951,157.13026626853807
1.4327202462409794,157.16149308975127
1.4328052545481789,157.19271107035942
1.4334170589581492,157.32729268721954
1.4341131372500195,157.4653434359434
1.434197204726137,157.49652167305996
1.4348084816036109,157.5788708472773
1.435503092507758,157.71280946158367
1.4355862226022957,157.74484142117007
1.4356692512241733,157.7869598280478
1.4361969704530952,157.81347469916818
1.4368901159320453,158.03144651239919
1.4369723120898026,158.09114469156444
1.4370544080019123,158.12050210911065
1.4376642599184812,158.17541709441645
1.4383554771303326,158.31920228419108
1.439045964222461,158.44025758972668
1.4397357216937048,158.5925623570806
1.43981596248365,158.62711789165547
1.440504529195745,158.82235210100598
1.441192368145233,158.9675981109915
1.4418794798354553,159.13155547318107
1.4425658647714386,159.27078118631212
1.4432515234598786,159.4640340078284
1.4433293699780274,159.50924298991387
1.443936456409132,159.57516554772482
1.4446206641292032,159.6870973561189
1.4446975979557743,159.71794003155568
1.4453806258880022,159.83776604446263
1.446062930465401,159.92469393912046
1.4466689410388511,160.03072503475295
1.4473502529748004,160.15530012697164
1.4474253716141685,160.19691578818927
1.447500399351128,160.23853122770274
1.4481055092187478,160.27179806700687
1.4487849255348966,160.40941188159144
1.4488590519378444,160.4532300818775
1.4494636210831522,160.48769575985654
1.4501415963856026,160.63620089926638
1.4502148248329758,160.66399926016126
1.4508916327006562,160.7076543700877
1.4515677222138552,160.84728457569418
1.4522430938985493,160.9331484935876
1.452917748282219,161.04975938724235
1.4529891048384915,161.07874299536513
1.453662598677532,161.13407683412112
1.4542649072638538,161.19873298676555
1.4549374129241952,161.29961611716675
1.4550074406767735,161.32732015510456
1.4556092034082424,161.41133357564965
1.4562802792508263,161.46850867697958
1.456349425319527,161.49739871116026
1.4564184883005136,161.52628286996978
1.4570193474683724,161.60137438696185
1.4576885568843363,161.72761259187058
1.4577567426529856,161.77590740984013
1.4583570541057886,161.83222228250435
1.459024839672502,161.94509740308703
1.459092151558565,161.97269540454386
1.4596919141256386,162.00166065374432
1.46035827800774,162.1228976041758
1.4604247193350148,162.15192103860764
1.4610899391551437,162.26615489797183
1.461754450322105,162.35770051408502
1.4624182533817531,162.45610032022722
1.4630813488812764,162.52945734657163
1.4637437373691853,162.55987401536123
1.463807939995629,162.58445916977058
1.4644691926716251,162.72628200031463
1.4651297402603687,162.78836037379602
1.4657266662679682,162.9109527510257
1.46638623222063,163.01459234471054
1.4664487223839258,163.06044392805407
1.4665111380615763,163.1054852943942
1.4671071580258377,163.14401008398312
1.4677648907946732,163.28037350009836
1.4678264562532954,163.30784967635915
1.4684219212471203,163.35103103843645
1.4690782499411041,163.50155140318242
1.4691389684529228,163.52899972784377
1.4697338774357769,163.6330942798656
1.470388804291508,163.71553122713559
1.4704486791223526,163.74004853678989
1.4711024852829035,163.7739928084539
1.4717555927428965,163.87384001230322
1.471814557089328,163.90014554703401
1.4724080020654777,163.91272621841793
1.4730597138149664,164.03733701549595
1.4737107285568465,164.1452909102783
1.4737684399536,164.1749426468551
1.47441834222442,164.23982260334927
1.475067549430577,164.29843004995024
1.4757160621401584,164.35462084683346
1.4763638809223725,164.4296066524055
1.4769553670243079,164.47919932255257
1.4776022116596572,164.52645574545812
1.4776574389870851,164.55323934483218
1.477712601086312,164.58002386677046
1.4783031794135237,164.62155815765618
1.4789482282004576,164.68481863075704
1.4790025697517035,164.71422126944165
1.4795925859225603,164.77180328841717
1.4802362531555713,164.80671068014095
1.480289777363866,164.83296152857417
1.4809323472128595,164.91407642868592
1.481574228526091,164.96470956441576
1.482215421881577,165.01180873127774
1.4828559278583584,165.08122853616572
1.4829077659405323,165.10877948958546
1.4835471813409962,165.1583713326272
1.484134879997037,165.1925493588112
1.484773327322055,165.24129505661085
1.4848239564519443,165.26579480650133
1.4854613173257891,165.315751096695
1.48609799452242,165.3925801319662
1.4867339886259525,165.45438747608443
1.4873693002214587,165.51625930950487
1.4874182710758692,165.54326204887155
1.4880039298949603,165.57821280783168
1.4886378782334184,165.6521118910212
1.4886860543841547,165.67903388172948
1.4892711458247254,165.6959082635039
1.4899037332576954,165.7731242798172
1.4899511178466174,165.80197708044903
1.489998447075724,165.8308242116629
1.4905826311060384,165.86778060090342
1.4912134661702652,165.90073887733294
1.4918436236299268,165.9668351537951
1.4924731040765356,166.0380220710161
1.4925188615216944,166.06385084899432
1.4931019081024808,166.08799571909816
1.493730036301018,166.16535025012914
1.4937750125302407,166.19400340290116
1.49440207605336,166.2373722498715
1.495028465714167,166.29584357982634
1.495654182107555,166.35152032018294
1.4962792258292485,166.41721018002517
1.4969035974757938,166.47365350966953
1.4969465842636673,166.49858830812792
1.4975272976445508,166.53223592251896
1.4981503269336858,166.6135453319119
1.49819254429358,166.64024283492225
1.498772685942161,166.6791945080369
1.499394375269729,166.75349239557096
1.4994358262783885,166.78090624522434
1.499477229269402,166.80680973804903
1.5000564645014294,166.84042913547245
1.5006764350118063,166.9260868755744
1.5007170756516657,166.95437334129144
1.501295738410656,166.98623099551872
1.5019143752998703,167.02859214861795
1.5025323462820865,167.09805696532416
1.5031496519606797,167.16612550095425
1.5031887770607517,167.18892812585722
1.5038050410582882,167.21113332373722
1.5044206417206192,167.282668907374
1.5050355796523427,167.33518461681504
1.505649855458761,167.40445625816096
1.5062634697458714,167.47211759909175
1.5063006746346699,167.49856744633706
1.5068764231203609,167.5446817019253
1.507488716189595,167.6012140140765
1.5075251763465687,167.62642045689526
1.5081364384819274,167.6831598851437
1.50874704228034,167.75315033404087
1.5093569883502134,167.81189976258747
1.5099662773006022,167.88701730311564
1.5100012168827786,167.91326101181622
1.5105749097412005,167.93769400712293
1.5111828862823349,167.97507823941933
1.5112170910235736,167.99977635409792
1.5117902075349574,168.05310276693606
1.5123968741106364,168.12742326834132
1.5124303469929719,168.15351448367608
1.5130359946902943,168.21688109029205
1.513640989678254,168.2840405515056
1.5142453325692606,168.34337307690402
1.5148490239763102,168.4328239309795
1.514881005488942,168.45899921001362
1.5154836846082298,168.49678337895435
1.516054454793405,168.53399304525382
1.516656195432305,168.5872372856085
1.516687094904312,168.61159901145498
1.5172572870449426,168.63216690870945
1.5178577302471332,168.7089823120951
1.5178879120380968,168.73505744199002
1.5179180594657489,168.76113020928403
1.5184873497065672,168.79273215692984
1.5190861409304663,168.8386646917837
1.51911557445931,168.86593125930852
1.519684286326237,168.92847178421067
1.5202817865108416,168.98280585667268
1.520310509062511,169.00756059077736
1.5208786421017546,169.0433064564815
1.5214748537169562,169.11571060317576
1.5215028682052578,169.14166417287504
1.5220980835217677,169.2107287478704
1.5226926568255204,169.2787038085565
1.523286588734986,169.33434181921248
1.5238798798691113,169.42296093739617
1.524472530847312,169.50168434247564
1.524498758162715,169.5269206765079
1.5250904206913658,169.60145641578146
1.5256814450236598,169.67513916686
1.5262466490474271,169.7179052607549
1.5268367456052439,169.74748493596155
1.5268615815787971,169.7723712280246
1.526886389522919,169.79725651984714
1.527450695042548,169.82956626732695
1.5280391727917424,169.894244523155
1.5280632901754618,169.9323310935045
1.5286270154479011,169.99810271069413
1.5292142236329596,170.05402372769382
1.5292376533090524,170.07953213706637
1.5298007979692614,170.12441671783267
1.530386739079552,170.20208531619568
1.5304094838928437,170.22719047579986
1.530994451033184,170.29011868077245
1.5315787869024013,170.39675143637558
1.5316008249064252,170.42234839516786
1.5321624921234092,170.45257231006082
1.5327455673194967,170.53321953422358
1.5333280131143212,170.6245647869092
1.533349034560958,170.65009944090343
1.5339305141334827,170.7161475553536
1.5345113662551768,170.76119192819527
1.5350915915497645,170.79732191929403
1.5356711906413132,170.88653703731325
1.535690844506165,170.9119838619876
1.5362308229225434,170.92666797690782
1.536809505426463,170.97288925146694
1.5368285127132406,170.99763372058842
1.536847498760239,171.02237735780392
1.537406236943412,171.09742760275137
1.5379833374701188,171.16600709379975
1.5380016584826774,171.1909308198587
1.5385598149190503,171.25055694749207
1.5391356699162013,171.33901254852182
1.5391533286696963,171.3643294929735
1.539728231750082,171.4309006862946
1.540302514322397,171.54062411709174
1.540876177012511,171.60628774988763
1.5414492204465753,171.6470756623077
1.5414655447999857,171.67150197598988
1.5420376426437608,171.72753684758104
1.5425934520525322,171.77205758918177
1.5431646414780824,171.84983679400938
1.5431799870054166,171.87529183446458
1.5437502347754581,171.93860933082482
1.5443198671068397,172.02174565442664
1.5443345472099819,172.04714262393205
1.5448888846262683,172.08525545082776
1.5454572879606914,172.1372033258506
1.5454713223923204,172.1617802962644
1.5460250777372913,172.19680578753545
1.5465922545834794,172.28848313337505
1.5466056460574018,172.31404132940506
1.5471588191268906,172.36336575647192
1.5477247719953782,172.4361871010294
1.5477375232173092,172.46141381903394
1.5477502603547906,172.48663918205958
1.5483025459250543,172.5261507515188
1.5488669588876034,172.6130681425591
1.5494307627324158,172.68047856416962
1.5499939580871467,172.7675383371337
1.5500054242375478,172.7924733628983
1.5505676956589034,172.88441899838625
1.5511293605142784,172.93187104018529
1.5516904194308676,172.97109422628574
1.5522508730360396,173.04123444597036
1.5528107219573302,173.11392833504246
1.5533699668224388,173.1912331330742
1.553928608259222,173.2674444920504
1.5539378657371747,173.29194927329613
1.5544866468956893,173.33336579960562
1.5550440833599966,173.4078150801053
1.5550527193622674,173.43266602853072
1.555600918280442,173.50010163644095
1.556157152285461,173.56810967098968
1.5561651694481218,173.59309850165027
1.5561731778349956,173.6180862499122
1.5567204947324644,173.69706805315292
1.5572752210146121,173.73738066044183
1.5572826138729525,173.76163770963234
1.557829348922364,173.81111321787884
1.558382879083635,173.90312456123408
1.5589358121264512,173.94994564454478
1.5589422865935683,173.97445281021413
1.5594943183186838,174.0495741303609
1.5600457548315338,174.11392012194327
1.5605965967594333,174.20852312269682
1.5611468447297883,174.25953547146665
1.5616964993700908,174.32070804649726
1.5622455613079154,174.42180145096313
1.562250211474601,174.44617966700633
1.562794031170912,174.49033852531397
1.563341909586804,174.55893492939418
1.563345959168506,174.5832656128838
1.5638929474355925,174.6717367902359
1.564439346151864,174.7404227129195
1.564985155944216,174.811450773373
1.5655303774395966,174.87763798452193
1.565533230448411,174.90189497987535
1.5660750112650017,174.9206010956353
1.566619058047472,174.9950534192711
1.5666213187919802,175.0193405953052
1.5671644839787588,175.10297329145897
1.5677070640103226,175.1892651469022
1.568249059512801,175.25671723425663
1.56879047111235,175.2972591378204
1.5693312994351454,175.39901987599683
1.5698715451073801,175.48212940948252
1.5698720437172755,175.50617110038243
1.5704114162856218,175.5804415990715
