X,Y
0.0857142857142857,-229.35374068554395
0.20571428571428568,-229.233740685544
0.20571428571428568,-229.11374068554403
0.20571428571428568,-228.993740685544
0.3257142857142857,-228.873740685544
0.44571428571428573,-228.753740685544
0.44571428571428573,-228.63374068554398
0.5657142857142856,-228.513740685544
0.6857142857142856,-228.39374068554397
0.8057142857142856,-228.27374068554397
0.6857142857142856,-228.153740685544
0.8057142857142856,-228.03374068554396
0.9257142857142858,-227.913740685544
0.9257142857142858,-227.793740685544
0.9257142857142858,-227.673740685544
1.0457142857142856,-227.553740685544
1.1657142857142857,-227.553740685544
1.1657142857142857,-227.433740685544
1.2857142857142858,-227.313740685544
1.2857142857142858,-227.193740685544
1.2857142857142858,-227.07374068554398
1.4057142857142855,-226.95374068554398
1.5257142857142856,-226.83374068554397
1.5257142857142856,-226.713740685544
1.6457142857142855,-226.593740685544
1.7657142857142856,-226.47374068554402
1.7657142857142856,-226.35374068554398
1.7657142857142856,-226.233740685544
1.8857142857142855,-226.113740685544
1.8857142857142855,-225.99374068554397
2.0057142857142853,-225.873740685544
2.0057142857142853,-225.75374068554396
2.125714285714286,-225.63374068554398
2.245714285714286,-225.51374068554398
2.245714285714286,-225.393740685544
2.245714285714286,-225.273740685544
2.3657142857142857,-225.15374068554402
2.4857142857142853,-225.033740685544
2.4857142857142853,-224.91374068554398
2.4857142857142853,-224.793740685544
2.6057142857142854,-224.67374068554398
2.725714285714285,-224.67374068554398
2.725714285714285,-224.553740685544
2.725714285714285,-224.433740685544
2.8457142857142856,-224.31374068554396
2.9657142857142857,-224.193740685544
2.9657142857142857,-224.07374068554398
2.9657142857142857,-223.953740685544
3.085714285714286,-223.833740685544
3.205714285714286,-223.833740685544
3.205714285714286,-223.713740685544
3.3257142857142856,-223.593740685544
3.3257142857142856,-223.473740685544
3.3257142857142856,-223.35374068554398
3.4457142857142857,-223.23374068554398
3.565714285714286,-223.113740685544
3.4457142857142857,-222.99374068554397
3.565714285714286,-222.87374068554402
3.685714285714286,-222.87374068554402
3.8057142857142856,-222.753740685544
3.8057142857142856,-222.63374068554398
3.8057142857142856,-222.513740685544
3.9257142857142857,-222.39374068554397
4.045714285714285,-222.273740685544
4.045714285714285,-222.153740685544
4.045714285714285,-222.03374068554396
4.1657142857142855,-221.91374068554398
4.285714285714286,-221.91374068554398
4.285714285714286,-221.79374068554398
4.285714285714286,-221.67374068554398
4.405714285714286,-221.553740685544
4.405714285714286,-221.43374068554402
4.525714285714285,-221.313740685544
4.525714285714285,-221.19374068554401
4.525714285714285,-221.07374068554398
4.645714285714286,-220.95374068554398
4.765714285714285,-220.95374068554398
4.765714285714285,-220.833740685544
4.765714285714285,-220.71374068554397
4.885714285714286,-220.593740685544
5.005714285714285,-220.473740685544
5.005714285714285,-220.353740685544
5.005714285714285,-220.233740685544
5.1257142857142854,-220.113740685544
5.2457142857142856,-219.993740685544
5.2457142857142856,-219.873740685544
5.365714285714286,-219.753740685544
5.365714285714286,-219.63374068554398
5.485714285714285,-219.51374068554398
5.485714285714285,-219.39374068554397
5.485714285714285,-219.27374068554397
5.605714285714286,-219.153740685544
5.725714285714285,-219.153740685544
5.845714285714286,-219.033740685544
5.845714285714286,-218.913740685544
5.845714285714286,-218.793740685544
5.965714285714285,-218.67374068554398
6.085714285714285,-218.553740685544
6.085714285714285,-218.433740685544
6.085714285714285,-218.313740685544
6.2057142857142855,-218.193740685544
6.325714285714286,-218.193740685544
6.325714285714286,-218.07374068554395
6.325714285714286,-217.95374068554398
6.445714285714285,-217.83374068554397
6.445714285714285,-217.713740685544
6.565714285714286,-217.593740685544
6.565714285714286,-217.47374068554402
6.565714285714286,-217.35374068554398
6.685714285714285,-217.233740685544
6.805714285714286,-217.233740685544
6.805714285714286,-217.113740685544
6.805714285714286,-216.99374068554397
6.925714285714285,-216.873740685544
7.045714285714285,-216.75374068554396
7.045714285714285,-216.63374068554398
7.045714285714285,-216.513740685544
7.1657142857142855,-216.393740685544
7.285714285714286,-216.273740685544
7.285714285714286,-216.153740685544
7.405714285714287,-216.033740685544
7.525714285714286,-215.91374068554398
7.525714285714286,-215.793740685544
7.525714285714286,-215.67374068554398
7.645714285714286,-215.55374068554397
7.645714285714286,-215.433740685544
7.765714285714286,-215.31374068554396
7.885714285714285,-215.31374068554396
7.885714285714285,-215.19374068554401
7.885714285714285,-215.07374068554398
8.005714285714285,-214.953740685544
8.125714285714285,-214.833740685544
8.005714285714285,-214.71374068554397
8.125714285714285,-214.593740685544
8.245714285714286,-214.473740685544
8.365714285714285,-214.473740685544
8.365714285714285,-214.35374068554398
8.365714285714285,-214.23374068554398
8.485714285714284,-214.113740685544
8.485714285714284,-213.993740685544
8.605714285714285,-213.87374068554402
8.605714285714285,-213.753740685544
8.605714285714285,-213.63374068554398
8.725714285714284,-213.513740685544
8.845714285714285,-213.513740685544
8.845714285714285,-213.39374068554397
8.965714285714284,-213.273740685544
8.965714285714284,-213.153740685544
9.085714285714285,-213.03374068554396
9.085714285714285,-212.91374068554398
9.085714285714285,-212.79374068554398
9.205714285714285,-212.673740685544
9.325714285714286,-212.553740685544
9.325714285714286,-212.43374068554402
9.445714285714287,-212.313740685544
9.565714285714286,-212.193740685544
9.565714285714286,-212.07374068554398
9.565714285714286,-211.95374068554398
9.685714285714285,-211.833740685544
9.685714285714285,-211.71374068554397
9.805714285714286,-211.59374068554396
9.925714285714285,-211.473740685544
9.925714285714285,-211.35374068554398
10.045714285714284,-211.233740685544
10.165714285714285,-211.113740685544
10.045714285714284,-210.993740685544
10.165714285714285,-210.873740685544
10.285714285714286,-210.75374068554396
10.405714285714286,-210.63374068554398
10.405714285714286,-210.51374068554398
10.525714285714285,-210.39374068554397
10.645714285714284,-210.27374068554397
10.645714285714284,-210.15374068554402
10.645714285714284,-210.033740685544
10.765714285714283,-209.913740685544
10.885714285714286,-209.793740685544
10.885714285714286,-209.67374068554398
11.005714285714285,-209.553740685544
11.005714285714285,-209.433740685544
11.125714285714285,-209.313740685544
11.125714285714285,-209.193740685544
11.125714285714285,-209.07374068554395
11.245714285714284,-208.95374068554398
11.365714285714287,-208.833740685544
11.365714285714287,-208.713740685544
11.485714285714286,-208.593740685544
11.605714285714285,-208.47374068554402
11.605714285714285,-208.35374068554398
11.605714285714285,-208.23374068554398
11.725714285714284,-208.113740685544
11.725714285714284,-207.99374068554397
11.845714285714285,-207.873740685544
11.965714285714284,-207.75374068554396
12.085714285714285,-207.633740685544
12.085714285714285,-207.513740685544
12.085714285714285,-207.39374068554397
12.205714285714285,-207.273740685544
12.205714285714285,-207.153740685544
12.325714285714286,-207.033740685544
12.325714285714286,-206.91374068554398
12.445714285714285,-206.793740685544
12.565714285714284,-206.67374068554398
12.685714285714285,-206.55374068554397
12.685714285714285,-206.433740685544
12.685714285714285,-206.313740685544
12.805714285714286,-206.19374068554401
12.805714285714286,-206.07374068554398
12.925714285714285,-205.953740685544
13.045714285714284,-205.833740685544
13.045714285714284,-205.71374068554397
13.165714285714284,-205.593740685544
13.165714285714284,-205.473740685544
13.165714285714284,-205.35374068554398
13.285714285714286,-205.23374068554398
13.405714285714286,-205.113740685544
13.525714285714287,-204.993740685544
13.525714285714287,-204.873740685544
13.645714285714284,-204.753740685544
13.645714285714284,-204.63374068554398
13.645714285714284,-204.513740685544
13.765714285714285,-204.39374068554397
13.885714285714286,-204.27374068554397
13.885714285714286,-204.153740685544
14.005714285714287,-204.03374068554396
14.125714285714285,-203.91374068554398
14.125714285714285,-203.793740685544
14.125714285714285,-203.673740685544
14.245714285714286,-203.553740685544
14.245714285714286,-203.43374068554402
14.365714285714285,-203.313740685544
14.365714285714285,-203.193740685544
14.485714285714288,-203.07374068554398
14.605714285714285,-202.95374068554398
14.725714285714286,-202.833740685544
14.605714285714285,-202.71374068554397
14.725714285714286,-202.59374068554396
14.845714285714285,-202.59374068554396
14.965714285714284,-202.47374068554402
14.965714285714284,-202.35374068554398
15.085714285714284,-202.233740685544
15.205714285714283,-202.113740685544
15.205714285714283,-201.993740685544
15.325714285714286,-201.873740685544
15.445714285714285,-201.75374068554396
15.445714285714285,-201.63374068554398
15.565714285714284,-201.51374068554398
15.685714285714283,-201.39374068554397
15.685714285714283,-201.273740685544
15.805714285714286,-201.15374068554402
15.925714285714285,-201.033740685544
16.045714285714283,-200.91374068554398
16.165714285714284,-200.793740685544
16.165714285714284,-200.67374068554398
16.285714285714285,-200.553740685544
16.285714285714285,-200.433740685544
16.405714285714286,-200.31374068554396
16.525714285714287,-200.193740685544
16.525714285714287,-200.07374068554398
16.645714285714284,-199.953740685544
16.765714285714285,-199.833740685544
16.765714285714285,-199.713740685544
16.885714285714286,-199.593740685544
17.005714285714287,-199.47374068554402
17.125714285714285,-199.35374068554398
17.245714285714286,-199.23374068554398
17.245714285714286,-199.113740685544
17.365714285714283,-198.99374068554397
17.485714285714288,-198.873740685544
17.485714285714288,-198.753740685544
17.605714285714285,-198.633740685544
17.725714285714286,-198.513740685544
17.725714285714286,-198.39374068554397
17.845714285714283,-198.273740685544
17.845714285714283,-198.153740685544
17.965714285714288,-198.033740685544
18.085714285714285,-197.91374068554398
18.085714285714285,-197.793740685544
18.205714285714286,-197.67374068554398
18.325714285714284,-197.55374068554397
18.445714285714285,-197.43374068554402
18.565714285714286,-197.313740685544
18.565714285714286,-197.19374068554401
18.685714285714287,-197.07374068554398
18.805714285714284,-196.95374068554398
18.805714285714284,-196.833740685544
18.925714285714285,-196.71374068554397
19.045714285714283,-196.593740685544
19.045714285714283,-196.473740685544
19.165714285714284,-196.35374068554395
19.285714285714285,-196.233740685544
19.285714285714285,-196.11374068554403
19.405714285714286,-195.993740685544
19.525714285714287,-195.873740685544
19.645714285714288,-195.753740685544
19.645714285714288,-195.63374068554398
19.765714285714285,-195.513740685544
19.885714285714283,-195.39374068554397
19.885714285714283,-195.27374068554397
20.005714285714287,-195.153740685544
20.125714285714285,-195.03374068554396
20.125714285714285,-194.913740685544
20.245714285714286,-194.793740685544
20.365714285714283,-194.673740685544
20.365714285714283,-194.553740685544
20.485714285714284,-194.43374068554402
20.60571428571429,-194.43374068554402
20.60571428571429,-194.313740685544
20.60571428571429,-194.193740685544
20.725714285714286,-194.07374068554398
20.845714285714283,-194.07374068554398
20.845714285714283,-193.95374068554398
20.96571428571428,-193.833740685544
21.085714285714285,-193.713740685544
21.085714285714285,-193.593740685544
21.205714285714286,-193.47374068554402
21.205714285714286,-193.35374068554398
21.325714285714284,-193.233740685544
21.445714285714285,-193.113740685544
21.445714285714285,-192.99374068554397
21.565714285714286,-192.873740685544
21.685714285714287,-192.873740685544
21.685714285714287,-192.75374068554396
21.685714285714287,-192.63374068554398
21.80571428571428,-192.51374068554398
21.92571428571428,-192.51374068554398
21.92571428571428,-192.393740685544
22.045714285714286,-192.273740685544
22.165714285714284,-192.15374068554402
22.165714285714284,-192.033740685544
22.285714285714285,-191.91374068554398
22.405714285714282,-191.793740685544
22.405714285714282,-191.67374068554398
22.525714285714287,-191.553740685544
22.645714285714288,-191.433740685544
22.645714285714288,-191.31374068554396
22.765714285714285,-191.193740685544
22.765714285714285,-191.07374068554398
22.885714285714283,-190.953740685544
23.005714285714284,-190.953740685544
23.005714285714284,-190.833740685544
23.005714285714284,-190.713740685544
23.125714285714285,-190.593740685544
23.245714285714286,-190.593740685544
23.245714285714286,-190.47374068554402
23.365714285714283,-190.35374068554398
23.485714285714288,-190.23374068554398
23.485714285714288,-190.113740685544
23.60571428571429,-189.99374068554397
23.725714285714286,-189.87374068554402
23.725714285714286,-189.753740685544
23.84571428571428,-189.63374068554398
23.965714285714284,-189.513740685544
24.085714285714285,-189.39374068554397
24.085714285714285,-189.273740685544
24.205714285714283,-189.153740685544
24.325714285714284,-189.153740685544
24.325714285714284,-189.03374068554396
24.325714285714284,-188.91374068554398
24.44571428571429,-188.79374068554398
24.565714285714286,-188.67374068554398
24.565714285714286,-188.553740685544
24.685714285714287,-188.43374068554402
24.80571428571428,-188.313740685544
24.80571428571428,-188.19374068554401
24.925714285714285,-188.07374068554398
25.045714285714286,-187.95374068554398
25.045714285714286,-187.833740685544
25.165714285714284,-187.71374068554397
25.285714285714285,-187.593740685544
25.405714285714282,-187.473740685544
25.405714285714282,-187.353740685544
25.525714285714287,-187.233740685544
25.645714285714288,-187.233740685544
25.645714285714288,-187.11374068554403
25.645714285714288,-186.993740685544
25.765714285714285,-186.873740685544
25.885714285714283,-186.873740685544
25.885714285714283,-186.753740685544
25.885714285714283,-186.63374068554398
26.005714285714284,-186.513740685544
26.125714285714285,-186.39374068554397
26.125714285714285,-186.27374068554397
26.245714285714282,-186.153740685544
26.365714285714283,-186.033740685544
26.485714285714288,-185.913740685544
26.485714285714288,-185.793740685544
26.605714285714285,-185.67374068554398
26.725714285714286,-185.67374068554398
26.725714285714286,-185.553740685544
26.725714285714286,-185.433740685544
26.84571428571428,-185.313740685544
26.965714285714284,-185.313740685544
26.965714285714284,-185.193740685544
26.965714285714284,-185.07374068554395
27.085714285714285,-184.95374068554398
27.205714285714283,-184.95374068554398
27.205714285714283,-184.83374068554397
27.205714285714283,-184.713740685544
27.325714285714284,-184.593740685544
27.44571428571429,-184.593740685544
27.44571428571429,-184.47374068554402
27.44571428571429,-184.35374068554398
27.565714285714286,-184.233740685544
27.685714285714287,-184.113740685544
27.80571428571428,-183.99374068554397
27.80571428571428,-183.873740685544
27.925714285714285,-183.75374068554396
28.045714285714283,-183.75374068554396
28.045714285714283,-183.63374068554398
28.045714285714283,-183.513740685544
28.165714285714284,-183.393740685544
28.285714285714285,-183.393740685544
28.285714285714285,-183.273740685544
28.285714285714285,-183.15374068554402
28.405714285714286,-183.033740685544
28.525714285714287,-183.033740685544
28.525714285714287,-182.91374068554398
28.525714285714287,-182.793740685544
28.645714285714284,-182.67374068554398
28.765714285714285,-182.67374068554398
28.765714285714285,-182.553740685544
28.885714285714286,-182.433740685544
29.005714285714284,-182.31374068554396
29.125714285714285,-182.19374068554401
29.125714285714285,-182.07374068554398
29.125714285714285,-181.953740685544
29.245714285714282,-181.833740685544
29.365714285714287,-181.833740685544
29.365714285714287,-181.71374068554397
29.365714285714287,-181.593740685544
29.485714285714288,-181.473740685544
29.605714285714285,-181.473740685544
29.605714285714285,-181.35374068554398
29.605714285714285,-181.23374068554398
29.725714285714286,-181.113740685544
29.84571428571428,-181.113740685544
29.965714285714284,-180.993740685544
29.965714285714284,-180.87374068554402
30.085714285714282,-180.753740685544
30.205714285714283,-180.63374068554398
30.205714285714283,-180.513740685544
30.325714285714284,-180.39374068554397
30.445714285714285,-180.273740685544
30.445714285714285,-180.153740685544
30.565714285714286,-180.03374068554396
30.685714285714287,-179.91374068554398
30.685714285714287,-179.79374068554398
30.80571428571428,-179.673740685544
30.925714285714285,-179.553740685544
31.045714285714283,-179.553740685544
31.045714285714283,-179.43374068554402
31.165714285714284,-179.313740685544
31.28571428571428,-179.19374068554401
31.28571428571428,-179.07374068554398
31.405714285714286,-178.95374068554398
31.525714285714287,-178.833740685544
31.525714285714287,-178.71374068554397
31.645714285714284,-178.593740685544
31.765714285714285,-178.473740685544
31.765714285714285,-178.35374068554398
31.885714285714283,-178.233740685544
32.005714285714284,-178.113740685544
32.12571428571428,-177.993740685544
32.12571428571428,-177.873740685544
32.245714285714286,-177.75374068554396
32.36571428571428,-177.75374068554396
32.36571428571428,-177.63374068554398
32.48571428571429,-177.51374068554398
32.605714285714285,-177.39374068554397
32.605714285714285,-177.27374068554397
32.72571428571428,-177.15374068554402
32.84571428571429,-177.033740685544
32.84571428571429,-176.913740685544
32.965714285714284,-176.793740685544
33.08571428571428,-176.67374068554398
33.20571428571428,-176.553740685544
33.20571428571428,-176.433740685544
33.325714285714284,-176.313740685544
33.44571428571429,-176.193740685544
33.565714285714286,-176.07374068554395
33.68571428571428,-175.95374068554398
33.68571428571428,-175.83374068554403
33.80571428571428,-175.713740685544
33.925714285714285,-175.593740685544
33.925714285714285,-175.47374068554402
34.04571428571428,-175.35374068554398
34.16571428571428,-175.233740685544
34.285714285714285,-175.113740685544
34.285714285714285,-174.99374068554397
34.40571428571429,-174.873740685544
34.52571428571429,-174.75374068554396
34.52571428571429,-174.633740685544
34.645714285714284,-174.513740685544
34.76571428571428,-174.513740685544
34.76571428571428,-174.39374068554397
34.76571428571428,-174.273740685544
34.885714285714286,-174.153740685544
35.005714285714284,-174.153740685544
35.005714285714284,-174.033740685544
35.005714285714284,-173.91374068554398
35.12571428571428,-173.793740685544
35.245714285714286,-173.793740685544
35.36571428571428,-173.67374068554398
35.36571428571428,-173.55374068554397
35.48571428571429,-173.433740685544
35.605714285714285,-173.313740685544
35.605714285714285,-173.19374068554401
35.72571428571428,-173.07374068554398
35.84571428571429,-172.953740685544
35.965714285714284,-172.833740685544
35.965714285714284,-172.71374068554397
36.08571428571428,-172.593740685544
36.20571428571428,-172.593740685544
36.20571428571428,-172.473740685544
36.20571428571428,-172.35374068554398
36.325714285714284,-172.23374068554398
36.44571428571429,-172.23374068554398
36.44571428571429,-172.113740685544
36.44571428571429,-171.993740685544
36.565714285714286,-171.87374068554402
36.68571428571428,-171.87374068554402
36.68571428571428,-171.753740685544
36.68571428571428,-171.63374068554398
36.80571428571428,-171.513740685544
36.925714285714285,-171.513740685544
36.925714285714285,-171.39374068554397
37.04571428571428,-171.273740685544
37.16571428571429,-171.273740685544
37.16571428571429,-171.153740685544
37.16571428571429,-171.03374068554396
37.285714285714285,-170.91374068554398
37.40571428571428,-170.91374068554398
37.40571428571428,-170.793740685544
37.52571428571429,-170.673740685544
37.64571428571428,-170.553740685544
37.64571428571428,-170.43374068554402
37.76571428571429,-170.313740685544
37.885714285714286,-170.193740685544
38.005714285714284,-170.07374068554398
38.005714285714284,-169.95374068554398
38.12571428571428,-169.833740685544
38.24571428571429,-169.71374068554397
38.36571428571428,-169.71374068554397
38.24571428571429,-169.59374068554396
38.36571428571428,-169.47374068554402
38.48571428571428,-169.35374068554398
38.605714285714285,-169.35374068554398
38.605714285714285,-169.233740685544
38.605714285714285,-169.113740685544
38.72571428571428,-168.993740685544
38.84571428571429,-168.993740685544
38.84571428571429,-168.873740685544
38.84571428571429,-168.75374068554396
38.965714285714284,-168.63374068554398
39.08571428571429,-168.63374068554398
39.08571428571429,-168.51374068554398
39.205714285714286,-168.39374068554397
39.32571428571428,-168.273740685544
39.44571428571428,-168.15374068554402
39.44571428571428,-168.033740685544
39.565714285714286,-167.913740685544
39.68571428571428,-167.793740685544
39.68571428571428,-167.67374068554398
39.80571428571428,-167.553740685544
39.925714285714285,-167.433740685544
39.925714285714285,-167.313740685544
40.04571428571428,-167.193740685544
40.16571428571429,-167.07374068554395
40.16571428571429,-166.953740685544
40.28571428571428,-166.833740685544
40.40571428571428,-166.833740685544
40.52571428571429,-166.713740685544
40.52571428571429,-166.593740685544
40.64571428571428,-166.47374068554402
40.76571428571429,-166.35374068554398
40.76571428571429,-166.23374068554398
40.88571428571428,-166.113740685544
41.005714285714284,-165.99374068554397
41.005714285714284,-165.873740685544
41.12571428571429,-165.753740685544
41.245714285714286,-165.633740685544
41.245714285714286,-165.513740685544
41.36571428571428,-165.39374068554397
41.48571428571429,-165.39374068554397
41.605714285714285,-165.273740685544
41.605714285714285,-165.153740685544
41.72571428571428,-165.033740685544
41.84571428571428,-164.91374068554398
41.84571428571428,-164.793740685544
41.965714285714284,-164.67374068554398
42.08571428571429,-164.55374068554397
42.08571428571429,-164.43374068554402
42.20571428571428,-164.313740685544
42.325714285714284,-164.19374068554401
42.325714285714284,-164.07374068554398
42.44571428571429,-163.953740685544
42.56571428571428,-163.833740685544
42.68571428571429,-163.833740685544
42.68571428571429,-163.71374068554397
42.80571428571428,-163.593740685544
42.925714285714285,-163.473740685544
42.925714285714285,-163.35374068554398
43.04571428571428,-163.233740685544
43.16571428571429,-163.11374068554403
43.16571428571429,-162.993740685544
43.285714285714285,-162.873740685544
43.40571428571428,-162.753740685544
43.40571428571428,-162.63374068554398
43.52571428571429,-162.513740685544
43.645714285714284,-162.39374068554397
43.76571428571428,-162.27374068554397
43.76571428571428,-162.153740685544
43.88571428571428,-162.03374068554396
44.00571428571429,-162.03374068554396
44.00571428571429,-161.913740685544
44.00571428571429,-161.793740685544
44.12571428571428,-161.673740685544
44.245714285714286,-161.673740685544
44.245714285714286,-161.553740685544
44.245714285714286,-161.43374068554402
44.36571428571428,-161.313740685544
44.48571428571428,-161.313740685544
44.48571428571428,-161.193740685544
44.48571428571428,-161.07374068554398
44.605714285714285,-160.95374068554398
44.725714285714275,-160.95374068554398
44.84571428571429,-160.833740685544
44.84571428571429,-160.713740685544
44.965714285714284,-160.59374068554402
45.08571428571428,-160.47374068554402
45.205714285714286,-160.35374068554398
45.205714285714286,-160.233740685544
45.32571428571428,-160.113740685544
45.44571428571428,-159.993740685544
45.44571428571428,-159.873740685544
45.565714285714286,-159.75374068554396
45.565714285714286,-159.63374068554398
45.68571428571428,-159.51374068554398
45.80571428571428,-159.393740685544
45.92571428571429,-159.273740685544
45.80571428571428,-159.15374068554402
45.92571428571429,-159.033740685544
46.04571428571428,-159.033740685544
46.16571428571429,-158.91374068554398
46.16571428571429,-158.793740685544
46.16571428571429,-158.67374068554398
46.28571428571428,-158.553740685544
46.40571428571428,-158.553740685544
46.40571428571428,-158.433740685544
46.40571428571428,-158.31374068554396
46.52571428571429,-158.193740685544
46.64571428571428,-158.07374068554398
46.64571428571428,-157.953740685544
46.76571428571429,-157.833740685544
46.885714285714286,-157.713740685544
46.885714285714286,-157.593740685544
47.005714285714284,-157.47374068554402
47.12571428571429,-157.35374068554398
47.245714285714286,-157.23374068554398
47.12571428571429,-157.113740685544
47.245714285714286,-156.99374068554397
47.36571428571428,-156.99374068554397
47.48571428571428,-156.87374068554402
47.48571428571428,-156.753740685544
47.48571428571428,-156.633740685544
47.605714285714285,-156.513740685544
47.72571428571428,-156.513740685544
47.72571428571428,-156.39374068554397
47.72571428571428,-156.273740685544
47.84571428571429,-156.153740685544
47.965714285714284,-156.033740685544
47.965714285714284,-155.91374068554398
48.08571428571429,-155.79374068554398
48.08571428571429,-155.67374068554398
48.20571428571428,-155.553740685544
48.32571428571428,-155.43374068554402
48.32571428571428,-155.313740685544
48.44571428571429,-155.19374068554401
48.44571428571429,-155.07374068554398
48.56571428571428,-154.95374068554398
48.68571428571428,-154.95374068554398
48.68571428571428,-154.833740685544
48.80571428571429,-154.71374068554397
48.80571428571429,-154.593740685544
48.925714285714285,-154.473740685544
49.04571428571428,-154.353740685544
49.04571428571428,-154.233740685544
49.04571428571428,-154.11374068554403
49.16571428571429,-153.993740685544
49.285714285714285,-153.993740685544
49.285714285714285,-153.873740685544
49.285714285714285,-153.753740685544
49.40571428571428,-153.63374068554398
49.52571428571428,-153.513740685544
49.52571428571428,-153.39374068554397
49.645714285714284,-153.27374068554397
49.76571428571428,-153.153740685544
49.76571428571428,-153.033740685544
49.88571428571428,-152.913740685544
50.00571428571429,-152.793740685544
50.12571428571428,-152.673740685544
50.00571428571429,-152.553740685544
50.12571428571428,-152.433740685544
50.245714285714286,-152.433740685544
50.36571428571429,-152.313740685544
50.36571428571429,-152.193740685544
50.36571428571429,-152.07374068554398
50.48571428571428,-151.953740685544
50.605714285714285,-151.953740685544
50.605714285714285,-151.833740685544
50.605714285714285,-151.71374068554397
50.725714285714275,-151.593740685544
50.84571428571429,-151.47374068554402
50.84571428571429,-151.35374068554398
50.965714285714284,-151.233740685544
50.965714285714284,-151.113740685544
51.08571428571428,-150.99374068554397
51.205714285714286,-150.873740685544
51.325714285714284,-150.753740685544
51.325714285714284,-150.63374068554398
51.44571428571428,-150.513740685544
51.56571428571428,-150.39374068554397
51.56571428571428,-150.273740685544
51.68571428571428,-150.15374068554402
51.80571428571428,-150.033740685544
51.80571428571428,-149.91374068554398
51.92571428571429,-149.793740685544
51.92571428571429,-149.67374068554398
52.04571428571428,-149.553740685544
52.16571428571429,-149.43374068554402
52.16571428571429,-149.313740685544
52.16571428571429,-149.193740685544
52.285714285714285,-149.07374068554398
52.405714285714275,-149.07374068554398
52.405714285714275,-148.953740685544
52.52571428571429,-148.833740685544
52.52571428571429,-148.713740685544
52.64571428571428,-148.593740685544
52.76571428571429,-148.473740685544
52.76571428571429,-148.35374068554398
52.885714285714286,-148.233740685544
53.005714285714284,-148.113740685544
53.005714285714284,-147.993740685544
53.12571428571428,-147.873740685544
53.245714285714286,-147.75374068554396
53.245714285714286,-147.63374068554398
53.36571428571428,-147.513740685544
53.48571428571428,-147.39374068554397
53.48571428571428,-147.273740685544
53.48571428571428,-147.153740685544
53.605714285714285,-147.033740685544
53.72571428571428,-147.033740685544
53.72571428571428,-146.913740685544
53.72571428571428,-146.793740685544
53.84571428571429,-146.67374068554398
53.96571428571428,-146.553740685544
53.96571428571428,-146.433740685544
54.08571428571429,-146.313740685544
54.20571428571428,-146.19374068554401
54.20571428571428,-146.07374068554398
54.32571428571428,-145.95374068554398
54.44571428571429,-145.83374068554397
54.44571428571429,-145.713740685544
54.56571428571428,-145.593740685544
54.68571428571428,-145.473740685544
54.68571428571428,-145.353740685544
54.80571428571429,-145.23374068554398
54.80571428571429,-145.113740685544
54.925714285714285,-144.993740685544
55.04571428571428,-144.993740685544
55.04571428571428,-144.873740685544
55.04571428571428,-144.753740685544
55.16571428571428,-144.63374068554398
55.285714285714285,-144.51374068554398
55.285714285714285,-144.393740685544
55.40571428571428,-144.273740685544
55.40571428571428,-144.153740685544
55.52571428571428,-144.033740685544
55.645714285714284,-143.91374068554398
55.645714285714284,-143.793740685544
55.76571428571429,-143.67374068554398
55.88571428571428,-143.553740685544
55.88571428571428,-143.433740685544
56.00571428571429,-143.313740685544
56.12571428571428,-143.19374068554401
56.12571428571428,-143.073740685544
56.245714285714286,-142.953740685544
56.36571428571428,-142.83374068554397
56.36571428571428,-142.713740685544
56.36571428571428,-142.593740685544
56.48571428571428,-142.473740685544
56.605714285714285,-142.473740685544
56.605714285714285,-142.353740685544
56.605714285714285,-142.233740685544
56.72571428571428,-142.11374068554397
56.84571428571429,-141.99374068554397
56.84571428571429,-141.873740685544
56.965714285714284,-141.753740685544
57.08571428571428,-141.63374068554398
57.08571428571428,-141.513740685544
57.20571428571428,-141.393740685544
57.325714285714284,-141.273740685544
57.44571428571428,-141.153740685544
57.44571428571428,-141.033740685544
57.56571428571428,-140.91374068554398
57.68571428571429,-140.79374068554398
57.68571428571429,-140.673740685544
57.80571428571428,-140.553740685544
57.925714285714285,-140.433740685544
57.925714285714285,-140.313740685544
57.925714285714285,-140.193740685544
58.045714285714276,-140.07374068554398
58.16571428571429,-140.07374068554398
58.16571428571429,-139.953740685544
58.16571428571429,-139.833740685544
58.285714285714285,-139.713740685544
58.405714285714275,-139.593740685544
58.405714285714275,-139.473740685544
58.52571428571429,-139.353740685544
58.52571428571429,-139.233740685544
58.645714285714284,-139.113740685544
58.76571428571428,-139.113740685544
58.76571428571428,-138.993740685544
58.76571428571428,-138.873740685544
58.885714285714286,-138.753740685544
59.005714285714284,-138.63374068554398
59.12571428571428,-138.513740685544
59.12571428571428,-138.393740685544
59.24571428571429,-138.273740685544
59.24571428571429,-138.153740685544
59.36571428571428,-138.03374068554402
59.48571428571428,-137.91374068554398
59.48571428571428,-137.79374068554398
59.48571428571428,-137.67374068554398
59.60571428571428,-137.553740685544
59.72571428571428,-137.553740685544
59.72571428571428,-137.433740685544
59.72571428571428,-137.313740685544
59.84571428571429,-137.193740685544
59.96571428571428,-137.07374068554398
60.08571428571429,-137.07374068554398
59.96571428571428,-136.95374068554398
60.08571428571429,-136.833740685544
60.205714285714286,-136.713740685544
60.32571428571428,-136.593740685544
60.32571428571428,-136.473740685544
60.44571428571429,-136.35374068554398
60.56571428571428,-136.233740685544
60.56571428571428,-136.113740685544
60.68571428571428,-135.993740685544
60.80571428571428,-135.873740685544
60.80571428571428,-135.753740685544
60.80571428571428,-135.633740685544
60.925714285714285,-135.513740685544
61.04571428571428,-135.513740685544
61.04571428571428,-135.393740685544
61.04571428571428,-135.273740685544
61.16571428571429,-135.153740685544
61.285714285714285,-135.033740685544
61.40571428571428,-135.033740685544
61.285714285714285,-134.913740685544
61.40571428571428,-134.79374068554398
61.52571428571428,-134.67374068554398
61.64571428571428,-134.553740685544
61.64571428571428,-134.433740685544
61.76571428571429,-134.313740685544
61.76571428571429,-134.19374068554401
61.88571428571428,-134.073740685544
62.005714285714284,-133.95374068554398
62.005714285714284,-133.83374068554397
62.12571428571429,-133.713740685544
62.12571428571429,-133.593740685544
62.245714285714286,-133.473740685544
62.36571428571428,-133.353740685544
62.36571428571428,-133.23374068554398
62.36571428571428,-133.11374068554397
62.48571428571427,-132.993740685544
62.605714285714285,-132.993740685544
62.605714285714285,-132.873740685544
62.605714285714285,-132.753740685544
62.72571428571428,-132.63374068554398
62.84571428571428,-132.513740685544
62.965714285714284,-132.513740685544
62.965714285714284,-132.393740685544
62.965714285714284,-132.273740685544
63.08571428571428,-132.153740685544
63.20571428571428,-132.153740685544
63.20571428571428,-132.033740685544
63.20571428571428,-131.91374068554398
63.325714285714284,-131.793740685544
63.44571428571428,-131.673740685544
63.44571428571428,-131.553740685544
63.56571428571428,-131.433740685544
63.68571428571429,-131.313740685544
63.68571428571429,-131.193740685544
63.80571428571428,-131.073740685544
63.925714285714285,-130.953740685544
63.925714285714285,-130.83374068554397
63.925714285714285,-130.713740685544
64.04571428571428,-130.593740685544
64.16571428571429,-130.593740685544
64.28571428571429,-130.473740685544
64.16571428571429,-130.353740685544
64.28571428571429,-130.233740685544
64.40571428571428,-130.113740685544
64.52571428571429,-130.113740685544
64.52571428571429,-129.99374068554397
64.52571428571429,-129.873740685544
64.64571428571428,-129.753740685544
64.76571428571428,-129.63374068554398
64.76571428571428,-129.513740685544
64.88571428571429,-129.393740685544
64.88571428571429,-129.273740685544
65.00571428571428,-129.153740685544
65.12571428571428,-129.033740685544
65.12571428571428,-128.91374068554398
65.24571428571429,-128.79374068554398
65.24571428571429,-128.67374068554398
65.36571428571428,-128.553740685544
65.48571428571428,-128.553740685544
65.48571428571428,-128.433740685544
65.48571428571428,-128.313740685544
65.60571428571428,-128.193740685544
65.72571428571428,-128.07374068554398
65.84571428571428,-127.95374068554399
65.84571428571428,-127.83374068554399
65.84571428571428,-127.713740685544
65.96571428571428,-127.59374068554399
66.08571428571429,-127.59374068554399
66.08571428571429,-127.47374068554399
66.08571428571429,-127.35374068554401
66.20571428571428,-127.233740685544
66.32571428571427,-127.11374068554399
66.32571428571427,-126.99374068554398
66.44571428571429,-126.87374068554399
66.56571428571428,-126.75374068554399
66.56571428571428,-126.633740685544
66.68571428571428,-126.51374068554401
66.80571428571429,-126.393740685544
66.80571428571429,-126.27374068554398
66.80571428571429,-126.15374068554398
66.92571428571428,-126.033740685544
67.04571428571428,-126.033740685544
67.16571428571429,-125.913740685544
67.04571428571428,-125.793740685544
67.16571428571429,-125.67374068554398
67.28571428571428,-125.55374068554399
67.40571428571428,-125.55374068554399
67.40571428571428,-125.433740685544
67.40571428571428,-125.31374068554399
67.52571428571429,-125.193740685544
67.64571428571428,-125.073740685544
67.64571428571428,-124.95374068554399
67.76571428571428,-124.833740685544
67.76571428571428,-124.71374068554401
67.88571428571427,-124.59374068554399
68.00571428571429,-124.47374068554399
68.12571428571428,-124.353740685544
68.12571428571428,-124.23374068554399
68.12571428571428,-124.113740685544
68.24571428571429,-123.99374068554398
68.36571428571429,-123.99374068554398
68.36571428571429,-123.87374068554399
68.36571428571429,-123.75374068554399
68.48571428571428,-123.63374068554398
68.60571428571428,-123.51374068554401
68.72571428571429,-123.393740685544
68.72571428571429,-123.273740685544
68.72571428571429,-123.15374068554398
68.84571428571428,-123.03374068554399
68.96571428571428,-123.03374068554399
68.96571428571428,-122.913740685544
68.96571428571428,-122.793740685544
69.08571428571429,-122.67374068554399
69.20571428571428,-122.553740685544
69.20571428571428,-122.433740685544
69.20571428571428,-122.31374068554398
69.32571428571428,-122.193740685544
69.44571428571427,-122.073740685544
69.44571428571427,-121.95374068554399
69.44571428571427,-121.83374068554399
69.56571428571428,-121.713740685544
69.56571428571428,-121.593740685544
69.68571428571428,-121.47374068554399
69.68571428571428,-121.353740685544
69.80571428571427,-121.23374068554399
69.92571428571429,-121.11374068554399
69.92571428571429,-120.993740685544
69.92571428571429,-120.873740685544
70.04571428571428,-120.753740685544
70.16571428571429,-120.63374068554398
70.16571428571429,-120.513740685544
70.16571428571429,-120.39374068554399
70.28571428571428,-120.273740685544
70.28571428571428,-120.153740685544
70.40571428571428,-120.033740685544
70.40571428571428,-119.91374068554398
70.40571428571428,-119.79374068554398
70.52571428571429,-119.67374068554399
70.64571428571428,-119.553740685544
70.64571428571428,-119.433740685544
70.64571428571428,-119.31374068554399
70.76571428571428,-119.193740685544
70.76571428571428,-119.07374068554401
70.88571428571429,-118.95374068554399
70.88571428571429,-118.83374068554399
70.88571428571429,-118.713740685544
71.00571428571429,-118.59374068554399
71.12571428571428,-118.473740685544
71.12571428571428,-118.35374068554401
71.12571428571428,-118.23374068554399
71.24571428571429,-118.11374068554399
71.24571428571429,-117.99374068554398
71.36571428571428,-117.87374068554399
71.36571428571428,-117.753740685544
71.36571428571428,-117.633740685544
71.48571428571428,-117.51374068554401
71.60571428571428,-117.39374068554399
71.60571428571428,-117.27374068554398
71.60571428571428,-117.153740685544
71.72571428571428,-117.033740685544
71.84571428571428,-116.913740685544
71.84571428571428,-116.793740685544
71.84571428571428,-116.67374068554398
71.96571428571428,-116.553740685544
71.96571428571428,-116.433740685544
72.08571428571429,-116.31374068554399
72.20571428571428,-116.193740685544
72.20571428571428,-116.073740685544
72.32571428571427,-115.953740685544
72.32571428571427,-115.83374068554399
72.32571428571427,-115.713740685544
72.44571428571429,-115.59374068554399
72.56571428571428,-115.47374068554399
72.56571428571428,-115.353740685544
72.56571428571428,-115.233740685544
72.68571428571428,-115.113740685544
72.68571428571428,-114.99374068554398
72.80571428571429,-114.87374068554399
72.80571428571429,-114.75374068554399
72.80571428571429,-114.633740685544
72.92571428571428,-114.51374068554401
73.04571428571428,-114.393740685544
73.04571428571428,-114.27374068554398
73.04571428571428,-114.15374068554398
73.16571428571427,-114.033740685544
73.16571428571427,-113.913740685544
73.28571428571428,-113.793740685544
73.28571428571428,-113.67374068554399
73.28571428571428,-113.553740685544
73.40571428571428,-113.43374068554398
73.52571428571427,-113.31374068554399
73.52571428571427,-113.193740685544
73.52571428571427,-113.073740685544
73.64571428571428,-112.95374068554399
73.76571428571428,-112.83374068554399
73.76571428571428,-112.71374068554401
73.76571428571428,-112.59374068554399
73.88571428571429,-112.47374068554399
73.88571428571429,-112.353740685544
74.00571428571428,-112.23374068554399
74.00571428571428,-112.113740685544
74.00571428571428,-111.993740685544
74.12571428571428,-111.873740685544
74.24571428571429,-111.75374068554399
74.24571428571429,-111.63374068554398
74.24571428571429,-111.513740685544
74.36571428571428,-111.393740685544
74.48571428571428,-111.393740685544
74.48571428571428,-111.273740685544
74.60571428571428,-111.153740685544
74.60571428571428,-111.033740685544
74.60571428571428,-110.91374068554398
74.72571428571429,-110.793740685544
74.84571428571427,-110.67374068554399
74.72571428571429,-110.553740685544
74.84571428571427,-110.433740685544
74.96571428571428,-110.31374068554398
74.96571428571428,-110.19374068554401
75.08571428571429,-110.073740685544
75.08571428571429,-109.95374068554399
75.08571428571429,-109.83374068554399
75.2057142857143,-109.713740685544
75.32571428571428,-109.593740685544
75.2057142857143,-109.473740685544
75.32571428571428,-109.35374068554401
75.44571428571429,-109.23374068554399
75.44571428571429,-109.11374068554399
75.5657142857143,-108.99374068554398
75.5657142857143,-108.873740685544
75.5657142857143,-108.753740685544
75.68571428571428,-108.63374068554398
75.80571428571427,-108.513740685544
75.68571428571428,-108.39374068554399
75.80571428571427,-108.273740685544
75.92571428571428,-108.153740685544
76.0457142857143,-108.033740685544
75.92571428571428,-107.913740685544
76.0457142857143,-107.79374068554398
76.16571428571427,-107.67374068554399
76.16571428571427,-107.553740685544
76.28571428571428,-107.433740685544
76.28571428571428,-107.31374068554399
76.28571428571428,-107.193740685544
76.4057142857143,-107.073740685544
76.52571428571429,-106.95374068554399
76.4057142857143,-106.83374068554399
76.52571428571429,-106.713740685544
76.64571428571428,-106.59374068554399
76.76571428571428,-106.47374068554399
76.76571428571428,-106.35374068554401
76.88571428571429,-106.233740685544
76.88571428571429,-106.11374068554399
77.00571428571428,-105.99374068554398
77.00571428571428,-105.87374068554399
77.00571428571428,-105.753740685544
77.12571428571428,-105.633740685544
77.24571428571429,-105.51374068554401
77.24571428571429,-105.393740685544
77.24571428571429,-105.27374068554398
77.36571428571428,-105.153740685544
77.36571428571428,-105.033740685544
77.48571428571428,-104.913740685544
77.48571428571428,-104.793740685544
77.48571428571428,-104.67374068554398
77.60571428571428,-104.55374068554399
77.72571428571429,-104.433740685544
77.72571428571429,-104.31374068554399
77.72571428571429,-104.193740685544
77.84571428571428,-104.073740685544
77.96571428571427,-103.95374068554399
77.96571428571427,-103.833740685544
77.96571428571427,-103.71374068554401
78.08571428571429,-103.59374068554399
78.08571428571429,-103.47374068554399
78.2057142857143,-103.353740685544
78.2057142857143,-103.233740685544
78.2057142857143,-103.113740685544
78.32571428571428,-102.99374068554398
78.44571428571429,-102.87374068554399
78.44571428571429,-102.75374068554399
78.44571428571429,-102.63374068554398
78.56571428571428,-102.51374068554401
78.56571428571428,-102.393740685544
78.68571428571427,-102.273740685544
78.68571428571427,-102.15374068554398
78.68571428571427,-102.03374068554399
78.80571428571427,-101.913740685544
78.92571428571429,-101.793740685544
78.92571428571429,-101.67374068554399
78.92571428571429,-101.553740685544
79.0457142857143,-101.433740685544
79.16571428571427,-101.433740685544
79.16571428571427,-101.31374068554399
79.16571428571427,-101.193740685544
79.28571428571428,-101.073740685544
79.28571428571428,-100.95374068554399
79.40571428571428,-100.83374068554399
79.40571428571428,-100.713740685544
79.40571428571428,-100.593740685544
79.52571428571427,-100.47374068554399
79.64571428571429,-100.353740685544
79.64571428571429,-100.23374068554399
79.64571428571429,-100.11374068554399
79.76571428571428,-99.993740685544
79.76571428571428,-99.873740685544
79.88571428571429,-99.753740685544
79.88571428571429,-99.63374068554398
79.88571428571429,-99.513740685544
80.00571428571428,-99.393740685544
80.12571428571428,-99.273740685544
80.12571428571428,-99.153740685544
80.12571428571428,-99.033740685544
80.24571428571429,-98.91374068554398
80.36571428571428,-98.793740685544
80.36571428571428,-98.67374068554399
80.36571428571428,-98.553740685544
80.48571428571427,-98.433740685544
80.48571428571427,-98.31374068554399
80.60571428571428,-98.193740685544
80.60571428571428,-98.07374068554401
80.60571428571428,-97.95374068554399
80.72571428571429,-97.83374068554399
80.84571428571428,-97.713740685544
80.84571428571428,-97.59374068554399
80.84571428571428,-97.473740685544
80.96571428571428,-97.35374068554401
80.96571428571428,-97.23374068554399
81.08571428571427,-97.11374068554399
81.08571428571427,-96.99374068554398
81.08571428571427,-96.873740685544
81.2057142857143,-96.753740685544
81.32571428571428,-96.633740685544
81.32571428571428,-96.51374068554401
81.44571428571429,-96.39374068554399
81.5657142857143,-96.273740685544
81.5657142857143,-96.153740685544
81.5657142857143,-96.033740685544
81.68571428571427,-95.913740685544
81.68571428571427,-95.793740685544
81.80571428571427,-95.67374068554398
81.80571428571427,-95.553740685544
81.80571428571427,-95.433740685544
81.92571428571428,-95.31374068554399
82.0457142857143,-95.193740685544
82.0457142857143,-95.073740685544
82.0457142857143,-94.953740685544
82.16571428571429,-94.83374068554399
82.28571428571429,-94.713740685544
82.28571428571429,-94.59374068554399
82.28571428571429,-94.47374068554399
82.40571428571428,-94.35374068554401
82.40571428571428,-94.233740685544
82.52571428571427,-94.113740685544
82.52571428571427,-93.99374068554398
82.52571428571427,-93.87374068554399
82.64571428571428,-93.75374068554399
82.76571428571428,-93.633740685544
82.76571428571428,-93.51374068554401
82.76571428571428,-93.393740685544
82.8857142857143,-93.27374068554398
82.8857142857143,-93.15374068554398
83.00571428571428,-93.033740685544
83.00571428571428,-92.913740685544
83.00571428571428,-92.793740685544
83.12571428571428,-92.67374068554399
83.24571428571429,-92.553740685544
83.24571428571429,-92.43374068554401
83.24571428571429,-92.31374068554399
83.36571428571428,-92.193740685544
83.36571428571428,-92.073740685544
83.48571428571428,-91.95374068554399
83.48571428571428,-91.833740685544
83.48571428571428,-91.71374068554401
83.60571428571427,-91.59374068554399
83.72571428571429,-91.59374068554399
83.72571428571429,-91.47374068554399
83.72571428571429,-91.353740685544
83.84571428571428,-91.23374068554399
83.96571428571428,-91.113740685544
83.96571428571428,-90.993740685544
83.96571428571428,-90.873740685544
84.08571428571429,-90.75374068554399
84.08571428571429,-90.63374068554398
84.20571428571428,-90.51374068554401
84.20571428571428,-90.393740685544
84.20571428571428,-90.273740685544
84.32571428571427,-90.153740685544
84.44571428571427,-90.03374068554399
84.5657142857143,-89.913740685544
84.44571428571427,-89.793740685544
84.5657142857143,-89.67374068554399
84.68571428571428,-89.553740685544
84.68571428571428,-89.433740685544
84.68571428571428,-89.31374068554398
84.80571428571429,-89.19374068554401
84.80571428571429,-89.073740685544
84.92571428571428,-88.95374068554399
85.04571428571428,-88.83374068554399
84.92571428571428,-88.713740685544
85.04571428571428,-88.593740685544
85.16571428571427,-88.473740685544
85.16571428571427,-88.353740685544
85.16571428571427,-88.23374068554399
85.28571428571429,-88.11374068554399
85.28571428571429,-87.993740685544
85.4057142857143,-87.873740685544
85.4057142857143,-87.753740685544
85.4057142857143,-87.63374068554398
85.52571428571427,-87.513740685544
85.64571428571428,-87.39374068554399
85.64571428571428,-87.273740685544
85.64571428571428,-87.153740685544
85.76571428571428,-87.033740685544
85.76571428571428,-86.913740685544
85.88571428571429,-86.79374068554398
85.88571428571429,-86.67374068554399
86.00571428571428,-86.553740685544
86.12571428571427,-86.433740685544
86.24571428571429,-86.31374068554399
86.24571428571429,-86.193740685544
86.24571428571429,-86.07374068554401
86.36571428571428,-85.95374068554399
86.48571428571428,-85.83374068554399
86.48571428571428,-85.713740685544
86.48571428571428,-85.59374068554399
86.60571428571428,-85.473740685544
86.60571428571428,-85.35374068554401
86.72571428571428,-85.233740685544
86.72571428571428,-85.11374068554399
86.72571428571428,-84.99374068554398
86.84571428571427,-84.87374068554399
86.96571428571428,-84.753740685544
86.96571428571428,-84.633740685544
86.96571428571428,-84.51374068554401
87.08571428571429,-84.39374068554399
87.08571428571429,-84.27374068554398
87.2057142857143,-84.153740685544
87.2057142857143,-84.033740685544
87.2057142857143,-83.913740685544
87.32571428571428,-83.793740685544
87.44571428571427,-83.67374068554398
87.44571428571427,-83.55374068554401
87.44571428571427,-83.433740685544
87.56571428571428,-83.31374068554399
87.56571428571428,-83.193740685544
87.68571428571427,-83.073740685544
87.68571428571427,-82.95374068554399
87.68571428571427,-82.833740685544
87.80571428571429,-82.713740685544
87.92571428571429,-82.59374068554399
87.92571428571429,-82.47374068554399
87.92571428571429,-82.353740685544
88.04571428571428,-82.233740685544
88.04571428571428,-82.113740685544
88.16571428571427,-81.99374068554398
88.16571428571427,-81.87374068554399
88.28571428571428,-81.75374068554399
88.40571428571428,-81.75374068554399
88.40571428571428,-81.633740685544
88.40571428571428,-81.51374068554401
88.52571428571429,-81.393740685544
88.52571428571429,-81.273740685544
88.64571428571428,-81.15374068554398
88.64571428571428,-81.033740685544
88.64571428571428,-80.913740685544
88.76571428571428,-80.793740685544
88.88571428571429,-80.67374068554399
88.88571428571429,-80.553740685544
88.88571428571429,-80.43374068554398
89.00571428571428,-80.31374068554399
89.00571428571428,-80.193740685544
89.12571428571428,-80.073740685544
89.12571428571428,-79.95374068554399
89.12571428571428,-79.83374068554399
89.2457142857143,-79.71374068554401
89.36571428571426,-79.593740685544
89.36571428571426,-79.47374068554399
89.36571428571426,-79.353740685544
89.48571428571428,-79.23374068554399
89.48571428571428,-79.113740685544
89.60571428571428,-78.993740685544
89.72571428571429,-78.873740685544
89.72571428571429,-78.75374068554399
89.84571428571428,-78.63374068554398
89.84571428571428,-78.513740685544
89.84571428571428,-78.393740685544
89.96571428571427,-78.273740685544
90.08571428571427,-78.153740685544
90.08571428571427,-78.033740685544
90.2057142857143,-77.91374068554398
90.32571428571428,-77.793740685544
90.32571428571428,-77.67374068554399
90.32571428571428,-77.553740685544
90.44571428571429,-77.433740685544
90.56571428571428,-77.433740685544
90.68571428571427,-77.31374068554399
90.56571428571428,-77.19374068554401
90.68571428571427,-77.073740685544
90.80571428571427,-76.95374068554399
90.80571428571427,-76.83374068554399
90.92571428571429,-76.713740685544
91.0457142857143,-76.593740685544
91.0457142857143,-76.473740685544
91.16571428571429,-76.35374068554401
91.16571428571429,-76.23374068554399
91.16571428571429,-76.113740685544
91.28571428571428,-75.993740685544
91.40571428571428,-75.993740685544
91.40571428571428,-75.87374068554399
91.40571428571428,-75.753740685544
91.52571428571427,-75.633740685544
91.64571428571428,-75.51374068554401
91.64571428571428,-75.393740685544
91.64571428571428,-75.273740685544
91.7657142857143,-75.153740685544
91.88571428571429,-75.153740685544
91.88571428571429,-75.033740685544
91.88571428571429,-74.913740685544
92.00571428571428,-74.793740685544
92.12571428571428,-74.67374068554399
92.12571428571428,-74.553740685544
92.24571428571429,-74.433740685544
92.36571428571428,-74.31374068554399
92.36571428571428,-74.193740685544
92.36571428571428,-74.073740685544
92.48571428571427,-73.95374068554399
92.48571428571427,-73.83374068554399
92.60571428571428,-73.713740685544
92.72571428571429,-73.713740685544
92.72571428571429,-73.59374068554399
92.72571428571429,-73.47374068554399
92.84571428571428,-73.353740685544
92.96571428571428,-73.233740685544
92.96571428571428,-73.11374068554399
93.08571428571427,-72.993740685544
93.20571428571428,-72.87374068554399
93.20571428571428,-72.753740685544
93.20571428571428,-72.633740685544
93.32571428571427,-72.513740685544
93.44571428571429,-72.393740685544
93.44571428571429,-72.273740685544
93.5657142857143,-72.153740685544
93.68571428571428,-72.03374068554399
93.68571428571428,-71.913740685544
93.68571428571428,-71.793740685544
93.80571428571427,-71.673740685544
93.92571428571428,-71.553740685544
93.92571428571428,-71.433740685544
94.04571428571428,-71.313740685544
94.04571428571428,-71.193740685544
94.16571428571429,-71.073740685544
94.16571428571429,-70.95374068554399
94.16571428571429,-70.833740685544
94.28571428571429,-70.713740685544
94.40571428571428,-70.713740685544
94.52571428571427,-70.59374068554399
94.40571428571428,-70.473740685544
94.52571428571427,-70.353740685544
94.64571428571428,-70.23374068554399
94.76571428571428,-70.11374068554399
94.76571428571428,-69.993740685544
94.8857142857143,-69.87374068554399
95.00571428571426,-69.753740685544
95.00571428571426,-69.633740685544
95.00571428571426,-69.513740685544
95.12571428571428,-69.393740685544
95.24571428571429,-69.273740685544
95.24571428571429,-69.153740685544
95.36571428571428,-69.03374068554399
95.36571428571428,-68.913740685544
95.48571428571428,-68.793740685544
95.48571428571428,-68.673740685544
95.60571428571428,-68.553740685544
95.72571428571428,-68.433740685544
95.72571428571428,-68.313740685544
95.72571428571428,-68.193740685544
95.84571428571428,-68.073740685544
95.96571428571428,-67.95374068554399
95.96571428571428,-67.833740685544
96.08571428571429,-67.713740685544
96.2057142857143,-67.59374068554399
96.32571428571427,-67.473740685544
96.2057142857143,-67.353740685544
96.32571428571427,-67.233740685544
96.44571428571427,-67.113740685544
96.5657142857143,-66.993740685544
96.5657142857143,-66.87374068554399
96.68571428571428,-66.753740685544
96.68571428571428,-66.63374068554398
96.80571428571429,-66.513740685544
96.80571428571429,-66.393740685544
96.92571428571428,-66.273740685544
97.04571428571428,-66.153740685544
97.04571428571428,-66.03374068554399
97.04571428571428,-65.913740685544
97.16571428571427,-65.793740685544
97.28571428571428,-65.67374068554399
97.28571428571428,-65.553740685544
97.4057142857143,-65.433740685544
97.52571428571429,-65.313740685544
97.52571428571429,-65.193740685544
97.52571428571429,-65.073740685544
97.64571428571428,-64.95374068554399
97.76571428571428,-64.833740685544
97.76571428571428,-64.713740685544
97.88571428571429,-64.59374068554399
98.00571428571428,-64.473740685544
98.00571428571428,-64.353740685544
98.00571428571428,-64.233740685544
98.1257142857143,-64.11374068554399
98.24571428571429,-63.993740685544
98.36571428571428,-63.87374068554399
98.36571428571428,-63.753740685543995
98.36571428571428,-63.63374068554399
98.48571428571428,-63.51374068554399
98.60571428571428,-63.393740685544
98.60571428571428,-63.273740685544
98.72571428571429,-63.153740685543994
98.84571428571427,-63.033740685544
98.84571428571427,-62.913740685544
98.84571428571427,-62.793740685543995
98.96571428571427,-62.673740685544
99.08571428571429,-62.553740685544
99.08571428571429,-62.433740685544
99.2057142857143,-62.313740685544
99.32571428571428,-62.19374068554399
99.32571428571428,-62.073740685544
99.32571428571428,-61.95374068554399
99.44571428571427,-61.833740685544
99.56571428571428,-61.833740685544
99.56571428571428,-61.713740685543996
99.56571428571428,-61.59374068554399
99.68571428571427,-61.473740685544
99.68571428571427,-61.353740685544
99.80571428571429,-61.233740685544
99.80571428571429,-61.113740685543995
99.92571428571429,-60.993740685544
100.0457142857143,-60.873740685544
100.16571428571427,-60.753740685543995
100.0457142857143,-60.63374068554399
100.16571428571427,-60.513740685544
100.28571428571428,-60.393740685544
100.40571428571428,-60.393740685544
100.40571428571428,-60.27374068554399
100.40571428571428,-60.153740685544
100.52571428571427,-60.03374068554399
100.64571428571429,-59.913740685544
100.64571428571429,-59.793740685543995
100.64571428571429,-59.673740685544
100.76571428571428,-59.55374068554401
100.88571428571429,-59.55374068554401
100.88571428571429,-59.433740685543995
100.88571428571429,-59.313740685544
101.00571428571428,-59.19374068554399
101.00571428571428,-59.073740685543996
101.12571428571428,-58.953740685544
101.24571428571429,-58.833740685544
101.24571428571429,-58.71374068554399
101.36571428571426,-58.593740685544
101.36571428571426,-58.473740685544
101.36571428571426,-58.353740685544
101.48571428571428,-58.233740685544
101.60571428571428,-58.113740685543995
101.60571428571428,-57.993740685544005
101.72571428571429,-57.87374068554399
101.84571428571428,-57.753740685543995
101.84571428571428,-57.633740685544
101.84571428571428,-57.51374068554399
101.96571428571427,-57.393740685544
102.08571428571427,-57.393740685544
102.2057142857143,-57.273740685544
102.2057142857143,-57.153740685543994
102.2057142857143,-57.03374068554411
102.32571428571428,-56.913740685544106
102.32571428571428,-56.79374068554411
102.44571428571429,-56.67374068554411
102.5657142857143,-56.55374068554412
102.5657142857143,-56.43374068554411
102.68571428571427,-56.31374068554411
102.68571428571427,-56.193740685544114
102.68571428571427,-56.07374068554411
102.80571428571427,-55.95374068554411
102.92571428571428,-55.95374068554411
102.92571428571428,-55.833740685544115
102.92571428571428,-55.71374068554412
103.0457142857143,-55.59374068554411
103.16571428571429,-55.473740685544115
103.16571428571429,-55.3537406855441
103.16571428571429,-55.23374068554411
103.28571428571428,-55.11374068554411
103.40571428571428,-55.11374068554411
103.40571428571428,-54.99374068554412
103.40571428571428,-54.87374068554411
103.52571428571427,-54.75374068554411
103.64571428571428,-54.63374068554412
103.64571428571428,-54.51374068554411
103.7657142857143,-54.39374068554411
103.88571428571429,-54.27374068554411
103.88571428571429,-54.153740685544115
103.88571428571429,-54.03374068554411
104.00571428571428,-53.91374068554411
104.00571428571428,-53.79374068554411
104.12571428571428,-53.67374068554411
104.24571428571429,-53.67374068554411
104.24571428571429,-53.55374068554411
104.24571428571429,-53.43374068554411
104.36571428571428,-53.31374068554412
104.48571428571428,-53.19374068554411
104.48571428571428,-53.07374068554412
104.60571428571427,-52.95374068554411
104.60571428571427,-52.83374068554411
104.60571428571427,-52.71374068554412
104.60571428571427,-52.59374068554411
104.72571428571429,-52.47374068554411
104.60571428571427,-52.35374068554411
104.60571428571427,-52.23374068554411
104.72571428571429,-52.113740685544116
104.72571428571429,-51.99374068554411
104.72571428571429,-51.87374068554411
104.84571428571428,-51.753740685544116
104.72571428571429,-51.63374068554411
104.84571428571428,-51.51374068554411
104.84571428571428,-51.39374068554412
104.84571428571428,-51.273740685544105
104.84571428571428,-51.153740685544115
104.96571428571428,-51.03374068554411
104.84571428571428,-50.91374068554411
104.96571428571428,-50.79374068554411
104.96571428571428,-50.67374068554411
104.96571428571428,-50.55374068554411
104.96571428571428,-50.43374068554411
104.96571428571428,-50.31374068554411
104.96571428571428,-50.193740685544114
104.96571428571428,-50.07374068554412
104.96571428571428,-49.953740685544105
105.08571428571429,-49.833740685544115
105.08571428571429,-49.71374068554412
105.08571428571429,-49.59374068554411
105.08571428571429,-49.473740685544115
105.08571428571429,-49.35374068554411
105.08571428571429,-49.23374068554412
105.08571428571429,-49.11374068554411
105.20571428571428,-48.99374068554411
105.08571428571429,-48.87374068554411
105.20571428571428,-48.75374068554411
105.32571428571427,-48.63374068554412
105.20571428571428,-48.513740685544114
105.32571428571427,-48.39374068554411
105.32571428571427,-48.27374068554411
105.20571428571428,-48.153740685544115
105.32571428571427,-48.0337406855441
105.32571428571427,-47.91374068554411
105.32571428571427,-47.79374068554411
105.32571428571427,-47.67374068554412
105.44571428571429,-47.55374068554411
105.44571428571429,-47.43374068554411
105.44571428571429,-47.31374068554412
105.44571428571429,-47.19374068554411
105.44571428571429,-47.07374068554411
105.44571428571429,-46.95374068554411
105.44571428571429,-46.83374068554411
105.44571428571429,-46.71374068554412
105.5657142857143,-46.59374068554411
105.5657142857143,-46.473740685544115
105.5657142857143,-46.35374068554411
105.5657142857143,-46.23374068554411
105.5657142857143,-46.113740685544116
105.5657142857143,-45.99374068554411
105.68571428571428,-45.87374068554411
105.5657142857143,-45.753740685544116
105.68571428571428,-45.63374068554412
105.68571428571428,-45.51374068554411
105.68571428571428,-45.39374068554412
105.68571428571428,-45.27374068554411
105.80571428571427,-45.153740685544115
105.68571428571428,-45.03374068554411
105.80571428571427,-44.91374068554411
105.80571428571427,-44.79374068554411
105.80571428571427,-44.67374068554411
105.80571428571427,-44.55374068554411
105.92571428571428,-44.433740685544116
105.80571428571427,-44.31374068554411
105.80571428571427,-44.193740685544114
105.92571428571428,-44.07374068554412
105.92571428571428,-43.953740685544105
105.92571428571428,-43.833740685544115
106.04571428571428,-43.71374068554412
105.92571428571428,-43.593740685544105
106.04571428571428,-43.473740685544115
105.92571428571428,-43.35374068554411
106.04571428571428,-43.23374068554412
106.04571428571428,-43.11374068554411
105.92571428571428,-42.99374068554411
106.04571428571428,-42.873740685544114
106.16571428571427,-42.75374068554411
106.04571428571428,-42.63374068554411
106.16571428571427,-42.513740685544114
106.16571428571427,-42.39374068554411
106.16571428571427,-42.27374068554411
106.16571428571427,-42.153740685544115
106.16571428571427,-42.0337406855441
106.16571428571427,-41.91374068554411
106.28571428571429,-41.79374068554411
106.28571428571429,-41.67374068554411
106.28571428571429,-41.55374068554411
106.28571428571429,-41.43374068554411
106.28571428571429,-41.31374068554412
106.28571428571429,-41.19374068554411
106.28571428571429,-41.07374068554411
106.40571428571428,-40.95374068554411
106.28571428571429,-40.833740685544115
106.40571428571428,-40.71374068554412
106.52571428571427,-40.59374068554411
106.40571428571428,-40.473740685544115
106.52571428571427,-40.35374068554411
106.40571428571428,-40.23374068554411
106.40571428571428,-40.11374068554411
106.52571428571427,-39.99374068554412
106.40571428571428,-39.87374068554411
106.52571428571427,-39.753740685544116
106.52571428571427,-39.63374068554412
106.52571428571427,-39.51374068554411
106.64571428571428,-39.39374068554412
106.64571428571428,-39.27374068554411
106.64571428571428,-39.15374068554411
106.64571428571428,-39.03374068554411
106.64571428571428,-38.91374068554411
106.64571428571428,-38.793740685544115
106.64571428571428,-38.67374068554411
106.76571428571428,-38.55374068554411
106.64571428571428,-38.433740685544116
106.76571428571428,-38.31374068554411
106.76571428571428,-38.19374068554411
106.76571428571428,-38.07374068554412
106.76571428571428,-37.953740685544105
106.88571428571429,-37.833740685544115
106.76571428571428,-37.71374068554412
106.88571428571429,-37.59374068554411
106.88571428571429,-37.473740685544115
106.88571428571429,-37.35374068554411
106.88571428571429,-37.23374068554411
107.00571428571428,-37.11374068554411
106.88571428571429,-36.99374068554411
107.00571428571428,-36.87374068554411
106.88571428571429,-36.75374068554411
107.00571428571428,-36.63374068554412
107.00571428571428,-36.513740685544114
107.00571428571428,-36.39374068554411
107.00571428571428,-36.27374068554411
107.12571428571428,-36.153740685544115
107.00571428571428,-36.03374068554412
107.12571428571428,-35.91374068554411
107.12571428571428,-35.793740685544115
107.12571428571428,-35.67374068554411
107.12571428571428,-35.55374068554411
107.24571428571429,-35.43374068554411
107.12571428571428,-35.31374068554411
107.24571428571429,-35.193740685544114
107.24571428571429,-35.07374068554412
107.24571428571429,-34.95374068554411
107.24571428571429,-34.833740685544115
107.36571428571428,-34.71374068554411
107.24571428571429,-34.59374068554411
107.36571428571428,-34.47374068554411
107.36571428571428,-34.35374068554411
107.36571428571428,-34.23374068554411
107.36571428571428,-34.113740685544116
107.36571428571428,-33.99374068554411
107.36571428571428,-33.873740685544114
107.36571428571428,-33.753740685544116
107.36571428571428,-33.63374068554411
107.48571428571428,-33.51374068554411
107.48571428571428,-33.39374068554411
107.48571428571428,-33.27374068554411
107.48571428571428,-33.153740685544115
107.48571428571428,-33.03374068554411
107.48571428571428,-32.91374068554411
107.48571428571428,-32.793740685544115
107.60571428571428,-32.67374068554411
107.60571428571428,-32.55374068554411
107.60571428571428,-32.43374068554411
107.72571428571428,-32.31374068554411
107.60571428571428,-32.193740685544114
107.72571428571428,-32.07374068554411
107.72571428571428,-31.953740685544112
107.60571428571428,-31.833740685544115
107.72571428571428,-31.713740685544114
107.72571428571428,-31.593740685544113
107.72571428571428,-31.47374068554411
107.84571428571427,-31.35374068554411
107.84571428571427,-31.233740685544117
107.84571428571427,-31.113740685544116
107.84571428571427,-30.99374068554411
107.84571428571427,-30.873740685544114
107.84571428571427,-30.753740685544113
107.84571428571427,-30.633740685544115
107.84571428571427,-30.51374068554411
107.84571428571427,-30.39374068554411
107.96571428571428,-30.273740685544116
107.96571428571428,-30.153740685544115
107.96571428571428,-30.033740685544114
107.96571428571428,-29.913740685544113
107.96571428571428,-29.793740685544112
107.96571428571428,-29.673740685544114
108.08571428571429,-29.55374068554411
107.96571428571428,-29.433740685544112
108.08571428571429,-29.31374068554411
108.2057142857143,-29.193740685544117
108.08571428571429,-29.073740685544113
108.08571428571429,-28.953740685544112
108.2057142857143,-28.833740685544115
108.08571428571429,-28.713740685544114
108.2057142857143,-28.59374068554411
108.2057142857143,-28.47374068554411
108.2057142857143,-28.35374068554411
108.2057142857143,-28.233740685544117
108.32571428571427,-28.113740685544112
108.32571428571427,-27.993740685544115
108.32571428571427,-27.873740685544114
108.32571428571427,-27.753740685544113
108.32571428571427,-27.63374068554411
108.32571428571427,-27.51374068554411
108.44571428571427,-27.393740685544113
108.32571428571427,-27.273740685544116
108.44571428571427,-27.15374068554411
108.32571428571427,-27.033740685544114
108.44571428571427,-26.913740685544113
108.44571428571427,-26.793740685544115
108.32571428571427,-26.673740685544114
108.44571428571427,-26.55374068554411
108.44571428571427,-26.433740685544112
108.32571428571427,-26.31374068554411
108.44571428571427,-26.193740685544117
108.44571428571427,-26.073740685544113
108.44571428571427,-25.953740685544112
108.44571428571427,-25.833740685544115
108.44571428571427,-25.713740685544114
108.44571428571427,-25.593740685544113
108.44571428571427,-25.47374068554411
108.44571428571427,-25.35374068554411
108.44571428571427,-25.233740685544117
108.44571428571427,-25.113740685544112
108.44571428571427,-24.993740685544115
108.44571428571427,-24.873740685544114
108.44571428571427,-24.753740685544116
108.44571428571427,-24.63374068554411
108.44571428571427,-24.51374068554411
108.44571428571427,-24.393740685544113
108.44571428571427,-24.273740685544116
108.44571428571427,-24.153740685544115
108.56571428571428,-24.033740685544114
108.44571428571427,-23.913740685544113
108.44571428571427,-23.793740685544115
108.56571428571428,-23.67374068554411
108.44571428571427,-23.55374068554411
108.44571428571427,-23.433740685544112
108.56571428571428,-23.31374068554411
108.44571428571427,-23.193740685544114
108.44571428571427,-23.073740685544113
108.44571428571427,-22.953740685544116
108.44571428571427,-22.833740685544115
108.56571428571428,-22.71374068554411
108.44571428571427,-22.593740685544113
108.56571428571428,-22.47374068554411
108.56571428571428,-22.353740685544114
108.44571428571427,-22.233740685544113
108.56571428571428,-22.113740685544112
108.56571428571428,-21.993740685544115
108.56571428571428,-21.873740685544114
108.56571428571428,-21.753740685544116
108.56571428571428,-21.63374068554411
108.44571428571427,-21.51374068554411
108.56571428571428,-21.393740685544113
108.44571428571427,-21.273740685544116
108.56571428571428,-21.153740685544115
108.56571428571428,-21.033740685544114
108.44571428571427,-20.913740685544116
108.56571428571428,-20.793740685544115
108.56571428571428,-20.67374068554411
108.56571428571428,-20.553740685544113
108.56571428571428,-20.433740685544112
108.56571428571428,-20.31374068554411
108.56571428571428,-20.193740685544114
108.56571428571428,-20.073740685544113
108.56571428571428,-19.953740685544116
108.56571428571428,-19.833740685544115
108.56571428571428,-19.71374068554411
108.56571428571428,-19.593740685544113
108.56571428571428,-19.47374068554411
108.56571428571428,-19.353740685544114
108.68571428571427,-19.233740685544113
108.56571428571428,-19.113740685544116
108.56571428571428,-18.993740685544115
108.56571428571428,-18.873740685544114
108.56571428571428,-18.753740685544113
108.56571428571428,-18.63374068554411
108.56571428571428,-18.513740685544114
108.56571428571428,-18.39374068554411
108.56571428571428,-18.273740685544112
108.56571428571428,-18.15374068554411
108.56571428571428,-18.033740685544114
108.68571428571427,-17.913740685544113
108.56571428571428,-17.793740685544115
108.68571428571427,-17.67374068554411
108.68571428571427,-17.553740685544113
108.56571428571428,-17.433740685544112
108.68571428571427,-17.313740685544115
108.56571428571428,-17.193740685544114
108.68571428571427,-17.073740685544113
108.68571428571427,-16.953740685544116
108.56571428571428,-16.833740685544115
108.56571428571428,-16.713740685544114
108.68571428571427,-16.593740685544113
108.56571428571428,-16.473740685544115
108.68571428571427,-16.353740685544114
108.68571428571427,-16.233740685544113
108.56571428571428,-16.113740685544112
108.68571428571427,-15.993740685544115
108.68571428571427,-15.873740685544114
108.68571428571427,-15.753740685544114
108.68571428571427,-15.633740685544112
108.56571428571428,-15.513740685544116
108.68571428571427,-15.393740685544113
108.68571428571427,-15.273740685544114
108.68571428571427,-15.153740685544113
108.68571428571427,-15.033740685544114
108.68571428571427,-14.913740685544113
108.56571428571428,-14.793740685544114
108.68571428571427,-14.673740685544113
108.68571428571427,-14.553740685544113
108.68571428571427,-14.433740685544114
108.68571428571427,-14.313740685544115
108.68571428571427,-14.193740685544112
108.68571428571427,-14.073740685544113
108.68571428571427,-13.953740685544114
108.68571428571427,-13.833740685544115
108.68571428571427,-13.713740685544112
108.68571428571427,-13.593740685544113
108.68571428571427,-13.473740685544113
108.68571428571427,-13.353740685544114
108.68571428571427,-13.233740685544113
108.68571428571427,-13.113740685544114
108.68571428571427,-12.993740685544113
108.68571428571427,-12.873740685544114
108.68571428571427,-12.753740685544113
108.68571428571427,-12.633740685544113
108.80571428571429,-12.513740685544116
108.68571428571427,-12.393740685544115
108.80571428571429,-12.273740685544114
108.80571428571429,-12.153740685544113
108.68571428571427,-12.033740685544114
108.68571428571427,-11.913740685544115
108.80571428571429,-11.793740685544115
108.68571428571427,-11.673740685544113
108.80571428571429,-11.553740685544113
108.68571428571427,-11.433740685544114
108.68571428571427,-11.313740685544115
108.80571428571429,-11.193740685544114
108.68571428571427,-11.073740685544113
108.80571428571429,-10.953740685544114
108.80571428571429,-10.833740685544115
108.68571428571427,-10.713740685544114
108.80571428571429,-10.593740685544114
108.80571428571429,-10.473740685544113
108.80571428571429,-10.353740685544114
108.80571428571429,-10.233740685544113
108.80571428571429,-10.113740685544114
108.68571428571427,-9.993740685544115
108.80571428571429,-9.873740685544115
108.80571428571429,-9.753740685544113
108.80571428571429,-9.633740685544113
108.80571428571429,-9.513740685544116
108.68571428571427,-9.393740685544115
108.80571428571429,-9.273740685544114
108.80571428571429,-9.153740685544113
108.80571428571429,-9.033740685544114
108.80571428571429,-8.913740685544113
108.80571428571429,-8.793740685544114
108.80571428571429,-8.673740685544114
108.80571428571429,-8.553740685544113
108.80571428571429,-8.433740685544114
108.80571428571429,-8.313740685544115
108.80571428571429,-8.193740685544114
108.80571428571429,-8.073740685544115
108.80571428571429,-7.953740685544114
108.80571428571429,-7.8337406855441145
108.92571428571429,-7.7137406855441135
108.80571428571429,-7.593740685544114
108.92571428571429,-7.473740685544113
108.80571428571429,-7.353740685544114
108.80571428571429,-7.233740685544114
108.80571428571429,-7.113740685544114
108.80571428571429,-6.993740685544114
108.80571428571429,-6.8737406855441145
108.92571428571429,-6.7537406855441136
108.80571428571429,-6.633740685544114
108.80571428571429,-6.513740685544113
108.92571428571429,-6.393740685544114
108.80571428571429,-6.273740685544114
108.92571428571429,-6.153740685544113
108.92571428571429,-6.033740685544114
108.80571428571429,-5.913740685544113
108.92571428571429,-5.793740685544114
108.92571428571429,-5.673740685544131
108.92571428571429,-5.553740685544132
108.92571428571429,-5.433740685544131
108.80571428571429,-5.313740685544132
108.80571428571429,-5.193740685544131
108.92571428571429,-5.073740685544132
108.80571428571429,-4.9537406855441315
108.92571428571429,-4.833740685544137
108.92571428571429,-4.7137406855441375
108.80571428571429,-4.593740685544131
108.92571428571429,-4.473740685544131
108.92571428571429,-4.353740685544131
108.92571428571429,-4.233740685544131
108.92571428571429,-4.113740685544131
108.92571428571429,-3.993740685544131
108.92571428571429,-3.8737406855441368
108.92571428571429,-3.753740685544137
108.92571428571429,-3.633740685544131
108.92571428571429,-3.513740685544131
108.92571428571429,-3.3937406855441314
108.80571428571429,-3.273740685544132
108.92571428571429,-3.1537406855441317
108.92571428571429,-3.0337406855441316
108.92571428571429,-2.913740685544137
108.92571428571429,-2.7937406855441367
109.04571428571428,-2.6737406855441317
108.92571428571429,-2.5537406855441316
108.92571428571429,-2.4337406855441315
108.92571428571429,-2.313740685544131
108.92571428571429,-2.1937406855441313
108.92571428571429,-2.073740685544131
109.04571428571428,-1.9537406855441313
108.92571428571429,-1.833740685544137
108.92571428571429,-1.713740685544137
108.92571428571429,-1.5937406855441314
108.92571428571429,-1.4737406855441313
109.04571428571428,-1.3537406855441314
108.92571428571429,-1.2337406855441313
108.92571428571429,-1.1137406855441314
109.04571428571428,-0.9937406855441313
108.92571428571429,-0.8737406855441372
109.04571428571428,-0.7537406855441372
109.04571428571428,-0.6337406855441314
108.92571428571429,-0.5137406855441337
108.92571428571429,-0.3937406855441331
109.04571428571428,-0.27374068554413256
108.92571428571429,-0.15374068554413198
109.04571428571428,-0.0337406855441356
109.04571428571428,0.08625931445586914
108.92571428571429,0.20625931445586515
109.04571428571428,0.3262593144558697
108.92571428571429,0.4462593144558662
109.04571428571428,0.5662593144558709
109.04571428571428,0.6862593144558685
108.92571428571429,0.8062593144558629
109.04571428571428,0.9262593144558685
109.04571428571428,1.0462593144558627
109.04571428571428,1.1662593144558684
109.04571428571428,1.286259314455863
109.04571428571428,1.4062593144558686
108.92571428571429,1.5262593144558687
109.04571428571428,1.6462593144558628
109.04571428571428,1.7662593144558687
109.04571428571428,1.8862593144558626
109.04571428571428,2.0062593144558685
109.16571428571427,2.1262593144558624
109.04571428571428,2.2462593144558682
109.04571428571428,2.3662593144558683
109.04571428571428,2.4862593144558685
109.04571428571428,2.6062593144558686
109.04571428571428,2.7262593144558624
109.04571428571428,2.8462593144558683
109.04571428571428,2.9662593144558627
109.04571428571428,3.0862593144558685
109.04571428571428,3.2062593144558624
109.04571428571428,3.3262593144558683
109.16571428571427,3.4462593144558684
109.04571428571428,3.5662593144558685
109.04571428571428,3.686259314455869
109.16571428571427,3.8062593144558625
109.04571428571428,3.9262593144558684
109.16571428571427,4.046259314455862
109.16571428571427,4.166259314455869
109.04571428571428,4.2862593144558625
109.04571428571428,4.406259314455869
109.04571428571428,4.526259314455868
109.04571428571428,4.646259314455863
109.16571428571427,4.766259314455868
109.04571428571428,4.886259314455862
109.04571428571428,5.0062593144558685
109.16571428571427,5.126259314455862
109.04571428571428,5.246259314455869
109.16571428571427,5.366259314455869
109.16571428571427,5.486259314455868
109.04571428571428,5.606259314455869
109.16571428571427,5.726259314455885
109.16571428571427,5.846259314455886
109.16571428571427,5.966259314455885
109.16571428571427,6.086259314455885
109.04571428571428,6.2062593144558855
109.04571428571428,6.326259314455886
109.16571428571427,6.446259314455886
109.04571428571428,6.566259314455886
109.16571428571427,6.686259314455885
109.16571428571427,6.806259314455886
109.04571428571428,6.926259314455885
109.16571428571427,7.046259314455886
109.16571428571427,7.1662593144558855
109.16571428571427,7.286259314455886
109.16571428571427,7.406259314455886
109.16571428571427,7.526259314455886
109.16571428571427,7.646259314455885
109.16571428571427,7.766259314455886
109.16571428571427,7.886259314455885
109.16571428571427,8.006259314455885
109.16571428571427,8.126259314455885
109.28571428571428,8.246259314455886
109.16571428571427,8.366259314455885
109.16571428571427,8.486259314455886
109.16571428571427,8.606259314455885
109.16571428571427,8.726259314455886
109.28571428571428,8.846259314455885
109.16571428571427,8.966259314455884
109.16571428571427,9.086259314455885
109.28571428571428,9.206259314455885
109.16571428571427,9.326259314455886
109.16571428571427,9.446259314455887
109.28571428571428,9.566259314455884
109.16571428571427,9.686259314455885
109.16571428571427,9.806259314455886
109.28571428571428,9.926259314455887
109.16571428571427,10.046259314455884
109.28571428571428,10.166259314455885
109.16571428571427,10.286259314455885
109.16571428571427,10.406259314455887
109.28571428571428,10.526259314455885
109.16571428571427,10.646259314455886
109.28571428571428,10.766259314455885
109.28571428571428,10.886259314455886
109.16571428571427,11.006259314455884
109.16571428571427,11.126259314455886
109.28571428571428,11.246259314455886
109.16571428571427,11.366259314455885
109.28571428571428,11.486259314455884
109.28571428571428,11.606259314455883
109.16571428571427,11.726259314455886
109.28571428571428,11.846259314455885
109.28571428571428,11.966259314455886
109.28571428571428,12.086259314455884
109.28571428571428,12.206259314455885
109.28571428571428,12.326259314455886
109.28571428571428,12.446259314455887
109.28571428571428,12.566259314455884
109.16571428571427,12.686259314455885
109.16571428571427,12.806259314455884
109.16571428571427,12.926259314455887
109.04571428571428,13.046259314455884
109.04571428571428,13.166259314455885
109.16571428571427,13.286259314455885
109.04571428571428,13.406259314455886
109.04571428571428,13.526259314455883
108.92571428571429,13.646259314455886
108.92571428571429,13.766259314455885
108.92571428571429,13.886259314455886
108.80571428571429,14.006259314455884
108.92571428571429,14.126259314455885
108.92571428571429,14.246259314455886
108.80571428571429,14.366259314455887
108.80571428571429,14.486259314455884
108.68571428571427,14.606259314455885
108.68571428571427,14.726259314455884
108.68571428571427,14.846259314455887
108.56571428571428,14.966259314455886
108.68571428571427,15.086259314455885
108.68571428571427,15.206259314455885
108.56571428571428,15.326259314455886
108.56571428571428,15.446259314455887
108.44571428571427,15.566259314455886
108.44571428571427,15.686259314455885
108.44571428571427,15.806259314455886
108.44571428571427,15.926259314455885
108.44571428571427,16.046259314455884
108.44571428571427,16.166259314455885
108.32571428571427,16.286259314455883
108.32571428571427,16.406259314455887
108.2057142857143,16.526259314455885
108.2057142857143,16.646259314455886
108.2057142857143,16.766259314455883
108.2057142857143,16.886259314455884
108.2057142857143,17.006259314455882
108.2057142857143,17.126259314455886
108.08571428571429,17.246259314455884
108.08571428571429,17.366259314455885
108.08571428571429,17.486259314455882
107.96571428571428,17.606259314455883
107.96571428571428,17.726259314455884
107.96571428571428,17.846259314455885
107.96571428571428,17.966259314455886
107.96571428571428,18.086259314455884
107.84571428571427,18.206259314455885
107.84571428571427,18.326259314455886
107.84571428571427,18.446259314455887
107.84571428571427,18.566259314455888
107.84571428571427,18.686259314455885
107.72571428571428,18.806259314455883
107.72571428571428,18.926259314455883
107.72571428571428,19.046259314455884
107.60571428571428,19.166259314455885
107.60571428571428,19.286259314455886
107.60571428571428,19.406259314455884
107.60571428571428,19.526259314455885
107.60571428571428,19.64625931445589
107.60571428571428,19.766259314455883
107.48571428571428,19.886259314455884
107.48571428571428,20.006259314455882
107.36571428571428,20.126259314455886
107.36571428571428,20.246259314455887
107.36571428571428,20.36625931445617
107.36571428571428,20.486259314456166
107.36571428571428,20.60625931445617
107.36571428571428,20.726259314456172
107.24571428571429,20.84625931445617
107.24571428571429,20.96625931445617
107.12571428571428,21.086259314456175
107.12571428571428,21.20625931445617
107.24571428571429,21.32625931445617
107.12571428571428,21.446259314456167
107.12571428571428,21.566259314456172
107.12571428571428,21.686259314456173
107.00571428571428,21.80625931445617
107.00571428571428,21.92625931445617
106.88571428571429,22.046259314456172
106.88571428571429,22.16625931445617
107.00571428571428,22.286259314456167
106.88571428571429,22.406259314456168
106.88571428571429,22.526259314456173
106.88571428571429,22.64625931445617
106.76571428571428,22.76625931445617
106.76571428571428,22.88625931445617
106.64571428571428,23.006259314456173
106.64571428571428,23.12625931445617
106.76571428571428,23.246259314456168
106.64571428571428,23.36625931445617
106.64571428571428,23.486259314456174
106.64571428571428,23.60625931445617
106.52571428571427,23.726259314456172
106.52571428571427,23.84625931445617
106.52571428571427,23.966259314456174
106.52571428571427,24.086259314456175
106.52571428571427,24.20625931445617
106.40571428571428,24.32625931445617
106.40571428571428,24.44625931445617
106.40571428571428,24.566259314456172
106.28571428571429,24.68625931445617
106.28571428571429,24.80625931445617
106.40571428571428,24.92625931445617
106.28571428571429,25.046259314456172
106.28571428571429,25.16625931445617
106.16571428571427,25.286259314456167
106.16571428571427,25.406259314456168
106.16571428571427,25.526259314456173
106.04571428571428,25.64625931445617
106.16571428571427,25.76625931445617
106.16571428571427,25.88625931445617
106.04571428571428,26.006259314456173
106.04571428571428,26.126259314456167
105.92571428571428,26.246259314456168
105.92571428571428,26.36625931445617
105.92571428571428,26.48625931445617
105.80571428571427,26.60625931445617
105.92571428571428,26.726259314456172
105.92571428571428,26.84625931445617
105.80571428571427,26.966259314456174
105.80571428571427,27.08625931445617
105.80571428571427,27.20625931445617
105.68571428571428,27.326259314456166
105.68571428571428,27.44625931445617
105.5657142857143,27.566259314456172
105.68571428571428,27.68625931445617
105.68571428571428,27.80625931445617
105.5657142857143,27.926259314456175
105.5657142857143,28.046259314456172
105.5657142857143,28.16625931445617
105.44571428571429,28.286259314456167
105.44571428571429,28.40625931445617
105.44571428571429,28.52625931445617
105.44571428571429,28.64625931445617
105.44571428571429,28.76625931445617
105.32571428571427,28.886259314456172
105.32571428571427,29.006259314456173
105.32571428571427,29.126259314456167
105.20571428571428,29.246259314456168
105.20571428571428,29.366259314456173
105.32571428571427,29.48625931445617
105.20571428571428,29.60625931445617
105.20571428571428,29.72625931445617
105.08571428571429,29.84625931445617
105.08571428571429,29.966259314456174
105.08571428571429,30.08625931445617
104.96571428571428,30.20625931445617
104.96571428571428,30.326259314456166
105.08571428571429,30.44625931445617
104.96571428571428,30.566259314456172
104.96571428571428,30.68625931445617
104.84571428571428,30.80625931445617
104.84571428571428,30.92625931445617
104.84571428571428,31.046259314456172
104.84571428571428,31.166259314456166
104.84571428571428,31.286259314456167
104.84571428571428,31.40625931445617
104.72571428571429,31.52625931445617
104.72571428571429,31.64625931445617
104.60571428571427,31.766259314456168
104.60571428571427,31.886259314456172
104.60571428571427,32.00625931445617
104.60571428571427,32.12625931445617
104.60571428571427,32.24625931445617
104.60571428571427,32.36625931445617
104.48571428571428,32.48625931445617
104.48571428571428,32.60625931445617
104.36571428571428,32.72625931445617
104.36571428571428,32.84625931445617
104.36571428571428,32.966259314456174
104.36571428571428,33.08625931445617
104.36571428571428,33.20625931445617
104.36571428571428,33.32625931445617
104.24571428571429,33.44625931445617
104.24571428571429,33.56625931445617
104.12571428571428,33.686259314456166
104.12571428571428,33.80625931445617
104.24571428571429,33.926259314456175
104.12571428571428,34.04625931445617
104.12571428571428,34.16625931445617
104.12571428571428,34.28625931445617
104.00571428571428,34.40625931445617
104.00571428571428,34.52625931445617
104.00571428571428,34.64625931445617
103.88571428571429,34.76625931445617
104.00571428571428,34.886259314456176
103.88571428571429,35.00625931445617
103.88571428571429,35.12625931445617
103.88571428571429,35.24625931445617
103.7657142857143,35.36625931445617
103.7657142857143,35.48625931445617
103.7657142857143,35.60625931445617
103.7657142857143,35.72625931445617
103.7657142857143,35.84625931445617
103.64571428571428,35.966259314456174
103.64571428571428,36.08625931445617
103.64571428571428,36.20625931445617
103.52571428571427,36.32625931445617
103.52571428571427,36.44625931445617
103.52571428571427,36.56625931445617
103.52571428571427,36.686259314456166
103.52571428571427,36.80625931445617
103.52571428571427,36.92625931445617
103.40571428571428,37.04625931445617
103.40571428571428,37.16625931445617
103.28571428571428,37.286259314456174
103.28571428571428,37.40625931445617
103.40571428571428,37.526259314456176
103.28571428571428,37.64625931445617
103.28571428571428,37.76625931445617
103.28571428571428,37.88625931445617
103.16571428571429,38.006259314456166
103.16571428571429,38.12625931445618
103.0457142857143,38.24625931445617
103.16571428571429,38.36625931445617
103.16571428571429,38.48625931445617
103.0457142857143,38.60625931445617
103.0457142857143,38.72625931445617
103.0457142857143,38.84625931445616
102.92571428571428,38.966259314456174
102.92571428571428,39.08625931445617
102.80571428571427,39.20625931445617
102.92571428571428,39.326259314456166
102.92571428571428,39.44625931445617
102.80571428571427,39.56625931445617
102.80571428571427,39.686259314456166
102.80571428571427,39.80625931445617
102.68571428571427,39.92625931445617
102.68571428571427,40.04625931445617
102.5657142857143,40.16625931445616
102.68571428571427,40.286259314456174
102.68571428571427,40.406259314456165
102.5657142857143,40.526259314456176
102.5657142857143,40.646259314456174
102.5657142857143,40.766259314456164
102.44571428571429,40.88625931445617
102.44571428571429,41.00625931445617
102.5657142857143,41.12625931445617
102.44571428571429,41.24625931445617
102.44571428571429,41.36625931445617
102.32571428571428,41.48625931445617
102.32571428571428,41.60625931445617
102.32571428571428,41.726259314456165
102.2057142857143,41.84625931445617
102.2057142857143,41.966259314456174
102.32571428571428,42.086259314456164
102.2057142857143,42.206259314456176
102.2057142857143,42.326259314456166
102.08571428571427,42.44625931445617
102.08571428571427,42.566259314456175
102.08571428571427,42.686259314456166
102.08571428571427,42.80625931445617
102.08571428571427,42.92625931445617
102.08571428571427,43.04625931445617
101.96571428571427,43.16625931445617
101.96571428571427,43.28625931445617
101.84571428571428,43.40625931445617
101.84571428571428,43.526259314456176
101.84571428571428,43.64625931445617
101.84571428571428,43.766259314456164
101.84571428571428,43.88625931445617
101.84571428571428,44.006259314456166
101.72571428571429,44.12625931445617
101.72571428571429,44.24625931445617
101.72571428571429,44.36625931445617
101.60571428571428,44.48625931445617
101.60571428571428,44.60625931445616
101.60571428571428,44.72625931445617
101.60571428571428,44.84625931445616
101.60571428571428,44.96625931445617
101.48571428571428,45.08625931445617
101.48571428571428,45.20625931445617
101.48571428571428,45.326259314456166
101.36571428571426,45.44625931445618
101.48571428571428,45.56625931445617
101.36571428571426,45.686259314456166
101.36571428571426,45.80625931445616
101.36571428571426,45.92625931445617
101.24571428571429,46.04625931445617
101.24571428571429,46.16625931445616
101.24571428571429,46.286259314456174
101.12571428571428,46.40625931445617
101.24571428571429,46.52625931445617
101.24571428571429,46.646259314456174
101.12571428571428,46.766259314456164
101.12571428571428,46.88625931445617
101.00571428571428,47.00625931445617
101.00571428571428,47.12625931445617
101.00571428571428,47.24625931445617
100.88571428571429,47.36625931445618
101.00571428571428,47.48625931445617
101.00571428571428,47.60625931445617
100.88571428571429,47.726259314456165
100.88571428571429,47.84625931445617
100.76571428571428,47.966259314456174
100.76571428571428,48.086259314456164
100.76571428571428,48.206259314456176
100.76571428571428,48.32625931445617
100.76571428571428,48.44625931445617
100.76571428571428,48.56625931445617
100.64571428571429,48.686259314456166
100.64571428571429,48.80625931445617
100.52571428571427,48.92625931445617
100.52571428571427,49.04625931445617
100.52571428571427,49.16625931445617
100.52571428571427,49.28625931445617
100.52571428571427,49.406259314456165
100.52571428571427,49.526259314456176
100.40571428571428,49.64625931445617
100.40571428571428,49.766259314456164
100.28571428571428,49.886259314456176
100.28571428571428,50.006259314456166
100.40571428571428,50.12625931445617
100.28571428571428,50.24625931445616
100.28571428571428,50.36625931445617
100.28571428571428,50.48625931445617
100.16571428571427,50.60625931445616
100.16571428571427,50.72625931445617
100.0457142857143,50.84625931445617
100.16571428571427,50.96625931445617
100.16571428571427,51.08625931445617
100.0457142857143,51.20625931445617
100.0457142857143,51.326259314456166
100.0457142857143,51.44625931445618
99.92571428571429,51.56625931445617
99.92571428571429,51.686259314456166
99.92571428571429,51.80625931445618
99.92571428571429,51.92625931445617
99.92571428571429,52.04625931445617
99.80571428571429,52.16625931445616
99.80571428571429,52.286259314456174
99.80571428571429,52.40625931445617
99.68571428571427,52.52625931445617
99.68571428571427,52.646259314456174
99.80571428571429,52.76625931445617
99.68571428571427,52.88625931445617
99.68571428571427,53.006259314456166
99.56571428571428,53.12625931445617
99.56571428571428,53.24625931445617
99.56571428571428,53.36625931445617
99.44571428571427,53.48625931445617
99.44571428571427,53.60625931445617
99.56571428571428,53.726259314456165
99.44571428571427,53.84625931445616
99.44571428571427,53.966259314456174
99.44571428571427,54.086259314456164
99.32571428571428,54.20625931445617
99.32571428571428,54.32625931445617
99.2057142857143,54.44625931445617
99.2057142857143,54.56625931445617
99.32571428571428,54.68625931445616
99.2057142857143,54.80625931445617
99.2057142857143,54.92625931445617
99.2057142857143,55.046259314456165
99.08571428571429,55.16625931445617
99.08571428571429,55.286259314456174
99.08571428571429,55.406259314456165
99.08571428571429,55.526259314456176
99.08571428571429,55.64625931445617
98.96571428571427,55.766259314456164
98.96571428571427,55.886259314456176
98.96571428571427,56.006259314456166
98.84571428571427,56.12625931445617
98.84571428571427,56.24625931445617
98.72571428571429,56.36625931445617
98.72571428571429,56.48625931445617
98.72571428571429,56.60625931445616
98.60571428571428,56.72625931445617
98.60571428571428,56.84625931445617
98.72571428571429,56.96625931445617
98.60571428571428,57.086259314456164
98.60571428571428,57.206259314456
98.48571428571428,57.326259314455996
98.48571428571428,57.44625931445599
98.48571428571428,57.566259314456
98.36571428571428,57.686259314455995
98.36571428571428,57.80625931445599
98.36571428571428,57.926259314456
98.24571428571429,58.046259314456
98.24571428571429,58.16625931445599
98.1257142857143,58.286259314456004
98.1257142857143,58.406259314456
98.1257142857143,58.52625931445599
98.00571428571428,58.646259314456
98.00571428571428,58.76625931445599
98.00571428571428,58.886259314456
97.88571428571429,59.006259314455995
97.88571428571429,59.126259314456
97.76571428571428,59.246259314456
97.76571428571428,59.366259314456
97.76571428571428,59.486259314456
97.64571428571428,59.606259314456
97.64571428571428,59.726259314455994
97.52571428571429,59.84625931445599
97.64571428571428,59.966259314456
97.64571428571428,60.086259314455994
97.52571428571429,60.206259314456
97.52571428571429,60.326259314456
97.52571428571429,60.44625931445599
97.4057142857143,60.566259314456
97.4057142857143,60.68625931445599
97.4057142857143,60.806259314456
97.28571428571428,60.926259314456
97.28571428571428,61.046259314455995
97.16571428571427,61.166259314456
97.16571428571427,61.286259314456
97.16571428571427,61.406259314455994
97.04571428571428,61.526259314456
97.04571428571428,61.646259314455996
96.92571428571428,61.76625931445599
96.92571428571428,61.886259314456005
96.92571428571428,62.006259314455995
96.80571428571429,62.126259314456
96.80571428571429,62.24625931445599
96.80571428571429,62.366259314456
96.68571428571428,62.486259314456
96.68571428571428,62.60625931445599
96.68571428571428,62.726259314456
96.68571428571428,62.846259314456
96.68571428571428,62.966259314455996
96.5657142857143,63.086259314455994
96.5657142857143,63.206259314456
96.5657142857143,63.326259314455996
96.44571428571427,63.44625931445599
96.44571428571427,63.566259314456
96.32571428571427,63.686259314455995
96.32571428571427,63.806259314456
96.32571428571427,63.92625931445599
96.2057142857143,64.046259314456
96.2057142857143,64.166259314456
96.2057142857143,64.286259314456
96.08571428571429,64.406259314456
96.08571428571429,64.52625931445598
95.96571428571428,64.646259314456
95.96571428571428,64.766259314456
95.96571428571428,64.886259314456
95.84571428571428,65.006259314456
95.84571428571428,65.126259314456
95.84571428571428,65.246259314456
95.72571428571428,65.366259314456
95.72571428571428,65.48625931445599
95.72571428571428,65.606259314456
95.72571428571428,65.726259314456
95.72571428571428,65.84625931445599
95.60571428571428,65.966259314456
95.60571428571428,66.08625931445599
95.60571428571428,66.206259314456
95.48571428571428,66.326259314456
95.48571428571428,66.44625931445599
95.36571428571428,66.566259314456
95.36571428571428,66.686259314456
95.36571428571428,66.806259314456
95.24571428571429,66.926259314456
95.24571428571429,67.046259314456
95.24571428571429,67.166259314456
95.12571428571428,67.286259314456
95.12571428571428,67.406259314456
95.00571428571426,67.526259314456
95.00571428571426,67.64625931445599
95.00571428571426,67.766259314456
94.8857142857143,67.886259314456
94.8857142857143,68.00625931445599
94.76571428571428,68.12625931445601
94.76571428571428,68.246259314456
94.76571428571428,68.366259314456
94.64571428571428,68.48625931445599
94.76571428571428,68.606259314456
94.76571428571428,68.726259314456
94.64571428571428,68.84625931445599
94.64571428571428,68.966259314456
94.64571428571428,69.086259314456
94.52571428571427,69.206259314456
94.52571428571427,69.326259314456
94.40571428571428,69.446259314456
94.40571428571428,69.56625931445599
94.40571428571428,69.686259314456
94.28571428571429,69.806259314456
94.28571428571429,69.92625931445599
94.16571428571429,70.046259314456
94.16571428571429,70.166259314456
94.16571428571429,70.286259314456
94.04571428571428,70.406259314456
94.04571428571428,70.52625931445598
94.04571428571428,70.646259314456
93.92571428571428,70.766259314456
93.92571428571428,70.886259314456
93.80571428571427,71.006259314456
93.80571428571427,71.126259314456
93.80571428571427,71.246259314456
93.80571428571427,71.366259314456
93.80571428571427,71.48625931445599
93.80571428571427,71.606259314456
93.68571428571428,71.726259314456
93.68571428571428,71.84625931445599
93.5657142857143,71.966259314456
93.5657142857143,72.08625931445599
93.5657142857143,72.206259314456
93.44571428571429,72.326259314456
93.44571428571429,72.44625931445599
93.44571428571429,72.566259314456
93.32571428571427,72.686259314456
93.32571428571427,72.806259314456
93.20571428571428,72.92625931445599
93.20571428571428,73.046259314456
93.20571428571428,73.166259314456
93.08571428571427,73.28625931445599
93.08571428571427,73.406259314456
93.08571428571427,73.526259314456
92.96571428571428,73.64625931445599
92.96571428571428,73.766259314456
92.84571428571428,73.886259314456
92.84571428571428,74.006259314456
92.84571428571428,74.126259314456
92.84571428571428,74.246259314456
92.84571428571428,74.366259314456
92.84571428571428,74.48625931445599
92.72571428571429,74.606259314456
92.72571428571429,74.726259314456
92.60571428571428,74.846259314456
92.60571428571428,74.96625931445598
92.60571428571428,75.086259314456
92.48571428571427,75.206259314456
92.48571428571427,75.326259314456
92.48571428571427,75.446259314456
92.36571428571428,75.566259314456
92.36571428571428,75.686259314456
92.24571428571429,75.80625931445599
92.24571428571429,75.92625931445599
92.24571428571429,76.046259314456
92.12571428571428,76.16625931445601
92.12571428571428,76.286259314456
92.00571428571428,76.406259314456
92.00571428571428,76.526259314456
92.00571428571428,76.64625931445599
91.88571428571429,76.766259314456
91.88571428571429,76.886259314456
91.88571428571429,77.00625931445599
91.7657142857143,77.126259314456
91.88571428571429,77.246259314456
91.88571428571429,77.366259314456
91.7657142857143,77.48625931445599
91.7657142857143,77.606259314456
91.64571428571428,77.72625931445599
91.64571428571428,77.846259314456
91.64571428571428,77.966259314456
91.52571428571427,78.086259314456
91.52571428571427,78.206259314456
91.40571428571428,78.326259314456
91.40571428571428,78.44625931445599
91.40571428571428,78.56625931445599
91.28571428571428,78.68625931445601
91.28571428571428,78.806259314456
91.28571428571428,78.92625931445599
91.16571428571429,79.046259314456
91.16571428571429,79.166259314456
91.0457142857143,79.28625931445599
91.0457142857143,79.40625931445601
91.0457142857143,79.52625931445601
90.92571428571429,79.64625931445599
90.92571428571429,79.766259314456
90.92571428571429,79.886259314456
90.80571428571427,80.006259314456
90.92571428571429,80.126259314456
90.80571428571427,80.24625931445598
90.80571428571427,80.366259314456
90.80571428571427,80.48625931445599
90.68571428571427,80.606259314456
90.68571428571427,80.726259314456
90.68571428571427,80.84625931445599
90.56571428571428,80.96625931445598
90.56571428571428,81.086259314456
90.44571428571429,81.206259314456
90.44571428571429,81.32625931445601
90.44571428571429,81.446259314456
90.32571428571428,81.56625931445599
90.32571428571428,81.686259314456
90.32571428571428,81.80625931445599
90.2057142857143,81.926259314456
90.2057142857143,82.04625931445601
90.08571428571427,82.166259314456
90.08571428571427,82.28625931445599
90.08571428571427,82.406259314456
89.96571428571427,82.526259314456
89.96571428571427,82.64625931445599
89.84571428571428,82.766259314456
89.96571428571427,82.886259314456
89.96571428571427,83.006259314456
89.84571428571428,83.126259314456
89.84571428571428,83.246259314456
89.84571428571428,83.36625931445599
89.72571428571429,83.48625931445598
89.72571428571429,83.606259314456
89.72571428571429,83.726259314456
89.60571428571428,83.846259314456
89.60571428571428,83.966259314456
89.48571428571428,84.08625931445599
89.48571428571428,84.20625931445599
89.48571428571428,84.32625931445601
89.36571428571426,84.446259314456
89.36571428571426,84.566259314456
89.2457142857143,84.686259314456
89.2457142857143,84.80625931445599
89.2457142857143,84.92625931445599
89.12571428571428,85.04625931445601
89.12571428571428,85.16625931445601
89.12571428571428,85.28625931445599
89.00571428571428,85.406259314456
89.00571428571428,85.526259314456
88.88571428571429,85.64625931445599
88.88571428571429,85.766259314456
89.00571428571428,85.88625931445598
88.88571428571429,86.006259314456
88.88571428571429,86.126259314456
88.88571428571429,86.246259314456
88.76571428571428,86.366259314456
88.76571428571428,86.48625931445599
88.64571428571428,86.60625931445598
88.64571428571428,86.726259314456
88.64571428571428,86.846259314456
88.52571428571429,86.966259314456
88.52571428571429,87.086259314456
88.52571428571429,87.20625931445599
88.40571428571428,87.326259314456
88.40571428571428,87.44625931445599
88.28571428571428,87.566259314456
88.28571428571428,87.68625931445601
88.28571428571428,87.80625931445599
88.16571428571427,87.92625931445599
88.16571428571427,88.046259314456
88.16571428571427,88.166259314456
88.04571428571428,88.28625931445599
88.04571428571428,88.40625931445601
87.92571428571429,88.526259314456
87.92571428571429,88.64625931445599
88.04571428571428,88.766259314456
87.92571428571429,88.886259314456
87.92571428571429,89.00625931445602
87.92571428571429,89.12625931445598
87.80571428571429,89.246259314456
87.80571428571429,89.366259314456
87.68571428571427,89.48625931445599
87.68571428571427,89.606259314456
87.68571428571427,89.72625931445599
87.56571428571428,89.84625931445599
87.56571428571428,89.96625931445598
87.56571428571428,90.086259314456
87.44571428571427,90.206259314456
87.44571428571427,90.326259314456
87.32571428571428,90.44625931445599
87.32571428571428,90.56625931445599
87.32571428571428,90.68625931445601
87.2057142857143,90.806259314456
87.2057142857143,90.926259314456
87.08571428571429,91.046259314456
87.08571428571429,91.166259314456
87.08571428571429,91.28625931445599
86.96571428571428,91.406259314456
87.08571428571429,91.52625931445601
87.08571428571429,91.64625931445597
86.96571428571428,91.766259314456
86.96571428571428,91.886259314456
86.96571428571428,92.006259314456
86.84571428571427,92.126259314456
86.84571428571427,92.24625931445598
86.72571428571428,92.366259314456
86.72571428571428,92.48625931445599
86.72571428571428,92.606259314456
86.60571428571428,92.726259314456
86.60571428571428,92.846259314456
86.48571428571428,92.96625931445598
86.48571428571428,93.08625931445599
86.48571428571428,93.206259314456
86.36571428571428,93.32625931445601
86.36571428571428,93.446259314456
86.36571428571428,93.56625931445599
86.24571428571429,93.686259314456
86.24571428571429,93.80625931445599
86.12571428571427,93.92625931445599
86.12571428571427,94.04625931445601
86.12571428571427,94.166259314456
86.00571428571428,94.28625931445599
86.00571428571428,94.406259314456
86.12571428571427,94.526259314456
86.00571428571428,94.64625931445599
86.00571428571428,94.76625931445601
85.88571428571429,94.886259314456
85.88571428571429,95.006259314456
85.88571428571429,95.126259314456
85.76571428571428,95.246259314456
85.76571428571428,95.366259314456
85.76571428571428,95.48625931445598
85.64571428571428,95.60625931445598
85.64571428571428,95.726259314456
85.52571428571427,95.846259314456
85.52571428571427,95.966259314456
85.52571428571427,96.08625931445599
85.4057142857143,96.20625931445599
85.4057142857143,96.32625931445601
85.4057142857143,96.446259314456
85.28571428571429,96.566259314456
85.28571428571429,96.686259314456
85.16571428571427,96.80625931445599
85.16571428571427,96.92625931445599
85.16571428571427,97.046259314456
85.04571428571428,97.16625931445601
85.04571428571428,97.286259314456
85.16571428571427,97.406259314456
85.04571428571428,97.526259314456
85.04571428571428,97.64625931445599
84.92571428571428,97.766259314456
84.92571428571428,97.886259314456
84.92571428571428,98.006259314456
84.80571428571429,98.126259314456
84.80571428571429,98.246259314456
84.80571428571429,98.366259314456
84.68571428571428,98.48625931445599
84.68571428571428,98.60625931445598
84.5657142857143,98.72625931445599
84.5657142857143,98.846259314456
84.5657142857143,98.966259314456
84.44571428571427,99.086259314456
84.44571428571427,99.206259314456
84.32571428571427,99.326259314456
84.32571428571427,99.44625931445599
84.32571428571427,99.56625931445599
84.20571428571428,99.68625931445601
84.20571428571428,99.806259314456
84.20571428571428,99.92625931445599
84.08571428571429,100.046259314456
84.08571428571429,100.166259314456
84.20571428571428,100.28625931445599
84.08571428571429,100.40625931445601
84.08571428571429,100.526259314456
83.96571428571428,100.64625931445599
83.96571428571428,100.766259314456
83.96571428571428,100.886259314456
83.84571428571428,101.006259314456
83.84571428571428,101.12625931445598
83.72571428571429,101.24625931445598
83.72571428571429,101.366259314456
83.72571428571429,101.48625931445599
83.60571428571427,101.606259314456
83.60571428571427,101.726259314456
83.60571428571427,101.84625931445599
83.48571428571428,101.96625931445598
83.48571428571428,102.086259314456
83.36571428571428,102.206259314456
83.36571428571428,102.32625931445601
83.36571428571428,102.44625931445599
83.24571428571429,102.56625931445599
83.24571428571429,102.686259314456
83.24571428571429,102.80625931445599
83.12571428571428,102.926259314456
83.12571428571428,103.046259314456
83.12571428571428,103.166259314456
83.12571428571428,103.28625931445599
83.12571428571428,103.406259314456
83.00571428571428,103.526259314456
83.00571428571428,103.646259314456
83.00571428571428,103.766259314456
82.8857142857143,103.886259314456
82.8857142857143,104.006259314456
82.76571428571428,104.126259314456
82.76571428571428,104.246259314456
82.76571428571428,104.36625931445599
82.64571428571428,104.48625931445598
82.64571428571428,104.606259314456
82.64571428571428,104.726259314456
82.52571428571427,104.846259314456
82.52571428571427,104.96625931445598
82.40571428571428,105.08625931445599
82.40571428571428,105.20625931445599
82.40571428571428,105.32625931445601
82.28571428571429,105.446259314456
82.28571428571429,105.56625931445599
82.28571428571429,105.686259314456
82.16571428571429,105.80625931445599
82.16571428571429,105.92625931445599
82.16571428571429,106.04625931445601
82.16571428571429,106.16625931445601
82.16571428571429,106.28625931445599
82.0457142857143,106.406259314456
82.0457142857143,106.526259314456
82.0457142857143,106.64625931445599
81.92571428571428,106.766259314456
81.92571428571428,106.88625931445598
81.80571428571427,107.006259314456
81.80571428571427,107.126259314456
81.80571428571427,107.246259314456
81.68571428571427,107.366259314456
81.68571428571427,107.48625931445598
81.5657142857143,107.60625931445598
81.5657142857143,107.726259314456
81.44571428571429,107.846259314456
81.32571428571428,107.966259314456
81.32571428571428,108.086259314456
81.32571428571428,108.20625931445599
81.2057142857143,108.326259314456
81.2057142857143,108.44625931445599
81.08571428571427,108.44625931445599
80.96571428571428,108.566259314456
80.96571428571428,108.68625931445601
80.96571428571428,108.80625931445599
80.84571428571428,108.92625931445599
80.84571428571428,109.046259314456
80.72571428571429,109.166259314456
80.60571428571428,109.286259314456
80.60571428571428,109.406259314456
80.48571428571427,109.526259314456
80.48571428571427,109.64625931445599
80.36571428571428,109.766259314456
80.36571428571428,109.886259314456
80.36571428571428,110.00625931445599
80.24571428571429,110.00625931445599
80.12571428571428,110.12625931445598
80.12571428571428,110.246259314456
80.00571428571428,110.366259314456
80.00571428571428,110.48625931445599
80.00571428571428,110.606259314456
79.88571428571429,110.72625931445599
79.76571428571428,110.84625931445599
79.76571428571428,110.966259314456
79.64571428571429,111.086259314456
79.64571428571429,111.206259314456
79.52571428571427,111.326259314456
79.52571428571427,111.44625931445599
79.40571428571428,111.56625931445599
79.28571428571428,111.68625931445601
79.28571428571428,111.806259314456
79.16571428571427,111.92625931445599
79.16571428571427,112.046259314456
79.16571428571427,112.166259314456
79.0457142857143,112.166259314456
78.92571428571429,112.28625931445599
78.92571428571429,112.406259314456
78.80571428571427,112.52625931445601
78.80571428571427,112.64625931445599
78.80571428571427,112.766259314456
78.68571428571427,112.886259314456
78.56571428571428,113.006259314456
78.44571428571429,113.126259314456
78.44571428571429,113.24625931445598
78.44571428571429,113.366259314456
78.32571428571428,113.48625931445599
78.32571428571428,113.606259314456
78.32571428571428,113.726259314456
78.2057142857143,113.606259314456
78.08571428571429,113.726259314456
78.08571428571429,113.84625931445599
78.08571428571429,113.96625931445598
77.96571428571427,114.08625931445599
77.96571428571427,114.206259314456
77.96571428571427,114.32625931445601
77.84571428571428,114.446259314456
77.72571428571429,114.56625931445599
77.60571428571428,114.686259314456
77.60571428571428,114.80625931445599
77.60571428571428,114.92625931445599
77.48571428571428,115.04625931445601
77.48571428571428,115.166259314456
77.36571428571428,115.166259314456
77.24571428571429,115.28625931445599
77.24571428571429,115.406259314456
77.24571428571429,115.526259314456
77.12571428571428,115.64625931445599
77.12571428571428,115.76625931445598
77.12571428571428,115.886259314456
77.00571428571428,115.886259314456
76.88571428571429,116.006259314456
76.88571428571429,116.126259314456
76.76571428571428,116.246259314456
76.76571428571428,116.36625931445599
76.76571428571428,116.48625931445598
76.64571428571428,116.60625931445598
76.52571428571429,116.726259314456
76.4057142857143,116.846259314456
76.4057142857143,116.966259314456
76.4057142857143,117.08625931445599
76.28571428571428,117.20625931445599
76.28571428571428,117.32625931445601
76.16571428571427,117.32625931445601
76.0457142857143,117.446259314456
76.0457142857143,117.566259314456
76.0457142857143,117.686259314456
75.92571428571428,117.80625931445599
75.92571428571428,117.92625931445599
75.80571428571427,118.046259314456
75.80571428571427,118.16625931445601
75.68571428571428,118.28625931445598
75.5657142857143,118.406259314456
75.5657142857143,118.526259314456
75.44571428571429,118.64625931445599
75.44571428571429,118.766259314456
75.44571428571429,118.88625931445598
75.32571428571428,118.88625931445598
75.2057142857143,119.006259314456
75.2057142857143,119.126259314456
75.2057142857143,119.246259314456
75.08571428571429,119.366259314456
75.08571428571429,119.48625931445599
74.96571428571428,119.60625931445598
74.84571428571427,119.72625931445599
74.84571428571427,119.846259314456
74.72571428571429,119.966259314456
74.72571428571429,120.086259314456
74.60571428571428,120.20625931445599
74.60571428571428,120.326259314456
74.48571428571428,120.44625931445599
74.36571428571428,120.56625931445599
74.36571428571428,120.68625931445601
74.24571428571429,120.80625931445599
74.24571428571429,120.92625931445599
74.24571428571429,121.046259314456
74.12571428571428,121.046259314456
74.00571428571428,121.166259314456
74.00571428571428,121.28625931445599
73.88571428571429,121.40625931445601
73.88571428571429,121.526259314456
73.88571428571429,121.64625931445599
73.76571428571428,121.766259314456
73.76571428571428,121.886259314456
73.64571428571428,122.006259314456
73.52571428571427,122.12625931445598
73.52571428571427,122.24625931445598
73.40571428571428,122.366259314456
73.40571428571428,122.48625931445599
73.40571428571428,122.606259314456
73.28571428571428,122.606259314456
73.16571428571427,122.72625931445599
73.16571428571427,122.84625931445599
73.04571428571428,122.96625931445598
73.04571428571428,123.086259314456
73.04571428571428,123.206259314456
72.92571428571428,123.326259314456
72.80571428571429,123.44625931445599
72.68571428571428,123.56625931445599
72.68571428571428,123.686259314456
72.68571428571428,123.80625931445599
72.56571428571428,123.926259314456
72.56571428571428,124.046259314456
72.44571428571429,124.046259314456
72.32571428571427,124.166259314456
72.32571428571427,124.28625931445599
72.32571428571427,124.406259314456
72.20571428571428,124.526259314456
72.20571428571428,124.64625931445597
72.20571428571428,124.766259314456
72.08571428571429,124.886259314456
71.96571428571428,125.006259314456
71.84571428571428,125.126259314456
71.84571428571428,125.24625931445598
71.84571428571428,125.36625931445599
71.72571428571428,125.48625931445598
71.72571428571428,125.606259314456
71.60571428571428,125.606259314456
71.48571428571428,125.726259314456
71.48571428571428,125.846259314456
71.48571428571428,125.96625931445598
71.36571428571428,126.08625931445599
71.36571428571428,126.20625931445599
71.24571428571429,126.32625931445601
71.24571428571429,126.446259314456
71.12571428571428,126.56625931445599
71.00571428571429,126.686259314456
71.00571428571429,126.80625931445599
71.00571428571429,126.92625931445599
70.88571428571429,127.04625931445601
70.88571428571429,127.166259314456
70.76571428571428,127.166259314456
70.64571428571428,127.28625931445599
70.64571428571428,127.406259314456
70.64571428571428,127.526259314456
70.52571428571429,127.64625931445599
70.52571428571429,127.766259314456
70.40571428571428,127.88625931445598
70.28571428571428,128.006259314456
70.28571428571428,128.12625931445598
70.16571428571429,128.246259314456
70.16571428571429,128.36625931445602
70.04571428571428,128.486259314456
70.04571428571428,128.606259314456
69.92571428571429,128.726259314456
69.80571428571427,128.846259314456
69.80571428571427,128.96625931445598
69.68571428571428,129.086259314456
69.68571428571428,129.206259314456
69.68571428571428,129.326259314456
69.56571428571428,129.326259314456
69.44571428571427,129.446259314456
69.44571428571427,129.566259314456
69.44571428571427,129.68625931445598
69.32571428571428,129.80625931445599
69.32571428571428,129.926259314456
69.20571428571428,130.046259314456
69.20571428571428,130.166259314456
69.08571428571429,130.286259314456
68.96571428571428,130.40625931445598
68.96571428571428,130.52625931445598
68.84571428571428,130.646259314456
68.84571428571428,130.766259314456
68.84571428571428,130.886259314456
68.72571428571429,130.886259314456
68.60571428571428,131.006259314456
68.60571428571428,131.12625931445598
68.48571428571428,131.24625931445598
68.48571428571428,131.366259314456
68.48571428571428,131.486259314456
68.36571428571429,131.606259314456
68.24571428571429,131.726259314456
68.12571428571428,131.846259314456
68.12571428571428,131.96625931445598
68.12571428571428,132.086259314456
68.00571428571429,132.20625931445602
68.00571428571429,132.326259314456
67.88571428571427,132.326259314456
67.76571428571428,132.446259314456
67.76571428571428,132.566259314456
67.76571428571428,132.686259314456
67.64571428571428,132.80625931445599
67.64571428571428,132.926259314456
67.64571428571428,133.046259314456
67.52571428571429,133.046259314456
67.40571428571428,133.166259314456
67.40571428571428,133.286259314456
67.28571428571428,133.406259314456
67.28571428571428,133.52625931445598
67.28571428571428,133.646259314456
67.16571428571429,133.766259314456
67.16571428571429,133.886259314456
67.04571428571428,133.886259314456
66.92571428571428,134.006259314456
66.92571428571428,134.126259314456
66.92571428571428,134.24625931445598
66.80571428571429,134.366259314456
66.80571428571429,134.486259314456
66.80571428571429,134.606259314456
66.68571428571428,134.606259314456
66.56571428571428,134.726259314456
66.56571428571428,134.846259314456
66.44571428571429,134.96625931445598
66.44571428571429,135.086259314456
66.44571428571429,135.206259314456
66.32571428571427,135.326259314456
66.20571428571428,135.44625931445597
66.08571428571429,135.566259314456
66.08571428571429,135.686259314456
66.08571428571429,135.80625931445599
65.96571428571428,135.926259314456
65.96571428571428,136.046259314456
65.84571428571428,136.046259314456
65.72571428571428,136.166259314456
65.72571428571428,136.28625931445598
65.72571428571428,136.406259314456
65.60571428571428,136.526259314456
65.60571428571428,136.646259314456
65.48571428571428,136.766259314456
65.36571428571428,136.886259314456
65.36571428571428,137.006259314456
65.24571428571429,137.12625931445598
65.24571428571429,137.246259314456
65.12571428571428,137.366259314456
65.12571428571428,137.486259314456
65.12571428571428,137.606259314456
65.00571428571428,137.606259314456
64.88571428571429,137.726259314456
64.88571428571429,137.846259314456
64.88571428571429,137.96625931445598
64.76571428571428,138.086259314456
64.76571428571428,138.206259314456
64.64571428571428,138.326259314456
64.52571428571429,138.446259314456
64.52571428571429,138.56625931445598
64.40571428571428,138.68625931445598
64.40571428571428,138.80625931445599
64.28571428571429,138.926259314456
64.28571428571429,139.046259314456
64.16571428571429,139.166259314456
64.04571428571428,139.28625931445598
64.04571428571428,139.40625931445598
63.925714285714285,139.526259314456
63.925714285714285,139.646259314456
63.925714285714285,139.766259314456
63.80571428571428,139.766259314456
63.68571428571429,139.886259314456
63.68571428571429,140.006259314456
63.56571428571428,140.12625931445598
63.56571428571428,140.24625931445598
63.56571428571428,140.36625931445602
63.44571428571428,140.48625931445596
63.325714285714284,140.606259314456
63.325714285714284,140.726259314456
63.20571428571428,140.846259314456
63.20571428571428,140.96625931445598
63.08571428571428,141.086259314456
63.08571428571428,141.206259314456
63.08571428571428,141.326259314456
62.965714285714284,141.326259314456
62.84571428571428,141.446259314456
62.84571428571428,141.566259314456
62.72571428571428,141.686259314456
62.72571428571428,141.80625931445599
62.72571428571428,141.926259314456
62.605714285714285,141.926259314456
62.48571428571427,142.046259314456
62.48571428571427,142.166259314456
62.36571428571428,142.286259314456
62.36571428571428,142.40625931445598
62.36571428571428,142.52625931445598
62.245714285714286,142.646259314456
62.245714285714286,142.766259314456
62.12571428571429,142.766259314456
62.005714285714284,142.886259314456
62.005714285714284,143.006259314456
62.005714285714284,143.12625931445598
61.88571428571428,143.24625931445598
61.88571428571428,143.366259314456
61.88571428571428,143.486259314456
61.76571428571429,143.486259314456
61.64571428571428,143.606259314456
61.64571428571428,143.726259314456
61.52571428571428,143.846259314456
61.52571428571428,143.96625931445598
61.52571428571428,144.086259314456
61.40571428571428,144.206259314456
61.285714285714285,144.326259314456
61.16571428571429,144.44625931445597
61.16571428571429,144.566259314456
61.16571428571429,144.686259314456
61.04571428571428,144.80625931445599
61.04571428571428,144.926259314456
60.925714285714285,144.926259314456
60.80571428571428,145.046259314456
60.80571428571428,145.166259314456
60.80571428571428,145.286259314456
60.68571428571428,145.406259314456
60.68571428571428,145.526259314456
60.68571428571428,145.646259314456
60.56571428571428,145.646259314456
60.44571428571429,145.766259314456
60.44571428571429,145.886259314456
60.32571428571428,146.006259314456
60.32571428571428,146.126259314456
60.32571428571428,146.24625931445598
60.205714285714286,146.366259314456
60.205714285714286,146.486259314456
60.08571428571429,146.486259314456
59.96571428571428,146.606259314456
59.96571428571428,146.726259314456
59.96571428571428,146.84625931445598
59.84571428571429,146.966259314456
59.84571428571429,147.086259314456
59.72571428571428,147.206259314456
59.60571428571428,147.326259314456
59.60571428571428,147.446259314456
59.48571428571428,147.56625931445598
59.48571428571428,147.686259314456
59.36571428571428,147.80625931445599
59.36571428571428,147.92625931445602
59.24571428571429,148.046259314456
59.12571428571428,148.16625931445597
59.12571428571428,148.286259314456
59.12571428571428,148.40625931445598
59.005714285714284,148.52625931445598
59.005714285714284,148.64625931445602
58.885714285714286,148.64625931445602
58.76571428571428,148.766259314456
58.76571428571428,148.88625931445597
58.76571428571428,149.006259314456
58.645714285714284,149.12625931445598
58.645714285714284,149.246259314456
58.52571428571429,149.366259314456
58.405714285714275,149.486259314456
58.405714285714275,149.606259314456
58.285714285714285,149.726259314456
58.285714285714285,149.84625931445598
58.16571428571429,149.966259314456
58.16571428571429,150.086259314456
58.16571428571429,150.206259314456
58.045714285714276,150.206259314456
57.925714285714285,150.326259314456
57.925714285714285,150.446259314456
57.80571428571428,150.56625931445598
57.80571428571428,150.68625931445598
57.80571428571428,150.80625931445599
57.68571428571429,150.92625931445602
57.56571428571428,151.046259314456
57.44571428571428,151.166259314456
57.44571428571428,151.286259314456
57.44571428571428,151.40625931445598
57.325714285714284,151.52625931445598
57.325714285714284,151.64625931445602
57.20571428571428,151.766259314456
57.08571428571428,151.886259314456
57.08571428571428,152.006259314456
56.965714285714284,152.12625931445598
56.965714285714284,152.246259314456
56.965714285714284,152.366259314456
56.84571428571429,152.366259314456
56.72571428571428,152.486259314456
56.72571428571428,152.60625931445603
56.605714285714285,152.726259314456
56.605714285714285,152.846259314456
56.605714285714285,152.96625931445598
56.48571428571428,153.086259314456
56.36571428571428,153.20625931445596
56.245714285714286,153.326259314456
56.245714285714286,153.446259314456
56.245714285714286,153.56625931445598
56.12571428571428,153.686259314456
56.12571428571428,153.80625931445599
56.12571428571428,153.92625931445602
56.00571428571429,153.80625931445599
55.88571428571428,153.92625931445602
55.88571428571428,154.04625931445602
55.88571428571428,154.16625931445597
55.76571428571429,154.286259314456
55.76571428571429,154.40625931445598
55.76571428571429,154.52625931445598
55.645714285714284,154.646259314456
55.52571428571428,154.766259314456
55.40571428571428,154.88625931445597
55.40571428571428,155.006259314456
55.40571428571428,155.126259314456
55.285714285714285,155.246259314456
55.285714285714285,155.36625931445602
55.16571428571428,155.36625931445602
55.04571428571428,155.48625931445596
55.04571428571428,155.606259314456
55.04571428571428,155.72625931445597
54.925714285714285,155.84625931445598
54.925714285714285,155.966259314456
54.80571428571429,156.086259314456
54.68571428571428,156.206259314456
54.68571428571428,156.326259314456
54.56571428571428,156.44625931445543
54.56571428571428,156.566259314456
54.56571428571428,156.68625931445598
54.44571428571429,156.80625931445599
54.32571428571428,156.926259314456
54.20571428571428,157.046259314456
54.20571428571428,157.16625931445597
54.20571428571428,157.286259314456
54.08571428571429,157.406259314456
54.08571428571429,157.52625931445598
53.96571428571428,157.52625931445598
53.84571428571429,157.64625931445602
53.84571428571429,157.766259314456
53.84571428571429,157.886259314456
53.72571428571428,158.00625931445597
53.72571428571428,158.12625931445598
53.605714285714285,158.246259314456
53.605714285714285,158.366259314456
53.48571428571428,158.486259314456
53.36571428571428,158.606259314456
53.36571428571428,158.726259314456
53.245714285714286,158.84625931445598
53.245714285714286,158.966259314456
53.245714285714286,159.08625931445602
53.12571428571428,159.08625931445602
53.005714285714284,159.206259314456
53.005714285714284,159.326259314456
53.005714285714284,159.44625931445543
52.885714285714286,159.56625931445598
52.885714285714286,159.68625931445598
52.76571428571429,159.80625931445599
52.64571428571428,159.92625931445602
52.64571428571428,160.046259314456
52.52571428571429,160.166259314456
52.52571428571429,160.286259314456
52.405714285714275,160.406259314456
52.405714285714275,160.52625931445596
52.285714285714285,160.646259314456
52.16571428571429,160.766259314456
52.16571428571429,160.88625931445597
52.04571428571428,161.006259314456
52.04571428571428,161.12625931445598
52.04571428571428,161.246259314456
51.92571428571429,161.246259314456
51.80571428571428,161.36625931445602
51.80571428571428,161.486259314456
51.68571428571428,161.60625931445603
51.68571428571428,161.726259314456
51.68571428571428,161.84625931445598
51.56571428571428,161.96625931445598
51.56571428571428,162.086259314456
51.44571428571428,162.086259314456
51.325714285714284,162.20625931445596
51.325714285714284,162.326259314456
51.325714285714284,162.44625931445546
51.205714285714286,162.56625931445598
51.205714285714286,162.686259314456
51.205714285714286,162.80625931445599
51.08571428571428,162.80625931445599
50.965714285714284,162.92625931445602
50.965714285714284,163.04625931445597
50.84571428571429,163.16625931445597
50.84571428571429,163.286259314456
50.725714285714275,163.40625931445598
50.605714285714285,163.52625931445598
50.605714285714285,163.646259314456
50.48571428571428,163.646259314456
50.36571428571429,163.766259314456
50.36571428571429,163.886259314456
50.245714285714286,164.006259314456
50.12571428571428,164.126259314456
50.12571428571428,164.246259314456
50.00571428571429,164.246259314456
49.88571428571428,164.366259314456
49.88571428571428,164.48625931445596
49.76571428571428,164.48625931445596
49.645714285714284,164.606259314456
49.645714285714284,164.726259314456
49.645714285714284,164.84625931445598
49.52571428571428,164.84625931445598
49.40571428571428,164.966259314456
49.40571428571428,165.086259314456
49.285714285714285,165.086259314456
49.16571428571429,165.206259314456
49.16571428571429,165.32625931445602
49.04571428571428,165.44625931445543
48.925714285714285,165.56625931445595
48.925714285714285,165.68625931445598
48.80571428571429,165.68625931445598
48.68571428571428,165.80625931445599
48.56571428571428,165.926259314456
48.56571428571428,166.046259314456
48.44571428571429,166.16625931445597
48.32571428571428,166.286259314456
48.20571428571428,166.406259314456
48.08571428571429,166.52625931445598
48.08571428571429,166.64625931445602
47.965714285714284,166.766259314456
47.84571428571429,166.88625931445597
47.72571428571428,167.00625931445597
47.605714285714285,167.12625931445598
47.48571428571428,167.246259314456
47.36571428571428,167.366259314456
47.36571428571428,167.486259314456
47.245714285714286,167.606259314456
47.12571428571429,167.726259314456
47.005714285714284,167.846259314456
46.885714285714286,167.966259314456
46.885714285714286,168.086259314456
46.76571428571429,168.20625931445596
46.64571428571428,168.326259314456
46.52571428571429,168.44625931445543
46.40571428571428,168.56625931445598
46.40571428571428,168.686259314456
46.28571428571428,168.80625931445599
46.16571428571429,168.92625931445602
46.04571428571428,169.046259314456
45.92571428571429,169.166259314456
45.92571428571429,169.28625931445603
45.80571428571428,169.28625931445603
45.68571428571428,169.40625931445598
45.68571428571428,169.52625931445596
45.565714285714286,169.52625931445596
45.44571428571428,169.646259314456
45.44571428571428,169.766259314456
45.44571428571428,169.88625931445597
45.32571428571428,169.766259314456
45.205714285714286,169.88625931445597
45.205714285714286,170.006259314456
45.205714285714286,170.12625931445598
45.08571428571428,170.12625931445598
44.965714285714284,170.246259314456
44.965714285714284,170.36625931445602
44.84571428571429,170.36625931445602
44.725714285714275,170.486259314456
44.725714285714275,170.606259314456
44.725714285714275,170.72625931445597
44.605714285714285,170.72625931445597
44.48571428571428,170.84625931445598
44.48571428571428,170.96625931445598
44.36571428571428,170.96625931445598
44.245714285714286,171.086259314456
44.245714285714286,171.206259314456
44.245714285714286,171.326259314456
44.12571428571428,171.326259314456
44.00571428571429,171.44625931445546
44.00571428571429,171.56625931445598
43.88571428571428,171.56625931445598
43.76571428571428,171.686259314456
43.76571428571428,171.806259314456
43.76571428571428,171.926259314456
43.645714285714284,171.926259314456
43.52571428571429,172.046259314456
43.52571428571429,172.16625931445597
43.40571428571428,172.16625931445597
43.285714285714285,172.286259314456
43.285714285714285,172.40625931445598
43.285714285714285,172.52625931445598
43.16571428571429,172.52625931445598
43.04571428571428,172.64625931445602
42.925714285714285,172.766259314456
42.80571428571428,172.886259314456
42.80571428571428,173.006259314456
42.68571428571429,173.006259314456
42.56571428571428,173.126259314456
42.56571428571428,173.24625931445598
42.44571428571429,173.366259314456
42.325714285714284,173.48625931445596
42.325714285714284,173.606259314456
42.20571428571428,173.606259314456
42.08571428571429,173.726259314456
42.08571428571429,173.84625931445598
41.965714285714284,173.966259314456
41.84571428571428,174.086259314456
41.84571428571428,174.206259314456
41.72571428571428,174.206259314456
41.605714285714285,174.32625931445602
41.605714285714285,174.44625931445543
41.48571428571429,174.56625931445598
41.36571428571428,174.68625931445598
41.245714285714286,174.80625931445599
41.12571428571429,174.926259314456
41.12571428571429,175.046259314456
41.005714285714284,175.046259314456
40.88571428571428,175.166259314456
40.88571428571428,175.286259314456
40.76571428571429,175.406259314456
40.64571428571428,175.52625931445598
40.64571428571428,175.64625931445602
40.52571428571429,175.64625931445602
40.40571428571428,175.76625931445597
40.40571428571428,175.88625931445597
40.28571428571428,176.006259314456
40.16571428571429,176.12625931445598
40.16571428571429,176.246259314456
40.04571428571428,176.246259314456
39.925714285714285,176.366259314456
39.80571428571428,176.486259314456
39.80571428571428,176.60625931445603
39.68571428571428,176.60625931445603
39.565714285714286,176.726259314456
39.565714285714286,176.846259314456
39.44571428571428,176.96625931445598
39.32571428571428,177.086259314456
39.32571428571428,177.20625931445596
39.205714285714286,177.20625931445596
39.08571428571429,177.326259314456
39.08571428571429,177.44625931445543
38.965714285714284,177.56625931445598
38.84571428571429,177.686259314456
38.72571428571428,177.80625931445599
38.605714285714285,177.92625931445602
38.605714285714285,178.046259314456
38.48571428571428,178.166259314456
38.36571428571428,178.28625931445598
38.24571428571429,178.40625931445598
38.12571428571428,178.52625931445598
38.12571428571428,178.646259314456
38.005714285714284,178.766259314456
37.885714285714286,178.88625931445597
37.76571428571429,179.006259314456
37.64571428571428,179.126259314456
37.64571428571428,179.246259314456
37.52571428571429,179.36625931445602
37.40571428571428,179.486259314456
37.285714285714285,179.606259314456
37.16571428571429,179.72625931445597
37.16571428571429,179.84625931445598
37.04571428571428,179.72625931445597
36.925714285714285,179.84625931445598
36.925714285714285,179.966259314456
36.925714285714285,180.086259314456
36.80571428571428,180.086259314456
36.68571428571428,180.206259314456
36.68571428571428,180.326259314456
36.68571428571428,180.44625931445543
36.565714285714286,180.326259314456
36.44571428571429,180.44625931445543
36.44571428571429,180.56625931445598
36.44571428571429,180.686259314456
36.325714285714284,180.686259314456
36.20571428571428,180.80625931445596
36.20571428571428,180.926259314456
36.08571428571428,180.926259314456
35.965714285714284,181.046259314456
35.965714285714284,181.16625931445597
35.965714285714284,181.286259314456
35.84571428571429,181.286259314456
35.72571428571428,181.40625931445598
35.72571428571428,181.52625931445598
35.605714285714285,181.52625931445598
35.48571428571429,181.64625931445602
35.48571428571429,181.766259314456
35.48571428571429,181.886259314456
35.36571428571428,181.886259314456
35.245714285714286,182.006259314456
35.245714285714286,182.12625931445598
35.12571428571428,182.12625931445598
35.005714285714284,182.24625931445598
35.005714285714284,182.366259314456
35.005714285714284,182.486259314456
34.885714285714286,182.366259314456
34.76571428571428,182.486259314456
34.76571428571428,182.606259314456
34.76571428571428,182.726259314456
34.645714285714284,182.726259314456
34.52571428571429,182.84625931445598
34.52571428571429,182.966259314456
34.52571428571429,183.08625931445602
34.40571428571429,182.966259314456
34.285714285714285,183.08625931445602
34.285714285714285,183.206259314456
34.16571428571428,183.326259314456
34.04571428571428,183.44625931445543
34.04571428571428,183.56625931445598
33.925714285714285,183.56625931445598
33.80571428571428,183.68625931445598
33.80571428571428,183.80625931445599
33.68571428571428,183.92625931445602
33.565714285714286,184.046259314456
33.44571428571429,184.166259314456
33.325714285714284,184.286259314456
33.325714285714284,184.406259314456
33.20571428571428,184.52625931445598
33.08571428571428,184.646259314456
32.965714285714284,184.76625931445597
32.84571428571429,184.88625931445597
32.84571428571429,185.006259314456
32.72571428571428,185.12625931445598
32.605714285714285,185.246259314456
32.48571428571429,185.366259314456
32.36571428571428,185.486259314456
32.36571428571428,185.60625931445603
32.245714285714286,185.60625931445603
32.12571428571428,185.726259314456
32.12571428571428,185.846259314456
32.005714285714284,185.96625931445598
31.885714285714283,186.086259314456
31.885714285714283,186.20625931445596
31.765714285714285,186.20625931445596
31.645714285714284,186.326259314456
31.645714285714284,186.44625931445543
31.525714285714287,186.56625931445598
31.405714285714286,186.686259314456
31.28571428571428,186.80625931445599
31.165714285714284,186.92625931445602
31.045714285714283,187.04625931445602
31.045714285714283,187.16625931445597
30.925714285714285,187.16625931445597
30.80571428571428,187.286259314456
30.80571428571428,187.40625931445598
30.685714285714287,187.52625931445598
30.565714285714286,187.646259314456
30.565714285714286,187.766259314456
30.445714285714285,187.766259314456
30.325714285714284,187.88625931445597
30.325714285714284,188.006259314456
30.205714285714283,188.126259314456
30.085714285714282,188.246259314456
29.965714285714284,188.36625931445602
29.84571428571428,188.48625931445596
29.84571428571428,188.606259314456
29.725714285714286,188.72625931445597
29.605714285714285,188.84625931445598
29.485714285714288,188.966259314456
29.365714285714287,189.086259314456
29.365714285714287,189.206259314456
29.245714285714282,189.206259314456
29.125714285714285,189.326259314456
29.125714285714285,189.44625931445543
29.005714285714284,189.56625931445598
28.885714285714286,189.68625931445598
28.885714285714286,189.80625931445599
28.765714285714285,189.80625931445599
28.645714285714284,189.926259314456
28.645714285714284,190.046259314456
28.525714285714287,190.16625931445597
28.405714285714286,190.286259314456
28.405714285714286,190.406259314456
28.285714285714285,190.286259314456
28.165714285714284,190.406259314456
28.165714285714284,190.52625931445598
28.165714285714284,190.64625931445602
28.045714285714283,190.64625931445602
27.925714285714285,190.766259314456
27.925714285714285,190.886259314456
27.80571428571428,190.886259314456
27.685714285714287,191.00625931445597
27.685714285714287,191.12625931445598
27.685714285714287,191.246259314456
27.565714285714286,191.246259314456
27.44571428571429,191.366259314456
27.44571428571429,191.486259314456
27.325714285714284,191.486259314456
27.205714285714283,191.606259314456
27.205714285714283,191.726259314456
27.205714285714283,191.84625931445598
27.085714285714285,191.84625931445598
26.965714285714284,191.966259314456
26.965714285714284,192.08625931445602
26.84571428571428,192.08625931445602
26.725714285714286,192.206259314456
26.725714285714286,192.326259314456
26.725714285714286,192.44625931445543
26.605714285714285,192.44625931445543
26.485714285714288,192.56625931445598
26.485714285714288,192.68625931445598
26.365714285714283,192.68625931445598
26.245714285714282,192.80625931445599
26.245714285714282,192.92625931445602
26.245714285714282,193.046259314456
26.125714285714285,192.92625931445602
26.005714285714284,193.046259314456
26.005714285714284,193.166259314456
26.005714285714284,193.286259314456
25.885714285714283,193.286259314456
25.765714285714285,193.406259314456
25.645714285714288,193.52625931445596
25.525714285714287,193.646259314456
25.525714285714287,193.766259314456
25.405714285714282,193.88625931445597
25.285714285714285,194.006259314456
25.165714285714284,194.12625931445544
25.045714285714286,194.246259314456
24.925714285714285,194.36625931445602
24.925714285714285,194.486259314456
24.80571428571428,194.486259314456
24.685714285714287,194.60625931445603
24.685714285714287,194.726259314456
24.565714285714286,194.84625931445598
24.44571428571429,194.96625931445598
24.325714285714284,194.96625931445598
24.205714285714283,195.086259314456
24.205714285714283,195.20625931445596
24.205714285714283,195.326259314456
24.085714285714285,195.326259314456
23.965714285714284,195.44625931445546
23.965714285714284,195.56625931445598
23.84571428571428,195.56625931445598
23.725714285714286,195.686259314456
23.725714285714286,195.80625931445599
23.60571428571429,195.92625931445602
23.485714285714288,196.04625931445597
23.365714285714283,196.16625931445597
23.245714285714286,196.286259314456
23.245714285714286,196.40625931445598
23.125714285714285,196.52625931445598
23.005714285714284,196.52625931445598
22.885714285714283,196.646259314456
22.885714285714283,196.766259314456
22.765714285714285,196.766259314456
22.645714285714288,196.88625931445597
22.645714285714288,197.006259314456
22.645714285714288,197.1262593144554
22.525714285714287,197.1262593144554
22.405714285714282,197.246259314456
22.405714285714282,197.366259314456
22.285714285714285,197.366259314456
22.165714285714284,197.48625931445596
22.165714285714284,197.606259314456
22.045714285714286,197.606259314456
21.92571428571428,197.726259314456
21.92571428571428,197.84625931445598
21.80571428571428,197.966259314456
21.685714285714287,198.086259314456
21.565714285714286,198.206259314456
21.445714285714285,198.32625931445602
21.325714285714284,198.44625931445543
21.325714285714284,198.566259314456
21.205714285714286,198.68625931445598
21.085714285714285,198.80625931445599
20.96571428571428,198.80625931445599
20.845714285714283,198.926259314456
20.845714285714283,199.046259314456
20.845714285714283,199.16625931445597
20.725714285714286,199.16625931445597
20.60571428571429,199.286259314456
20.60571428571429,199.406259314456
20.485714285714284,199.406259314456
20.365714285714283,199.52625931445598
20.365714285714283,199.64625931445602
20.245714285714286,199.64625931445602
20.125714285714285,199.766259314456
20.125714285714285,199.88625931445597
20.005714285714287,200.00625931445597
19.885714285714283,200.12625931445544
19.885714285714283,200.246259314456
19.765714285714285,200.246259314456
19.645714285714288,200.366259314456
19.525714285714287,200.486259314456
19.525714285714287,200.606259314456
19.405714285714286,200.726259314456
19.285714285714285,200.84625931445598
19.165714285714284,200.966259314456
19.045714285714283,201.08625931445602
18.925714285714285,201.08625931445602
18.805714285714284,201.20625931445596
18.805714285714284,201.326259314456
18.805714285714284,201.44625931445543
18.685714285714287,201.44625931445543
18.565714285714286,201.56625931445598
18.565714285714286,201.686259314456
18.445714285714285,201.686259314456
18.325714285714284,201.80625931445599
18.325714285714284,201.92625931445602
18.205714285714286,202.046259314456
18.085714285714285,202.166259314456
17.965714285714288,202.28625931445603
17.845714285714283,202.40625931445598
17.845714285714283,202.52625931445596
17.725714285714286,202.646259314456
17.605714285714285,202.646259314456
17.485714285714288,202.766259314456
17.485714285714288,202.88625931445597
17.365714285714283,203.006259314456
17.245714285714286,203.12625931445544
17.125714285714285,203.246259314456
17.005714285714287,203.36625931445602
17.005714285714287,203.486259314456
16.885714285714286,203.486259314456
16.765714285714285,203.606259314456
16.765714285714285,203.72625931445597
16.645714285714284,203.72625931445597
16.525714285714287,203.84625931445598
16.525714285714287,203.96625931445598
16.525714285714287,204.086259314456
16.405714285714286,204.086259314456
16.285714285714285,204.20625931445596
16.165714285714284,204.326259314456
16.045714285714283,204.44625931445546
16.045714285714283,204.56625931445598
15.925714285714285,204.56625931445598
15.805714285714286,204.686259314456
15.805714285714286,204.80625931445599
15.685714285714283,204.926259314456
15.565714285714284,205.046259314456
15.445714285714285,205.16625931445597
15.325714285714286,205.286259314456
15.205714285714283,205.40625931445598
15.205714285714283,205.52625931445598
15.085714285714284,205.52625931445598
14.965714285714284,205.64625931445602
14.965714285714284,205.766259314456
14.845714285714285,205.766259314456
14.725714285714286,205.886259314456
14.725714285714286,206.006259314456
14.725714285714286,206.12625931445544
14.605714285714285,206.12625931445544
14.485714285714288,206.24625931445598
14.485714285714288,206.366259314456
14.365714285714285,206.366259314456
14.245714285714286,206.48625931445596
14.125714285714285,206.606259314456
14.005714285714287,206.726259314456
14.005714285714287,206.84625931445598
13.885714285714286,206.966259314456
13.765714285714285,207.086259314456
13.645714285714284,207.206259314456
13.525714285714287,207.32625931445602
13.405714285714286,207.44625931445543
13.405714285714286,207.56625931445595
13.285714285714286,207.56625931445595
13.165714285714284,207.68625931445598
13.165714285714284,207.80625931445599
13.045714285714284,207.926259314456
12.925714285714285,208.046259314456
12.805714285714286,208.16625931445597
12.685714285714285,208.286259314456
12.685714285714285,208.406259314456
12.565714285714284,208.406259314456
12.445714285714285,208.52625931445598
12.445714285714285,208.64625931445602
12.325714285714286,208.64625931445602
12.205714285714285,208.76625931445597
12.205714285714285,208.88625931445597
12.085714285714285,209.006259314456
11.965714285714284,209.12625931445598
11.845714285714285,209.246259314456
11.725714285714284,209.366259314456
11.725714285714284,209.486259314456
11.605714285714285,209.60625931445603
11.485714285714286,209.60625931445603
11.365714285714287,209.726259314456
11.365714285714287,209.846259314456
11.245714285714284,209.846259314456
11.125714285714285,209.96625931445598
11.125714285714285,210.086259314456
11.125714285714285,210.20625931445596
11.005714285714285,210.20625931445596
10.885714285714286,210.326259314456
10.885714285714286,210.44625931445597
10.765714285714283,210.44625931445597
10.645714285714284,210.56625931445598
10.645714285714284,210.686259314456
10.525714285714285,210.686259314456
10.405714285714286,210.80625931445599
10.405714285714286,210.92625931445602
10.285714285714286,211.046259314456
10.165714285714285,211.166259314456
10.045714285714284,211.28625931445598
9.925714285714285,211.40625931445598
9.805714285714286,211.52625931445596
9.805714285714286,211.646259314456
9.685714285714285,211.766259314456
9.565714285714286,211.88625931445597
9.445714285714287,211.88625931445597
9.325714285714286,212.006259314456
9.325714285714286,212.12625931445598
9.325714285714286,212.246259314456
9.205714285714285,212.246259314456
9.085714285714285,212.36625931445602
9.085714285714285,212.486259314456
8.965714285714284,212.486259314456
8.845714285714285,212.606259314456
8.845714285714285,212.72625931445597
8.725714285714284,212.72625931445597
8.605714285714285,212.84625931445598
8.605714285714285,212.966259314456
8.485714285714284,213.086259314456
8.365714285714285,213.206259314456
8.365714285714285,213.326259314456
8.245714285714286,213.326259314456
8.125714285714285,213.446259314456
8.005714285714285,213.56625931445598
8.005714285714285,213.686259314456
7.885714285714285,213.80625931445596
7.765714285714286,213.926259314456
7.645714285714286,214.046259314456
7.525714285714286,214.16625931445597
7.525714285714286,214.286259314456
7.405714285714287,214.16625931445597
7.285714285714286,214.286259314456
7.285714285714286,214.40625931445598
7.285714285714286,214.52625931445598
7.1657142857142855,214.52625931445598
7.045714285714285,214.64625931445602
7.045714285714285,214.766259314456
6.925714285714285,214.766259314456
6.805714285714286,214.886259314456
6.805714285714286,215.006259314456
6.685714285714285,215.12625931445598
6.565714285714286,215.24625931445598
6.445714285714285,215.366259314456
6.325714285714286,215.48625931445596
6.325714285714286,215.606259314456
6.2057142857142855,215.726259314456
6.085714285714285,215.726259314456
5.965714285714285,215.84625931445598
5.965714285714285,215.966259314456
5.845714285714286,216.086259314456
5.725714285714285,216.206259314456
5.725714285714285,216.326259314456
5.605714285714286,216.326259314456
5.485714285714285,216.44625931445597
5.485714285714285,216.56625931445598
5.365714285714286,216.56625931445598
5.2457142857142856,216.68625931445598
5.2457142857142856,216.80625931445599
5.1257142857142854,216.80625931445599
5.005714285714285,216.92625931445602
5.005714285714285,217.046259314456
5.005714285714285,217.166259314456
4.885714285714286,217.166259314456
4.765714285714285,217.286259314456
4.645714285714286,217.406259314456
4.525714285714285,217.52625931445598
4.525714285714285,217.646259314456
4.405714285714286,217.76625931445597
4.285714285714286,217.88625931445597
4.1657142857142855,218.006259314456
4.045714285714285,218.12625931445598
3.9257142857142857,218.246259314456
3.8057142857142856,218.366259314456
3.685714285714286,218.486259314456
3.685714285714286,218.60625931445603
3.565714285714286,218.60625931445603
3.4457142857142857,218.726259314456
3.4457142857142857,218.846259314456
3.3257142857142856,218.846259314456
3.205714285714286,218.96625931445598
3.205714285714286,219.086259314456
3.205714285714286,219.20625931445596
3.085714285714286,219.20625931445596
2.9657142857142857,219.326259314456
2.9657142857142857,219.44625931445597
2.8457142857142856,219.44625931445597
2.725714285714285,219.56625931445598
2.6057142857142854,219.686259314456
2.6057142857142854,219.80625931445599
2.4857142857142853,219.92625931445602
2.3657142857142857,220.046259314456
2.245714285714286,220.16625931445597
2.125714285714286,220.286259314456
2.0057142857142853,220.40625931445598
1.8857142857142855,220.52625931445598
1.8857142857142855,220.646259314456
1.7657142857142856,220.646259314456
1.6457142857142855,220.766259314456
1.6457142857142855,220.88625931445597
1.5257142857142856,221.006259314456
1.4057142857142855,221.126259314456
1.2857142857142858,221.246259314456
1.1657142857142857,221.36625931445602
1.1657142857142857,221.48625931445596
1.0457142857142856,221.48625931445596
0.9257142857142858,221.606259314456
0.9257142857142858,221.72625931445597
0.8057142857142856,221.84625931445598
0.6857142857142856,221.966259314456
0.5657142857142856,222.086259314456
0.44571428571428573,222.206259314456
0.3257142857142857,222.326259314456
0.20571428571428568,222.446259314456
0.20571428571428568,222.56625931445598
0.0857142857142857,222.68625931445598
