X,Y
0.06608416573280866,-176.8275904605474
0.1585984044852036,-176.73106853354818
0.15865986860639814,-176.70700829974243
0.15872139708916969,-176.68294800277894
0.25131924456798316,-176.59764441833454
0.3439766146509878,-176.53896191293146
0.3441103138708139,-176.51493521837293
0.43684870759579375,-176.4599813142717
0.5294307434520948,-176.33972406597528
0.5298421879258902,-176.29132084127372
0.6221612609842354,-176.2697780995665
0.6226461302488263,-176.22168145888503
0.7156064442720301,-176.18453564954035
0.7158854993316299,-176.16043990232095
0.7161648481415374,-176.13634405357504
0.8091187939763261,-176.0691335516418
0.9017452348230705,-176.02555261096762
0.9020968622512606,-176.00132927665223
0.994805817015864,-175.88124673903653
0.9951932885237258,-175.85686683043994
0.9955811672800433,-175.83248651916819
1.088602514651592,-175.75578147755064
1.1814814318795543,-175.65533419534282
1.1819422414378309,-175.63088275415691
1.2749417721017646,-175.54312301020724
1.3681019004413613,-175.47524961356828
1.3686373236886415,-175.45090979056823
1.3691733121088034,-175.42656960488338
1.4624420279732726,-175.35967139132805
1.4630166681223522,-175.33547474241783
1.5564395739871986,-175.27861831143227
1.557050346716551,-175.25424369294308
1.650379486917092,-175.17937367516976
1.743461323250902,-175.0776967702394
1.7441437569373262,-175.0530279698537
1.7448269105304273,-175.02835845343
1.8383371199050929,-174.96131366630777
1.9320700678164573,-174.91187829834212
1.9328303319166047,-174.88739657660466
1.933591401973553,-174.86291433616572
2.0270388855774852,-174.77833676339046
2.1196084239801896,-174.71396613362396
2.1202588465582872,-174.67423409402193
2.121068001988221,-174.6475147558929
2.2143897927801373,-174.54951828718984
2.3076582754086874,-174.44787027527684
2.3085647055587386,-174.4229819038628
2.309472094395535,-174.39809257424415
2.4036027301894247,-174.35424683064733
2.496245579108175,-174.2962522054688
2.4972320041226244,-174.27164844088648
2.591207735978773,-174.21154699595
2.592236452593447,-174.18717515538452
2.5932662685237227,-174.16280290716895
2.6873715063081676,-174.1038125105473
2.6894900575518044,-174.0537371181743
2.780668744112644,-173.99190047052852
2.7828607620174393,-173.94175139683276
2.8754039981733115,-173.87458586765104
2.9691976975183727,-173.7912634271712
2.9703736665889777,-173.76643409856572
2.971550888564606,-173.74160386500427
3.0655897702374815,-173.6672428993139
3.1595320916464207,-173.58640952626752
3.160783176347366,-173.56139275602175
3.162035593126417,-173.53637487495845
3.2555892356325673,-173.43003765101778
3.34828027030536,-173.37352658431493
3.3496150728338163,-173.34885326744836
3.3509513061599874,-173.3241792080388
3.4459897567669886,-173.29129205027792
3.447372342374557,-173.266921957043
3.5411415259824404,-173.16675952918675
3.54254347150126,-173.1413855434855
3.5439469081516863,-173.11601005152914
3.6227172091989424,-172.29921376779842
3.729437169224572,-172.90862267215613
3.7325595094523627,-172.95939902956655
3.733294337206612,-172.8994456749168
3.791191355725357,-171.17519238886143
3.9008438637238365,-171.81037298111113
3.9015611446011116,-171.74843461996642
3.9022782679639967,-171.68645493856437
4.0114521246724,-172.26393894086638
4.095558119301534,-171.75871612258715
4.099327802910124,-171.82303290453925
4.176622812810945,-171.0542972799386
4.17802177149133,-171.01815368391837
4.267435734601678,-170.763684079767
4.2698607646747595,-170.76731972862106
4.272289204186938,-170.77098556374426
4.399684751365338,-172.00437302986887
4.48073023454799,-171.50153551217707
4.568494784713916,-171.1774563535685
4.5711059567103085,-171.18145963768214
4.573720811769419,-171.18549356814472
4.670795994208973,-171.20840575261352
4.774586093748614,-171.46773608210265
4.7779856900644715,-171.49561057651408
4.781390610071784,-171.52354197991934
4.842471968293175,-170.26195926536505
4.947012281039122,-170.6379811138379
4.946760709752387,-170.53546264146033
4.946497501634859,-170.43255276447857
5.075228373331844,-171.5179935676863
5.075371274055838,-171.42833462097929
5.1577796857799605,-170.93350801186628
5.15940488536259,-170.8930713863683
5.161031854626254,-170.8526339382473
5.262039360167615,-170.9753730108216
5.361361101522462,-171.13097587631958
5.3630598040546404,-171.0906345308579
5.36475981843798,-171.05027510865804
5.447973575690125,-170.5993576652516
5.520267282760773,-169.82502193546068
5.520006528306711,-169.72298539841714
5.51974267452699,-169.62086250170844
5.63818522841917,-170.26467196549444
5.753596458357575,-170.7933882178167
5.754310511958437,-170.71980775650493
5.797972496652274,-169.13394691176418
5.881481224456366,-168.74047615051597
5.883862932673922,-168.7149875371879
5.886247231926596,-168.68949722412194
5.979602825925135,-168.58147045205695
5.9819984171783265,-168.55512089899347
6.076138406412657,-168.468223407922
6.1687729564814155,-168.4338961032396
6.171316332387188,-168.4094298123427
6.173862525489451,-168.38496295013013
6.2678315367842945,-168.29152112295225
6.272915500562712,-168.2399726072633
6.362356648988256,-168.2127663386752
6.367532336229452,-168.16153447210783
6.461153085877757,-168.05671691425889
6.552719492868132,-167.99357631642016
6.555414283432775,-167.96863069980907
6.5581123727936985,-167.94369225099382
6.653969137804019,-167.89467268534818
6.656710853066203,-167.86971704996444
6.751902859213691,-167.8018434382164
6.754658750600528,-167.77614583277642
6.757417658856409,-167.7504462624886
6.851468098667211,-167.6519004672356
6.943217727866467,-167.59216289238813
6.946045572838571,-167.56619079977384
7.04026301799439,-167.47167949019018
7.043099979058317,-167.44489716236313
7.137592569983876,-167.35591686652597
7.140534152744212,-167.33057953892413
7.143478985927506,-167.30524063629935
7.238149517320216,-167.21834783408258
7.33327567538026,-167.14163961339855
7.33627285209609,-167.11555135759886
7.432241640074475,-167.05640002996884
7.526258418534671,-166.95302404964977
7.5293230101911774,-166.9265512127667
7.532391019504793,-166.90007721373496
7.627836526641444,-166.82643087660765
7.630972628810975,-166.8004767286428
7.726114684708259,-166.71885999010124
7.8208216092770115,-166.6276454610966
7.824065879983951,-166.6021752696199
7.920219783594705,-166.54043747984258
7.92544008859128,-166.46086115041646
8.013674977743054,-166.42184244415878
8.020173972558464,-166.36746213878138
8.11681125640328,-166.3130325427587
8.210870006231508,-166.20543445726142
8.214202472863812,-166.1781634428478
8.309531383942955,-166.09546333444308
8.405306375214154,-166.0212894775942
8.408768339883995,-165.99488524280127
8.412234116655801,-165.96847817104663
8.508127706394024,-165.89451156523907
8.602523155488687,-165.79118877779345
8.60605275587349,-165.76434274314826
8.703499915815721,-165.7185455725403
8.707159293903324,-165.69328390017552
8.801395533782056,-165.58514582694843
8.804980722216749,-165.5576268311809
8.80856980628384,-165.53010370347315
8.903574546809965,-165.43504127540393
8.999234344325817,-165.35201608873385
9.00290528787788,-165.32441274125932
9.099664401205986,-165.26033899271712
9.193996945718196,-165.1520008108984
9.19775024975975,-165.12431921469567
9.201507637561518,-165.09663327439995
9.295784409664735,-164.98615086149877
9.29969919490329,-164.9604600339662
9.39663055055901,-164.89615529056172
9.493615954802026,-164.83213455939065
9.589034305601071,-164.74053708082417
9.592957370163141,-164.71268648742998
9.596884708509517,-164.6848313283665
9.692565376113322,-164.59620758922478
9.6966573505594,-164.5703639536575
9.792662340575742,-164.48633066155475
9.796743457352127,-164.45950216830656
9.893117982199323,-164.38067174101192
9.988958882945246,-164.29272948211374
10.08516843701009,-164.2106403463682
10.089410547053042,-164.18427166421608
10.093641985557422,-164.1576491696744
10.19162659528184,-164.1024908462746
10.195286667914676,-164.0658860679433
10.289530465157894,-163.94972396529528
10.387089758857934,-163.88627660222977
10.39150107116944,-163.86029234359097
10.485898592365094,-163.7461568183088
10.49021341248892,-163.71792245200032
10.494533023625406,-163.68968415848707
10.5914588157387,-163.61368800533904
10.68774420308903,-163.52751865836345
10.78421498643283,-163.44397964704035
10.788740447610763,-163.4168492766385
10.885692283199875,-163.3396514296331
10.890232316686891,-163.31200619019725
10.89477738258467,-163.28435652366568
10.990217844244988,-163.18308585450114
11.086215003504634,-163.0901055727433
11.090793241306054,-163.06160999668774
11.189640542160435,-163.00948099964577
11.28542998024333,-162.91241603573428
11.29014902680756,-162.88462703774857
11.29487331327689,-162.85683341414853
11.39204364178474,-162.7782960425971
11.396873727389591,-162.75130948040135
11.494147470294717,-162.67329780467708
11.499001720224344,-162.6459448664798
11.597148901065323,-162.57923925430066
11.689958761105544,-162.43785224161613
11.699582581710615,-162.3793334036187
11.786049495585342,-162.3424480952835
11.796169811588042,-162.28959230927984
11.890840243255376,-162.26971356261714
11.988492386163037,-162.1943899412578
11.993465925776347,-162.16551028119667
12.089727022931779,-162.07059695077842
12.186854437395574,-161.98717740253358
12.191978166028447,-161.95906550909396
12.29013261265526,-161.88837908526085
12.38693105986683,-161.7995536311007
12.39207755380927,-161.77050188937775
12.489320920094878,-161.6867514740616
12.585139410147356,-161.58450018224448
12.59062727506683,-161.55863883980868
12.690537391016813,-161.50798511017337
12.785606271343266,-161.39547712257618
12.880739890932453,-161.28404059823004
12.97852366864571,-161.20576362692378
12.984044747558881,-161.17795865189046
13.08357553606423,-161.12035181663938
13.08925322621845,-161.09382375771054
13.183760593695826,-160.97369214368803
13.280715594538027,-160.88358347994316
13.286409226015516,-160.8560784828401
13.384422380395925,-160.7780402774487
13.482549912177468,-160.70107941811392
13.488172980773276,-160.67156072790908
13.583770847563455,-160.5638701570478
13.681471323531419,-160.48101344848536
13.78079365985061,-160.41682816106064
13.877615316999849,-160.32326441191316
13.883407891427357,-160.29357978029398
13.980725262315223,-160.20514743431156
14.079676248564487,-160.13517305844758
14.085881504846991,-160.10908071561772
14.183217416264315,-160.01995060404536
14.280580379051301,-159.931012342379
14.286670190951588,-159.9024950666086
14.386757265961304,-159.84320570124507
14.392710636547555,-159.81256931360576
14.485646207597364,-159.67340118610906
14.585372124025222,-159.6091539849558
14.591767246018359,-159.58231901753058
14.68973305044763,-159.4979705922657
14.787666908287513,-159.41309944035078
14.887247859533616,-159.34568799522972
14.985929633362806,-159.26830436491312
14.992209128740328,-159.23813938637937
15.089230432580104,-159.1424892806037
15.187710124370733,-159.06209548843546
15.194351476332491,-159.03469514313338
15.29359426306332,-158.9615108099268
15.390813594027252,-158.8671115849547
15.39727276570318,-158.83677195044632
15.491263552759285,-158.7088016227595
15.591202476670478,-158.64177693688404
15.598083390397578,-158.61473606304767
15.693436826819182,-158.50049849310932
15.793140477192846,-158.43013255107007
15.8945924753125,-158.37682908670033
15.90138545481331,-158.34738678195743
15.998640202275917,-158.2515029112724
16.09639063258472,-158.16047299321386
16.103318896246396,-158.1313737662044
16.203949900218905,-158.06790958556164
16.299135346762156,-157.95123052479394
16.30599626202267,-157.92049325133004
16.402113092559063,-157.81260761451026
16.499377535111925,-157.7158305710079
16.50653025739701,-157.686941997825
16.607242884963956,-157.6224441853452
16.695960966033084,-157.5416459703238
16.702994619366912,-157.51074290056764
16.710036227400575,-157.47983287527111
16.808460157629032,-157.39292228897827
16.902184309364063,-157.3594499912524
16.909523350110767,-157.33043550400728
17.008775311471986,-157.25076179965794
17.10854087813444,-157.1755837278099
17.11450314387118,-157.13295924915772
17.21241773754976,-157.04025816142365
17.219907094400703,-157.0111436049542
17.32302896187322,-156.96513802349585
17.41704298276097,-156.8364791804765
17.424402849470972,-156.80525443590986
17.52412523233226,-156.7276437507482
17.61737558282427,-156.68974906489035
17.625196252638062,-156.6617757318164
17.63302605752823,-156.6337969925647
17.730507250780416,-156.53540307717037
17.82068364538828,-156.47045407239884
17.828220952374537,-156.439059366498
17.926979877528414,-156.351816755625
18.028604406407652,-156.28929126203772
18.036622316021337,-156.2611521574219
18.135288725842926,-156.17229284950147
18.236708455676283,-156.10689701314016
18.24458776980509,-156.07663029667094
18.34301461703831,-155.9849788013895
18.4429781293799,-155.90624557672265
18.451119258884713,-155.87729319181318
18.552909497178195,-155.81326036371098
18.560941162386776,-155.7828765674617
18.6603804795848,-155.69841564510347
18.75539451773812,-155.67492044440317
18.763800809280948,-155.6468211959428
18.7721034908161,-155.6177753408337
18.874520583130167,-155.55694570728622
18.965410535940066,-155.49913817461223
18.973464709494714,-155.4672294670497
19.077236798511695,-155.4167504633424
19.178220343392987,-155.34313971597746
19.186543402724897,-155.31252286996983
19.288084016124856,-155.2427174422917
19.38498329643546,-155.1354470215975
19.393640737531733,-155.10664214961088
19.498495590741065,-155.06235679540936
19.600571835063345,-154.99549246703626
19.6993737918733,-154.90253049371046
19.708315241107655,-154.87464909881717
19.810762899090832,-154.8097223641523
19.903055466260223,-154.76369360820357
19.911531349206825,-154.73137641547046
19.920016583354347,-154.6990482203241
20.021090357775492,-154.6224625335085
20.120672810555202,-154.53418370517315
20.129954686056553,-154.50713998142143
20.23077880593289,-154.4278315491106
20.333081372076194,-154.3595386424472
20.342875207614185,-154.335478411316
20.44328117820152,-154.25212369036655
20.540840530834647,-154.1472433388618
20.55002397253888,-154.11769973521038
20.65214640326208,-154.04655757148495
20.75190827041194,-153.95760842750832
20.857222838639238,-153.90953160763377
20.86676945963087,-153.88141700400928
20.969566799302655,-153.81393008015317
21.060025554655986,-153.75463204500744
21.06946311816943,-153.72494656827934
21.078911707345927,-153.69525316487554
21.181380089981882,-153.6244517192311
21.272959636981398,-153.57341500942144
21.28227749945363,-153.5420228107907
21.29160594756378,-153.5106205429074
21.389892663489178,-153.40893350201867
21.490244874681697,-153.32201396042117
21.4998133028353,-153.2915274262886
21.605478489327663,-153.24180535938288
21.70639850245418,-153.15809260705728
21.80416647233957,-153.0520984887853
21.814025364047424,-153.0224681907763
21.919717102326672,-152.97149422307334
22.00993515895095,-152.91142266656442
22.01960811225251,-152.87975505456168
22.029316895417008,-152.84824918030264
22.13123785933582,-152.77010065988392
22.225544453670757,-152.73835277801444
22.235884289760413,-152.71045837837232
22.245824782987896,-152.67973114303476
22.34618423425874,-152.59004509083002
22.435342161714427,-152.5231211645887
22.444055994087314,-152.48336367780266
22.454207115599402,-152.4532878237359
22.5581549822917,-152.3873874844116
22.652107008519806,-152.35300942006714
22.662605390327546,-152.32453222068858
22.673116448287118,-152.29604836396334
22.77613549184981,-152.22288806058197
22.876208328217373,-152.12987624390743
22.978708559210073,-152.0528658421903
22.989021931462496,-152.02189786621528
23.087505598089987,-151.91788734004652
23.17918526198253,-151.86855127102504
23.190697142593837,-151.84474968317258
23.20212162654052,-151.82027771338576
23.30459708316577,-151.7418372882852
23.38923216496786,-151.64682550238746
23.397492860647258,-151.60112259918662
23.40710663019804,-151.56411093749082
23.508229638161136,-151.47653617467222
23.595465881462072,-151.39906192164904
23.606204634125454,-151.36866161415352
23.616956049713252,-151.33825210102273
23.713686727258864,-151.22219738377512
23.809073071620187,-151.1970951615922
23.820148955708444,-151.16806251916978
23.918277291032144,-151.06085845054238
24.019235754772232,-150.9715180852217
24.11167094811882,-150.82876530075092
24.123773735434156,-150.8050817355073
24.13589254720782,-150.78139854935068
24.22996480947484,-150.648573495024
24.320617246157777,-150.5942871548529
24.331419799229828,-150.5617491504111
24.342234687116953,-150.52919913578893
24.446990112349297,-150.46224423126807
24.53049310465262,-150.3642270408019
24.54171989306576,-150.3335694762119
24.552960860474556,-150.3029076990296
24.65080675979382,-150.19318897673628
24.743018052461245,-150.14887941469655
24.839003232161808,-150.02826453673245
24.85021265919753,-149.9964552035766
24.952742640285113,-149.9150570188343
25.051181205802603,-149.80902378248504
25.062035945529168,-149.77437099915448
25.156664621782088,-149.64543923150882
25.257499054889816,-149.55352310860576
25.269108226956703,-149.52266608539196
25.36971134698452,-149.42899718344924
25.462072445246125,-149.28695016114438
25.47311947957375,-149.25210459560773
25.57715276938134,-149.17825542164064
25.679062120466785,-149.09184048033939
25.76504819863361,-149.01286343206334
25.77476416515975,-148.96942962495987
25.882566570225205,-148.91684457163475
25.979270183458468,-148.80026589580095
25.989428341756113,-148.75876283132484
26.09066263324279,-148.66790268505915
26.186426013316186,-148.5459291010785
26.1998571661188,-148.52239150393478
26.295941047134317,-148.40210064635164
26.395145808674254,-148.29952715821713
26.40566399158927,-148.25887136759587
26.505359578219934,-148.15880690363292
26.602045031961733,-148.04199363370824
26.704112836314728,-147.95515184974914
26.711868889416355,-147.89834703146596
26.810782398507246,-147.7938066378062
26.89222646066812,-147.69313621656818
26.90392801588864,-147.65765187225605
27.003887454552174,-147.55904804645093
27.105368386369857,-147.4687120356854
27.119078877473978,-147.44349761607492
27.216767515852254,-147.3322211612285
27.313703578570728,-147.2169877150031
27.325605398303228,-147.18130424746195
27.424103310078745,-147.07431384966813
27.51993217014825,-146.9531326398435
27.618197714657622,-146.84509044316908
27.63105423630066,-146.813594071458
27.733371017027963,-146.72676912219544
27.825573525760383,-146.5865505021807
27.928025024011834,-146.50043774072478
28.02915333955862,-146.4072970670412
28.042227361820775,-146.3756918544708
28.13871955267132,-146.25810384934655
28.23889394102978,-146.1597235114297
28.24881285502826,-146.11114212221594
28.34416017541682,-145.98767033168406
28.44097479636177,-145.8719217936456
28.539068385224212,-145.76283810133384
28.548185406062316,-145.7094844914129
28.647419084557058,-145.60608434695456
28.74685019610775,-145.5037124829426
28.757437885821634,-145.45735126503027
28.853899059004174,-145.3398194254058
28.945984854456558,-145.30039720351837
28.959552249704018,-145.26854256176208
28.97313671406284,-145.2366798236103
29.067221941179543,-145.1071172266723
29.152204852555144,-145.0324790651577
29.167013070062033,-145.00616521567633
29.18184135200842,-144.97984952391093
29.27660854121484,-144.85374650540322
29.36654838058079,-144.80405341516288
29.458928942430745,-144.66673413374974
29.471875079352355,-144.63030843137287
29.568995265480076,-144.51622463944216
29.672922499402826,-144.4353890551526
29.685923135712272,-144.39862187065793
29.785883985297424,-144.29814669996577
29.87790561646768,-144.1593686494659
29.968920807765834,-144.01606614476094
29.98305157211984,-143.983932949312
30.079858570840585,-143.8684369367953
30.163541224896306,-143.79051801725174
30.175521550683875,-143.74761502874796
30.188033921158873,-143.7071653715939
30.283800094020485,-143.58677523424822
30.35871739007853,-143.4680472309482
30.368446798936713,-143.41403591103992
30.381552247409882,-143.3758926468221
30.4824153616485,-143.2797596240003
30.563717408591945,-143.19199019429155
30.577132262224072,-143.15482055418735
30.590561764438764,-143.1176316866028
30.685285132728353,-142.99268847934042
30.774816755060503,-142.94385478183253
30.784811475522545,-142.8902350882989
30.87221345544346,-142.73174599836003
30.95967700123744,-142.67396153492854
30.974349960835017,-142.64157067842996
30.989040636709706,-142.6091665992833
31.079561848106533,-142.4653993114684
31.16909148831031,-142.41743866582433
31.181806260979283,-142.3755015601588
31.267595293423387,-142.2106827957665
31.369272317801418,-142.11834834051157
31.383671309482953,-142.0835438829895
31.477979188013954,-141.95765884826193
31.57287509810386,-141.83461546005384
31.671883144905514,-141.7301514323658
31.685925302838445,-141.69294364043316
31.779450141769498,-141.5638499008738
31.87972491953187,-141.46493193201596
31.890971608563834,-141.41477732089388
31.950400357556383,-141.3350972876506
31.974891443562445,-141.24341386164377
32.07175542704638,-141.12955554363546
32.1582470068336,-141.07029296728376
32.1724909864841,-141.03277448824218
32.184934231235644,-140.98727927374676
32.28349942527153,-140.8807927994456
32.35461473644514,-140.754970613638
32.37234950696976,-140.73212081550705
32.39010918182983,-140.70926963639585
32.48691564015334,-140.5951413482304
32.5619824858818,-140.48736248216335
32.57633377626793,-140.44926548690862
32.67116706597735,-140.3269940373704
32.76465542982748,-140.19913513567977
32.86290500904454,-140.0917820130805
32.875182468786605,-140.04410836466104
32.975486790815104,-139.94533999786097
33.069662074019185,-139.82064837381503
33.08276909023185,-139.77603138648973
33.17441385037692,-139.64068313869808
33.278135968023385,-139.55624558887257
33.29397867254651,-139.52261628044704
33.40562944864655,-139.47090836301618
33.49346115327947,-139.31976420433375
33.50826289774855,-139.2812236540626
33.612656676654844,-139.19885366743534
33.6902773994181,-139.10594337063333
33.79811896540461,-139.03791555979765
33.81383455560426,-139.00244042153685
33.90938297716518,-138.88356811412834
34.006397426136814,-138.77081557870684
34.02143894095023,-138.7320486775053
34.12087983931757,-138.6290317929317
34.231854330782696,-138.57272455680328
34.24839203045075,-138.5394449898651
34.34504008094053,-138.42480225050656
34.44125146640837,-138.3085106674594
34.45325655487003,-138.25648239944218
34.55660673015219,-138.1686875517813
34.63247680289162,-138.0715021124277
34.73003821305868,-137.9609370531818
34.74789397408184,-137.93164639249423
34.85763536201293,-137.8690827400706
34.951921734342754,-137.74534037113136
34.969292225457544,-137.71351674420805
35.074035921862595,-137.63074916035467
35.171535539091884,-137.5195321462486
35.188619542054916,-137.4859958792385
35.285933124692654,-137.3739021699411
35.39381477493202,-137.30288887265945
35.41103177540395,-137.26928282191264
35.50909269648709,-137.15986817303275
35.611335624963345,-137.06661392040147
35.69663008330259,-137.00865814895948
35.7109131301809,-136.96308635498312
35.809397278536395,-136.85540237429436
35.90419134854395,-136.73371692709054
35.919073395057,-136.68997939060222
36.02377543225421,-136.6058320787203
36.12094510172993,-136.49310732222142
36.13619811605703,-136.45028705199329
36.2423606129926,-136.37129343296283
36.34386521770982,-136.274684393347
36.361196932688316,-136.23914662574975
36.45840732226584,-136.12624745191857
36.578457033674766,-136.09841340477624
36.665577416593976,-135.94797888922434
36.67922927178075,-135.89802723323427
36.78174683407848,-135.80464908633073
36.868436515863024,-135.75352153372785
36.88218608624508,-135.70357420201876
36.89862321634806,-135.66343310685593
37.0054712563768,-135.5856343788808
37.09549567320946,-135.54685792491702
37.112207267199146,-135.50726902942253
37.12554338844401,-135.45527382558402
37.22297369486363,-135.3427353268496
37.31289049895872,-135.30370454476522
37.33121019307937,-135.2694345131195
37.34959095965642,-135.23528677786723
37.45859959768624,-135.16433539145302
37.53405879412713,-135.0732405844554
37.64055071813183,-134.9932913297259
37.66036608618316,-134.96358360436574
37.76033239864605,-134.85992885371954
37.85445557918413,-134.7354962574305
37.9516223409738,-134.62202076924993
37.96033462332793,-134.55215807292265
38.0370627978947,-134.3664739814456
38.1208359518668,-134.20616746508855
38.13511494617725,-134.15574105818516
38.22408701628582,-134.01393966638366
38.239295980803554,-133.9665569669599
38.31739605078157,-133.78692383279423
38.37833368459541,-133.54810120652368
38.40753839260125,-133.4484900197821
38.46953350332392,-133.41515965072733
38.49925532532539,-133.31704652221111
38.56284640356275,-133.18924052272473
38.64742890559478,-133.033953666502
38.66078983983079,-132.9794530748571
38.67397639079998,-132.92428366068978
38.76653123998847,-132.7964499707476
38.83465735679674,-132.68581869575956
38.84572330228618,-132.62317684680957
38.86121513842508,-132.57557675485882
38.9782010851841,-132.5311718374178
39.07241501399193,-132.4092233007412
39.08993077149749,-132.36801886401713
39.19179817545404,-132.27186208325244
39.297280353535214,-132.18783541521034
39.314911062050165,-132.14651825995037
39.40867473491777,-132.0229150916962
39.519007574852246,-131.95478868250098
39.56044850679099,-131.89168890717366
39.629413618870196,-131.88669149518384
39.66694202518719,-131.81008487734397
39.75465688408013,-131.7668779627047
39.85623598260898,-131.66900661150288
39.87511972480722,-131.63062346580077
39.89402996749919,-131.59223229185966
40.001232205245664,-131.51241565033712
40.0927404716181,-131.48184117227478
40.109948226727276,-131.43742185455477
40.12368455054837,-131.38154910083438
40.22598770628544,-131.28528953705433
40.3241626049999,-131.17557040413342
40.34278891844444,-131.13523323127802
40.452806909222865,-131.06375153691303
40.472055681524125,-131.02511618608253
40.577306060205416,-130.93783253985902
40.68572503693749,-130.86065107296565
40.70510898187387,-130.82192026402092
40.818002890384406,-130.75869866449852
40.837473672028985,-130.71991807408193
40.94175297039622,-130.6287340007785
41.024858982979275,-130.57126620764987
41.04443662491683,-130.53241079450214
41.140949859698175,-130.4164961276554
41.159544041102855,-130.37423939696282
41.25272763385544,-130.24772850264227
41.349297925899336,-130.13203910953337
41.370251113833305,-130.09676126269264
41.39123045156002,-130.06146305275308
41.48938833830014,-129.95043806017603
41.56954017918362,-129.88447227650298
41.586812655412686,-129.83718546475617
41.6036949981011,-129.78859746692615
41.70367729358946,-129.68321651832795
41.80585966010291,-129.58468124201275
41.82591706412391,-129.5455092087373
41.92329622101732,-129.4319263226409
42.02529058622224,-129.33262486146057
42.04557490899409,-129.29366532662564
42.14618804788206,-129.18991663879177
42.2451399306263,-129.08110698917966
42.28363166638628,-128.99578123454077
42.341408145507025,-128.96417057762042
42.37431646302399,-128.86151667852945
42.46033309286959,-128.81471576453467
42.552852479434456,-128.68643341808348
42.5733472452302,-128.6469786569471
42.59386665798584,-128.60750065403968
42.685468642296506,-128.47627739611514
42.7606196445828,-128.39728083554317
42.78563343840378,-128.37093328780875
42.81068402557192,-128.34457741583293
42.9046069200859,-128.22037002819332
43.002647099861825,-128.1085713339374
43.02342367672416,-128.06892777590025
43.131229440678425,-127.98598548257041
43.15025839859071,-127.94085297430195
43.25270784520348,-127.84177031958536
43.34526004928375,-127.71351041279362
43.444354013556925,-127.60463191515014
43.46192547351329,-127.55462836868593
43.56390599769666,-127.45408517746066
43.65541529043934,-127.32299547587122
43.676586725906446,-127.28310193303908
43.78352086159923,-127.19683820969803
43.88138078412787,-127.08419903603071
43.90369635125255,-127.0471306242273
44.00629686770115,-126.9480432230672
44.02445959662851,-126.89869826787958
44.12933910796661,-126.80597870839071
44.23369479985442,-126.71170267278613
44.245295776427625,-126.64315461939138
44.25932563996229,-126.58149980041371
44.35073036734377,-126.45001351358255
44.42228193510247,-126.36400110395579
44.438492040532815,-126.30835606540995
44.54852939302639,-126.2300639176136
44.560253599288814,-126.16148278537584
44.64154741093264,-126.00179539365787
44.73612765514491,-125.87985032818295
44.757182541740555,-125.83730823123929
44.846290109236136,-125.69998209434982
44.94752047862324,-125.59674899849841
44.96385663359623,-125.54060309395463
45.04096899306303,-125.37010859347322
45.15076913202386,-125.29074167901219
45.163097524861456,-125.22316806125055
45.24297875908283,-125.06083963904716
45.33141785015684,-124.92246456356406
45.34801741825974,-124.86646662666193
45.36673110624661,-124.81621072306602
45.4590389024596,-124.68843344149911
45.538223862710005,-124.62664271157647
45.54937666460293,-124.5554275203188
45.56274874061512,-124.49022618818647
45.65988379869195,-124.37584021052184
45.745173202173575,-124.229361916578
45.76197305481911,-124.1732270991572
45.84814709982821,-124.02931151542153
45.94683175933551,-123.91939292859554
45.95881001678035,-123.8499553980906
46.05551768171348,-123.73468390130185
46.13976986058586,-123.5861320108509
46.15673781899974,-123.52985012106052
46.239663892333475,-123.3779438655613
46.33459016490997,-123.25826301187958
46.355521445290414,-123.21222336602251
46.449819976754796,-123.09083454738669
46.467911181542476,-123.0370318365674
46.54610967775696,-122.87313227154358
46.62484836062253,-122.81267053078062
46.656926618429175,-122.79545421135508
46.67722315278694,-122.74711562664422
46.75266261879927,-122.57636050073279
46.845240442003096,-122.45081784783761
46.866856238230156,-122.40559381102771
46.954962112369834,-122.26839983987497
46.9766424910775,-122.22311050833864
47.07319508322397,-122.10790011577583
47.15093133558839,-121.94410643146001
47.17137058133497,-121.89524236003093
47.25966201881641,-121.75890711252472
47.360583177173694,-121.65522017618848
47.382204182835146,-121.60901716536786
47.46090891326145,-121.44832861153871
47.54650821223117,-121.30558076796281
47.57853708186968,-121.28557049618905
47.671838412244405,-121.16243367040028
47.745884023982015,-120.99062885843607
47.76358084764255,-120.93378710240346
47.7777453241679,-120.86793387839752
47.881322365980246,-120.77090982590104
47.95008798036688,-120.68796387378026
47.96787115764755,-120.63103483770803
47.9856737552316,-120.57407920113846
48.06349749912387,-120.41247088802123
48.15910418286988,-120.29563594927032
48.175462542032264,-120.23479986092923
48.25497522692588,-120.07789827398686
48.345470581556576,-119.9485708350387
48.358330540342266,-119.87882316442125
48.46029971091132,-119.77794764778339
48.52582533441337,-119.5872559158727
48.616092954125016,-119.45788233844632
48.62675417728273,-119.38250092790733
48.72171949610092,-119.26473651923678
48.79938085772816,-119.10483313196265
48.81158718183856,-119.0330854474355
48.896959669284286,-118.89223538868282
48.97847370086922,-118.74226083696172
48.990929785477675,-118.67096854355935
49.00628119024827,-118.60663199181118
49.08716363282065,-118.45530224416245
49.15952884632051,-118.38518928898013
49.17423974905711,-118.31916589974007
49.18896054526333,-118.2531055956986
49.27079027771221,-118.10452184711946
49.36111959503014,-117.97652700537459
49.375463032675206,-117.90936231957748
49.454781720158884,-117.75522796435857
49.476971988980274,-117.7066178840491
49.558445672676854,-117.55779333677219
49.618005409053154,-117.45873289737112
49.63016410407052,-117.38617055045509
49.64876153678373,-117.32877441930184
49.76043752612314,-117.25164462467814
49.82418307206821,-117.06176189031383
49.90077320040976,-116.9024821533486
49.914248418403886,-116.83274588023798
50.00585294215936,-116.70880207702822
50.028751454103094,-116.66091359587634
50.131336827978195,-116.562497919746
50.20322216655624,-116.39288939529384
50.22279000924366,-116.33694217403395
50.24431725085011,-116.28545083768059
50.353432964168576,-116.2019974692292
50.42433995432577,-116.13183141078089
50.44196235908931,-116.07107018203064
50.45914398772612,-116.00922476372003
50.550208203804516,-115.88419051702256
50.63766485384633,-115.75104580637344
50.65943667424621,-115.69943652306834
50.711381031487974,-115.68804292252015
50.75800066140008,-115.59165406926014
50.831816236885494,-115.42771024367289
50.92912864229462,-115.31732816553976
50.94476095944331,-115.2513845677338
51.03696574265225,-115.1294392743292
51.122731252823186,-114.99312762627862
51.14666313297453,-114.94562104511742
51.231459469977914,-114.8072144508355
51.33375372116854,-114.70811951573967
51.36122782903911,-114.66815061545357
51.374349423248304,-114.59605843654194
51.46239046202375,-114.46498605538898
51.529614725666235,-114.38920699456959
51.54738809952236,-114.32733286891974
51.56520024285256,-114.26547477849972
51.66276020002077,-114.15570596555341
51.750238501376224,-114.02377156985838
51.76411220878862,-113.9529838682456
51.82656743906481,-113.96879508030837
51.86071353235178,-113.8411897485803
51.94888811355998,-113.7110095824171
52.04506162048309,-113.59845216147451
52.064049583960056,-113.53854881735667
52.157567080812804,-113.42017202740328
52.175615966379176,-113.35805244172849
52.27516576021234,-113.2527449884575
52.368887210632266,-113.13486858774479
52.3886073827701,-113.07608300478523
52.47612947377503,-112.94485140834642
52.4972334932846,-112.88887184067383
52.58351435924096,-112.75504571614647
52.66595753278783,-112.61319659722109
52.683953567171656,-112.55030569682178
52.69904014991398,-112.48113559247074
52.78411652043933,-112.34499253279365
52.849800994938555,-112.26918834799248
52.864159433182486,-112.1983622777191
52.88929559390017,-112.15033503604408
52.98421040221246,-112.03529689443255
53.07863921413859,-111.91931085048954
53.140664702396414,-111.83655013071879
53.16123162588817,-111.77851937747043
53.18328691420766,-111.72353687871751
53.2641202234545,-111.57918732558494
53.32387449078334,-111.49228454168781
53.340180206932835,-111.42510770033566
53.363645097198,-111.3728105273263
53.45817297761429,-111.25737256032885
53.544454854178994,-111.12490012907749
53.55419014364728,-111.04381315741652
53.65431977831571,-110.94011971147256
53.736344671353564,-110.7991094817002
53.757138203100205,-110.74069166868851
53.841338363719636,-110.60428837529498
53.92219726649779,-110.46123640435752
53.94769780343936,-110.41220553986975
53.973005905048204,-110.36268545017127
54.05071795165584,-110.21323632298834
54.11635422773956,-110.14070691079176
54.153682321044435,-110.01412734240199
54.20650157832664,-110.01705602846188
54.246038135197,-109.89478054671476
54.32817621117526,-109.75489224606463
54.38716098390011,-109.66971910683404
54.41216496289258,-109.61894712246969
54.434787924481455,-109.56328975876019
54.53270310464089,-109.45539539169393
54.59826698403264,-109.28278429640305
54.617043676125355,-109.21917112618034
54.69671074132354,-109.07504192449404
54.72265471942845,-109.02557448429691
54.80352035318664,-108.88396095827359
54.907006643573375,-108.78738966277098
54.927540927054544,-108.72686534385014
55.00552086278706,-108.57980279367123
55.02145142413476,-108.51005388167717
55.116234881036576,-108.39624784776245
55.18291467149759,-108.32851378853714
55.20453350222072,-108.2697931575796
55.21496478293062,-108.1890722334835
55.30274258965997,-108.06170651329984
55.396919271166,-107.94695425707114
55.495374462386344,-107.84059114911787
55.51527196757609,-107.77808332364405
55.536381702493124,-107.71785420367782
55.63324972287682,-107.60824036392064
55.687744972801205,-107.51805845213171
55.71116525527158,-107.46211506977919
55.73910140431995,-107.41478915701913
55.81708110767372,-107.26892837118973
55.89504247715579,-107.12327807646366
55.916788435463204,-107.063786753234
55.996940471316535,-106.92249125342192
56.110692821965365,-106.84539757380739
56.119998668190924,-106.76194847271303
56.20517236523049,-106.63043318896213
56.272892138439175,-106.46606226156933
56.298305100829445,-106.41301654128056
56.326380475997205,-106.36490713854607
56.413991984397114,-106.23818531759105
56.47685064319589,-106.16620054739892
56.51697244095341,-106.0393114058325
56.5584444003122,-106.02857987193866
56.592964539505445,-105.89107293506034
56.68846744811108,-105.77949892332755
56.7467190256506,-105.69968615868459
56.76677255918076,-105.63597914802631
56.78518320984996,-105.56914645808263
56.88204638249883,-105.46021230285923
56.96008282119886,-105.31651122959994
56.98342883753233,-105.25859125774448
57.05811891907169,-105.1088813307157
57.07833352742858,-105.04504470047866
57.15589051085904,-104.90080683234264
57.24624767356753,-104.78023299928682
57.33658190796305,-104.6597237641504
57.363762877353885,-104.60829536647697
57.37897833831305,-104.53497204323904
57.47089517766045,-104.41727144640036
57.53137984016946,-104.34369139143375
57.555404948568295,-104.28624029077433
57.58300089995485,-104.23516869123871
57.66657947959775,-104.10251258911202
57.74367168423281,-103.9583504798906
57.82624989779705,-103.82427245560748
57.852652845844325,-103.77066282993655
57.881192491501594,-103.72078987835512
57.977754811996185,-103.61167902864443
58.03319784275113,-103.53030470992913
58.062986226168356,-103.48241740620803
58.093889308411114,-103.43641116509677
58.17702746956021,-103.30346375433456
58.25825640677817,-103.16730810684001
58.265929199566855,-103.07986471999473
58.27346702756156,-102.99215618858335
58.34901058679736,-102.84616527017032
58.415667346929155,-102.68479633377399
58.424713744373925,-102.59974230078915
58.4367585795822,-102.5199173846373
58.51139582205059,-102.37285610243143
58.519864977885746,-102.28672788220516
58.58330058836679,-102.12039493485408
58.59442445080738,-102.038885061406
58.656381431307054,-101.87034985258691
58.73353624600961,-101.728503614263
58.74633679293681,-101.64985960826098
58.75113587950484,-101.55734032639333
58.824851415643856,-101.40978539723487
58.90405024647137,-101.27191029262882
58.930178334231904,-101.21604693434196
58.92618470764177,-101.10840990504525
58.974780465339144,-100.91833774131223
58.99857433692727,-100.85832482087734
59.08773016643177,-100.73786414143349
59.10348572866142,-100.66398918299889
59.10837930091425,-100.5715790849271
59.172791138006154,-100.4091817291104
59.236003691658716,-100.24508770566098
59.27385111259667,-100.20845333355155
59.28481898611015,-100.12629344351521
59.34156694863134,-99.95155724976398
59.35669441016244,-99.87638377549123
59.42444995188923,-99.72052452580981
59.43414771671055,-99.63618436807191
59.44390314028346,-99.55190793858411
59.51067221088857,-99.39472194874398
59.5737529006289,-99.23169733609801
59.58530662927685,-99.15041276269466
59.589695162358794,-99.05717835120636
59.65688457780132,-98.90135660472603
59.688085236545845,-98.85254884488984
59.737040615497925,-98.66682489356855
59.77546933976363,-98.62978583541218
59.777503910695714,-98.53262822687785
59.83609166399239,-98.36319087944024
59.90882855400198,-98.21732181849524
59.9403902337322,-98.16861476743108
59.95755666331516,-98.09624993677649
60.00297412145436,-97.90592653728862
60.089816178598525,-97.78349698923633
60.11016030930754,-97.7162040287167
60.1289919328399,-97.6463868750245
60.19717488432558,-97.49372991164479
60.20173364533024,-97.40072913404002
60.294876216966266,-97.28866067929113
60.35819108778109,-97.12865626882528
60.38003891090143,-97.0634671848077
60.46983842391242,-96.94621108343524
60.49175314217556,-96.880979555963
60.508392890414775,-96.80723589622994
60.562523500652794,-96.63302661613892
60.63805316201353,-96.49326676420597
60.65723165043735,-96.42347821393943
60.68205202122489,-96.36258549524305
60.74609304177785,-96.20473666371463
60.7681606035584,-96.13936068530188
60.8676513743831,-96.03771996082108
60.88514729632951,-95.96497298310378
60.902799365280394,-95.89241418696112
60.97411752660613,-95.74639551167844
61.03377047251088,-95.58235388299686
61.05523135032097,-95.51566088507653
61.08040051417471,-95.45469257773972
61.15675074275873,-95.31695444312597
61.178168816432944,-95.2499968900364
61.25353080948639,-95.11087486756475
61.266695157713066,-95.03099595736268
61.2857930147668,-94.96026770749958
61.377675654859715,-94.84683054803727
61.4517509893381,-94.70602011725609
61.467949848273335,-94.63066415866624
61.47967972888337,-94.5483825710313
61.57281697595211,-94.43699568176034
61.64338208522215,-94.29114130507213
61.65856075998135,-94.21405453522888
61.676609607217166,-94.14129932479237
61.76760452768733,-94.02674930568516
61.7894239156503,-93.9596101742012
61.86134174658868,-93.81613102525897
61.88229248175172,-93.74756205366906
61.89294896379469,-93.66334672149607
61.9769823053627,-93.53834784211932
62.067365879394686,-93.42303967644997
62.06724330361401,-93.32253869036305
62.08468788156704,-93.24842317935814
62.18570663888679,-93.14908820838383
62.243522536829715,-93.08548458334668
62.25549743857796,-93.00309656234967
62.3128476199365,-92.83881498941038
62.33337167594093,-92.7691329408977
62.37538084630716,-92.73132604634941
62.434627571461704,-92.57008786162213
62.47465175860893,-92.42877791080984
62.51128207179368,-92.43491745598972
62.54602901582661,-92.28573760251595
62.62162283448047,-92.14913148619506
62.649942647659465,-92.09051897736632
62.71604040835528,-91.94011449987403
62.73461185743496,-91.86707897500874
62.759100637309494,-91.80263983141832
62.838246217679554,-91.67147890476791
62.884004888684636,-91.53755548812096
62.92432911811178,-91.55057703170078
62.95366395628525,-91.39267657480555
63.02572940540077,-91.25152101171642
63.06881840271597,-91.21359326623362
63.133301989709246,-91.06159864605934
63.150304116926606,-90.98583795084045
63.17550537363382,-90.92182339605365
63.2739985413114,-90.81887136225026
63.313200606553615,-90.67437247948318
63.34536067302227,-90.67709613284369
63.38876815355352,-90.53854462165964
63.47436642054283,-90.41719568410127
63.499554062819904,-90.25235357018104
63.53908196263769,-90.2662926980836
63.56035884127816,-90.09592326367225
63.64366562963352,-89.97160485591269
63.673532007824356,-89.91350786014628
63.71558756974945,-89.7311374310276
63.763869377326785,-89.69883034505136
63.78724453980591,-89.63137350508872
63.84192499134374,-89.46704818211731
63.89201047735979,-89.33654430206082
63.92462853393161,-89.34223231306925
63.965191293654044,-89.19831589061658
64.0581064730294,-89.08773639631595
64.12001529585223,-88.93420643431925
64.13371004199746,-88.85294731475972
64.21320963721382,-88.7240175182158
64.21980512412378,-88.6328989868489
64.27364880065825,-88.46881724405401
64.30741674763811,-88.41508488104134
64.33499482107035,-88.35274657760654
64.40600528227253,-88.21243762327828
64.43837736846802,-88.01956591022403
64.45809020988773,-87.94635802756356
64.48395750705374,-87.88147645144714
64.55024751465746,-87.73524617476882
64.56466606572526,-87.65469892712335
64.6257890666358,-87.5017200039636
64.64333012253205,-87.42535880784378
64.6693331838333,-87.36037441729587
64.75678074974631,-87.24310734661881
64.81523492004813,-87.08697627700053
64.84278420850922,-87.02388185705378
64.83177054138265,-86.90900752796391
64.88435772989413,-86.74540252973561
64.95348349405111,-86.60419059356396
64.97135990990293,-86.52802579541203
64.99595857883907,-86.46074823288356
65.08180330193818,-86.34188105060365
65.08728205766148,-86.24912517184279
65.12013269338843,-86.06032652821273
65.11619983674458,-85.955213756068
65.13747420960827,-85.88334862619831
65.16074330667368,-85.68257257794178
65.18675525338266,-85.48593657575677
65.17898381060748,-85.37603948928653
65.20808781093545,-85.3144118315015
65.24420954447629,-85.1316383906651
65.23936412228454,-85.02567046146794
65.24896457045588,-84.80898652388048
65.27095373027325,-84.73802572916364
65.25481876300873,-84.61756135263079
65.28079430844224,-84.42293814857234
65.28030686491043,-84.19469736851289
65.27564432018612,-84.08943769158493
65.28632249099277,-84.00393109604249
65.32082248231548,-83.82156362188873
65.35681916257339,-83.7406282098658
65.3463504665048,-83.62816233826156
65.3589960191687,-83.54527404074423
65.38863975812404,-83.35769537090376
65.38095103060425,-83.24893879788307
65.40985892541624,-83.06103424032825
65.43227713722112,-82.99061914298927
65.42718396040782,-82.88528396605236
65.47852206131383,-82.72634964868114
65.44376590895075,-82.45926064461547
65.45547695041375,-82.37539661657809
65.4598747632701,-82.28230465545172
65.49031356089262,-82.09819833326175
65.48972494488747,-81.99893732895096
65.5156521107686,-81.80976323410847
65.51539296735197,-81.71102595984372
65.53866531256877,-81.64160267085367
65.57406357727136,-81.46482447017499
65.63189557938358,-81.31626457912387
65.61725598159805,-81.19985502901571
65.60414084164886,-81.08537352743603
65.6435923568278,-80.91464235625536
65.66709014046099,-80.72469127626675
65.67928413195429,-80.64161077207828
65.65768665900424,-80.51705484753529
65.66420220624086,-80.30708442677614
65.6954732612626,-80.2473802927814
65.7603034124337,-80.10908702818386
65.7440719531997,-79.9914388388788
65.73966638466969,-79.88821004641066
65.7574336800061,-79.69326467681748
65.80727450946507,-79.53761078682845
65.7929580190018,-79.42265017474098
65.81160519860433,-79.34747557004013
65.84410740818167,-79.17141489874123
65.84233470654159,-79.07169788430129
65.90454847602298,-78.9317487929678
65.90992022513247,-78.84064125519686
65.90166245142628,-78.73323451983804
65.91165595970455,-78.53141031975285
65.9440304118469,-78.3567459634034
65.93235220969885,-78.24558320630236
65.977604583748,-78.08671288692581
66.02034591613854,-77.92521304277294
66.02165668384129,-77.829628686522
66.02750064811683,-77.73937776287458
66.0814076766681,-77.59147429214696
66.0595630030498,-77.46878023225179
66.1080882902417,-77.31499139788247
66.13209676905299,-77.24606136425983
66.12772529549817,-77.14395312208059
66.17118070781315,-76.98465388834035
66.20633914523445,-76.81606693535727
66.20921150530167,-76.72256205520564
66.23560749413322,-76.6562733093603
66.31031397558093,-76.53380944843298
66.36778421131983,-76.39164535704099
66.39315516737034,-76.32402486524514
66.3947801911046,-76.22906723357076
66.43985336560144,-76.07298535036524
66.45515811719159,-75.99373649647355
66.47826433738835,-75.81295339550984
66.5033315591526,-75.74483850759972
66.50751980329096,-75.65290069514218
66.5629405670212,-75.50935608849214
66.61836611626275,-75.36607243298373
66.6331107750115,-75.28614349385336
66.64789517791374,-75.20621664661655
66.70335436080742,-75.06325343423181
66.71225232062513,-74.97668213127997
66.7489605314916,-74.81298773890752
66.74678518329353,-74.71405485130065
66.75181664655102,-74.6231848914416
66.78929568832416,-74.4608803951487
66.84562848464374,-74.3198976405641
66.87819104726367,-74.25969519060148
66.89214352463293,-74.17876156409953
66.93596161018533,-74.02415657445454
66.97196947598891,-73.96757532237748
66.9942469958883,-73.78952996198218
66.99815270705238,-73.69753058653232
67.03708259015326,-73.6439960008915
67.05995908122728,-73.46713744324357
67.10047343382338,-73.40616220485936
67.10662192689618,-73.31670783334388
67.11878402788662,-73.23379732884266
67.16108690218094,-73.0789550639781
67.19918470202005,-72.91987141782157
67.18915098648773,-72.81295983432742
67.19754821178522,-72.72602422130595
67.2431550503822,-72.57556064261212
67.25397496396894,-72.49125940994735
67.28654085820664,-72.32711654463364
67.27463350809771,-72.21844535885242
67.28367693698704,-72.13226864355389
67.3393469378872,-71.99338983601878
67.38362598717379,-71.84260278804004
67.40035231915132,-71.66887993608955
67.42460636488777,-71.68861072981585
67.4485846296912,-71.52268432635528
67.4811576782686,-71.36020693515488
67.48877268360181,-71.27262781308382
67.50418702559138,-71.19325267602044
67.52646804187992,-71.02042982205847
67.54754813703344,-70.9470209334225
67.58229671224268,-70.78772486327598
67.60574862027215,-70.621235304226
67.63074454528035,-70.64308970493167
67.63218614841794,-70.4537366985918
67.69182302992414,-70.3211244984043
67.69026434719103,-70.22412849146788
67.70583513622474,-70.14488342417292
67.7386380277404,-69.98481323111844
67.74040024898544,-69.89132076065208
67.77181893669575,-69.73026679582479
67.78542732894333,-69.6490259677843
67.81149587448199,-69.58053210682179
67.84410882400857,-69.42113019753924
67.86515844549665,-69.2502842463698
67.87595347663489,-69.16619718696151
67.88115670797612,-69.07638961858169
67.93197515663944,-68.93633381684059
67.94775178745772,-68.85727389090823
67.99818612548484,-68.71709669933267
68.00915590046212,-68.63315967950052
68.03451970845082,-68.46803407676484
68.00066996769577,-68.24387261315276
68.01768752099238,-68.07133654512207
68.10125064023023,-68.06021130046494
68.10515852534326,-67.96935711887602
68.0591469832591,-67.73449764712956
68.09915402895369,-67.58578773502296
68.0695788259588,-67.4619881011513
68.07998489713066,-67.37783946502358
68.03504470384979,-67.1457976705987
68.03103993601604,-67.04758212731956
68.03515905823984,-66.86472579015663
68.03515638886218,-66.7705847807115
67.98877061699781,-66.63098697939367
68.00914808761684,-66.46488944800645
68.06016105048825,-66.32905033974981
68.02315517748953,-66.19912367982323
68.03717267223571,-66.11888392370126
68.05773117057248,-65.95394621455104
67.98435078567695,-65.7891549237375
68.01245778474113,-65.63219833337475
68.01510983491406,-65.54116492687524
68.03949901384264,-65.47104078427597
68.04063469774263,-65.28866493194168
68.04361409682761,-65.10855069057742
67.9985025154474,-64.97207201736104
67.98771376922029,-64.8684652730981
68.02177396822887,-64.71880556890815
68.04504955251636,-64.64770205535316
68.04243149954024,-64.46362849470003
68.0640953320417,-64.39100553794776
67.9776489321986,-64.21619519133074
68.03122956290169,-64.08600540819334
68.05392493327493,-63.92701241308685
68.03035727675874,-63.812026895298246
68.03144114494634,-63.72019503087561
68.04046367978763,-63.549053940444615
68.04617370937213,-63.46164498686404
68.09090621731625,-63.324254248467604
68.11438360767976,-63.253379452906685
68.16532582997145,-63.12199450087979
68.20942411376993,-63.0770942394675
68.24088949079957,-63.01356334092752
68.24708626523432,-62.9266483203701
68.30013380949663,-62.79761112275186
68.29815291542532,-62.70320905217105
68.35342419969204,-62.57647205133687
68.36830300233207,-62.49754295786072
68.38953800454844,-62.42437537215453
68.4384825596515,-62.29208042013689
68.4880220098641,-62.16055045616721
68.51497046903553,-62.09251068737182
68.54640290796247,-62.02845576178255
68.5946712136459,-61.89596567449978
68.61605712857177,-61.82275302650248
68.66495101719983,-61.69105657106796
68.68638685191385,-61.61783506586867
68.69657047997615,-61.534476751606526
68.75673952551853,-61.413110408574624
68.77957202636075,-61.25865455320351
68.77515527632623,-61.162369704379145
68.77652753645081,-61.071237162954574
68.84646096198738,-60.959033277229814
68.88109983824143,-60.89733444310967
68.94723213663946,-60.78183539747772
68.97915971382159,-60.63640060473636
68.99105664463023,-60.554589371242834
69.0360220335958,-60.420919324968054
69.06090123889209,-60.350454492880445
69.08722118240888,-60.28118030021322
69.13593610545931,-60.15100727800658
69.20065239279504,-60.0349332328557
69.2194000149714,-59.95899298801228
69.27027933676949,-59.831094118557225
69.31033497083493,-59.69407790669524
69.33003764615161,-59.618940281083184
69.35208633884022,-59.545764597120126
69.40528817623198,-59.420295691032656
69.44415453111604,-59.374794275072546
69.49610967935557,-59.248628570930606
69.47280604137976,-59.215187740216344
69.53784811792887,-59.10018039650908
69.57936950693784,-58.965372391139326
69.60144991020583,-58.892106028837766
69.64994592929631,-58.76344148359003
69.70515455270181,-58.6406353571014
69.71414995178014,-58.55631829956529
69.772078518262,-58.435994628186585
69.78393340915567,-58.3540679213926
69.80811207261418,-58.282399053993444
69.83584767480583,-58.13710655912429
69.8769859179444,-58.09498442446508
69.89991880381932,-58.02228399729773
69.93346550154074,-57.95831969854352
69.96026011712004,-57.81278205022828
70.008576987565,-57.685289155163495
70.03093235518391,-57.61201159383225
70.04276168608011,-57.530029867192695
70.10162850858067,-57.411416143560416
70.13355305316814,-57.362549777045224
70.1318637855354,-57.26957799680395
70.1565374653201,-57.19810414413634
70.20955173988878,-57.07509633775958
70.28788084712382,-56.972790153209544
70.29681941427928,-56.88846904759777
70.34916003951523,-56.76525111625747
70.39867864337043,-56.63994686519212
70.41219297961719,-56.55934160667441
70.4052553107094,-56.46229951357192
70.45790402336003,-56.33978829739513
70.47602500458443,-56.262835778737724
70.52562542522824,-56.13808720530604
70.56578482816191,-56.09736203343987
70.58410319474565,-56.020578833503606
70.61315716535607,-55.95225486825127
70.67524515985387,-55.83772655773354
70.7251142505288,-55.713708185584395
70.736062716994,-55.63102683976693
70.77562223662379,-55.49914351563379
70.83196764621381,-55.380622122308864
70.84339865504504,-55.29835047701298
70.86091715266821,-55.22079328129336
70.94119002087662,-55.121046717616096
70.98779150620075,-54.99526446366954
70.98701956215601,-54.90350716554197
71.03935120809616,-54.78240576335623
71.09417950374316,-54.66340017439625
71.12437187155089,-54.59551303194629
71.14395835846342,-54.51942098828094
71.20316990729845,-54.40390891732316
71.25094828818733,-54.27983078098867
71.24811221175669,-54.186643250721204
71.29093199479995,-54.05906134183286
71.31416480700892,-53.98568339915906
71.36191267744569,-53.86204644582265
71.38519573739306,-53.78865020626936
71.39835744567999,-53.70758109831836
71.43338813444552,-53.574628172428746
71.46616744303103,-53.531081996388146
71.5225010175629,-53.414469577602084
71.5044178190214,-53.37795320310445
71.53515490695452,-53.24229260000105
71.60645847011952,-53.1370012214029
71.67020342110476,-53.02620357397594
71.68847164828105,-52.94894184582926
71.72395213614213,-52.81744328142448
71.78417436916108,-52.70435280570546
71.79496029939604,-52.62158898129361
71.81852454477973,-52.548147542056675
71.8660099333634,-52.42590076581944
71.81428045682951,-52.231681805251625
71.7800927125278,-52.11638082671164
71.40431397954028,-51.68845986225842
71.38996536720721,-51.58824214461591
71.13241255054075,-51.248134654956985
71.18921572874989,-51.199593333249474
71.21863579136564,-51.067071947487264
71.27878041951858,-50.95677386174512
71.30203964428756,-50.88401881308453
71.32537277134352,-50.81125809676655
71.40136978658235,-50.712317892015605
71.49079953274281,-50.622946841061534
71.52015757518703,-50.55430326189617
71.57933095550865,-50.443547105801834
71.6377425115463,-50.33238437628091
71.72062443196481,-50.23849395368956
71.70117199975158,-50.19808003689414
71.75830611516754,-50.086099866031084
71.832087762258,-49.985840705122
71.87372531507481,-49.86334695993104
71.9057901058763,-49.79623665498948
71.99674055389659,-49.7079820389693
72.03316907231235,-49.64373014340551
72.09487838103462,-49.53529944770642
72.11942512659839,-49.46276617631951
72.1938710590569,-49.36314294831795
72.25922535516668,-49.257384434416586
72.29551712304367,-49.19272804129511
72.31782614017399,-49.11848477009331
72.3889130213014,-49.01664549932859
72.47264816276954,-48.92342043414796
72.5118128107438,-48.86041705644559
72.58002275732875,-48.756712302560004
72.65249395633832,-48.65594869185611
72.67028794427357,-48.578448694087264
72.71102063050752,-48.51621068500059
72.77768742713502,-48.411577214785126
72.85179378246994,-48.31197052134209
72.87539659231084,-48.23817380036364
72.9517779042653,-48.140101534563016
73.03348660349191,-48.04558704513268
73.0552124810875,-47.97042941832336
73.0679249714391,-47.889311141221256
73.13411624655532,-47.784638292112945
73.18920352029659,-47.67282669896985
73.26763006552471,-47.5763088534737
73.29106721013407,-47.50211725103354
73.3202260457403,-47.43156988265474
73.36960761248231,-47.316286081658276
73.43542043138173,-47.211726355653674
73.4644825138316,-47.141006480709656
73.50437769137828,-47.01993236067476
73.57520820663431,-46.91878275649392
73.603759790311,-46.847634117384786
73.63995808789608,-46.781273884061356
73.69254218192843,-46.668559030805575
73.7147194910064,-46.53679373448127
73.72738503598605,-46.45550039117657
73.79144308489421,-46.35036280230003
73.86188906308429,-46.24932433629212
73.85519627102468,-46.155905694472445
73.89263234608298,-46.090028305992185
73.93072308558526,-45.96893081621255
73.96439744748547,-45.93444043002798
73.9912998069896,-45.86197088057319
74.0038496465999,-45.78055767053005
74.03967320317429,-45.65845470986028
74.0572287667967,-45.580131939719664
74.11284696179976,-45.47041103613274
74.13329401183647,-45.39382277686928
74.16368273412031,-45.268832605348585
74.22174166247315,-45.16090556650646
74.25828702728907,-45.04004934203366
74.24421543300615,-44.996475242411904
74.29611293693085,-44.88497630421769
74.33195423881531,-44.76395068752301
74.36114482548959,-44.728009054259296
74.38832913951669,-44.655455045391385
74.40521543001041,-44.57666644243667
74.46431668564479,-44.46993000742608
74.49020723606722,-44.343537046044325
74.51556696930925,-44.26978853516458
74.54018736538323,-44.19554119181314
74.598695861697,-44.08872025886196
74.6361169548866,-44.05836828710104
74.6435908692308,-43.973994286204935
74.65107878597158,-43.889610737823034
74.70443428314593,-43.780046923961336
74.72448028798411,-43.70301821645298
74.77521352702952,-43.59206339471488
74.7991184048205,-43.46566140387682
74.79382740425103,-43.3739385224739
74.84286191467682,-43.262391767218936
74.8675939476796,-43.1880572745512
74.89056659885868,-43.1126513920216
74.93519285919828,-42.998727652430276
74.99287202508937,-42.89243325306734
75.0173548828591,-42.81783811644974
75.06884047153791,-42.70812584133775
75.08920257258308,-42.5809015536508
75.10652341938626,-42.50222922883285
75.11057617181645,-42.41602340348645
75.16099481743136,-42.30608961490447
75.20221059258701,-42.279531508696145
75.22787396260881,-42.155977048550135
75.24516064222583,-42.07731856523976
75.25415206613776,-41.99399049697281
75.31262441662986,-41.88901300437112
75.33007711452932,-41.81037870421111
75.35623043753385,-41.68763420347822
75.40577463343554,-41.57801322313674
75.4211603579815,-41.498255391548525
75.46894484594038,-41.387827113329756
75.46555801986764,-41.29777961381231
75.48612539539536,-41.22082073656798
75.53402302785447,-41.110663612438735
75.57326421731129,-41.084065902493926
75.59946298548061,-41.01016778548191
75.60993387138797,-40.92769506819278
75.6596858819798,-40.81882479469243
75.6871845070535,-40.69812607447453
75.72091538922835,-40.62818683462336
75.7315355694851,-40.54579591993603
75.7962160473914,-40.44521573066369
75.82507235870341,-40.4136599636403
75.8328787630165,-40.32981831747547
75.84070649481146,-40.24596987073554
75.90020242412466,-40.14287687058536
75.9389736688669,-40.02896042487962
75.91315191732215,-39.927457751271504
75.9539994892853,-39.81490592234008
76.02749449141376,-39.719575972208986
76.04047325605299,-39.638521028878465
76.06860089449582,-39.56531543635499
76.11438731184994,-39.45563345391878
76.12231054691287,-39.371912034525074
76.16898627943317,-39.26287032831391
76.20357407393469,-39.235482265926876
76.21029419891735,-39.15121461887426
76.21824716414385,-39.06756342340759
76.254257131073,-38.95340264452448
76.3087144731976,-38.84881294523037
76.32825846068384,-38.77110114253577
76.38453736276641,-38.66755283411493
76.37526164297842,-38.57524224168297
76.38846554708844,-38.49428104106699
76.40564217435951,-38.415286955117395
76.44410728029041,-38.30299262910884
76.41781520726971,-38.24607965669807
76.41335726846539,-38.1561898002158
76.44684729042697,-38.04157558717318
76.45620480928162,-37.95862471569606
76.4815007818843,-37.883547186671215
76.52715464322327,-37.775187510430804
76.51368324274158,-37.72414164369655
76.5433823579818,-37.60798404442539
76.5568686915722,-37.52698795593987
76.58988289265572,-37.45551090312234
76.60668851163179,-37.37605018573666
76.66602663714569,-37.27459151224586
76.65300337722672,-37.22318230462968
76.68914915139845,-37.11048680894175
76.67831585253822,-37.017583504832025
76.6960619233926,-36.938469408437264
76.71777067627788,-36.8612187187967
76.73434437370688,-36.781456981133296
76.7636787528209,-36.70775940131816
76.7425084925242,-36.60990158512952
76.7558908817336,-36.52853596325097
76.79916332603464,-36.41969430450587
76.81314631400477,-36.33861046719188
76.84173729723055,-36.26438873493595
76.85584431548594,-36.18328273902978
76.8699645947032,-36.10215075285151
76.8859470323751,-36.02185895851149
76.9155543579379,-35.94789850454655
76.96257167953931,-35.84105963217595
76.95444633364542,-35.79032297848212
76.97093108939987,-35.66936302020858
77.02793351060548,-35.56734999903273
77.01878591390997,-35.515840875292035
77.05083347894768,-35.40235241007032
77.08222620775048,-35.32895480132622
77.06597215326683,-35.273890434026434
77.10339203149839,-35.16296437136216
77.11869600351069,-35.082080642682065
77.14868779669925,-35.007826947018934
77.15885084247904,-34.924529794124986
77.1891634856291,-34.810646302644194
77.18915504221688,-34.72279920346478
77.20066758577848,-34.64012161752953
77.22136623644866,-34.56152920233122
77.2338826323152,-34.47923690212903
77.26407373052963,-34.40478645174815
77.2770565765115,-34.32262423525337
77.28565061688909,-34.238488174573824
77.32992431964726,-34.131256207205766
77.34729057751527,-34.05099799069249
77.33446657133673,-33.95744379468219
77.34416275348045,-33.87378173378063
77.33046387396871,-33.7798780816813
77.3482684677431,-33.699731266467154
77.41486358697964,-33.602548853434875
77.3957854644075,-33.54447722210612
77.45951118331162,-33.44602693806127
77.44237494919892,-33.350696405209
77.46545730528567,-33.27267932822735
77.4807316843113,-33.19126504570441
77.55573583621592,-33.0977547693554
77.53634779942239,-33.039013873375815
77.56252861620311,-32.92471792001876
77.57130972408783,-32.84046760495209
77.58520888766532,-32.758358338962694
77.61606281209964,-32.68335702762792
77.66281746216538,-32.57801484080248
77.65019766151833,-32.521596272786205
77.62119328671122,-32.42141420218716
77.69630705361439,-32.32800375618748
77.71359479877658,-32.24715751562837
77.74243014269042,-32.171050685077205
77.76116081218564,-32.054395050726704
77.73715949940927,-31.992737511377527
77.77305169448579,-31.88328264337004
77.75433062824999,-31.823633288350965
77.82080194563184,-31.726735907438496
77.83542569567184,-31.644620267734837
77.83364036046409,-31.591567475707848
77.8675813022107,-31.481465432603912
77.93116126335072,-31.383471419124177
77.9071630744408,-31.321150604098968
77.94357917443416,-31.21227163985615
77.9750610197215,-31.136742582575575
77.98545489864944,-31.0527454160718
77.99454569362317,-30.96820735560403
77.99875853633989,-30.881717437397285
78.01099146386996,-30.798384288540674
78.0576206380567,-30.693870548847606
78.08764676552083,-30.617513970906963
78.09826485052903,-30.533501773022575
78.11357799616256,-30.451295891117155
78.12469111789889,-30.367422862744277
78.1348055951531,-30.28313769007387
78.16670672059418,-30.20724905187183
78.20985645759403,-30.101636946089815
78.19153978537376,-30.04028416101546
78.23070794356819,-29.933211559565546
78.27962413393453,-29.83000662668115
78.26136409284696,-29.76842152936992
78.32619870182444,-29.671287655676398
78.27715257311718,-29.59787149939179
78.27980129623441,-29.510592275913574
78.32669739394532,-29.40677417967457
78.2904729878214,-29.33802981372497
78.36457307859112,-29.244440537090686
78.31731596624367,-29.138581355752443
78.35553655166264,-29.064535012409472
78.4071544367816,-28.962730761959346
78.43657064347002,-28.88533830306626
78.4500903281718,-28.802043420494094
78.4825992903011,-28.725668439124966
78.46484752259292,-28.630880761365507
78.47862959925519,-28.54760387158095
78.50115441150524,-28.467466410256762
78.5511512118028,-28.365292497050508
78.55206708923056,-28.309152384057576
78.57819086392792,-28.198419768382145
78.61836885416437,-28.124474352326693
78.62715917411671,-28.03924545688055
78.64931123885074,-27.95874671776912
78.71115673357089,-27.860949546137373
78.69602573842128,-27.798451286892636
78.75584563881033,-27.699930324663498
78.7814541214748,-27.620489812947955
78.79460832206001,-27.536639356814653
78.82716023648645,-27.45951657653327
78.87388023045557,-27.35652724040178
78.88715683282841,-27.303284099244213
78.93232551275376,-27.199763321918294
78.93016884937563,-27.1409418699454
78.97165581072741,-27.036193158372875
78.99221436041633,-26.954646773646388
79.01881165808034,-26.875108118856375
79.08005232121037,-26.807253523299053
79.13368562239546,-26.7067414071374
79.12958160680574,-26.646565963402058
79.19294823243021,-26.549321289543027
79.22504188206038,-26.47133439282937
79.26916028779944,-26.397279937155968
79.27960296752583,-26.31195007057416
79.35981543632747,-26.220302972032545
79.34013550342952,-26.15428975018442
79.40587533265857,-26.0578224871638
79.42141868466884,-25.974056514770787
79.42679620746937,-25.886942490990116
79.4773742499721,-25.81449770212634
79.52886476568001,-25.71346362158797
79.5213559853483,-25.65082610752326
79.57760641422797,-25.551339048516027
79.60203701097485,-25.470214171340686
79.63452408152958,-25.391603503601324
79.6689032777421,-25.313521408577
79.69759344220768,-25.233561223527463
79.72219099312439,-25.152245691749975
79.74682936018405,-25.070888007645326
79.77151685108029,-24.989490636851656
79.82795038564741,-24.89012839019335
79.8527184663542,-24.80870124203661
79.88199068999722,-24.728613112238328
79.9111872703293,-24.64843628979421
79.95640925854615,-24.573119387504466
79.94441722220101,-24.480181717117617
79.9604314136808,-24.39581548403959
80.02371241823097,-24.298654078029372
80.04876512286506,-24.2169921858298
80.07814866923736,-24.13657978813586
80.14785071006543,-24.041398857470426
80.16048350128632,-23.98260943852921
80.19049187185011,-23.87553481355781
80.25345378690491,-23.80488324843837
80.2411827370609,-23.738302566075472
80.29868664538934,-23.639404412836164
80.32405606213194,-23.55739680971081
80.62537168288618,-23.555954656216052
81.36481381431872,-23.65500836225307
80.99756612872386,-23.458113225737048
81.36724470255646,-23.474640311301705
81.46664368218453,-23.41266915918341
81.38453681175827,-23.298515865754535
80.90314979855692,-23.07068487633107
81.35025387968027,-23.107664486797457
81.33878565166253,-23.013901196634354
80.7291570022685,-22.751586189035503
81.14537268077812,-22.75327854423096
81.09267416751787,-22.648370221250914
81.1461189552929,-22.573105827764206
81.13593999345188,-22.48009458650089
81.34486815502082,-22.447569804399887
81.73172936193377,-22.463484439596776
81.99723516892499,-22.420400708165353
81.97882591710292,-22.34916445200274
82.07048070557683,-22.25819392729132
82.17324692071108,-22.170219731261856
82.14366919171,-22.095646522960962
82.16841692206656,-22.01107752144109
82.27243251369181,-21.923259786492697
82.27739736128085,-21.85757727305449
82.3447114320162,-21.759879698182313
82.37899835953444,-21.677581934634723
82.41220030098944,-21.594923817880787
82.43787056186449,-21.510226844086567
82.52050279579885,-21.416521756993
82.521841448286,-21.32545393888581
82.57272004197611,-21.247130483529197
82.60236171762574,-21.16325327039024
82.64160325749738,-21.081759297076417
82.68185243118234,-21.00043431231713
82.75990883916737,-20.905422559405558
82.7737442067359,-20.840385405737358
82.8351850968187,-20.741115963624253
82.8562596289889,-20.677589358666225
82.88913699899479,-20.571183965481612
82.93316003797332,-20.490340249277207
82.91836997092902,-20.417526099472468
83.01204811849873,-20.326118132313304
83.01898630634349,-20.235952803233157
83.00567362566804,-20.163169803374956
83.03478164237112,-20.056039582078377
83.05782048723984,-19.969697166502474
83.07402751748526,-19.881668741764123
83.11485846878449,-19.799470315085827
83.1432603501812,-19.714234448791608
83.15536729089402,-19.62509003764916
83.15653835816484,-19.53335001199251
83.19516092266852,-19.45036325518779
83.2046595338481,-19.36051430280162
83.25515709828214,-19.280138822193415
83.26911718091861,-19.19123070599966
83.31537866058667,-19.10970053146991
83.31999149234149,-19.018561285781093
83.34597641735537,-18.93226656093931
83.37715564237591,-18.847088480883365
83.40206118496964,-18.760430198522286
83.43017403036228,-18.674434698519097
83.45834520062412,-18.58838997278889
83.52634243523428,-18.49064843084197
83.51864156040553,-18.416985399925068
83.5566659186961,-18.33291112067483
83.58585535486219,-18.226655419433715
83.58983854851965,-18.155197686569075
83.58326477452245,-18.06128130814803
83.62516193841276,-17.957928550886255
83.62009611409877,-17.88418139107753
83.6080235571918,-17.7890833906715
83.60960730613765,-17.696902616815272
83.6141729706929,-17.605346193939344
83.67999619826153,-17.5072374065772
83.653894791318,-17.42857630381995
83.69915741006625,-17.32621732015707
83.71318732289538,-17.236591622762617
83.72088676787581,-17.16461087117355
83.75115777948862,-17.059265878135573
83.76454741783306,-16.969406471193864
83.7811556536385,-16.88016594520801
83.79298234414006,-16.789930607241956
83.79439524849408,-16.69759398383517
83.78084560876083,-16.62066038030537
83.82326144249848,-16.51804283254601
83.81923623921257,-16.442776996382115
83.85503683838078,-16.338930905825297
83.87885823616044,-16.25085935045582
83.83322658740956,-16.167225908645303
83.85829414907874,-16.061494499810745
83.86538132420264,-15.97015372116411
83.87994920913454,-15.880213528775379
83.86309631339623,-15.784327256807257
83.86021775342024,-15.691092979806427
83.84716716674208,-15.595973020788737
83.83199246052976,-15.500489163424586
83.84805506935464,-15.41078008696231
83.83785807893916,-15.316238166987608
83.84328031368919,-15.22455498224404
83.8603393269089,-15.134959995279134
83.8417407651165,-15.038931296372757
83.87087036812079,-14.951452093831874
83.88344916108231,-14.844568300227342
83.86685096161847,-14.765335925252463
83.87484489837966,-14.674034657456174
83.85921672089952,-14.57860910229712
83.8451154825596,-14.48348186031628
83.85316625275522,-14.392187864242352
83.8571117395677,-14.300175995704214
83.8507556513548,-14.206410061273749
83.8361780591439,-14.111274337385247
83.82678375973893,-14.017037560058908
83.82689347267291,-13.92440025202168
83.84978537043496,-13.82024603266498
83.81869236220562,-13.737744796385845
83.85413270208338,-13.63579571177022
83.85801967982857,-13.543840067088277
83.85052879913428,-13.464917400927666
83.88959942211649,-13.363695313171498
83.85325500374452,-13.279985598205585
83.88408337398009,-13.177583609625774
83.86934788261541,-13.082668543996915
83.84252027234093,-13.000266741419864
83.81482146170943,-12.903329570784413
83.81482634232059,-12.796543713852076
83.76508871840818,-12.710498513527781
83.75409493968144,-12.60232551258143
83.72682033868861,-12.50577869167177
83.6637643333991,-12.417697540283797
83.67540579472289,-12.313327016652622
83.65115549763523,-12.21739912317183
83.65116017554077,-12.125040481273254
83.62180585007023,-12.028458725313348
83.56368397507147,-11.941019616066793
83.56937609936676,-11.836378988544324
83.54127732537974,-11.740161205111512
83.54303593523362,-11.648168399736285
83.53781500192393,-11.555206279220778
83.52218034564252,-11.460826727343763
83.48810683797771,-11.376532738849823
83.47916299937917,-11.270585086085848
83.46733752120818,-11.176832152964186
83.45680148142159,-11.083276573599386
83.4551021140271,-10.990908036041693
83.43840167546502,-10.896584195826419
83.40916119722027,-10.80067342063484
83.38791596083884,-10.705853692663556
83.34961584704838,-10.608910098678367
83.35459556293571,-10.517512039286993
83.3515903761731,-10.425104281164224
83.31984055983123,-10.329139694595597
83.31346071279253,-10.236362315743024
83.32381962794376,-10.145637162456376
83.30316193268803,-10.051146749603216
83.2863675308686,-9.957163822764452
83.23184897936784,-9.85874958434708
83.2171454039314,-9.765127827958363
83.19159191021758,-9.670277334225933
83.22060217900072,-9.571198003702403
83.18608849723164,-9.485945933695968
83.18513025457848,-9.38363140521158
83.18323448603779,-9.291676158417095
83.1446643219935,-9.205821909650856
83.13327097632657,-9.112772909136671
83.12524931037177,-9.010166802576158
83.11231232041695,-8.926946730588202
83.12646053975043,-8.826940528706137
83.0704790237736,-8.739017101041425
83.04681476335865,-8.644835553300993
83.06676568082936,-8.545762883155314
82.99989484975067,-8.45667085627625
83.00537545015533,-8.356356687294019
82.99211447207283,-8.26349105869966
82.97467104679866,-8.179263621774558
82.99595443841952,-8.0808037063297
82.96115922034255,-7.985919437689767
82.97010161207383,-7.895273905273629
82.97703523710061,-7.804419713121958
82.97318479786425,-7.712547823506262
82.94588969044442,-7.626942675455233
82.95576081963972,-7.527947186250724
82.96732104656603,-7.437492967855468
82.97716065452197,-7.346860905386782
82.96305341132249,-7.2541132772095445
82.94105822867,-7.168621914160341
82.96615742918456,-7.071380714930949
82.98071688933415,-6.9811036055598565
82.99141284350759,-6.890473608642245
83.01456512679898,-6.80084048453928
82.98916379133813,-6.707232160388401
82.98915375782006,-6.615704001702327
82.99450428022088,-6.5245972842393165
83.00299391656348,-6.433722083546878
83.00955119595226,-6.342680507150121
83.02244792667842,-6.252101866671981
83.03115554998816,-6.161183933514219
83.03116113655514,-6.06961067104999
83.01522644413109,-5.976889735840202
83.05882728799494,-5.8819376080879735
83.03682480810234,-5.795284917553962
83.03827932225069,-5.69752120238953
82.97955053735015,-5.608254133163607
82.96712420170627,-5.5159112353648965
82.963707139644,-5.424184775379399
82.94972751762378,-5.331786919494282
82.95305997446017,-5.2405135803762875
82.96640899893231,-5.144181203345762
82.92915751665737,-5.056081198010904
82.92739516568152,-4.964514514545266
82.930761920287,-4.867884411408011
82.88137986040802,-4.77894280018112
82.88977692682775,-4.682844597670849
82.8677052564012,-4.590304943162548
82.83622751486813,-4.502263250671774
82.84665146294644,-4.406599657294302
82.87061936312544,-4.31657857651039
82.83323122029302,-4.223376356629131
82.82600700014332,-4.131761237547073
82.79319947230803,-4.043368451836325
82.77914974879054,-3.951386568136266
82.800373115238,-3.8568268714866267
82.7738484347851,-3.768553732515635
82.7922456344475,-3.6740291197087784
82.7710421252279,-3.5819019540893144
82.72359281442267,-3.492562283706209
82.72260672829331,-3.3975401837981685
82.71490167249222,-3.306099345538481
82.7237702789049,-3.2153196716501964
82.71710439834645,-3.1239337743641196
82.661430105394,-3.0307656800968177
82.63544414889411,-2.9387760655663997
82.64379918015761,-2.8480271479035224
82.64043566995326,-2.756868893026717
82.60764087786983,-2.66476865075245
82.59451918038687,-2.5733536106101647
82.54050713980207,-2.4834744958288844
82.56180783475182,-2.3904229974343343
82.54762429320981,-2.299072243459831
82.53350484899485,-2.207754455190292
82.53315734890163,-2.1168210013958366
82.55716186857782,-2.0242560105820417
82.50951996017108,-1.9344185112645989
82.52702180582776,-1.84391143948617
82.48252573117853,-1.7520488792029678
82.45928484649008,-1.660712433742951
82.46045378562044,-1.5698919128970055
82.4711773909968,-1.4776123546803757
82.44221468524987,-1.3878967355510292
82.4593583314773,-1.2973424888988683
82.4431102725857,-1.206261900101705
82.4212202597372,-1.1151407768633703
82.41253572748707,-1.0231048816906538
82.36834835720897,-0.9329402449710494
82.36115785228355,-0.8421241302857453
82.38515696185033,-0.7507812929118982
82.34987359895847,-0.660564270656003
82.33410810031175,-0.5691059707362032
82.35564166524166,-0.47862606200741437
82.3068245694674,-0.38819451179696834
82.31564555193772,-0.29755158295875933
82.29381488556595,-0.20658460032452622
82.2752408732013,-0.11612548990935094
82.29303101680033,-0.02546292901284075
82.27910271564838,0.06508590494166416
82.25109098188763,0.15574883993573332
82.27859341663226,0.24617342972478873
82.24346432548994,0.33694442353711623
82.25640854743995,0.42714615442504805
82.224303579158,0.5174636580214188
82.1875401258695,0.6083455150441727
82.22087531460053,0.6984029780695429
82.2257738734585,0.788930425803244
82.21116714937355,0.8792600430772368
82.16586179016794,0.9691954035074098
82.14788677545957,1.0593835044096744
82.11195743966152,1.1505468721716123
82.1308769007991,1.2399269607983265
82.1261550818387,1.3302318878271415
82.10125079995865,1.4201773087948593
82.08832964837607,1.5102883872507575
82.11115908759865,1.5993081525013304
82.08413197001381,1.6908710921326284
82.06424094612679,1.780769430458605
82.0568160691676,1.8709082204919552
82.0591537671352,1.9612640005420237
82.03842518498307,2.0510482440221054
82.05210910234038,2.1416850843984148
82.01587608987627,2.2309942025545957
82.03409356170032,2.3217646563750365
82.00731089120136,2.411252070938459
82.01671015096252,2.5017842091975364
82.04228744444377,2.5899981430495718
82.03447442056662,2.682876722163525
82.03725375764704,2.7732459985006854
82.06663116404907,2.861400956500247
82.0694646306064,2.9549625315310406
82.08826103918973,3.0426255442068944
82.09426405752131,3.133089858212069
82.08369829693196,3.226463494643748
82.09140422960915,3.3171043620818796
82.06704143923704,3.4064310840398213
82.08073687897007,3.4973257845061165
82.10024008806873,3.584559828140369
82.09999960350568,3.678841396080498
82.0969494658461,3.7690487942968
82.11499203638971,3.8559976961383517
82.12644901903855,3.951156182079877
82.1358225871879,4.037550854615451
82.14993567513758,4.128547618898815
82.14080058240934,4.223023631679979
82.18400961151578,4.310940972781774
82.20815396469142,4.402574462000243
82.22669381868779,4.4939547283927554
82.23432910389188,4.5847677977598265
82.21454658161962,4.679182477259352
82.21515693737904,4.769691370004487
82.24229049006597,4.856425248372621
82.21650278997484,4.950720720964502
82.25589201194971,5.0380673797849065
82.28716075831858,5.130436401539002
82.279174043685,5.2261283200239355
82.28295244451148,5.3110724724946206
82.28667438964845,5.401766027537319
82.29066185965344,5.492485487690376
82.29648573949444,5.583338304001541
82.31761735599255,5.675259292014084
82.33341285415581,5.76685298169129
82.33471949322522,5.857450632291158
82.33935497742686,5.948291635206182
82.34707792153368,6.03936926480387
82.33286112855085,6.1288306865340045
82.39770422480458,6.21739849892161
82.38412575686291,6.3137676878358135
82.40316014798495,6.4058078117476205
82.40468936950954,6.4965097336792015
82.44104929391905,6.589999241077845
82.4420750638522,6.673369700727734
82.44622107289553,6.771670047445261
82.42716389585968,6.860712547098198
82.45359780463829,6.945914273980987
82.45733636087364,7.044505743516723
82.49215824058271,7.13815984485934
82.51740142356539,7.2231111370067245
82.51010080020951,7.321110273881208
82.52442734743937,7.413096132252091
82.5266662773259,7.4957746781491394
82.54135810545128,7.596083560855188
82.56486803791974,7.68056341328269
82.5711190892355,7.780354375859589
82.55772203257057,7.869843288279787
82.58884588491561,7.954851317468998
82.5585486197676,8.05142642982899
82.59492254651902,8.136821541637334
82.59563902416306,8.227585375975973
82.57231634142404,8.325071033478556
82.58606708282036,8.417239827878406
82.62427772719107,8.502612249578156
82.60515838713535,8.600792447365952
82.63508953671311,8.685197997704273
82.64569431147184,8.777060804987395
82.61581785326028,8.874347682896632
82.63115789234563,8.956981525392576
82.60978605779128,9.045373664254601
82.64950695159195,9.140475310590917
82.64950575232974,9.231227576433792
82.67062576170207,9.324362085999399
82.66822547079131,9.4148643123237
82.68437739351918,9.507494500743887
82.67846347461611,9.608148805902227
82.69292896290584,9.700729745597734
82.6661331869673,9.788456761262838
82.6314335024237,9.886047480722187
82.62315504562704,9.975980182576821
82.65749337894464,10.06001654000347
82.6258202582548,10.15815412561246
82.6400076869155,10.250840035703146
82.5914070989647,10.347086230363884
82.62479885978941,10.442294680988798
82.62208109818958,10.532973327308587
82.60362624499929,10.633336834348217
82.63595939316285,10.716817408465346
82.64650024164891,10.809233444973508
82.5898094322661,10.904818986985983
82.59952377202526,10.997199259866667
82.59410605279747,11.099811403745814
82.59524965474034,11.191158585575058
82.58583747888134,11.281066393784009
82.57187070365326,11.382894103918872
82.6105419691554,11.466861734727837
82.60290107911172,11.557003072485866
82.61523021513226,11.662820531612345
82.59860341337766,11.751771318680627
82.58136396807235,11.853699655494976
82.55951658401706,11.941919462128636
82.56500994778654,12.03407590729714
82.54602403922475,12.122649501504398
82.54459834292385,12.213779389460338
82.54315661678088,12.304903732617209
82.53781522340161,12.409170535737118
82.55530533367737,12.503252399666033
82.5515239720145,12.608094692325764
82.55549647985993,12.700255354433073
82.53457369767335,12.788567352084428
82.5337560507164,12.879970490176222
82.54309358822302,12.972967864452691
82.54309422698147,13.064508151724175
82.52801418909988,13.168248392659498
82.52307738706817,13.25908026607871
82.5251562860473,13.351036187532058
82.49446509433558,13.452594224631376
82.4790060311128,13.541745716024312
82.46984415885805,13.631903741097993
82.46715987155359,13.723119315990731
82.45240205755002,13.81230638428652
82.43610625171041,13.91666917163242
82.45432362185096,14.01149156737766
82.47257899354942,14.106361003985482
82.4651036119238,14.196841369108189
82.43394105510299,14.283200858471865
82.41635308002714,14.387867539814366
82.42663073720284,14.481480100578727
82.41133958547383,14.570594909527273
82.35631832183167,14.668947310260606
82.39365503193862,14.76748151675766
82.36368640253504,14.85396074950193
82.36785415589695,14.946567569384644
82.36652136804031,15.038179416100236
82.37129121091574,15.130909291846754
82.34148552111,15.234248981754593
82.35340630406097,15.328396084043764
82.32602640418611,15.432440111469138
82.30666472007789,15.520802784361491
82.3225452619963,15.615807293659989
82.3127078080163,15.705940096879264
82.29952328700311,15.795408521151703
82.29026430653566,15.88560527370638
82.24881448225196,15.987399836191067
82.26515821019088,16.082625315773356
82.21115096283785,16.182161858158793
82.18232759024878,16.268547300382473
82.19623720964714,16.345065917836752
82.14146105440528,16.44448381032638
82.12018437151148,16.53221360450842
82.1091607539405,16.621971335968755
82.08515297224946,16.727799478075564
82.08515750479123,16.819853606250952
82.04972355658077,16.923585104858006
82.03504042248382,17.01265684594586
82.06244877276667,17.091283634123776
82.02750274417183,17.195277307968794
82.01449100796533,17.284626896444706
81.9823458372346,17.369893399174135
81.95130617274701,17.474942213136988
81.97119815598982,17.571315940380245
81.94915816761724,17.678568670416205
81.93115149175658,17.766874815560854
81.94315467628299,17.841606131645072
81.9105481763691,17.946741902357697
81.90186040806582,18.036996092752474
81.86738954137824,18.12152358728447
81.84791267120598,18.229821911125384
81.81144743964309,18.313859743800446
81.79124966642301,18.401475289819288
81.7831326174926,18.491776872672464
81.77196601501733,18.58136720588838
81.73253587682936,18.685527140291747
81.69742743786551,18.76963572752563
81.68443100355513,18.858770202875746
81.66508698240541,18.96779381625934
81.65189237656833,19.056916815409338
81.65403647438946,19.128011130751386
81.61540740505815,19.232694362170044
81.60689873477747,19.32282611270944
81.595358081525,19.434159108586897
81.5594077453717,19.51778384060855
81.5329977371951,19.6036211589325
81.51295033383343,19.71321779318239
81.53056387147967,19.787345329894826
81.52214604690757,19.877447504021372
81.45785724368959,19.976424063416594
81.4288532425438,20.061455098144275
81.41482784863707,20.17295515226298
81.41115846844343,20.264274163679193
81.40003088802248,20.35371997105025
81.35444476548552,20.457661180463877
81.37221567141329,20.531133084078228
81.38076963560961,20.625485129650396
81.34401858313706,20.731809369666383
81.29376888374652,20.81120211228449
81.26572707929164,20.89619128062111
81.22844888591526,21.00255150820895
81.23304151410932,21.09597439319761
81.20673637574113,21.205426100330904
81.20471308945399,21.273024072795963
81.16957167279068,21.35598149315853
81.15311794990023,21.46817298949731
81.15970032149237,21.562171169888614
81.15148739074232,21.65223674246275
81.07796583174758,21.749507618595892
81.0751338449766,21.84101356376
81.07655705045228,21.93366422155139
81.07105202276027,22.02443593721658
81.05463823240942,22.112219143540965
80.98793959234493,22.211466974359695
80.97981497342712,22.301500903986756
80.98584435806339,22.39543039959309
80.94235924967388,22.50126092686278
80.90763440982224,22.58389279260551
80.91754635173923,22.653117246796832
80.8748996105913,22.759250922427405
80.85923480876495,22.847072501842558
80.81133003159803,22.95189149222977
80.80494312499985,23.04235067565986
80.79694406354965,23.132333709055125
80.77115646857503,23.243727859339156
80.76907350352528,23.33546610266474
80.76569345748212,23.400071678940503
80.70883238575047,23.50259907682616
80.70091406219592,23.59255298435313
80.66667265649325,23.701859945541713
80.64001739591589,23.78632360987364
80.6209011943179,23.872958677386638
80.63283373393003,23.968779482610703
80.62716104287101,24.059374151446708
80.61932105077064,24.14930662569665
80.56817529153611,24.253959059222307
80.52241261473496,24.332449462024304
80.50410979505567,24.447177146023613
80.50533404540091,24.53990181222003
80.49842192657378,24.630139798570113
80.4723394986982,24.714474386311768
80.44630065872529,24.79876256897975
80.47216230149664,24.89904964016813
80.42594987511566,25.005698445147974
80.39690939553478,25.089003733690888
80.31472151070844,25.184519848464777
80.32671948113357,25.280641981080596
80.31050806200291,25.36788113383429
80.30698787709082,25.459106411041134
80.29356474261105,25.547172750871283
80.2647003243062,25.63027748252656
80.23736446338944,25.74340553891544
80.24137874809448,25.837061458718715
80.18714908313403,25.94176775862949
80.15402550709021,26.023425529211366
80.2046445358982,26.102210411172283
80.15082440045826,26.207126361867665
80.12540976676891,26.291157247255242
80.10514887986562,26.376826567373687
80.05992067797793,26.484721637257714
80.06824944528054,26.579858252865538
80.06072490056162,26.66973305128479
80.01472297280247,26.777624112936973
80.00962897236003,26.837339497668047
79.94953297939306,26.94050960509364
79.93469004881833,27.0278417988563
79.9247360225602,27.116798405437688
79.88476411871808,27.226963188607893
79.85329800529492,27.308585110569258
79.84584964871027,27.398375728874655
79.8336703041556,27.486520253286848
79.81697475398195,27.573076467710873
79.7896298353851,27.68792262218479
79.76309619662749,27.771064080284333
79.76154554116312,27.86287133131561
79.70758219728584,27.968687008870884
79.70022647956613,28.05848905981409
79.69287038735887,28.148273925984668
79.68551467079472,28.23804187190309
79.6635557056416,28.32260090590921
79.64086854516546,28.406849295538816
79.60238503041508,28.518449084330225
79.55894903321074,28.595214016740417
79.54696900599069,28.716545502426886
79.52644493767373,28.80153216026018
79.54580065267268,28.867421527792924
79.49720015642811,28.975664568512904
79.49888469667813,29.068642410309252
79.4825985266719,29.15503232555757
79.45457709493537,29.271074035579293
79.43517889109545,29.356324919193593
79.3868111656097,29.46506399644223
79.39800015236908,29.52729289944771
79.37374541910775,29.61059854148092
79.33986332035539,29.72482027565303
79.30970575565756,29.80588035646825
79.32136951027465,29.90263603423928
79.26169794350308,30.007388311118245
79.24328000849451,30.092804435071816
79.18655449043689,30.198794017832086
79.21924174074763,30.268397601236153
79.19100156885877,30.34993543581634
79.15549244174775,30.464130927680046
79.15187450532073,30.555128561369788
79.17401436874594,30.656091140711272
79.1190755009657,30.76307884835998
79.10312904604288,30.84931960008218
79.03235781198325,30.95024687554046
79.04457679817101,31.01123014475229
79.01943671841165,31.093710290045642
78.97622003460049,31.205464663190675
78.9590972303815,31.291079710332202
78.93223004594962,31.37278164278014
78.89844550814293,31.48850418043556
78.89147621759726,31.578132419055834
78.911308709567,31.64144048948311
78.85152215529499,31.74686567254878
78.83925533630132,31.834275383200072
78.78837589568805,31.943436859347653
78.78148539901984,32.03303229858105
78.73566395852158,32.10673636204287
78.71069101058744,32.22665200148654
78.68648809809768,32.30912857609367
78.69625890743183,32.3675352043758
78.64868882515225,32.4782912432551
78.64184120967107,32.567797087173986
78.60060891439564,32.68137811052638
78.56966722702548,32.760870145609665
78.52155272574642,32.83310877410394
78.5149987697628,32.92266132366179
78.47748612545396,32.99918057427248
78.44673794704623,33.07846399145282
78.42743242715744,33.20154141255278
78.42366218179156,33.292239468634236
78.36587421952443,33.39924003315538
78.35326300295057,33.48618513325687
78.32323649025047,33.565637142185146
78.28175765689437,33.64009697640882
78.25315843271659,33.720009008127086
78.25315896460911,33.812211242500766
78.20462660937288,33.92335613061433
78.19219007052644,34.01020029712996
78.16478292186852,34.090485898478484
78.13892150780082,34.21174044378233
78.1085978435688,34.29071282646027
78.07855244530897,34.36973607356699
78.07189806394494,34.45901256992329
78.05953142987514,34.54574535414901
78.00168277018392,34.65319351686828
77.98264579856973,34.7369453209216
77.9720282560249,34.82441244939022
77.89392694018525,34.922928602535016
77.89959508923542,34.97628385739114
77.8617129281561,35.09283619781892
77.83475908786222,35.172831204123526
77.79868196558026,35.24862886284318
77.7471592339821,35.35918414232954
77.7443516686858,35.45005262387932
77.73780881980151,35.539206799577634
77.67427437938181,35.64447029494078
77.69474217490615,35.703691235743996
77.69424457930366,35.79554853709343
77.64672782524903,35.90824583087835
77.62860347483686,35.991981450503005
77.5494693858137,36.09014097298069
77.5305019642085,36.173424109550666
77.50987707701684,36.25588688431563
77.46059953113564,36.368071238055926
77.47132537723527,36.42193387090692
77.43181621218852,36.49535224670076
77.35932062832782,36.596568927901615
77.34793092474354,36.68318340871348
77.27841551581636,36.78589036278438
77.24299287465648,36.861015792174136
77.23241145497234,36.9479408792024
77.2234006916535,37.0355940353621
77.19420657414106,37.11352195311862
77.16504794683344,37.191397442707974
77.10649388582134,37.299419878889715
77.08962819701603,37.38317533876971
77.04016222536953,37.495749037436624
77.0196936178788,37.57772717501868
76.99448702577901,37.6573391374643
76.95504423058932,37.72991112228554
76.91566184186323,37.80241862794852
76.89535863159841,37.884231897547956
76.84453902902767,37.9962827681189
76.81397283262042,38.072973417466926
76.76548747031619,38.18632635386583
76.73790011622827,38.26442639204078
76.75115430704896,38.317024990542414
76.70764415675048,38.432913472803115
76.68358184402618,38.51261563849405
76.66708629359935,38.59606951070815
76.58940929702054,38.69491207910076
76.55296567626314,38.768211417213635
76.50343519624572,38.88136070802635
76.51679470842087,38.93323008606125
76.4730169120044,39.00257089348815
76.41928824107343,39.11357840999834
76.39547251724281,39.19302151886694
76.35063016200361,39.26159502364067
76.30659064083423,39.37770641435235
76.29119275882869,39.461377889852265
76.25603870103484,39.534769838555945
76.23591694096159,39.615888867533016
76.19752700960248,39.68744460032358
76.14515206069387,39.79940203188762
76.13294895493699,39.88456111878025
76.1086989156834,39.96336522419016
76.06451551863489,40.07980978406714
76.0377858708869,40.15725845312501
76.04951255717819,40.206598680737414
75.99157554187941,40.3158085250121
75.94136822670576,40.380588991739145
75.85398661886082,40.474159122535326
75.82652788086115,40.55089641473573
75.80191105204074,40.629090754335735
75.73603180648824,40.734153962747975
75.6982108857242,40.805156376290924
75.70579714187117,40.85130426704904
75.6708257311396,40.97301662645199
75.65507246442512,41.05577890806753
75.62180129516979,41.12897558285613
75.58515789073726,41.25002974721827
75.57858968524519,41.33775519651161
75.50862890937928,41.4407821130029
75.47441679125886,41.51330019537214
75.47865004259472,41.55666091724335
75.40721108115982,41.65876123618721
75.37644789378827,41.73294202885441
75.3462470336063,41.80736041714296
75.28657585898874,41.916019848819396
75.27390015208336,42.000124774985494
75.25242512573362,42.07927863885042
75.2491563158127,42.16858299812723
75.23653673067747,42.2526280707298
75.15172191356605,42.34729615612732
75.1394182015667,42.431472764667234
75.1215513184526,42.512471249376965
75.04978912482892,42.61453272258037
75.00723670300397,42.681430515674776
74.9371995879688,42.78449292400628
74.92915155612742,42.87097354153095
74.91981487992048,42.95669572580137
74.83725794364504,43.05265400941466
74.8176749605537,43.13243895570571
74.83850331444575,43.182970286530534
74.77877146561664,43.29201781078832
74.75477851208757,43.36910163406993
74.69838737408634,43.4802057946764
74.66188678043339,43.54993147993519
74.65101963940856,43.63455132369478
74.59617775855914,43.74669045302151
74.57236811336283,43.82370097301449
74.55680539305561,43.905509904712744
74.49624876933017,44.01442450144149
74.48166906034507,44.09678435578823
74.40213157067512,44.19455150817684
74.389459035059,44.27799650979255
74.36697023874174,44.3555556900204
74.26198569175644,44.43809936825285
74.24051751954399,44.516154348653934
74.2253374151933,44.59793491216031
74.16966630753988,44.710043700913
74.14318750358356,44.784975649679666
74.08012592183191,44.89273547969907
74.06847671122041,44.9765894679049
74.06104302558342,45.06297982587025
73.99739580895935,45.17052279711332
73.98193908558562,45.25200630396158
73.90328960452494,45.3504541469593
73.91350196416074,45.39181527878761
73.89094915150208,45.468772123652656
73.84637642665767,45.58812125744709
73.81096353268933,45.65707986796171
73.77543613722443,45.72588036344157
73.72575450690069,45.84220954964814
73.70521376684185,45.920239364621956
73.69690233630966,46.00585280848364
73.6130281368518,46.1009766348271
73.59865153705199,46.182755607160246
73.53372855900183,46.28981675751453
73.5071818635183,46.36388712087923
73.48687414701229,46.44183478969891
73.42123240537849,46.548513939118244
73.38948928559012,46.619137390603626
73.33224490757395,46.73123627152879
73.3360870255986,46.824479264556004
73.31170667886457,46.89967702187992
73.25388574139791,47.0115833031275
73.22810627276102,47.08581229727549
73.20200647520613,47.15977100997336
73.13796928023785,47.26777009344506
73.11274225913499,47.34220908313347
73.10729511130522,47.42941793219763
73.08918060822964,47.508379407655674
73.05774877681179,47.57862305094235
73.01462264574167,47.70036085838639
72.99058201810529,47.77535887011957
72.9726198351765,47.854283279725436
72.91430344991585,47.96625582254127
72.88929610159832,48.040495438879844
72.82596687993906,48.149276088260784
72.79441197659531,48.219098728353025
72.78856334851672,48.3059026371951
72.72789911061018,48.41656153604794
72.7079277140508,48.493956710940154
72.70051210840823,48.579692052542406
72.66541387463386,48.70763072318399
72.63515831739828,48.77806337577318
72.56132020598581,48.8801438841968
72.5424958789306,48.95817359754782
72.50947994771465,49.0265607218446
72.46120051347712,49.145980348940576
72.436074114193,49.219629501840174
72.42764016728309,49.30457900080581
72.38290943199156,49.426635916703106
72.36716116519263,49.50660036623066
72.36068857468254,49.59288247914057
72.34100318281294,49.670076318991995
72.30950532170347,49.73909543366532
72.2461904511958,49.848599211786656
72.21225496595001,49.91582190474224
72.18136292980863,49.985066975393586
72.13086707307413,50.103522080276626
72.12564666261453,50.19053852418968
72.06740872657485,50.30379999086001
72.03733523432145,50.373453958158834
72.01333649005403,50.44728776675667
71.98277874208132,50.58010381250528
71.97324518097369,50.6640839044057
71.94855808295173,50.7373538614488
71.90953600748558,50.86451884554754
71.89296550031854,50.94349000990864
71.82052512529607,51.04715479667092
71.79125335121361,51.11702782530679
71.77124854304476,51.193436907000645
71.70751837807586,51.303351869724835
71.69916262769267,51.38805017166145
71.64673841961446,51.506225826500796
71.6383659555913,51.590921217867006
71.61367269439036,51.66382119090219
71.55481248263983,51.77753139555548
71.57044245008106,51.81389040319627
71.54016492382023,51.88256072370045
71.46036084986399,51.98099640225252
71.44796852233401,52.06256999368568
71.4377709907397,52.14571424348059
71.38315918266933,52.2626193561334
71.37026060468595,52.34378001170555
71.31412481729875,52.45973977652576
71.28814278739006,52.53124204097028
71.26705326359018,52.60628969209771
71.20494350529677,52.717962508505366
71.1720894272552,52.784221013171646
71.11440401440449,52.89927467094751
71.10936821049319,52.98614689424751
71.08863167462513,53.06128709470821
71.04149181576886,53.18440859166938
71.02256334579775,53.26086103706671
71.00365139902917,53.337277590022126
70.94728069785782,53.45366497025117
70.93538095557088,53.53532679762768
70.84706170434572,53.6277013969942
70.82843126383318,53.70420562614622
70.79881190928147,53.7723160135058
70.77897532534448,53.84779323458839
70.76240223015705,53.925706701955285
70.73889904664763,53.99828770905462
70.69089448528213,54.12130833052051
70.67219432571777,54.19751387455018
70.61795042743101,54.315940101702836
70.60436828645742,54.396044960328034
70.57985778639434,54.46768137888225
70.52552484750238,54.5862101584724
70.49866714537147,54.655954640371334
70.46938441156819,54.723746958630805
70.4059450880996,54.83531330160223
70.40103495514387,54.922012075453104
70.3472961870325,55.04131590130068
70.31341972596367,55.10533694151569
70.28892648671011,55.17663655788973
70.25636593959098,55.31274366049915
70.22955471486353,55.3821705564247
70.20938090125787,55.45677106380159
70.14127871324708,55.56503104884025
70.11751353028612,55.636712150285426
70.0682949391089,55.76007734359537
70.05617215014531,55.840975349354956
70.01981290014142,55.90249208717844
69.99140550377689,55.970273725561036
69.9734068333038,56.046318968134216
69.95119125813608,56.11893463789454
69.89382246723602,56.23592855161787
69.88901751863519,56.32250866504997
69.85135707941156,56.45561751515812
69.81450314240003,56.516298015212634
69.78744843133758,56.584828379408044
69.73460001608902,56.70582156935282
69.71412710904667,56.77962761118162
69.6924652030086,56.85241058663766
69.63721479828513,56.97161411112011
69.6348489306088,57.06014698464981
69.57624566827357,57.176801785275494
69.56763260908218,57.26022237748537
69.54182534052742,57.329445860937376
69.46655813294245,57.43247606229841
69.4511613526771,57.51021140752257
69.40638553348805,57.63861877842303
69.39068366776333,57.71608311062434
69.38594182114691,57.802636834994246
69.33413780935122,57.925461469089214
69.30518872807339,57.99178635990009
69.27838230050676,58.05983132187794
69.24013026210888,58.194199033150966
69.26128602617617,58.22640986600588
69.24094035816245,58.29973232040523
69.19011083770648,58.42359439031903
69.16674126141429,58.49430912243041
69.10837524447142,58.61196605774973
69.10715531438342,58.70141964648827
69.10536052194955,58.79038098471291
69.0512150198886,58.91187109656766
69.03489729526002,58.98846156792721
69.00028005941525,59.12687046906558
68.98207545941672,59.2018324218108
68.95058831677815,59.26532978723126
68.90715943852486,59.39644180503337
68.87491709667367,59.459189419209494
68.85269756076063,59.530518052054525
68.80819271093591,59.66091843411355
68.79520407562242,59.74021053981997
68.72379201075405,59.847434194849825
68.69803552220107,59.91554974186791
68.68799159798094,59.997321943876635
68.62115409932423,60.1086092838175
68.62115614128948,60.1991744384224
68.61587002160103,60.285093482007895
68.58440114447765,60.42771015078074
68.60622265678944,60.457704735863686
68.5519781011405,60.5803264089126
68.54001677156238,60.660331837146536
68.50504569525262,60.71991080680466
68.45122252523929,60.843067033438544
68.4370514720374,60.921030477219986
68.40595407861025,60.98386659521843
68.3485875666318,61.104022734678814
68.34312639344729,61.18969538093566
68.28930484982146,61.31323127727725
68.27020344345739,61.38665952876703
68.24712717493942,61.456457735496286
68.1886153993455,61.57593471515317
68.16960419059478,61.64933218975335
68.16152003667142,61.73257557365725
68.1079349282271,61.85670589147692
68.10538068703077,61.944986177475435
68.05715572009343,62.07423618095556
68.05651450187571,62.16430701296488
68.03150989006767,62.2320896271555
67.98116042250376,62.3596546536399
67.97008573722145,62.440157076107525
67.88896883403892,62.53961075138906
67.91082965887095,62.56688653067073
67.89359724017744,62.64156943623893
67.84603252957784,62.771907801588334
67.82232343435354,62.84055693486565
67.79426983262776,62.90511154408722
67.7352593941533,63.025003205938035
67.7050650919639,63.08745797170105
67.68261931419349,63.157062397262145
67.63476195884004,63.28750164069073
67.59834424776756,63.343952420686506
67.51624026823848,63.44239560971506
67.50950135004095,63.52659329198301
67.5030279280691,63.61102308910163
67.43296729743214,63.72087873136918
67.40249434901314,63.78259113261497
67.33055708852518,63.890720837654264
67.30861345640419,63.96040160097652
67.29758002747705,64.04040550733463
67.23638979296655,64.1588512084108
67.2067872040904,64.22109166346924
67.18495454788035,64.29068761493116
67.1256707156174,64.4110604111512
67.0785059044254,64.45624010152973
66.99650604404393,64.55480698919145
66.9719556253779,64.62156668392286
66.99459559938403,64.64658203680446
66.94833963599768,64.77954647354746
66.93746599825525,64.85939389413079
66.89490610605914,64.90846662146502
66.81661006327256,65.01046848632423
66.79407423774968,65.07883896028922
66.7122144623603,65.17737932086224
66.68510708610866,65.24116745138737
66.66366201731124,65.3104295572208
66.58714054171047,65.41415201315134
66.55350029565176,65.47132018981243
66.529306365881,65.53770268634996
66.46355718109639,65.65202120984937
66.42000411847958,65.69915701422435
66.3528853603512,65.81216466033689
66.33411681008701,65.88371193532838
66.32610661320717,65.96590811680042
66.23868915946846,66.05878721530154
66.21755989194286,66.12784228711462
66.20709232696134,66.20750161041711
66.12191964995151,66.302567841538
66.08818431809337,66.35881380310309
65.99782064433298,66.44859506701151
65.99342103958337,66.53349538443365
65.96918675087508,66.50979958467039
65.92746910554402,66.64769416395043
65.89432115893298,66.70411590133594
65.86856333294263,66.76793818479491
65.79865771058934,66.87815384627864
65.78533915638708,66.95452256113148
65.69050528621229,67.03939904492907
65.66193381016794,67.10010080902231
65.64313715651056,67.17072666509658
65.57312394817109,67.28089808167648
65.55113170745568,67.34816430899753
65.5305701430503,67.41684211778394
65.46169342293592,67.52823211871765
65.4288403950202,67.58412864986154
65.34654117317109,67.68167036016204
65.32078229441319,67.74475257703943
65.2881938339698,67.80067159632078
65.19641460284828,67.88824080268851
65.15735382235366,67.93722749044235
65.06178535800686,68.02071074174209
65.02430450258815,68.07112572535385
65.00364419691742,68.13906929759031
64.97504496975674,68.28815568256687
64.94368015487777,68.25976096245309
64.92635621182136,68.32644971148169
64.87665338499595,68.45787270167442
64.8368348660573,68.5053215576216
64.8080901403619,68.56437615792994
64.72468987901676,68.66019368814041
64.69268635966063,68.7156340501615
64.60279598950369,68.80449075515219
64.56796760423231,68.85673810167847
64.53494086356098,68.91081287339077
64.45001417237192,69.00478538000472
64.41388389234832,69.05535294807608
64.35538700674367,69.17766299513994
64.34086197617266,69.25132331847936
64.29307817562425,69.28910012542579
64.23599910918692,69.4130252932877
64.21301860585096,69.47741285570392
64.1792480234128,69.53004688063717
64.0905392024877,69.61972458638608
64.06646456304131,69.68271337230405
63.986463889263206,69.78182125654538
63.95557506225223,69.83724485530803
63.92468187971546,69.8925776163677
63.84125814101934,69.98783127419594
63.82879873167028,70.05454329962946
63.80086155194212,70.0325638846397
63.74515782533347,70.1493009817322
63.73985337274531,70.23239703958028
63.647773710377365,70.31785450348431
63.619837037110536,70.37588014909863
63.600740299529456,70.44361876292561
63.54359165437698,70.56770247750157
63.506113391008874,70.61493661120228
63.47765974625523,70.67211332273989
63.41146664489706,70.78618205386648
63.37133873217128,70.83017819599081
63.28146105745212,70.91775119291015
63.26518432832159,70.98827686543726
63.2218233499618,71.02832830420276
63.14042700633097,71.125267724769
63.121273776900956,71.1923814108252
63.10050288100132,71.25761448905294
63.01432908329333,71.34908927887167
62.98513855770735,71.40466009519604
62.90463410362766,71.5025098091406
62.887861800581206,71.572055160198
62.844641659173774,71.61141595689362
62.75707705749865,71.70109010667117
62.76774681570193,71.78911694914231
62.74104065834746,71.77129620712849
62.67036096734631,71.86730014987545
62.64457566233195,71.92612268759132
62.5755913632559,72.03685648605264
62.5429993215051,72.08770984595084
62.51383887106796,72.14243123735037
62.42280826087771,72.22764081565285
62.408772076864146,72.29970829917565
62.40155834761279,72.37964943455977
62.283119676122034,72.43289528905356
62.264503448995775,72.49947437962652
62.17976002321196,72.59177272980585
62.150048507461264,72.64527785360792
62.12093293173527,72.69939607684015
62.049708007430375,72.80740662822043
62.02172024038623,72.8627013619482
61.94612548373942,72.96560693783651
61.90527834896146,73.00558810288476
61.861772247267446,73.0423134793026
61.757166633268824,73.11072627020687
61.72156270978834,73.1565351040753
61.69552538794835,73.21359507193965
61.624025370201736,73.321054290375
61.624469377717325,73.39273312450221
61.59698119268375,73.37678276917806
61.54691536322024,73.4928114300893
61.525197090940914,73.55468131151643
61.425991018162726,73.62881711009624
61.398367736877496,73.68345398463606
61.38430201015246,73.75430153979833
61.29893119977455,73.84486843734065
61.27211930439408,73.90026166880848
61.22284227388483,74.03440887559458
61.20291667700809,74.09803279207362
61.13270195535142,74.10064274952056
61.102829079180644,74.25843974072653
61.088715727473804,74.32896890328861
61.06423493175198,74.38682820703734
61.0122156925895,74.51798741721548
60.99447110128188,74.5839865762404
60.93520137258857,74.70647911107288
60.90894759521956,74.7619668301346
60.91686044032407,74.85936556488409
60.832798091128815,74.951516692186
60.84234698493237,75.05098698957325
60.804559443568934,75.09202556905137
60.7592296812856,75.23207810795724
60.71944783325687,75.27047461331304
60.740553169972266,75.38432256592087
60.70860589275556,75.43231194749404
60.68220683292903,75.4871109314209
60.688955317649366,75.69238551591768
60.6241188073967,75.69916351774883
60.609960328672145,75.7691071587622
60.54404056052739,75.88393189126376
60.5276923886339,75.95107220259422
60.47309211149578,76.08025768993397
60.45720332565387,76.14792368681016
60.439952591327135,76.21382621461461
60.40070651408413,76.3626273685415
60.3726796526736,76.41485390789099
60.344116184122356,76.46631908525274
60.268063922076045,76.5686321293439
60.276715491216905,76.66727157271036
60.245267903424626,76.82658781911289
60.22267288940752,76.88547081389756
60.211599930515156,76.95901483277521
60.14104947424126,77.06864737522673
60.11967089377746,77.12892599358653
60.11038423401152,77.20467289849185
60.026114028462366,77.29670023253034
60.02071998748652,77.37741228083306
60.02452983931883,77.46998747475651
60.010922123654225,77.54006857075683
59.989307888390734,77.59975300827885
59.92804424656723,77.72153697269636
59.90364038366291,77.77750227352338
59.90792750061529,77.87068985679714
59.88502704748785,78.04265586879593
59.85157283361398,78.08672515153448
59.77663559440347,78.19104356231378
59.753352859168096,78.24824010389779
59.73423540299049,78.31082896734273
59.65765643652254,78.41296935535998
59.61503755944403,78.44452903653034
59.5307693489474,78.53647160267501
59.507690860212065,78.59357320597208
59.42167871748239,78.68315513060632
59.35283116410056,78.79553492758018
59.33022368417449,78.85306632269982
59.301880907648574,78.90290001984272
59.251123468441996,79.03942009465746
59.19943891705759,79.05795497939393
59.167402862102286,79.13210816812018
59.08688375585047,79.22911568820219
59.04176609658834,79.25612411338275
59.01442299160612,79.30688524106115
58.94803558714389,79.42275069462312
58.92073357059516,79.47342229212549
58.855521249911526,79.59095997732574
58.78363674639113,79.69960722811253
58.756368105093124,79.75010831732976
58.701159830821,79.8814859350884
58.69128739028714,79.95555700543629
58.615876448523935,80.05958201676185
58.59672509342542,80.12091954664082
58.58626044059851,80.1940904224423
58.51899532580834,80.22180164926687
58.45410333194329,80.34039757290888
58.42880911128314,80.3931384342847
58.36103918657412,80.50786924699304
58.35251282610204,80.58362982337657
58.33576115573659,80.64799350025534
58.25600582106042,80.74622183506857
58.1957228575394,80.87156549182102
58.164716137099084,80.91598040108072
58.093510552269265,81.02621510237353
58.092413255092225,81.11221087770535
58.013068011146856,81.21118950070553
57.994977218333226,81.27337588933018
57.9400990284024,81.40673717320814
57.878604900575155,81.53101645007581
57.851962877714655,81.58104674503123
57.75476520753399,81.6549801336217
57.72822998781188,81.70496894191655
57.71719728634514,81.77684211070203
57.658322659547416,81.8174448736203
57.60606253179891,81.95515661872352
57.6081841466983,82.04576346800049
57.52150399700674,82.13464890956585
57.5046920127956,82.19820741407278
57.491603741150506,82.26704312803585
57.428823526439125,82.39011520172147
57.36233673921049,82.50804004480429
57.29212363078106,82.62074854625816
57.26608526101856,82.67079980651111
57.23707738608577,82.71648000704415
57.15373832980296,82.81014770227998
57.134784435301576,82.87021951380116
57.11885349519869,82.93462247460371
57.08764338522771,82.92889691384181
57.00113604957842,83.01807877268676
56.98139743674661,83.07689835489852
56.964409635020345,83.13967208400544
56.91644251383248,83.28512192030553
56.899727192795325,83.34823913609522
56.885333836788234,83.41470974768829
56.80832859026967,83.51777313264294
56.73720637765117,83.6295884621352
56.66602279324173,83.74143894170562
56.650736901238375,83.80644712699757
56.64262615487191,83.88203370901661
56.5606969851117,83.97801675237595
56.53937698742061,84.03392304807795
56.49470623571278,84.09776925484304
56.42199151675773,84.20765352728355
56.40467605442712,84.26943464084133
56.387391627352514,84.33120837115547
56.32466484350173,84.45609686233973
56.30353908473151,84.51202256433365
56.28237966854608,84.56783195474287
56.23764086368176,84.63228856213473
56.189618969841575,84.77969632659126
56.17293541925678,84.84219631114014
56.10650654613092,84.96203767367929
56.08297431813668,85.0140716250035
56.062445389435894,85.07058928847422
55.99331911344932,85.18638712245524
55.93270459436937,85.31531448717249
55.86216858707962,85.42928362904111
55.84621242364061,85.49259208083949
55.83997088713148,85.57073737905998
55.78024739556449,85.70142132225335
55.77612756517529,85.78282929564709
55.729128251660306,85.84558306767221
55.64510423950679,85.9392196322726
55.620615210101704,85.98916760058374
55.608185748614,86.0577013377757
55.5452459016631,86.18394576773507
55.54357141895269,86.26913382407044
55.48924418003904,86.40902297881878
55.47527380390298,86.47508504629721
55.39432704950418,86.57363936861464
55.32580170968945,86.69171311275642
55.31741447417013,86.76641615244087
55.25856995366232,86.89986809906381
55.24441273088124,86.9654732570149
55.21611873737257,87.00875686178043
55.15322869250602,87.04810980611317
55.07719706469315,87.1546964010331
55.06317385556122,87.22036602796503
55.036627834781854,87.26613472011476
54.96818935226454,87.38476029276956
54.952154870144604,87.4470928213769
54.87885445298217,87.55808650828133
54.819513343641816,87.69153094081538
54.79602511542048,87.74181258147978
54.706659876022215,87.82724136729063
54.6819726794949,87.87542031259225
54.62258827484434,88.00903621735009
54.594882246967394,88.05220915562869
54.5256272938599,88.17003243236937
54.46662281748548,88.30463115523544
54.44207957093701,88.35269042764422
54.366382378554725,88.46031519527409
54.3480821894251,88.51837905135939
54.3292463801704,88.57551050537121
54.26783234960382,88.61861461063245
54.1843012859215,88.7135427817891
54.16864072665291,88.77573670216776
54.095838226685245,88.88827058212041
54.073415449001054,88.93924855977434
54.063656160772176,89.0110030118835
53.996831452564145,89.13344423596578
53.97699729791218,89.18851194454083
53.906673964904954,89.30528689050706
53.82268318754826,89.39951182819676
53.79956052996037,89.44891037702094
53.72354364064176,89.5563667814025
53.70806488293517,89.61836318251162
53.689257975826955,89.67475011773074
53.62565961582488,89.71518655237047
53.5531483453913,89.82865314861402
53.54479654998589,89.9024635532558
53.47288169884732,90.01705714797353
53.456109776585016,90.07664110404326
53.432177173319346,90.12409202820852
53.34857539646074,90.2189345396589
53.28139208002459,90.34165254576055
53.21801415556412,90.47102311601374
53.1994210752156,90.52724397290955
53.18058626977606,90.58299170494271
53.10132850595436,90.68537492046048
53.077404455256435,90.73229060864045
53.04381592377545,90.82506825950945
52.973242524123215,90.94261194565256
52.955913078267855,91.00072374092545
52.93226708358918,91.04791304084951
52.851842752553914,91.14849622301297
52.824509055461434,91.18914644112284
52.803373722344524,91.24041613176873
52.73259178858848,91.35757615345045
52.6682409595673,91.48606183340371
52.58319501259044,91.57871920602878
52.56777308613951,91.63966153008582
52.557675245142875,91.7098425320783
52.476130922046124,91.80854367615234
52.46691360996469,91.88019696912185
52.39927765611149,91.9155310832057
52.33417178113006,92.04328050865611
52.310869999118424,92.09011026402275
52.30115445805787,92.16080234685037
52.21834682829779,92.25741078980441
52.200559849749105,92.31375960705525
52.13772155208297,92.44574777424877
52.115192405131374,92.49357942647991
52.02772093015538,92.58190353399087
51.948372331423535,92.68472311483669
51.937302235811195,92.75274647483673
51.922897154815146,92.81477096493091
51.87915348904077,92.98139199976215
51.857882251823035,93.03105665767227
51.78840508887998,93.06396208232849
51.7065824295446,93.1625863781832
51.69863895157371,93.23609035687225
51.68145969305694,93.29289536108689
51.60073993207277,93.39347352801438
51.57788873977632,93.43987472315864
51.50766314236365,93.5594849386043
51.419505547100705,93.64660554102232
51.4023801561481,93.70317647330921
51.334568365635825,93.82739751792698
51.320594775333355,93.88962749352127
51.23496133289732,93.98131769965205
51.21270296653405,94.02822463974144
51.11430885836223,94.09633986570465
51.021611845704385,94.17486659625094
51.004156410735035,94.23032668728206
50.93945536064,94.36057033240083
50.92717022847897,94.42551073974187
50.901756625460024,94.46604435903853
50.83505990302085,94.50500446646103
50.756818643469494,94.61030641959924
50.732600387204535,94.65282811292788
50.7102422065796,94.69873970400205
50.625715226107985,94.79216747102672
50.60536101180749,94.84165183533695
50.52797854021279,94.9484398462771
50.518038447904544,95.01735746154986
50.42608490262441,95.09673659398817
50.337154058557466,95.18178754905905
50.31120993429018,95.22027143953592
50.22894518940649,95.31782575561834
50.21369896578253,95.3764173735949
50.1955457161116,95.42942914012139
50.12604029577531,95.46368454294094
50.05177225227146,95.57652045603069
50.03296957239319,95.62812967881352
49.955320669346214,95.73454900905445
49.936989399836314,95.78691800620561
49.92618217082894,95.85366822791131
49.84266104811226,95.94876969187311
49.75308844707198,96.0322314605176
49.66409492954781,96.11679242344498
49.64461215483495,96.16653314950054
49.6316004056099,96.22875165569525
49.54904539867051,96.32563989018297
49.532171167272544,96.38023797164037
49.47837556304912,96.44574597327141
49.400761835919866,96.55245549195435
49.382545977331425,96.6043000452668
49.36277542140107,96.65303596491471
49.282872889363,96.75519086193363
49.26036364374563,96.79838465414453
49.238851672154226,96.84346003428847
49.17110255493215,96.88207419207177
49.09030993001191,96.9824741305715
49.068873473786276,97.02747999039329
48.98692852251293,97.12556311348527
48.97030693757801,97.17994335454102
48.953705323988224,97.23430397650186
48.87715235386943,97.34302546843436
48.85230257033614,97.38081578671522
48.788319578276436,97.42734007929704
48.709841369059525,97.53237157547272
48.68861432831297,97.57716866766118
48.6700778508306,97.62728663789608
48.59169372445112,97.73241988828494
48.56750152376642,97.77100168775854
48.54615223424228,97.81522473383438
48.48332192094797,97.86441778153727
48.40984673997438,97.97953248527777
48.39349290852173,98.03367339926963
48.30789536697242,98.12425079816146
48.29062827189431,98.17638960346964
48.271595846612946,98.22487387968344
48.1830487845837,98.30925794926686
48.104710914049264,98.41451329401605
48.03756865429827,98.54283273491586
48.02002490621588,98.59403990916584
47.99849495007562,98.63699170612848
47.91172950976782,98.72495492645838
47.893845195147485,98.77522821573575
47.81832958906142,98.79921476786217
47.729551559006346,98.88298005091399
47.71487740827054,98.93969546458719
47.71213850150073,99.0211275390816
47.62497632396336,99.10813315946294
47.60279591525844,99.14904616999112
47.51319002482396,99.2308221521481
47.44605149507323,99.35961963198572
47.43158914771153,99.41640925185055
47.35147809853928,99.51812369206858
47.3325025593743,99.56529699129067
47.251559992431936,99.66524151208836
47.23119438280172,99.70931313178356
47.21630096229257,99.7648720685409
47.16091716056231,99.83179890587071
47.08256747717083,99.93734320312286
47.073768812427566,100.00572566795798
47.05695600842101,100.05703515290031
46.98385684378125,100.1737587746285
46.95943170102889,100.20869014585142
46.87222319768271,100.29526894902773
46.78793643007805,100.38811428114612
46.776312079728044,100.4501641115272
46.70475823201435,100.57039632616629
46.69592658722304,100.63838227212354
46.62408353710911,100.75814808539317
46.608422605402176,100.81130602399891
46.530043398621736,100.91701086178288
46.45309449540014,101.02592871367911
46.435359135005804,101.07436210417016
46.358149656424175,101.18274441786045
46.33872215638003,101.22732741989051
46.31811940322236,101.26926792768609
46.25062150853471,101.31187200993267
46.18195689901696,101.43909463655096
46.17328258799283,101.5070435798548
46.10626797475481,101.6381068764968
46.08806333914224,101.68498151864638
46.067902625747145,101.72746800222748
45.98628202582541,101.82627486065635
45.90818681122824,101.93297449930596
45.895404093710575,101.99156236426826
45.830429630188576,102.12754731331995
45.816313356683004,102.18307604713375
45.72771633217014,102.26645631813649
45.70934742013382,102.3123228132107
45.69292257230428,102.36247456979581
45.632126106895996,102.42109948900081
45.560180409108625,102.54187044899354
45.54244537941486,102.58891486355894
45.446536266892856,102.6556619686246
45.429041107202735,102.70305339707004
45.416785671342204,102.76223354044795
45.37260301031703,102.85904240666947
45.3090522621287,102.99924487524012
45.29141633985687,103.04613324334152
45.20840310688357,103.14216138356574
45.188117501648485,103.18282813840719
45.168529165918244,103.22501031995519
45.0973591860831,103.34799217384152
45.08191051754547,103.39949988839847
45.02600198337418,103.47074394168799
44.94826119119961,103.5789842643478
44.930433516473336,103.62485620213337
44.90768142639139,103.65929222954732
44.84035994633939,103.79154386054513
44.82595589896363,103.84512308865263
44.80761458478457,103.8895176339386
44.74272742006715,103.94061921367016
44.666497585544555,104.05246673286905
44.654130676366435,104.1105815613907
44.575625044356144,104.21718778360011
44.567420977422394,104.2849312665664
44.97363485965054,105.32316267973636
44.94966402906566,105.56058149430444
44.81774726538437,105.5446263309914
44.68642832138788,105.52950273737923
44.344627738304574,104.80932051039635
44.61285733317667,105.53081117822262
44.54084537877453,105.65513535998174
44.72271008086248,106.17444900535938
44.59159900344505,106.07169265366866
44.21653271578182,105.47434144336977
44.12093828464729,105.33338261813627
44.30508306833972,105.86044195401568
44.04147994421847,105.5257720657489
43.942984326609185,105.37666413643231
43.96209562965805,105.50942434225198
43.886697086033536,105.53715645280673
44.13247186545858,106.42649216983028
44.31378088702814,106.95169717295991
44.23489601524903,107.06166971784867
44.22358123122872,107.12225417177959
44.21104080213654,107.17982230742349
44.13326323587212,107.29248424028012
44.11786680507462,107.34298818446644
44.05640203331307,107.40751956489962
43.98324087176635,107.53175366198428
43.97050037047721,107.588596523764
43.957872224735866,107.64566353482223
43.886417024503615,107.77417600887729
43.86520152733597,107.81003257689834
43.78260191687858,107.91119249584624
43.707158779960785,108.03011566053648
43.6919000116535,108.08036270112362
43.62921985811353,108.23104082345954
43.61360619916439,108.28028934528936
43.53339892857848,108.3876262300027
43.514956189722845,108.4296680470857
43.43515823463363,108.53802299282164
43.364903150919325,108.67040784246082
43.35214682980964,108.72642748261491
43.341528423471345,108.78776153496156
43.280285207125026,108.94298868666344
43.26640162334088,108.9960325565217
43.20689050320178,109.06792467096476
43.13446421346763,109.19552270516324
43.11774500672714,109.2412445276234
43.0995167295697,109.28307167186405
43.01564682303097,109.38160751966434
42.9988118519989,109.42678253712002
42.92584308145295,109.5530859767908
42.87230266008382,109.72933438502089
42.85433188216867,109.7713873842589
42.76545619745674,109.85731002512236
42.74740801384588,109.89895662707158
42.663681802699514,109.9980090866773
42.64854305287274,110.04696444670495
42.635582514734395,110.10148232296285
42.5776902511616,110.17928991961006
42.506309053114954,110.31049881753171
42.491269524625125,110.3594946101296
42.40773700044309,110.45922371252409
42.40018585644546,110.52757465059878
42.385364081450746,110.57692627430369
42.33965625975088,110.77553635366182
42.26686091670282,110.90370915482029
42.1872378616361,111.01414644501405
42.190834758744415,111.11174519057346
42.179021944787294,111.16874450268114
42.10872534746598,111.30393604168995
42.09481947643863,111.35529647835571
42.02259349965656,111.4855727573268
41.95700549892997,111.63375455675613
41.94093304138733,111.67915517131011
41.90198703011876,111.89875567545324
41.86499049721776,111.88814674505102
41.842993725868126,111.91750182491081
41.79143768861189,112.01556901866904
41.738432073369026,112.19845279447439
41.72773528574128,112.25797104197058
41.63825522263696,112.34298594724835
41.627852403234215,112.40316641909065
41.617465886050915,112.46334683816204
41.56715280865886,112.65432356299898
41.506067299869706,112.81661894026183
41.469935718358386,113.04737078113345
41.460887573175555,113.11116209927617
41.42355979874399,113.09770364846221
41.41320853805822,113.39973463898806
41.41305813310547,113.48786628888062
41.38313880497192,113.49435523463053
41.33504577774797,113.51678754124704
41.30609201384215,113.7695440033899
41.32071967828443,113.89855851315609
41.28911108689158,113.9000885654288
41.25993990439783,114.15332644666863
41.261311103817,114.24590868340215
41.23739947156143,114.268438337366
41.183300399826656,114.45343877438167
41.14234889515994,114.6756510893255
41.07875811324483,114.83536063868334
41.049510607326766,114.84250619202669
41.05804826929206,114.95531688163564
41.0155417208889,115.17458909940065
41.00889580088358,115.2449384351346
40.96239930004577,115.36467594404505
40.898330579096154,115.52449662007633
40.888026781003425,115.58452789107417
40.92272906563397,115.77183802634431
40.83333610694262,115.86053582287356
40.84208193315926,115.97458175225142
40.77543384002812,116.1281268379171
40.743540628356364,116.38132839465716
40.716591281806565,116.39369605497097
40.64495315344265,116.53381549395661
40.63507035612348,116.59484432523286
40.622780051577976,116.64891649557441
40.545121872936576,116.7718888024963
40.49094135994459,116.96287931566127
40.43688113560056,117.15482406922185
40.42532953900444,117.21084961099665
40.40306240038096,117.23573120554315
40.378337012583025,117.51352589916533
40.3519494264796,117.52625870152161
40.349388650403775,117.78011917106869
40.24674439158702,117.83200923387271
40.27417004236255,118.00205900998897
40.24563000963558,118.00812859976875
40.208004499218745,118.2509431449229
40.19137411856109,118.29180366552681
40.1074109961805,118.39871635894713
40.09067861558596,118.43906737047969
40.0132872234413,118.56542068490089
39.9544515578423,118.74714298064576
39.9329475887078,118.77302644579373
39.89870287956188,119.02854133779039
39.88441669041362,119.07580941054616
39.871378302660695,119.12674124053709
39.80808379057519,119.20628693404669
39.731735351524215,119.33696294123739
39.72427504190753,119.40448745375193
39.72294384556204,119.4904151464297
39.655949396378645,119.64954222907745
39.65770184586042,119.74481476340931
39.58481786587614,119.88659216354776
39.50661634625552,120.01253010147596
39.49310268631923,120.0614986314708
39.42728393097129,120.22531569589971
39.42834342625425,120.31862421486107
39.355026507920535,120.46000466551504
39.341589493934805,120.50896134179418
39.26745142558905,120.64804450910083
39.192966619080174,120.78635788011009
39.1774940377289,120.82879629562993
39.11700502026757,121.01059117612688
39.10772712130495,121.07205882033533
39.10093514656582,121.14118548684165
39.03784932686332,121.22523998422598
38.96453492683187,121.36810260724766
38.96494863213608,121.45964756476143
38.89338727771188,121.60835768417991
38.89874823915252,121.7154320429254
38.888311800423665,121.77306404552102
38.81808841635646,121.9263741737187
38.80491953677423,121.97531514572069
38.74242651699285,122.0629371774184
38.67388333382174,122.22228245713747
38.67534712290006,122.31733183878674
38.64848461908047,122.32273514193172
38.604823136637954,122.56135426217988
38.5937240473422,122.61656117602749
38.5806815327253,122.66553703553515
38.51161949348484,122.7335821284442
38.43156030506698,122.85730609052996
38.41564015463793,122.89686339468402
38.33777431686941,123.02769886513212
38.32878068510859,123.08929690685797
38.28090756389517,123.31694085065342
38.20532957883915,123.45591244163433
38.20332072572441,123.54001160537089
38.13766512369419,123.62083660260221
38.07512439843416,123.80288424565742
38.06695694293302,123.86702472779741
38.01143843635429,124.07254862890198
37.93410881072113,124.2073747626495
37.93157358895748,124.28988116530148
37.862660424009235,124.36179407027511
37.78298984502299,124.48952160881313
37.77512719241983,124.55448330201172
37.70194763174742,124.6129473639612
37.622521872718345,124.74193755787088
37.61254717062931,124.79977955497249
37.60608255679694,124.86922841479658
37.539691524676066,124.9508020815451
37.45587526511542,125.06560670496368
37.44227361909997,125.1111330211626
37.37283465452407,125.183160323627
37.296815524528746,125.32447594154186
37.30451069588035,125.44138325878103
37.219682093643165,125.55342021107235
37.14952219050594,125.71523000119738
37.137104456158156,125.76429407199672
37.072396642657864,125.85384341648069
37.00679127629322,126.03199358941067
36.91392955044497,126.11757773949543
36.9177629938689,126.22189413968427
36.839244227400215,126.35667570379604
36.75246141831627,126.46330054675047
36.665372054095776,126.56896594732129
36.61317341956192,126.79555459993402
36.58209794756171,126.77922895381285
36.501334162432286,126.90712624431309
36.444632944161,127.11919040062075
36.366243285379475,127.25614162737892
36.30718184890334,127.46124240967022
36.23095716390506,127.606631766901
36.152584485981905,127.74478166781394
36.14059651871236,127.79398371994598
36.04788425921989,127.88146244018549
35.95599581600971,127.97184657153747
35.883660541010535,128.13204274929666
35.82938766568158,128.35739652079315
35.822074653702266,128.42288149289453
35.73900560000316,128.54554956367454
35.680553307483656,128.7572537046164
35.613539442184425,128.93875122785087
35.53045491835652,129.0624650329329
35.51785398379626,129.10853802433647
35.44358521708634,129.26448537137804
35.35317646516784,129.3617990655175
35.277297887082476,129.51249294406608
35.19638117624345,129.64501995438556
35.18413914227409,129.6918598922621
35.12056345167043,129.79666193314935
35.0574222224117,129.99570769025556
35.025108938134004,129.9678858741158
34.9855179252044,130.16286646686493
34.90729226885126,130.306931011723
34.89583826499372,130.35631678370336
34.8836653172959,130.40295449368085
34.83300227122609,130.46608507925498
34.77770428110854,130.69706299782928
34.76401069132834,130.73788368980973
34.750391810711776,130.77891284059115
34.674768283012654,130.84163607126553
34.58665366289644,130.94973585649146
34.5723004023201,130.98765557273026
34.51502237700639,131.12056182364057
34.43803383515194,131.27149919157426
34.44240916232819,131.3805868236212
34.43241700035781,131.43485459111415
34.36797982989143,131.54181544921934
34.325708039069696,131.827012580496
34.28533422014153,131.7644424750949
34.24617157941467,131.96992193268588
34.190702759396565,132.20623811527588
34.22072356504895,132.4151314356277
34.168593281085414,132.3060858523761
34.123487827868956,132.49076233546396
34.14295961316254,133.02096790419648
34.130531432640865,133.06561889426234
34.10754225585118,133.33959659740526
34.030727903642436,133.49738421684015
34.08257379863856,133.79421786483502
34.07776785165878,133.8687885744054
34.02400490101284,134.02506947726823
34.004410757931105,134.41092850748336
33.93829279385761,134.24314830268
34.16187582929989,135.50110784909307
34.325454859313055,136.62253966616453
33.96777110744095,135.29305107981799
34.145738577084074,136.09655391958887
33.84012706794825,135.2534212480568
34.138045866836826,136.9196914725306
34.04731947073065,137.03273486587008
33.95318505201603,137.13213886057238
33.941725256345336,137.1810053696273
33.86854359731199,137.27004770213054
33.77476557861768,137.37109600933383
33.761657146893675,137.4129603392922
33.67359103136408,137.537195757764
33.57365609187949,137.6129878771135
33.560706137106344,137.65505794148507
33.48177161448093,137.72175696072566
33.384838441089485,137.80978174241514
33.37021929464125,137.84458444716657
33.283883280036264,137.97626868126403
33.189505254103246,138.0747566819958
33.17680252168352,138.117051219508
33.10802099889995,138.22710024876653
33.00905688421572,138.30661265919497
32.99489086185514,138.34242209646806
32.909557560201044,138.47895493404442
32.808882979757904,138.55099903349017
32.71080606141445,138.6338858662214
32.61522195546589,138.7272871115136
32.60111367961009,138.76240445222865
32.52445658327649,138.84124591682655
32.43573833884339,138.96411135717605
32.42252476603982,139.0026610286024
32.32454393937307,139.08568599368664
32.233816877368874,139.19994762892645
32.219766322305496,139.23439481755912
32.14066845034947,139.30385397698197
32.04977637817478,139.4176394463166
32.03581189829306,139.4520358939547
31.941201839675486,139.5495041725714
31.848183962128914,139.65397122798018
31.83422610003844,139.6878747976839
31.750229557303243,139.7367806183997
31.67438199378452,139.91715284952969
31.575681477017202,139.99683234382948
31.564110225349175,140.04068349273848
31.49328311440836,140.1489433785726
31.39600936817734,140.235034125062
31.382354118942818,140.26922133490953
31.290423499889286,140.37898158041398
31.19375677116912,140.46752362684998
31.182671767042528,140.51275913570444
31.10457504990884,140.5898474898729
31.010540740237378,140.69035936218506
30.996613768072258,140.7223397365335
30.898658716681297,140.8047907430919
30.806057651039776,140.91163591376565
30.714785166274257,141.024669442366
30.626741984245058,141.1527214835703
30.613460549422243,141.1866672160565
30.5189709440635,141.2849155108113
30.423098362508323,141.37676059968547
30.327138866612017,141.46817498250442
30.240876630479264,141.6049688347044
30.23034719432717,141.65081350534567
30.138430712092198,141.76116989949057
30.049728250183822,141.8868188561056
29.955041820576852,141.9843391109353
29.863526975676645,142.09696850191702
29.852259231750786,142.13851167136218
29.761953403467555,142.25685915599897
29.67615601327836,142.39701968984394
29.584888582370258,142.5111808183961
29.486141733365415,142.5893207544413
29.473675895225213,142.62420243704003
29.403494415386124,142.65024076182297
29.323104635677037,142.8178379816245
29.31000616406475,142.84929274532905
29.29692286691204,142.88073638070392
29.219851743915314,142.96947907154492
29.130778010884285,143.09517038095356
29.120051536648802,143.13773268121642
29.110738000771125,143.1871746372907
29.040022718112382,143.2128093067205
28.962533634461273,143.39630755038198
28.955702600126678,143.45782506384128
28.944353066599813,143.49689631218936
28.860791547977744,143.55529046566218
28.784916262993026,143.7478347511889
28.780067482951868,143.81900910494258
28.693489582472296,143.86318352274412
28.607323824738614,144.00517465945228
28.597151651869087,144.0493841067738
28.585290646929874,144.08501306636862
28.501504306388398,144.143622285111
28.417704838206387,144.2980115603382
28.407003455722588,144.339089609529
28.33483099283395,144.45759568710966
28.253572428216298,144.62596701686314
28.23990456284446,144.65150044484037
28.228649182649345,144.6893069135474
28.147672379592912,144.76379004173083
28.059885049071813,144.8991691067864
28.04824943800812,144.9345786853212
27.971448767184764,145.03150854487234
27.89879577119374,145.24631970595073
27.888008349154163,145.28575880084443
27.880454291917083,145.34197960348237
27.80489390383292,145.35102966069337
27.71982545629304,145.50218110856298
27.707968461135223,145.53558233578144
27.69612453027953,145.56897037507093
27.61510094596068,145.6458381788118
27.521995083557837,145.7549526203898
27.515132453643947,145.81424204359132
27.506202885648086,145.8625230053982
27.440271809983667,145.92471023713836
27.3527944255824,146.06435705100125
27.343911190571752,146.11262412399762
27.25646038442976,146.2526111014015
27.1637694014528,146.36473312789045
27.15251094513925,146.39977365037873
27.076403526384947,146.5058058665598
27.00119835453919,146.71333611929788
26.990002696815473,146.74830984669174
26.906219459537336,146.90976286007506
26.81281304445211,147.019005778451
26.723272049842304,147.14964697776392
26.638424839855546,147.30654009929648
26.629342052702242,147.35220118144585
26.54574282834986,147.51637572652146
26.456373162342985,147.64893081251287
26.370447771249207,147.80110477546648
26.274241356734805,147.8958916379747
26.263353451897185,147.9305560817776
26.184999732834225,148.12605794843466
26.09263594510486,148.24282523392984
26.004555110754524,148.3842117067734
25.916775359435128,148.52771894598706
25.906921120896087,148.56729801036985
25.818822377161133,148.6130838618853
25.73544466483708,148.782617777306
25.726063521915744,148.8244784197742
25.642512303857544,148.99345941801957
25.54995870758667,149.11054520938765
25.539378072475206,149.14491215346214
25.45355789549482,149.20526449787815
25.359783130487493,149.31543289141857
25.353566416391246,149.37496989128417
25.267508175179877,149.5307747738137
25.19078382749389,149.74259649598565
25.09432587266962,149.83762568054655
25.01439209072257,150.0317528318994
24.914608154596493,150.1071682459921
24.90628323397304,150.15328117202097
24.826870285368205,150.2552988386137
24.741164519878527,150.4162543038448
24.730933556117638,150.45039060352687
24.636521261372888,150.55848567348332
24.551784195617557,150.72608546748873
24.54102309472285,150.75636915180633
24.456145290146573,150.82710411351218
24.372202450928885,151.0006295850647
24.36557728518191,151.055998162664
24.272608575348492,151.17388093828086
24.184273251410943,151.32095354566664
24.085332202033825,151.4018283690974
23.99807668250762,151.55635617648528
23.988146161259333,151.5900900227114
23.901807294870252,151.75072458338556
23.812655218291873,151.8940167739576
23.725944706323364,152.05339699122496
23.63005526461299,152.15426786172787
23.619732142651007,152.18431675930597
23.53673770302898,152.271818487639
23.45162288589734,152.4428892038532
23.44442883640606,152.4927183330761
23.351907211671065,152.6159174833691
23.259356128366424,152.7391780730374
23.252038996414374,152.7877240524377
23.171384321348604,152.89291054931303
23.07778336880759,153.00987173124344
23.06955336831551,153.0519461995062
22.993391665236956,153.28511104523278
22.901735656648903,153.4158080335221
22.892267165335628,153.44908824809352
22.82433268079285,153.54595055675412
22.727316698744534,153.64152717610284
22.717912847273272,153.67474477358294
22.70851904517989,153.7079502624387
22.62943248799233,153.82801843782272
22.53574178571197,153.9462560331351
22.526606240509693,153.98064867047285
22.448982173832757,154.11228744378803
22.365588471401676,154.30222775553491
22.357831483187756,154.34561859831032
22.350098180922846,154.38910581468645
22.266193802169607,154.4790833170069
22.1773154576776,154.63215336980514
22.169644801225274,154.67560104735387
22.08599300932952,154.7686600387503
22.004179421047002,154.9725349561891
21.99569550201637,155.0098032837105
21.98639369513591,155.0412292773963
21.908208614812324,155.17434123010227
21.814244656719854,155.29345531704854
21.805227322001617,155.3262971418344
21.721759163133193,155.42337294396734
21.640304532080016,155.63295858326575
21.63135614241373,155.66572950280352
21.622417328548284,155.6984890181006
21.545586887965683,155.84500219751408
21.45591187224849,155.9967250589893
21.447043232898636,156.029416058892
21.362826061274415,156.12408590662312
21.27244118093031,156.27160175306855
21.263768094537415,156.30510919804198
21.256464256407146,156.3486086253858
21.17751125132391,156.38607934795553
21.09820849944997,156.61674139412753
21.093300359353847,156.67763946983388
21.08435231744286,156.7084658676461
20.996068812190547,156.77572410110685
20.90668513669573,156.93272548610656
20.814223119475937,157.06713004646014
20.72578400924697,157.23244802580206
20.717680652797874,157.26837011612298
20.634751491876827,157.47617774687194
20.545200172826853,157.63436173320898
20.457961285952454,157.8110381669691
20.367441447498724,157.96312566096185
20.2837094975404,158.16873670567531
20.277143609607712,158.21515744785876
20.189430117438764,158.29283107935382
20.095205849093116,158.41764978658523
20.086897036983505,158.44979310604745
19.99365542336378,158.58236092610102
19.896264024317095,158.68221831508413
19.813224865863777,158.79946182390992
19.720367584577573,158.93655105446797
19.713549581273114,158.979331332582
19.706739690252352,159.0221094715829
19.614581544122977,159.06702186965208
19.523253121350916,159.2169023934259
19.516780732478836,159.26184198843194
19.424663936920812,159.30782441941125
19.33452711629696,159.46838276140713
19.326193293525492,159.49739468420916
19.223461702681792,159.55377994049874
19.13219317963365,159.70537918151513
19.03448395016583,159.80352532034453
18.94038159200291,159.93213230566886
18.93237592343146,159.96226613442548
18.831104684767915,160.0299353669049
18.74223130305981,160.10546612255666
18.646217319166354,160.21824096909745
18.638198206707774,160.24706485934487
18.551420005106312,160.3417083059295
18.450347554435684,160.41092222628845
18.44255488744195,160.44089865023554
18.434770825753276,160.47086739465033
18.34687237655328,160.55652113120001
18.253670436835165,160.69419463767068
18.248160944512403,160.74342549672238
18.157980212541567,160.8103103768376
18.063179335312565,160.93457094482739
18.05542288975586,160.96321244584186
17.9620914887795,161.0027991182751
17.86816303037878,161.13523102504266
17.86065381556301,161.16526468749854
17.76594660393993,161.29065740655452
17.668725782055812,161.39342937511378
17.57223196168304,161.50294484974737
17.473022609920623,161.58749328535376
17.36923505645604,161.62927430834952
17.36148330761423,161.65483370714972
17.269636045848536,161.80730059082578
17.169298273632354,161.88040483634802
17.085521649478807,162.01254110781707
16.989461354532864,162.12685009027652
16.984105813021877,162.17351363199276
16.97867224832025,162.21937005735154
16.88597070444811,162.2677787475114
16.7932630985554,162.4144903782736
16.786088165507984,162.44285459821282
16.69376911032679,162.4957766042285
16.602399135168756,162.65644055555885
16.59530836825094,162.68475494695804
16.50902496676158,162.79816226926587
16.410663933744765,162.89096130306586
16.40336696302631,162.91633756964526
16.300226191594092,162.9608030985561
16.20366458795473,163.0707720417703
16.196648717070005,163.09790397388548
16.1010920340982,163.12000690186207
16.006941053829504,163.2544816329237
15.91112090668638,163.3723133199524
15.904564968986817,163.40274357012933
15.804609127080713,163.47762433776626
15.704076806340048,163.54618946505283
15.603346318657701,163.61227636508946
15.504422519777927,163.69700188516893
15.412242308135541,163.7555183705981
15.31071236101297,163.81250479484316
15.304156400343697,163.84001762619363
15.297608221981028,163.8675301536992
15.204665110100892,163.91789276691014
15.104729104495432,163.99066024053062
15.098512765290812,164.02075966375395
15.0069796601651,164.0869821783442
14.904516041728497,164.1313720370653
14.898103650042094,164.15831296012095
14.799896900092522,164.24863973888213
14.698977329111363,164.30853741406838
14.5977874051652,164.36484302806787
14.498604693454126,164.44331083067115
14.492498545640327,164.47150680420353
14.391651334167273,164.53014311402558
14.297912921537899,164.57262241864956
14.197027145503256,164.6302827921272
14.190795747169844,164.65541062803467
14.090105803967505,164.7141963496086
13.991732696113367,164.79968743559368
13.89210779680306,164.87014185730627
13.79251688484937,164.94059104354028
13.7866884148318,164.968175210656
13.692961341721677,165.01105225508292
13.594414720744561,165.09334954005814
13.588669231725106,165.12083556139737
13.493430287422521,165.14557624818767
13.395197972361691,165.23104249738594
13.389698622856404,165.260435599616
13.384205210697655,165.28982215973667
13.290604488521883,165.334450353818
13.188923228436414,165.37565559694517
13.089920973456763,165.44982423646044
12.991340847591356,165.5289999856126
12.985786397030282,165.55534395013572
12.891131752969928,165.58695916078275
12.793074905865414,165.6721487100382
12.787828306527913,165.7012921322169
12.687230472058484,165.75252069121368
12.587828334612093,165.81873889806425
12.488250107642907,165.8821024766843
12.389454597248495,165.95538333806888
12.290001310318084,166.0193759193483
12.284704414379895,166.04477090848357
12.190741050974589,166.0854341415333
12.093164210933848,166.174092046373
12.088085405929407,166.20122960826978
11.994466138238455,166.24706512870128
11.896410308458226,166.32859840656553
11.891470416199803,166.35643546108744
11.886428600017945,166.38276530374884
11.792428100257212,166.4231577443742
11.69524978123745,166.51588396350147
11.690463131701868,166.54457616370954
11.596300379513517,166.58309385888123
11.496159332074528,166.63249657783118
11.397921358790246,166.70887208029916
11.299609959298639,166.78378916959676
11.294624973667164,166.80698167216283
11.193312140444197,166.83606585728162
11.095350370929324,166.91430291296317
10.996157327095515,166.97349650403004
10.898097091285747,167.04934437129478
10.799954531319527,167.1235206523769
10.795441429569339,167.15031720255834
10.702148715581185,167.20252503915438
10.603346304053819,167.265465611251
10.598841548635871,167.2910081056921
10.500133876276328,167.35408360015282
10.402284957145207,167.43031958001413
10.303766818653061,167.4952718475227
10.206278480245025,167.57649733336814
10.202017927720206,167.6030490588545
10.107334082237793,167.63326300642152
10.007642412035468,167.6766948710878
10.003377692617253,167.70169137419504
9.910408205769153,167.76063053884067
9.812969430957839,167.84080578273893
9.808873284798663,167.86718094402676
9.710861161850701,167.93635180996614
9.613095171811551,168.00924589307124
9.514911754313177,168.074262494938
9.418446962285245,168.16928683378234
9.414531485892258,168.1957223348457
9.315250609128652,168.23909211340685
9.221259148837053,168.28153550371368
9.122876888912852,168.34022006895384
9.118992811771239,168.36482795197622
9.024091692402903,168.39053858650715
8.927045718057668,168.4726344767319
8.923339858383414,168.498942476573
8.91963808500845,168.5252477403531
8.8253491777292,168.56185701662227
8.726788362466545,168.61298247697678
8.723234013124884,168.64046942660522
8.630519953607726,168.70786201205692
8.532458933907533,168.7672533986825
8.528860736391406,168.79222159621136
8.434746537154075,168.83274122217495
8.337654634141122,168.91005620749428
8.334201525252364,168.93621176084812
8.237008628378907,169.01012517669287
8.139786858822069,169.08288923778758
8.042004058795913,169.1432691243261
7.945807616380534,169.23653220897057
7.84915349329797,169.31985053257904
7.845880649029339,169.34526562883354
7.749089571015811,169.42433600039456
7.6522773794391235,169.5024940884394
7.55837725612,169.5495157744567
7.45962525170037,169.58349752611156
7.456506499326305,169.60854501826168
7.453391218221909,169.63359125189476
7.359064912621118,169.6700496321028
7.261981210825391,169.73897004220098
7.259514608342185,169.77719693328578
7.166578485196122,169.84697547513537
7.069166364605357,169.90702714393123
7.066245286583486,169.93267911003235
6.972387042094743,169.9814783513722
6.875924416667394,170.06313977284387
6.873070003053542,170.0883808083826
6.776076718404446,170.15525059373826
6.6808285534294445,170.2657318132737
6.678079263701801,170.2914563032206
6.583598462307469,170.32538166228665
6.487352791165704,170.40978028995474
6.391518988287271,170.5048110574729
6.388890709273576,170.53046213124267
6.292164020444878,170.6001515476498
6.194703579241248,170.64879230836436
6.0969775339436145,170.68846487022356
6.0011786850399975,170.7811300905204
5.998715314207548,170.80667914990738
5.90698998679917,170.82456876861696
5.80970642587449,170.8741530198161
5.807298924699019,170.89899361096224
5.804894083465379,170.9238332175909
5.711896979095875,171.0020583653277
5.615460549780002,171.0738688030658
5.613143521164622,171.09888197992544
5.519564515011388,171.16158348879242
5.423799446695325,171.25314484897658
5.421576299124053,171.27854487065554
5.325174753003302,171.34817251422373
5.230116978222101,171.46087483410165
5.1337197889321855,171.52948118742142
5.036621943856572,171.5731652176897
5.034537462361482,171.59766322194594
4.937977257747855,171.65652708924083
4.843823633549438,171.703748185729
4.747896380461731,171.78423643072742
4.745963145901631,171.80975460374802
4.649700532187268,171.87572738341785
4.55399471017509,171.96145530372772
4.552142268365048,171.98691021652834
4.457790089794814,172.02750725128809
4.361324534576596,172.08194448328777
4.359531807217529,172.10657476459482
4.265093744432644,172.14397723644416
4.169675733996585,172.2380191034273
4.167987422542835,172.26362564429394
4.073860989095353,172.31521555434634
3.9780180039336264,172.3902955351652
3.9764014630809603,172.4155662574133
3.974786675919934,172.4408355558594
3.880438179005368,172.48250604822132
3.7849920945483566,172.57156523724282
3.689135138247288,172.6410668383464
3.5937148303128312,172.73015809866945
3.59225266444784,172.7551289301209
3.496976637332935,172.84904826699952
3.4008260326957793,172.89842799677103
3.3045686467936006,172.9395248747297
3.20894426031709,173.01147792941214
3.1133908462712845,173.08592947154477
3.0179400202297026,173.164936613014
2.9224878961459564,173.2427960560053
2.921297197988128,173.26732440255336
2.8268863801921076,173.3103124825911
2.7314491528614844,173.38630140925588
2.730343015681131,173.41117286028773
2.636303464993739,173.4800713969642
2.5408030931607435,173.54951170891403
2.539777320882869,173.57451822938754
2.5387526554505335,173.59952364000426
2.444850025152091,173.67986111986662
2.3490499247034626,173.7214995422343
2.3480934190244223,173.74577173798806
2.253741699557876,173.79650090375804
2.1586819026946915,173.88972604671926
2.063087511390122,173.93771086127478
2.062251859480971,173.9622296588587
1.9670678841127638,174.03845810308505
1.8717881723514738,174.10385862831498
1.776849096421914,174.19946135358666
1.6814881673269064,174.25142266355957
1.5862664672909257,174.31349062114177
1.4914217455053815,174.41542501331767
1.49081902119996,174.43980927259545
1.3963083697924612,174.48475165932155
1.3012230771523656,174.55408497708657
1.3006974769727624,174.57842025328367
1.20581568483628,174.6675746721516
1.110814003151088,174.73689198947142
1.0158534895644882,174.80849911597306
0.9208925288947507,174.8752132922094
0.9205212746802607,174.89947257820478
0.8258522822892566,174.91865153741097
0.7309992416603251,174.99352662690765
0.7307050248638884,175.01781524342627
0.6359450775816206,175.10181846390884
0.5412048162388645,175.18842918428854
0.4464252190010293,175.25614865177204
0.3516207675878389,175.29690648744477
0.25696427107124054,175.39883164611936
0.16228263663302647,175.4820543714719
0.16221736086912875,175.50609613299633
0.06758275552580492,175.5804285924149
