theta,r
-1.5703396875452258,249.7734337424327
-1.569699691885631,249.64475976012258
-1.569059989237459,249.60577624405096
-1.5684202880103713,249.58392867867616
-1.5677805887279153,249.50877850837523
-1.5671385520415084,249.4216835734782
-1.566498448755287,249.36792577493776
-1.5658583489910258,249.29737338244718
-1.5652146804605438,249.2171243035949
-1.5645741793488754,249.11927625663583
-1.5639336833424,249.05916100294212
-1.5632931929665577,249.03496519593358
-1.56264748945624,248.9677642327305
-1.5620009645168655,248.8795171201585
-1.5613596727968408,248.82805881347866
-1.5607183888386953,248.78834252358052
-1.5600771131697275,248.68100273837717
-1.5594358463171956,248.58547927078536
-1.558786887353768,248.45839308514104
-1.5581452283158996,248.3238282654566
-1.557503579695997,248.3122968933466
-1.5568529949551912,248.1922627417567
-1.5562109568907634,248.133301647782
-1.55555914752427,247.96016350799368
-1.554926917366379,247.95368401022938
-1.5542743089697169,247.7347834454541
-1.5536208754275074,247.6526542880816
-1.5529895249672094,247.6117474614619
-1.5523352947242361,247.47543441131273
-1.5516925269919701,247.39375109351045
-1.5510370732576326,247.2961259152386
-1.5503939244218436,247.1997665197463
-1.5497507924664684,247.01417900635656
-1.5490937186652447,246.91065812713654
-1.5484502084260658,246.848625404208
-1.547791911155749,246.7523712655749
-1.547148024370184,246.63386408792886
-1.5465197908958754,246.5981987814278
-1.545860310167277,246.45640745115438
-1.5452000009028388,246.31575424494767
-1.5445557812881767,246.21574140412332
-1.5439115834584207,246.12786943320233
-1.5432496588895324,246.03262363385275
-1.5426050913526541,245.9947639976689
-1.541960547246202,245.86672299953625
-1.5413160271044037,245.84966300050297
-1.540652098136783,245.58279555730786
-1.5399873381374283,245.48647542966506
-1.539362352083926,245.45161638525786
-1.5386968124832046,245.36310729440066
-1.5380515894939977,245.31551669319688
-1.5374063937774831,245.25378599021096
-1.536739245330143,245.1394565647849
-1.5360936897839872,245.0862396724884
-1.5354253212566684,244.9884556418377
-1.5347794077113053,244.97264506554103
-1.5341335242303678,244.9266834866483
-1.5334635492606725,244.7855413333811
-1.5328418496085914,244.74626865211036
-1.5321711039864854,244.6545768010463
-1.5314995244867036,244.50002864367258
-1.5308787878038284,244.50998985821133
-1.530206440300822,244.36661559567543
-1.5295599488633607,244.31570963740964
-1.5288863838271218,244.2445320685559
-1.5282395445168675,244.19897017081362
-1.5275927408377679,244.14897285331435
-1.5269175765879448,243.9111299632158
-1.5262704280729835,243.84307025332336
-1.5256233168755309,243.8051419881503
-1.5249762435342709,243.73332675169095
-1.5243292085876983,243.7084535550078
-1.5236516885334341,243.6410741151497
-1.522973332106364,243.4680657309932
-1.5223255794323447,243.3947912373466
-1.5216778674627,243.3512494780592
-1.5209979181665607,243.27744030721632
-1.5203498705853125,243.21435901675378
-1.5197018654088221,243.0908597346603
-1.5190539031770827,243.02031892020491
-1.5183719877774602,242.9212313984395
-1.517689234065932,242.81898833972303
-1.5170754452953872,242.82157086125326
-1.5163919429191421,242.69407420247867
-1.5157433658039088,242.6775527663267
-1.5150948350485107,242.63171855615263
-1.5144097480145766,242.46909712826658
-1.5137608922135994,242.42898888523496
-1.5130745940131771,242.3142713129091
-1.5124254151616472,242.25360942699336
-1.5117762855612038,242.1950123069093
-1.5111272057532266,242.16961757239042
-1.5104781762788435,242.14247024745504
-1.5097895580607703,242.0702496800671
-1.509100099619337,241.97801389946207
-1.5084909161658973,241.95645237189788
-1.5078007220194347,241.816566613808
-1.5071511128116701,241.7158010841978
-1.5064597112920473,241.66337133424796
-1.5058097898371918,241.67354518580117
-1.5051599233554482,241.60340565066713
-1.5044669494903198,241.4900125219105
-1.5038167740066564,241.43250699651185
-1.50316665523116,241.3476490198133
-1.5025165937058906,241.3024237016768
-1.5018216871128174,241.23300479751362
-1.5011713210458053,241.21523407503597
-1.500475210357331,241.07442501567598
-1.49982454183278,241.0548217566123
-1.499173933498337,241.02459870320223
-1.4985233858963671,240.98851115409957
-1.4978253509355022,240.87949036335112
-1.4972224750577705,240.82693535775329
-1.4965237223026104,240.73605517374352
-1.495824127281518,240.6295575838106
-1.4951236891567423,240.54688250184677
-1.4945220360904226,240.54486171342668
-1.4938208838226552,240.47375629812535
-1.4931695790463861,240.44689089506642
-1.4925183402542357,240.36841158442266
-1.4918156336017416,240.3134713597815
-1.491164106869482,240.27297946628897
-1.4904602022703297,240.19329462111872
-1.4898083897523027,240.15419639826018
-1.4891566461948211,240.0582611719339
-1.4885049721405357,240.04447663318683
-1.4878533681317443,239.9857712365962
-1.4871472102671226,239.89506794829293
-1.4864402083795059,239.82395150971038
-1.4857879741535582,239.7616850405766
-1.4851358124209872,239.71053605282881
-1.4844837237243627,239.63062067000837
-1.4837748291219404,239.54518039746873
-1.4831797676073812,239.57190175646718
-1.4824701778464464,239.46796302700923
-1.481759743896502,239.39106368652887
-1.4811071847592152,239.3391234149962
-1.4804547022036778,239.28875246644037
-1.4798022967718787,239.21007680328063
-1.4790899820591494,239.08687359026845
-1.478437310418251,239.04602960089923
-1.4777238072814627,238.92203021111033
-1.477070871671076,238.90883099148073
-1.4764180162006615,238.8999515739005
-1.4757652414118838,238.88143045052462
-1.4750498673738273,238.69719523313407
-1.474459936043847,238.658118784307
-1.4737438817898374,238.5541092806679
-1.4730269830339804,238.4696635518382
-1.4723092390196046,238.3865168790825
-1.4717206527176812,238.3831266134679
-1.4710676144771262,238.3552265286753
-1.4703488573764827,238.28523575312883
-1.4696955681876456,238.27761180439467
-1.4689756301291816,238.13996368189436
-1.468322092287961,238.07451684094207
-1.4676009739198659,237.942105015579
-1.4669471897325614,237.8787404311061
-1.4662934946308854,237.81894294328785
-1.4655708635036533,237.69874564266837
-1.4649863738453577,237.71313032132394
-1.4642630786373985,237.63052659870283
-1.463538938293704,237.53261891443353
-1.4628848521183218,237.47605734543077
-1.4622308586251374,237.41967569277168
-1.4615769583537694,237.29128990435524
-1.4608509835845342,237.24552691572612
-1.4601968489967951,237.122851219379
-1.4594697010429376,237.03320948674383
-1.4588153344971964,237.0011758040458
-1.4581610642396743,236.95938601210764
-1.4575068908091429,236.94706600908643
-1.4567779194100572,236.86293444923822
-1.4560481026358334,236.7644085007195
-1.4554692170732642,236.7011323588015
-1.4547387529607747,236.6091300004428
-1.4540842277085992,236.57494646360792
-1.4534298028972357,236.50589464821306
-1.4526978498704406,236.430494106875
-1.4520432053281358,236.38048827917365
-1.4513100868071516,236.2780660946862
-1.4506552249431008,236.20644879809174
-1.4499209417949321,236.06942933808924
-1.44926586502838,236.028235554177
-1.4486912626524897,235.99762743302375
-1.4479560264422449,235.8858963765875
-1.4472199457417105,235.8376288274735
-1.4465648692053914,235.72913633427487
-1.445909899825162,235.68619793258785
-1.4451723439806365,235.62345189253037
-1.4445171684134066,235.6137368202627
-1.4438621018199196,235.55235446881642
-1.443207144735043,235.5205805778312
-1.4424678058201572,235.42267470383212
-1.4418126475734645,235.368849651949
-1.4410721535745623,235.28608824393413
-1.4404167966368948,235.26467390372824
-1.439761552312908,235.2111169029803
-1.439106421136084,235.16034839771254
-1.438364156154737,234.98589037549013
-1.4376210473663549,234.8489952039228
-1.4370536215037608,234.85289344380968
-1.4363098997441193,234.79011003614133
-1.4356545000555037,234.71959307634233
-1.434909629883494,234.59928894191367
-1.43425404285424,234.5883460776759
-1.433598573908791,234.54631160721038
-1.432852253487407,234.42210094135868
-1.4321966010124956,234.36641660872124
-1.4315410684471217,234.2942996638473
-1.4307933020939623,234.19696111319618
-1.4302303651657713,234.21985916527956
-1.429481999290143,234.17266442324998
-1.4287327913707513,234.04755733232832
-1.4279827408281236,233.93067735341725
-1.427421382134291,233.9080664221277
-1.4267658633906375,233.8427935548701
-1.4260149222108744,233.75014845027172
-1.4253592327521933,233.7138679947268
-1.4246071549883152,233.64576627333798
-1.4239512973792992,233.63967366923515
-1.4231980842306877,233.57639750050362
-1.4225420610453856,233.51417840351604
-1.4218861663853959,233.4686537694144
-1.4211315275515288,233.32360548683704
-1.4205747647462874,233.30161838793865
-1.419819545213377,233.23677971229472
-1.419063485286035,233.1884774314217
-1.418407401509358,233.18280838087352
-1.417751449921446,233.14637847933446
-1.417095631046658,233.0571376803817
-1.4163378680799414,232.996758486655
-1.4156818966411606,232.95508284501958
-1.41492300849188,232.8581918723134
-1.4142668871074349,232.7828990351198
-1.4136109015767884,232.77286411459968
-1.4129550524221384,232.73960075876303
-1.412194474855792,232.66123621227197
-1.4114330584752641,232.59207691728366
-1.4108826253612528,232.63151497915646
-1.4101206476606307,232.56256101873092
-1.40946465127247,232.53926234943037
-1.4088087949238668,232.4684825727856
-1.4080454219285654,232.3423150619561
-1.4073894287986786,232.31043779892838
-1.406624941386822,232.25208706704444
-1.4059688141365287,232.23028811979628
-1.4052032137318757,232.15064216472592
-1.4045469550308565,232.08234413556488
-1.4040012935681088,232.08937321296358
-1.4032348716495489,232.01319833125018
-1.4024676139475956,231.96800051065512
-1.4016995199991942,231.88054268986133
-1.4010431535780126,231.80924763580828
-1.4003869348099678,231.78906086140847
-1.3996174639062868,231.74477270320443
-1.3989611243888174,231.65915554456296
-1.398190549143584,231.5638858194718
-1.3975340915840284,231.45614385916502
-1.3967624135282644,231.38425251161271
-1.3961058406424975,231.2884835820912
-1.3953330613258645,231.20322007309102
-1.3945594464509339,231.08898672054843
-1.3939024968290754,231.04667734897166
-1.3932457014724375,230.9576794114866
-1.3924707243577203,230.8702141648455
-1.391694912040745,230.7598009218114
-1.3910377482587315,230.69927538780217
-1.3903807413960623,230.63131702748896
-1.3896035729061251,230.47601469353648
-1.3888255696165461,230.38749881812504
-1.3880467311248978,230.33349256018286
-1.3873891063980415,230.2563168122978
-1.3866091751184724,230.14418819087754
-1.3859514544287832,230.06388487198132
-1.3851704320467562,229.91566496510603
-1.3843885745393,229.838094493559
-1.3838549673862794,229.86504020900855
-1.383072602160665,229.7743652418288
-1.3822894027055082,229.6186191043485
-1.3815053686481684,229.52292027155485
-1.380847125502482,229.48241549655114
-1.380189048927193,229.40591751491417
-1.3794036793671078,229.28268729304258
-1.3787455208521984,229.21415874053133
-1.3779590688999617,229.08313465387496
-1.3773008312741077,229.03207909894113
-1.3765132987284818,228.8508773969208
-1.3758549848282546,228.75958423368084
-1.3757249327702779,228.7038945470852
-1.3749357330573748,228.58308636336128
-1.3742769291004278,228.48304039192732
-1.3734866512735002,228.3249672661913
-1.37282777691025,228.28203075102812
-1.372036422830079,228.1059433059413
-1.3712442353510046,227.98597745173205
-1.370718714486036,227.97929321801448
-1.369926045902723,227.88209977596298
-1.3691325449744614,227.77424304066494
-1.3683382113903724,227.68266358214015
-1.367678905133951,227.55529059717168
-1.367019777882158,227.4849479025283
-1.3662241377771738,227.3029440372257
-1.3655649545255062,227.169192524513
-1.364768247756516,227.0152120124316
-1.3641090114089232,226.93715524609942
-1.3633112399508927,226.83807154210052
-1.36265195341875,226.79482467626357
-1.3618531192656969,226.77002897534877
-1.3610534545285493,226.63931572371266
-1.3603938906327466,226.60200521692596
-1.3595931656649032,226.49977924194877
-1.3587916102996616,226.33448587477415
-1.3579892242761846,226.21630293400898
-1.3573291627755912,226.18333305566043
-1.3566692901059938,226.1646080635293
-1.3558656213860398,226.0785292372397
-1.3552057134441742,226.0527842694409
-1.3544009911799706,225.9851588133909
-1.3537410509267804,225.93129886682718
-1.352935277232547,225.78943692677112
-1.3522753076360061,225.81100337896436
-1.3514684846450715,225.8074846896663
-1.3506608335110841,225.71668939228348
-1.3501486874613957,225.75958689275922
-1.3493405991934142,225.71467987636865
-1.3485316840854917,225.60664210422834
-1.3477219419281803,225.52306718430518
-1.3470616864461153,225.56859846068036
-1.3462509020724116,225.5196437920078
-1.3454392910169481,225.46068802999767
-1.3446268530856158,225.32800523844594
-1.3439661560005245,225.34369043822238
-1.3433056603538354,225.2615806820153
-1.3424919727359401,225.19477528242768
-1.3418314690170365,225.18460600310846
-1.3410167465181884,225.13143301694123
-1.3403562377553868,225.1371802410541
-1.3395404826679163,225.08539788630566
-1.3388799718960065,225.07439514850108
-1.3380631865313486,224.97505392282727
-1.3372455773843486,224.9358108706991
-1.3365848634802122,224.93394404786667
-1.3359243578200208,224.90845698713915
-1.3351055189116592,224.90746728324248
-1.3342858575474688,224.88212472628848
-1.3336251582481866,224.852376416909
-1.3329646699149034,224.8154767238077
-1.3328044743380534,224.7730529437676
-1.331982968525518,224.75055157537082
-1.3313220828820194,224.77174898683097
-1.3304995576270529,224.74330838349312
-1.3298386886713716,224.7574243364169
-1.3290151464064082,224.75065519937397
-1.3283542972232003,224.76267494498666
-1.3275297403997326,224.713614725864
-1.326868914079594,224.7028004492196
-1.3262083050583864,224.69882607319
-1.3253825448075534,224.65365314035358
-1.3252169571497443,224.61310552670702
-1.3243897499350987,224.61383610695287
-1.3235617234392683,224.58929442258196
-1.323394656558752,224.54849987279619
-1.322565179226098,224.51885261853744
-1.3219032122858894,224.52902176174712
-1.3217348815189118,224.4882803413656
-1.3209037633660377,224.43361093001994
-1.3200718247007126,224.40112916941
-1.3192390654605857,224.3825388355844
-1.3190686060291419,224.34425743496521
-1.3182343891000297,224.32948393858334
-1.3175710850286844,224.3478391892799
-1.3173993505508406,224.30763164233127
-1.3165634903334045,224.34869837548558
-1.315899821660437,224.31119614246433
-1.3157268084040483,224.26388641635526
-1.3155535652456396,224.21656966480828
-1.3147154198642532,224.17427739598662
-1.3140509792574837,224.17045538723352
-1.3138764517653398,224.1304139274751
-1.313036660919728,224.11062716394616
-1.3121960473028307,224.04731961148087
-1.3113546108946645,224.02153275334825
-1.311177914977788,224.00061515857433
-1.310335008489036,223.9867049036809
-1.3096692696477157,223.9794703661088
-1.309491278254375,223.9434674604101
-1.3093130496070335,223.91066500496225
-1.3084678455637184,223.85464678040438
-1.3078013465316565,223.8358867018665
-1.30762181684106,223.78347988336745
-1.3067749634443773,223.77450955066124
-1.3059272853837307,223.81927268710734
-1.3052602708788412,223.82553631797882
-1.3050787826739414,223.78085272204316
-1.3048970520910743,223.73616825854842
-1.3040470691284496,223.70728077761365
-1.3033793033901286,223.71908078352809
-1.3031962606365963,223.6719965418582
-1.3023446266458147,223.62260118336317
-1.3016765258074077,223.65103595401706
-1.3014921671912534,223.6225193045898
-1.3006388823129278,223.5972726100891
-1.299784772055739,223.57638599033112
-1.2995988453940972,223.53703468212433
-1.2987432477107708,223.51302033129954
-1.2978868238344896,223.48916245044657
-1.297217489533672,223.46020343017568
-1.2970295738261062,223.41574312197946
-1.2968414062851128,223.37664406935536
-1.295982664409387,223.4414494066454
-1.29531259568133,223.42766279046162
-1.2944528676915872,223.36711778080263
-1.2942626999997173,223.3280404288643
-1.2934014776249523,223.3136178816804
-1.2925394285847795,223.28947390760703
-1.2923476657805457,223.2501676112237
-1.291484118837227,223.1782516554612
-1.2908128508823409,223.13396864570237
-1.2906197445068976,223.09131558400026
-1.289754542893355,223.02906307755288
-1.2888885141055488,222.95185087618557
-1.2886937990532255,222.89431050986363
-1.2878262672715994,222.82708745470018
-1.286957907642077,222.76331133601607
-1.286285465863736,222.72679150100538
-1.2860887202905686,222.69584294817997
-1.2852187053482278,222.6193668461141
-1.2843478629514693,222.57045266834507
-1.2841494923392975,222.5262099703429
-1.2832771412000934,222.44097823165112
-1.282603696366773,222.36102829143448
-1.2824039619940129,222.30217633681772
-1.2815299548748422,222.26835508718167
-1.2806551200017204,222.1922103417707
-1.2799812442965266,222.19349904800902
-1.279307640311619,222.19166378698895
-1.2784316958316335,222.06872706332402
-1.2775549260710448,222.07829309302102
-1.2766773312128783,221.93723628642186
-1.276003583996852,221.93896290232698
-1.2751250279162236,221.86768377029406
-1.2742456482031241,221.72422193607372
-1.273571906962227,221.7202835113463
-1.2728984436802975,221.74706618264082
-1.2726915706606436,221.70788801800646
-1.2718104122300813,221.62282155192582
-1.2711366856901836,221.59626972907986
-1.2702545753625518,221.49976717916138
-1.269581000186542,221.50630543558697
-1.2686979413724415,221.47346908183312
-1.2680245210671166,221.43232833679934
-1.2671405171965464,221.36931515345015
-1.266255695429704,221.25861145991502
-1.2655823097940395,221.24515117806573
-1.2646965477868317,221.15966471851306
-1.2638099695113134,221.05575385552396
-1.2631366273815963,221.07799809105072
-1.2622491137390341,221.06930692248594
-1.2613607854948758,220.99699389470302
-1.2604716429310248,220.94769146385443
-1.2600144963963724,220.9475643426718
-1.2591251225877578,220.86779789038968
-1.258908165485852,220.84079260644415
-1.2580172813101187,220.81217132830483
-1.2573439399944109,220.80963430066896
-1.2566708924716508,220.785881596047
-1.2557789735798757,220.75359449781905
-1.2548862449982134,220.69021555794953
-1.253992707048484,220.64349738389174
-1.2533196280167722,220.69224459114056
-1.2524251747642345,220.6832395824079
-1.2515299139662022,220.6011671333046
-1.2508569231510172,220.6083947864165
-1.2501842323246386,220.60218797654025
-1.2492879594328077,220.52855008609603
-1.2490637755824125,220.4808737705477
-1.2481659936307716,220.44937350685927
-1.24749300047278,220.47194786939014
-1.24682031068811,220.47381703066813
-1.2459215279185485,220.39470421391698
-1.2450219429230056,220.3352413295056
-1.2443493652218218,220.30966900305603
-1.2436770936834858,220.27270687189412
-1.2434488843166969,220.22111032054914
-1.2425476031496314,220.17073830714725
-1.241875146656271,220.22581187413016
-1.240972974940654,220.1208717085267
-1.2403007373021413,220.12371003721282
-1.2393976788367012,220.08449048483664
-1.2384938237313148,220.0396223082549
-1.2375891724101438,219.9884651192267
-1.2369169858305715,219.95174095627198
-1.2362451125563285,219.93167003517186
-1.2353394987000152,219.8880263721714
-1.2344330919268187,219.82799396170967
-1.233525892686231,219.8023812506073
-1.2328540911083412,219.81421840706844
-1.2319460216350877,219.7455399630765
-1.231037161839899,219.65223567596223
-1.2303655240953741,219.66591918223344
-1.2296942057756546,219.65868663002772
-1.2294557996849265,219.62191221092968
-1.2285452871374947,219.57719733988546
-1.2276339869400863,219.48268553800648
-1.2272026796805853,219.51552181770867
-1.2262912378930788,219.4805809125814
-1.2253790114380463,219.44557923495796
-1.2244660008219534,219.41003963280636
-1.2237949759763633,219.40985656778304
-1.2228811161548747,219.30845892242914
-1.2219664744600336,219.24667944493436
-1.2212956472562042,219.21514086414263
-1.2203801621709656,219.18473243386606
-1.2194638975396177,219.14039638606272
-1.2185468539064948,219.0708670658364
-1.2178761752076999,219.05607462145008
-1.2172058277123408,219.0395750466833
-1.216287892128193,218.98041058127848
-1.215369181201012,218.9620069824076
-1.2144496955008344,218.91727330665503
-1.2137795176175117,218.87369514765464
-1.2128592063003576,218.7979777398014
-1.2121893128799275,218.76141087856712
-1.2112681800956562,218.7214844873858
-1.2105985747584138,218.72213526046562
-1.210346276867648,218.67847980174056
-1.2094236037979162,218.6290662521683
-1.208753906042342,218.61454447198616
-1.2078304194761487,218.57391802203605
-1.2071610179996868,218.55914971768146
-1.2069061655931543,218.50861171228638
-1.2059811450176725,218.45411819377782
-1.2053116609093424,218.44695472157872
-1.2043858349185554,218.40182681275368
-1.2034592448157797,218.34461942441857
-1.2025318912477108,218.2966766476045
-1.2016037748673618,218.2437870121442
-1.2009344880675763,218.23011160452106
-1.200674896334078,218.17978478531182
-1.1997452563135487,218.1352201645835
-1.19907590466502,218.14041942274835
-1.1984069021588644,218.13145478204729
-1.1981454733992065,218.08130138610895
-1.1972142833307389,217.95053958995723
-1.1962823351478613,217.90176441551571
-1.1956132483328592,217.85011943934734
-1.1946805173051862,217.69314551804968
-1.1944161672238085,217.61738815423678
-1.1934819488911135,217.51116883967333
-1.1928127898385101,217.49224472475672
-1.1918777948276587,217.40725862378522
-1.1909420465946097,217.29789411630045
-1.1902732035305117,217.31183713294337
-1.1893366851297293,217.21134858642608
-1.1883994163353946,217.0623736814876
-1.1874613978939643,217.02266306548955
-1.1865226305583685,216.93711311207494
-1.1855831150880185,216.82164264855373
-1.1846428522488197,216.77340444731408
-1.1839742872763441,216.75495924120315
-1.1837018428131834,216.70499154152844
-1.1827600875600357,216.60216924618834
-1.18181758727483,216.57394775095608
-1.1811490010631345,216.5648062683218
-1.1802057522312248,216.43051887213807
-1.1799303547827593,216.37356618726554
-1.178985624179533,216.38913182198013
-1.1785935368152662,216.38486883750147
-1.177648804163253,216.2632129707459
-1.177371556678995,216.21228472825334
-1.1764253445259885,216.09138083751222
-1.1757571226018868,216.0824801194712
-1.1748101753487508,215.98987133381192
-1.1738624915624274,215.8706552070244
-1.1729140720874947,215.79715723583612
-1.1722462405375087,215.74761315710037
-1.1712970951244028,215.63590880041835
-1.171015029483153,215.58076956526187
-1.1700644080759681,215.59172282508712
-1.1696797821843727,215.63293084862835
-1.1693966074814717,215.58406804712604
-1.1684452669935652,215.48142775171863
-1.1674931965670312,215.43960307696474
-1.166825804052097,215.44075986900634
-1.1658730215821502,215.4406487795205
-1.165586869454952,215.39199704829943
-1.1646326145644887,215.32905555506278
-1.1639652773778257,215.3440563982298
-1.163010317458191,215.3204804399657
-1.1620546335478523,215.2768390965971
-1.1610982265708678,215.30104675589422
-1.1601410974579853,215.2235056614611
-1.1598504632704154,215.17808114588078
-1.1588918641366075,215.14945034579478
-1.1582246765810187,215.1483862837264
-1.157932544240238,215.1190518971734
-1.156972504535802,215.12947342080628
-1.1563053784970534,215.16685632085256
-1.156011745984535,215.09352571668555
-1.155050269554421,215.0590565262571
-1.1540880762202,215.03795000226333
-1.153125166963376,215.04862722028088
-1.152828885388089,215.0221376955436
-1.1518645079116676,215.03150819267483
-1.1511972046418002,215.0699578440764
-1.1508994160138173,215.03320228667317
-1.1499336107001414,215.05854030671313
-1.1489670929830533,215.07669791978077
-1.1479998638817852,215.0892572387948
-1.1476994103595928,215.06111053803107
-1.1467307142606187,215.10898044640345
-1.1460632756377682,215.17192681644565
-1.145761308373664,215.1328937507673
-1.1447911937423187,215.11143852814766
-1.143820371417035,215.13632185147148
-1.1435164831611497,215.0933143070444
-1.1425441947509098,215.10857680696978
-1.1415712003215437,215.1100684245444
-1.1409036688851515,215.12563624691634
-1.1405975009480749,215.0894240439531
-1.1402909238939891,215.05366423028573
-1.1393157589007719,215.13830052223844
-1.1386479917034558,215.16133001574127
-1.137672184016902,215.20861526858434
-1.1366956757554505,215.22322134376864
-1.136386049081425,215.1873983021063
-1.1354080778841076,215.17604116544857
-1.1344294079199033,215.13711592531453
-1.1337619586524603,215.18880644176534
-1.1334500403163719,215.1738256616461
-1.133137705235305,215.15889306319582
-1.1321568754358964,215.216521229408
-1.1314892167363775,215.25254824192743
-1.1311753498679624,215.22945963810662
-1.1301931296841063,215.26606363448764
-1.1292102160439241,215.25583177478188
-1.12822661011401,215.2520293066872
-1.1279100201552208,215.22881625172994
-1.1269249544573194,215.24788873954148
-1.1262573260863753,215.32011339654892
-1.1259391984402944,215.30544568157762
-1.124952753296003,215.31218440213962
-1.1239656202233341,215.2936762477271
-1.122977800428212,215.31254919620682
-1.1226569353400855,215.29915205886596
-1.12166765853432,215.34583487941194
-1.1210001055295047,215.36068207520913
-1.120677697077675,215.32483783396373
-1.1196870522015465,215.3326225768332
-1.1190196783881226,215.3950567470069
-1.1186957251443963,215.35034467077216
-1.1183713391353904,215.29844422041725
-1.1173785572501462,215.27399929643184
-1.1167110294762295,215.3261329119884
-1.115717663377496,215.35722895687596
-1.1153909546659513,215.33352059276748
-1.1143961365023038,215.30031639292565
-1.1134006421263187,215.29474462522685
-1.1124044728233917,215.29992171704367
-1.1114076298860196,215.3069039475012
-1.1110773792212147,215.26323721649155
-1.1100790867816899,215.171732946683
-1.1090801230032865,215.09821122533572
-1.1084130722987726,215.12550412221327
-1.1080804892043745,215.10531725024848
-1.1077474620392227,215.08521965813276
-1.1067463804943334,215.11096163567805
-1.1060792168541327,215.1262739820867
-1.105744631291069,215.08080207524685
-1.1047422157738003,215.0385031908596
-1.104075280420454,215.03271227594695
-1.1037391352940429,214.99443556503485
-1.102735391210459,214.92492350166066
-1.1017309848888572,214.9141500125399
-1.1007259177021942,214.8773064930997
-1.1003869794980827,214.83319318416412
-1.0993804708424961,214.79472291569056
-1.0987138062612494,214.82046491817732
-1.0983733038270624,214.78443484736175
-1.0973654798509311,214.73488171866853
-1.0963570003204164,214.70252207406534
-1.0953478666489955,214.69940992042046
-1.0950045587080897,214.6578725354757
-1.0939939881154386,214.63537990819972
-1.0933276425731626,214.66004062280513
-1.0929827659933329,214.6287125891682
-1.0926374294272185,214.597403776249
-1.0916247715927818,214.59721875853583
-1.0909583729271723,214.62132343018976
-1.089945204884266,214.5839388251739
-1.0895975107769758,214.5395371149958
-1.0885829107209022,214.57223745085395
-1.0875676661948936,214.47749671584862
-1.0865517786795678,214.47300377637106
-1.0858860901619793,214.50501897557632
-1.0855352496627269,214.46379801688568
-1.0851839416904911,214.41970554790086
-1.0841659846213458,214.3756809812731
-1.0835002731116206,214.38252619842575
-1.0824818285888638,214.35429193793243
-1.0821281559142226,214.32247798758402
-1.0811082873121518,214.24301811790468
-1.0800877845803274,214.24914228560812
-1.0797320614953694,214.2191935241639
-1.07871013628592,214.1836662897484
-1.0780448828782858,214.20819002165837
-1.0776875798624341,214.17845581706246
-1.0766643937802993,214.2049633607482
-1.0756405796020927,214.1698234986189
-1.0746161388975772,214.15734927273326
-1.0742559862419885,214.10587865608676
-1.0732301290075001,214.00164353425566
-1.0725653842245781,213.98573801541198
-1.0722036482717336,213.94964544371928
-1.0711765456311815,213.9391306098602
-1.0701488226895197,213.88316758418955
-1.0691204810576032,213.88801704617836
-1.068755885112489,213.86406055862616
-1.0677261332753458,213.8620713797446
-1.0670619482022912,213.83771959925372
-1.0666957658829461,213.78416028203833
-1.0656647845729355,213.7422161188631
-1.0650009600954755,213.695496002549
-1.0639695494260228,213.64037629928595
-1.0636009867865208,213.597891532862
-1.0625681736212473,213.60202822601008
-1.0619049031241234,213.66351256020388
-1.060871670820734,213.63658907541247
-1.060500727078066,213.59691768669217
-1.0594660970541985,213.5599965793363
-1.058803396285194,213.52542291716378
-1.058430864776738,213.48336696110542
-1.0573950319405403,213.4523178980994
-1.0563586002475838,213.4304570002304
-1.055696485001876,213.46368546490953
-1.055321571406961,213.42187523910675
-1.0542839471348726,213.43179800861373
-1.0532457291546191,213.39656782466903
-1.052584215273133,213.39896033665363
-1.0522069191965926,213.3461549633559
-1.0511675189982708,213.31563694294397
-1.0505064148486163,213.34056270362163
-1.0494666336719454,213.33898042379786
-1.0490869548660213,213.31474145117448
-1.048045794442396,213.30978104479897
-1.047004050799063,213.29203171319386
-1.0466222794436921,213.23950628516496
-1.045579159189269,213.19892010613844
-1.0449188209514024,213.25001456836935
-1.0438753383137134,213.27374971198333
-1.043491181494298,213.24229625208847
-1.0424463276455944,213.21495310408523
-1.0417866465798375,213.22762702947284
-1.040741441092347,213.26303882817746
-1.0403548989780023,213.22248431935586
-1.0393083277930304,213.17796465676693
-1.038649319950407,213.19858743743697
-1.0382611878082038,213.1734501586534
-1.0372134808579423,213.18688653207033
-1.0365549307660422,213.2174240154931
-1.0355068902515996,213.1908398397502
-1.035116373433614,213.17646818089347
-1.0340669766631723,213.17167561762602
-1.033409126626188,213.1862953849949
-1.032359407235175,213.1710973702555
-1.0319665063168104,213.1344103430427
-1.030915436486078,213.14695764325074
-1.03025830264818,213.14961510422054
-1.0298638127252735,213.12045524039354
-1.0288116369242297,213.14976150660658
-1.0277589109796534,213.09154207323346
-1.0271025095165975,213.0846677283551
-1.0267056367951117,213.0508020924518
-1.0256518162810215,213.03226830342882
-1.0245974513546354,213.02715832544376
-1.023941798471905,213.0584419791472
-1.0235425439400299,213.02710023387385
-1.0224870959680898,213.0276104446857
-1.021831951155786,213.05423645731443
-1.0207762213074252,213.06056276886028
-1.0203745861097215,213.03252186798233
-1.0193175281189937,212.9274047197489
-1.0182599373623056,212.84889672515186
-1.0178561877089731,212.80386739223053
-1.0167972723588494,212.7904735540661
-1.0161431654167037,212.8288124514942
-1.01508398817742,212.82237859983167
-1.014677857647463,212.79609346409407
-1.0136173622610247,212.81077749069755
-1.0129640610902189,212.809127539462
-1.0125563441818022,212.77421586775387
-1.0114948054139299,212.69563238256404
-1.0104327479682036,212.66950629778347
-1.0100229107441072,212.62932294352672
-1.0089595433150473,212.57769272375407
-1.0078956614583976,212.56524994002842
-1.0068312672108095,212.5978171379435
-1.006418512633463,212.58962640951995
-1.0053528145595352,212.53953549077815
-1.0042866084171584,212.47547633020312
-1.0032198962687613,212.42463382037846
-1.0028042206274177,212.38746713472855
-1.0023880027483378,212.35182094749902
-1.0013191987417756,212.3636073619429
-1.0006676997163704,212.4176817612265
-1.0002498933769113,212.39871581041206
-0.9991800887479271,212.35128318514163
-0.9981097869555324,212.30227289628488
-0.9976898468839137,212.23314728737517
-0.9966182559458132,212.145534292773
-0.9955461723453807,212.15273739654975
-0.9944735982089085,212.08565338568542
-0.9940507271521012,212.02368989928263
-0.9929768706089176,211.92074670793644
-0.9919025281030714,211.87223795654046
-0.9914775173129952,211.83496583591082
-0.9904018968348767,211.738103288162
-0.9897523938168633,211.6951430827627
-0.9893257950207387,211.67188947140176
-0.9888986417418424,211.6224404796776
-0.9878212664795475,211.5357714594602
-0.9867434145611761,211.4880320712196
-0.9863141161209372,211.42218831626968
-0.9852349953685638,211.34890563501676
-0.9845862895212747,211.36567224213118
-0.9841554026933824,211.2748239387227
-0.9837239565032904,211.20964757094504
-0.9826430996986532,211.16568279807012
-0.9819948104152193,211.17189717051514
-0.9815617757578191,211.13008245645332
-0.9804799869082197,211.04838355567
-0.9793977353835551,210.95909243815723
-0.9789625504681018,210.89340199641188
-0.9778790448468588,210.84942617251053
-0.976795081428082,210.7624916796728
-0.9757106624704428,210.6955290542689
-0.9746257902387977,210.61367337082578
-0.9741868659260424,210.5625076187258
-0.9737473735562988,210.5490306429502
-0.9726604640353683,210.28838252010223
-0.9720141855879216,210.1117343671874
-0.9715731066316917,209.9041044414495
-0.9711314572418581,209.73233782032383
-0.9700428608826049,209.5768324050204
-0.969397057366016,209.5976575070374
-0.9689538216778236,209.59322656195687
-0.9678643419420182,209.55092833090401
-0.9667744239957481,209.47104092197264
-0.9663290295772531,209.42377140161028
-0.9652378834703458,209.36295309036558
-0.9641463042802902,209.31050286857422
-0.96305429435207,209.24086103517402
-0.9626059472659027,209.20800998296735
-0.9615127174047157,209.2182082894351
-0.9604190620039946,209.14092301591526
-0.9599685527514394,209.10601938960582
-0.9588736829373468,209.0930224620121
-0.9577783928352118,209.03079289193585
-0.9573257197340831,208.97820887550287
-0.9562292208310569,208.982520092687
-0.9551323069442708,208.944302236395
-0.9546774684066116,208.90211438915776
-0.9535793514245232,208.8931708407933
-0.9529372438472924,208.90900972771936
-0.9524808248156685,208.85878814917132
-0.9520238193486794,208.81558548803037
-0.95092409544343,208.8076597999946
-0.9502825524175913,208.77950254802573
-0.9498239673210299,208.73142859226027
-0.948723437422968,208.70507817816537
-0.9480826706693871,208.75303105664165
-0.94762250819641,208.71590725432944
-0.9471617557202401,208.67766243377838
-0.9460596411431815,208.6288706675552
-0.9454194615746814,208.63587772861774
-0.9449571327354032,208.6205387328248
-0.9444942116625226,208.60441450218872
-0.9433905239594663,208.60301396427522
-0.9427509443154397,208.63245834856238
-0.9422864479756875,208.60196275380298
-0.9418213571874667,208.55844323501827
-0.94071610805746,208.48696317398412
-0.9400771411241946,208.50132796137996
-0.9396104762488237,208.4844005334954
-0.9391432147260017,208.4379116250273
-0.9380364160141598,208.43663682621482
-0.9373980746239609,208.48878816287038
-0.9369292402777426,208.4532970146302
-0.935821690039888,208.41818572961392
-0.9347137678291156,208.4088620140479
-0.9342427631776179,208.35063227636823
-0.9331336867781624,208.27761376603416
-0.9320242441462228,208.23988115467077
-0.9309144378328564,208.24578586053903
-0.9304404781360522,208.2349907839169
-0.9293295273748009,208.24542951727767
-0.9288541800169886,208.22658830154901
-0.9277420881612625,208.20006186117763
-0.9266296417080354,208.15500357641054
-0.9255168432423798,208.15728361014516
-0.9250385412959244,208.14048698132584
-0.9239246117334312,208.0955313023308
-0.9228103360695247,208.0555349581757
-0.9216957169111532,208.03660892830203
-0.9205807568702858,208.05099430513283
-0.9200987223499552,208.02734743002233
-0.9189826447504236,208.07098064801525
-0.9183498246138491,208.13036546605704
-0.9178662322633339,208.1229656253497
-0.9167494875221222,208.13554603082406
-0.9156324131651077,208.14521010075836
-0.9145150118354577,208.1544738644393
-0.9140284745290513,208.21422643283114
-0.9129099728894456,208.36791996502234
-0.9122792388549525,208.5038299737452
-0.9117911503712156,208.50534405683464
-0.9113024459358657,208.57281067980074
-0.9101825302818366,208.73060413209168
-0.9095525533599877,208.76319023948463
-0.9090622998928098,208.74106369781526
-0.9079417574488584,208.76515141440504
-0.9068209056346834,208.7345016301405
-0.9056997471395779,208.75829438928264
-0.9052065567887484,208.73732209087675
-0.9040843229982053,208.75512363380753
-0.9029617887669584,208.7366128097987
-0.9024664352293001,208.70685348506407
-0.9013428331641653,208.73965437694068
-0.9007158298245401,208.8022666792528
-0.9002189369471938,208.81542958057622
-0.899094749303251,208.81446235995182
-0.8979702729615613,208.81781451365924
-0.8968455106556719,208.79524938849772
-0.8957204651234145,208.81698342793757
-0.8952198788302863,208.81342109410753
-0.8940937875338508,208.8914384832451
-0.8929674194088412,208.96553655238625
-0.8923436566102261,209.01273859074277
-0.8918407772122701,208.94334083780342
-0.8913372702466937,208.8989308822921
-0.8902095937531893,208.89551338103917
-0.889586681653081,208.9084950320132
-0.8890816496480691,208.87309663725063
-0.88857598825362,208.86709831007153
-0.887447017755657,208.9515847862736
-0.8868249697102377,208.99538599982847
-0.8856962394411155,209.01391982181713
-0.8851882962357212,208.99105744091418
-0.8840585507982838,208.9507103900953
-0.8829285526387062,208.95524573948956
-0.8824184605598748,208.92629752566
-0.8812874553243879,208.97611512556387
-0.8806678093646487,209.0122682177233
-0.8801562039628449,209.01233835877696
-0.8796439643391987,209.01252096082968
-0.8785117140858929,209.00980591851686
-0.8778929741292103,209.03440085697702
-0.876761001300147,209.04676627888762
-0.8762464979561719,209.02959077600886
-0.8751135377430418,209.10868565137702
-0.8739803465459011,209.15604016885322
-0.8734637020140742,209.15746783023587
-0.8723295318025336,209.12417592673168
-0.871713282565274,209.14204867901654
-0.8711951373347241,209.1091242021614
-0.8700605214645785,209.16225246712833
-0.8694453287802992,209.22506359912654
-0.8689256870494235,209.21321217099893
-0.8684054057853777,209.183908764088
-0.8672696086622725,209.21856091374895
-0.8666553740301136,209.25961437381915
-0.8661335997924813,209.23946746689975
-0.8649973820496727,209.2185321814578
-0.8638609583107297,209.27425124627248
-0.8627243314557064,209.3599976385709
-0.8621996836779796,209.30757074922425
-0.8610621146603774,209.31559635409812
-0.8604504799332378,209.33774255758217
-0.8599243494065686,209.32672036768514
-0.8593975751233305,209.30929319846365
-0.8582588764995556,209.32592148393292
-0.8576482417759963,209.3896941349695
-0.857119988561891,209.4074956528337
-0.8565910900562448,209.42443071865623
-0.855451277630048,209.45915501684485
-0.8548416563795357,209.47999812880488
-0.854311282854282,209.41888438807555
-0.8537802625282623,209.38524022245466
-0.8526393522338676,209.44036147797198
-0.8520307579367803,209.48906761181942
-0.851498266595777,209.4825581753515
-0.8509651269708423,209.4888081072433
-0.8498231348721261,209.5285664861649
-0.8492155810184447,209.51195890699722
-0.84868097447668,209.47652597171364
-0.8481457181941898,209.4796039802524
-0.8470026604838332,209.50427167721227
-0.8463961605718201,209.5349810026697
-0.8458594415643333,209.481895502413
-0.8453220713860077,209.45918830699617
-0.8441779643846188,209.53927899265418
-0.8435725319194858,209.56191550701004
-0.8430337033018129,209.53091548784496
-0.8418892911034977,209.5615755607383
-0.8407447307579484,209.62344651342445
-0.8402037955065488,209.62706842423685
-0.83905836481047,209.6921470231536
-0.8379127931562063,209.62525506141424
-0.837369754368873,209.58476748982972
-0.8362233218267945,209.6221343076242
-0.8356789045981841,209.58651504710156
-0.8345316164504911,209.55468142579033
-0.8334393675265386,209.53425292677784
-0.8333841988382727,209.59468430514093
-0.8328922559832447,209.50833603670685
-0.831742675256216,209.49703449472958
-0.8311941830404156,209.46200240715356
-0.8306450305463038,209.42118960470833
-0.8300952169127049,209.38863224165485
-0.829544741277967,209.36903358209082
-0.8289936027799668,209.3600844840233
-0.8284418005561145,209.3570986243214
-0.827287773174377,209.39307489536344
-0.8267824028966425,209.27766544429514
-0.8267345849866958,209.33623032148117
-0.8256262108114856,209.27073994377324
-0.8250710230999931,209.25697488540595
-0.8245151671558791,209.19387855892919
-0.8234014471171391,209.1198922094352
-0.8233574260793747,209.18226086427813
-0.8228435812951418,209.11642420863177
-0.8216836768219362,209.13990670998814
-0.8211244178321347,209.1085523065884
-0.8205644861199808,209.07492161272089
-0.8194426010770296,209.06935664031397
-0.8194030436091275,209.1296174665586
-0.8188806460194851,209.05146315078588
-0.8183180147861047,209.0289509699209
-0.8171536896411592,209.0507996235611
-0.8166260553860997,208.92544531802514
-0.816589660320374,208.9812314345608
-0.8154595666495515,208.91881693931424
-0.8148935005739315,208.9015540051533
-0.8143267538538909,208.88430520125888
-0.8131912150257312,208.8478814670747
-0.8131587430410692,208.9071137995348
-0.8126224211894033,208.81489597602118
-0.8114522490109763,208.81870205123192
-0.8108820503591926,208.83783060176626
-0.810311166616155,208.83149325225295
-0.8091673404053943,208.70814938079738
-0.8091394844697111,208.76821895179538
-0.8085943962115106,208.69194058020602
-0.8074205552975182,208.6965336791177
-0.8068462027480471,208.6741898563051
-0.8062957253615389,208.6051402614168
-0.8062711606841428,208.66607480617313
-0.8051190045671613,208.62338627407757
-0.804541888790556,208.5975586788008
-0.8039640800524734,208.5655772390998
-0.8028063802423505,208.52982384456408
-0.8027858671622796,208.5905236078952
-0.8022264874450163,208.50837005092188
-0.801046117691362,208.52299672592886
-0.8004648093636518,208.50815114904736
-0.799882803683352,208.52804975171247
-0.7987166968224135,208.51684493623043
-0.7987009551509305,208.5755324270639
-0.7981325939200729,208.44395965532266
-0.796948592123749,208.4052853219573
-0.7963630705461486,208.37500730325866
-0.7957768472536757,208.3069019567109
-0.7951899213877701,208.27423206092112
-0.7946022920897489,208.26788219737614
-0.7940139585008126,208.22397680809982
-0.7934249197620528,208.2019444866471
-0.7922365872121915,208.1902332205978
-0.7916461259223302,208.15535216520493
-0.7910549577300178,208.1468742639131
-0.7904630817789803,208.11652415143212
-0.7898704972128753,208.08622847587762
-0.7892772031752996,208.06643370298238
-0.788085276576559,208.05920592979632
-0.7874905572022002,208.05417934232318
-0.7868951266297268,208.0247902601111
-0.7862989840056043,207.97188419837116
-0.7857021284762794,207.93636735842114
-0.7851045591881881,207.91260507220176
-0.7839090582777662,207.91196752008938
-0.7833100610435223,207.8399795079883
-0.7827103483510326,207.79027767050985
-0.782109919349841,207.79761610810755
-0.7815087731895244,207.77535992895073
-0.7809069090197003,207.72098133713408
-0.7803043259900343,207.66667462925471
-0.7791045599184797,207.60432599422097
-0.7785005456939275,207.54719733426356
-0.7778958109417253,207.51526066825562
-0.7772903548149293,207.4790916757075
-0.7766841764666895,207.40803866014284
-0.7760772750502575,207.3480452713154
-0.7748739789070189,207.360040296139
-0.7742656440803235,207.30653800005652
-0.7736565845474147,207.2668807853541
-0.7730467994651862,207.2582640920619
-0.7724362879906798,207.23481428959047
-0.7712301919234473,207.1576602371355
-0.7706360617295109,207.11279507990713
-0.7700611339282425,207.19981321940318
-0.7700426577854298,207.1406771378519
-0.7694691566704548,207.22607896080996
-0.7688977314852035,207.30800674314997
-0.7688779020952405,207.24785837187127
-0.7683078949112261,207.31560813907328
-0.76773994678017,207.383526097539
-0.7677187774729208,207.32333067242197
-0.767152238722402,207.39139227507638
-0.7665652462736979,207.40618843955127
-0.765978968531606,207.41555171772725
-0.7653934045939056,207.43964468304225
-0.7648085535586139,207.4658891354348
-0.7642496448244251,207.55820196508384
-0.7642244145239921,207.4994307338251
-0.7636668962188319,207.59205073291386
-0.7631113801954169,207.68341970914634
-0.7630848561225752,207.62411795880934
-0.7625307221001412,207.69710442104116
-0.7619785741284971,207.7655455814373
-0.761950769043002,207.7043577931181
-0.7613999947067905,207.75837336673922
-0.760851190339227,207.82007247820792
-0.7608221168720617,207.76080751487717
-0.7602746778363937,207.8521523289948
-0.7597291928345602,207.92789661313896
-0.7596988634893278,207.8684366789417
-0.7591547355773787,207.96538960445895
-0.7586125459103092,208.04954459136798
-0.7585809730646105,207.98941782690645
-0.7580401323064577,208.04834902814864
-0.7568638451695229,207.99575451654567
-0.756292852812719,208.03740114059937
-0.7557225507910781,208.05697420544865
-0.755152938223727,208.09022463017254
-0.7539789237559142,208.08106469031623
-0.7534107306962702,208.09180411270185
-0.7528432251780436,208.1026458232447
-0.7517102732370039,208.17618570328554
-0.751670761969008,208.11951736527377
-0.7505392740127995,208.14465174568977
-0.7499745575724721,208.15523181092416
-0.7494105249790831,208.1667232550616
-0.7488471753494442,208.17832321594352
-0.7476784707590646,208.15509135553935
-0.7471165358589412,208.1900731345303
-0.7465552819772179,208.24121867895332
-0.7453881483901682,208.26896331045208
-0.7448283083232085,208.26732131105592
-0.7442691473161164,208.27325200486752
-0.7437106644831587,208.2385255288761
-0.7425957297989965,208.2482627786353
-0.742545844564902,208.18729432949993
-0.7414323786274689,208.25569424499955
-0.7408766590742033,208.30246450161593
-0.7397141623943655,208.3078983855079
-0.7391598524790258,208.32124447734296
-0.7386062158919335,208.3346863169461
-0.7380532517457574,208.36315987419775
-0.7375009591536755,208.42045385666114
-0.73694933722938,208.47726337200052
-0.7357906446345013,208.3775857881858
-0.7346908798751003,208.39752558355408
-0.7346320853365879,208.33638947858753
-0.7335337938197852,208.41387867495988
-0.7329249204918353,208.41567703514926
-0.7323153789759834,208.39584728468898
-0.7311572380799296,208.3556908885033
-0.7306099761192324,208.39026936173263
-0.7299992428140184,208.3378045765266
-0.7293878411795153,208.22202257363352
-0.7282294016756079,208.1874889897339
-0.7276167383902395,208.19401011699642
-0.7264578615986385,208.23649587212344
-0.7252991432819822,208.22642305721655
-0.7246846312710205,208.10165799474652
-0.72406944984056,208.05953750489297
-0.722909719439768,208.093132401488
-0.7217501573243472,208.03968107932832
-0.7211331349108696,207.97805917075593
-0.7199731614521806,207.98032758847845
-0.7193548865491548,207.9732739614845
-0.7187359412494875,207.9520657089513
-0.717574983278155,207.94205453531146
-0.7164142083860561,207.90756801843895
-0.7157934340799617,207.8809536257526
-0.7146322691535325,207.81651847232433
-0.7145498719067467,207.7528798698419
-0.7139270828249998,207.7235172089483
-0.713303620938026,207.69500603714823
-0.7121401545520145,207.68475936271653
-0.7115154447393779,207.65157508630932
-0.7108900612583966,207.585963516865
-0.7102640035087596,207.53841995459348
-0.7096372708909751,207.521176844128
-0.7090098628063786,207.5018509654688
-0.7078437355441037,207.53388790128065
-0.7072150805733823,207.49304343741733
-0.7071235797776635,207.43153819210488
-0.7059557411635929,207.42277622623624
-0.7053250555402246,207.4076166773287
-0.7046936918498057,207.39382835575947
-0.7035249352176065,207.36552491689721
-0.7034289279089582,207.29715323143523
-0.7027955264813592,207.2188376816072
-0.7021614446323866,207.18266461632774
-0.7009904224424774,207.16552688498746
-0.7003550941968548,207.11141656880622
-0.699719084765674,207.09771827642035
-0.6990823935681881,207.12043704635485
-0.6984450200246153,207.12727272451906
-0.6978069635561484,207.06169485629698
-0.6966333604876934,207.03640365979354
-0.6959940592086762,206.9965646222701
-0.695888690828111,206.93694910082658
-0.6947134051338492,206.88494414008588
-0.6940720511948598,206.82323524477982
-0.6934300118944138,206.82016206116987
-0.6922538618568213,206.83817727092938
-0.6921438749341805,206.78246609926683
-0.6914997761395432,206.76763036135657
-0.6903219562442294,206.77399747410718
-0.6897896099428588,206.83085502273042
-0.68914440087788,206.82478014577265
-0.6884985051135264,206.73671340091045
-0.6873206658717295,206.7476716515459
-0.6867900964295317,206.83289304551153
-0.6856133536851821,206.87115939005486
-0.6849658093760712,206.7969549361939
-0.6837887984572004,206.65728033356544
-0.6832607029665037,206.6909341600523
-0.6820848013026172,206.68590424522685
-0.6814356270804489,206.68411296641335
-0.680259472929833,206.64520711297115
-0.6797338611070094,206.69686978678857
-0.6790836106680289,206.62722390394794
-0.6784326769471505,206.62462574570458
-0.6772565752550336,206.65620124420988
-0.6767327743730296,206.58144705488493
-0.6755578066087788,206.5508116167692
-0.6743831432711329,206.5957981734353
-0.6738616919196162,206.52463505586783
-0.6732087874822067,206.48615744897975
-0.672034742359088,206.5058435253421
-0.6708610110137894,206.5306470156549
-0.6702063801304617,206.47853234720628
-0.669032445922681,206.52454100248843
-0.6678588338141122,206.43754074328075
-0.6673417306878405,206.48214596508637
-0.6666855469038553,206.41067179501096
-0.6655125882857122,206.29734879719445
-0.6643399610481397,206.29935840126427
-0.6638253858977902,206.3279488515409
-0.6631676682742049,206.32852007385205
-0.6619957130415393,206.3896939936667
-0.6608240984222931,206.36607046033973
-0.6601646934811516,206.29701794217127
-0.6589929203706806,206.2582066666002
-0.6578214961388431,206.1977661124601
-0.6573113288834188,206.1842996950208
-0.656650423843346,206.14274619814472
-0.6554797065361976,206.18654765295614
-0.6549712416633038,206.2293000012665
-0.6538017349271588,206.18758028420524
-0.6531393490662253,206.20377563336032
-0.6519697149785313,206.12908687523299
-0.651463810365329,206.15969784450226
-0.6508004480293588,206.13251199208744
-0.6501364148482198,206.102886838503
-0.6489670336984478,206.13259115591455
-0.6484630276320571,206.11379892190809
-0.6479596911108159,206.10018501218883
-0.6474570230559578,206.13273000462814
-0.6469550223902291,206.1813351526263
-0.6457894461954066,206.21231552421096
-0.6446242516950698,206.20608940385873
-0.6441246296776663,206.22431262956098
-0.6436256715719293,206.19925903397743
-0.6431273763033466,206.23239047137616
-0.6419651366437392,206.22880882369344
-0.6414683585187607,206.27320222912422
-0.6403073650792447,206.34718699542321
-0.6398121024678816,206.36608636546558
-0.6393174981257125,206.34330814498867
-0.6388235509827315,206.37515591371175
-0.6376655180881252,206.38229987580695
-0.6366812988834603,206.50272031658375
-0.6365078841946048,206.4441300195305
-0.6355253742589577,206.50859381316258
-0.6343698530279347,206.54476515042643
-0.6338804318623509,206.5902419069856
-0.6333916615542703,206.6357201714778
-0.6329035410393058,206.70433351043897
-0.6317509891886899,206.72455137461458
-0.6312643703702864,206.75903446807015
-0.6301130834966872,206.74590160032395
-0.6296279646143975,206.77075536704461
-0.6291434909284694,206.80221190855028
-0.6286596613795881,206.85557273781734
-0.6275113482186372,206.90534981380364
-0.6263634547852157,206.91763024577259
-0.6258819720536507,206.96289815901181
-0.6254011299106988,207.020037678547
-0.6249209273007106,207.06205734962742
-0.6244413631696626,207.10824843067348
-0.6232972994328582,207.17028837937397
-0.6221536636337401,207.15564307291734
-0.6216764375388049,207.20093014084176
-0.6211998463632122,207.23043338906373
-0.6207238890567977,207.25636079410788
-0.619583235542404,207.26975808049474
-0.619108760118497,207.32030328166334
-0.6179693915972422,207.390681663471
-0.6174963961514146,207.43741603127978
-0.6170240299568829,207.484165278774
-0.6158867984233626,207.4948291400363
-0.6154159084929125,207.5483926662217
-0.6144760068453098,207.611726362854
-0.6142799681404734,207.56925855769381
-0.6133417615401171,207.6456640395836
-0.6124060492863963,207.73982959603555
-0.6122079631848216,207.68671320891855
-0.6119391259440738,207.77681518541453
-0.6116712528261643,207.86554030527668
-0.6114728230772124,207.80750232252436
-0.6112059633038575,207.92117295832745
-0.6109400583199882,208.034523973705
-0.61074129088567,207.98150383862048
-0.610476392727046,208.0817170880801
-0.6101480215071756,208.34287788226348
-0.6100133408920605,208.14497318220546
-0.6097503886506553,208.25927239562938
-0.6095509017953619,208.20631443412944
-0.6092889476143235,208.30377329340598
-0.6090279257459821,208.39805121289743
-0.6090279257459821,208.39805121289743
-0.6088281160019404,208.34061437443378
-0.6085680858038675,208.4348946190334
-0.6074492676050934,208.43518268731205
-0.6069908635932978,208.48053557604948
-0.6058733257833475,208.482556294836
-0.6054163557178258,208.50114145073007
-0.6047562410834983,208.47682421764452
-0.6036396120045029,208.523278086051
-0.6031843025677015,208.59429940738528
-0.6020689626666392,208.6332558323993
-0.6016150846442428,208.66504488034943
-0.6011618059811422,208.69686538490987
-0.6000485879645004,208.70106455143795
-0.5989358344782962,208.68315393884322
-0.5984848131241738,208.719975422345
-0.5980343875967804,208.76032181732882
-0.5969237606636467,208.76537511057313
-0.5962623703718468,208.73572771833204
-0.5951518562905747,208.68739421123905
-0.5947039202799566,208.71959364797175
-0.594256576771515,208.76790778700155
-0.5931481981188693,208.80533098349468
-0.5920402975259718,208.81172892693266
-0.5915952042431127,208.84464877458905
-0.5911506999025689,208.8953623385184
-0.590044938953332,208.8758347496968
-0.5896018509650077,208.90765980337977
-0.5884974024966555,208.9412919104181
-0.5873934404810428,208.9988625445705
-0.5862899672859389,209.07771748380407
-0.5858499506514139,209.15600891659807
-0.5847477977924486,209.21515007134568
-0.5843091922980654,209.2510461952751
-0.5838711678014706,209.31608197054666
-0.582771165472578,209.46677246805552
-0.5816716601013678,209.5468523190006
-0.5805726540077475,209.54590678910245
-0.5801376918809862,209.6086697883467
-0.5797033063525048,209.67149762886964
-0.579040015516215,209.76224323390556
-0.5779428433796561,209.86230092889627
-0.5768461777636529,209.85485392562927
-0.5764142751796724,209.90295354328674
-0.5759829457537249,209.96494963402546
-0.5748884446922333,210.10427598282908
-0.5744585140802425,210.16793827872507
-0.5733653516545989,210.2079655111479
-0.5729368175266009,210.2816753726551
-0.5718449957541687,210.41101400416397
-0.5714178557666126,210.5167262080848
-0.5703273766288506,210.55969355855646
-0.5692374167793374,210.5528913997951
-0.5688124938674279,210.60822972669834
-0.5677238810819387,210.7680676573756
-0.5666357922717806,210.8153191631161
-0.566213083175529,210.8511081219877
-0.5657909355479982,210.91035415989344
-0.5647050225164726,211.0496553723833
-0.5636196383310114,211.1286287349692
-0.5631996985133008,211.16702228296862
-0.5621156693482912,211.25331352857447
-0.5616971105270796,211.33306497286839
-0.561032173585844,211.3810704067996
-0.5599492133744458,211.42959538124455
-0.5595323015227758,211.46568622238124
-0.5591159439897433,211.5161800265846
-0.5580351682163658,211.4922551093282
-0.5569549326730329,211.51504478947794
-0.5565407728650289,211.55123995776512
-0.5554619021394958,211.5736898640972
-0.5550491146211941,211.62739163649084
-0.5546368759631484,211.70100713980918
-0.5535601925916703,211.72931581553235
-0.5524840562987643,211.7832522313976
-0.5514084691581446,211.86156270694897
-0.5509992390923042,211.89847906812264
-0.549925023723267,211.8875068625992
-0.5488513617839549,211.90621259883196
-0.5484443155768919,211.95756857026026
-0.548037811023257,212.02905065028807
-0.5469663436245734,212.10827045022444
-0.5458954340106035,212.14989712654756
-0.545491106728091,212.17491469398846
-0.5450873174519589,212.20412583105127
-0.5444215753908117,212.18548049041829
-0.5433526059880623,212.25186995441072
-0.5429504520107952,212.30353595515913
-0.5418828643591179,212.396708783812
-0.5414820626132857,212.46320450509515
-0.540815842735751,212.4923882831039
-0.5401490893340626,212.52178931644636
-0.5390823875801591,212.57850866127083
-0.5386835054775099,212.62163884308643
-0.5380162576797596,212.60923142247822
-0.537348478101196,212.6016941786723
-0.5362826785316149,212.67076893226277
-0.5352174566089869,212.71135058321215
-0.5345486619242811,212.72245968024976
-0.5334837807694119,212.81130565327703
-0.5328142181237662,212.81607726831416
-0.5321441263154044,212.79290979383077
-0.5310793574114185,212.84236972856166
-0.5306857377733956,212.91737972029486
-0.5300151776029451,212.9310545413022
-0.5293440900835676,212.95433609588818
-0.5282802708504584,213.02097142630677
-0.5278885929433235,213.0630048830372
-0.5272170464238284,213.10600175266322
-0.5265449743922807,213.07906200416838
-0.5254821209230378,213.10688126967702
-0.5244198679374724,213.1681852934586
-0.5237468226277688,213.20174244996747
-0.5226849509534695,213.27476002176712
-0.5222971709557045,213.3408940286945
-0.5215231753480752,213.4770504256207
-0.5212367307097321,213.4387490560276
-0.5211369578671478,213.53838800294716
-0.5203660788875947,213.6348090803799
-0.5200789878765963,213.57798785911336
-0.519309751034154,213.69075603339712
-0.5192136364401593,213.79606128763507
-0.5189259073368911,213.74850078716636
-0.5181597647592364,213.83311227390217
-0.5177774640320615,213.88630904379525
-0.5173956757845892,213.9394986900972
-0.5170143990981072,213.99313289725032
-0.5166336330557684,214.06137207029306
-0.5162533767425876,214.12958393057252
-0.5158736292454387,214.1744244319293
-0.5154943896530495,214.21394375920363
-0.5147374305467203,214.34105079820537
-0.5144468238874176,214.29875526358438
-0.5143597092194812,214.40062324225974
-0.5136057784974215,214.53390381207038
-0.513314571508064,214.489664429991
-0.5125622548425208,214.5943429477927
-0.5121868492824242,214.61049607803844
-0.5118119443734904,214.6430536090661
-0.5114375392200416,214.70806312670067
-0.5103970385564621,214.80489874317863
-0.5093571484684641,214.77654797769256
-0.5083178706657999,214.84434574310504
-0.5079463725369944,214.90717636503118
-0.5069085112852466,214.982597501101
-0.5062411587189568,214.9307671342919
-0.5055018658612236,215.04512753795748
-0.5052037279577389,215.01388714670725
-0.5044660389285512,215.13664585045098
-0.5034308308475034,215.17088743886612
-0.5023962432804311,215.2506762769041
-0.5020297371781747,215.3045664414336
-0.5009965719699333,215.34954008794793
-0.5003289363010827,215.29712420605296
-0.49929622017695763,215.35637324500985
-0.4989321142831461,215.4095785038579
-0.49856849432108946,215.4563189849252
-0.4975380039806202,215.52957876382447
-0.4965081420854975,215.55465389222886
-0.49614660290785656,215.57642071867411
-0.4951181687184065,215.6033968621522
-0.4944503100554327,215.55408827763085
-0.4934223431142917,215.6318793134232
-0.4930631964439057,215.6669792295632
-0.4927045292341884,215.7058069515142
-0.49167879056090613,215.73503964302319
-0.49101076285885453,215.68599247344892
-0.48998550200382907,215.71359441123067
-0.489629223021604,215.75640632880018
-0.4892734197847751,215.7906968288264
-0.4882503888121076,215.7886835405098
-0.48722799840003145,215.83330781458548
-0.4868742575174777,215.8756516134832
-0.4858533026546144,215.93995904465774
-0.48518514538608354,215.9098496229693
-0.48416468583020295,215.95394339158497
-0.4838133247244853,216.0007116137504
-0.48346243287622204,216.03629282661012
-0.482444204730364,215.99271109976812
-0.48177593258068835,215.9950609696661
-0.4807582099234389,216.00850280728028
-0.4804096931388003,216.03984783428683
-0.48006164188600686,216.07504949267923
-0.47939341266072816,216.05179498598324
-0.47837778436076894,216.11099047584094
-0.4780313134677125,216.16613912628932
-0.4776853053392372,216.24049064859156
-0.4766719093908381,216.24212308159244
-0.47600359869014053,216.2194601246246
-0.4749907250457142,216.2551497127385
-0.47464708281783397,216.27869819455782
-0.47430389962568226,216.31054769397792
-0.47363565506859917,216.30526745912812
-0.47262488624905064,216.28682904405792
-0.47161477777876426,216.32451679972343
-0.47127395536186373,216.3681783162881
-0.4709335882497351,216.41184059317274
-0.47026529505786774,216.42312336706226
-0.4692572976523639,216.46906344932822
-0.4689185011472187,216.50530896592082
-0.4685801571820317,216.54158902974328
-0.4675743928899241,216.56768356336516
-0.46690607010732077,216.5612546623278
-0.46590085405909953,216.60543854250827
-0.465564861030675,216.6238800828568
-0.4652293168110419,216.6401446236379
-0.4645610961947018,216.60963100131426
-0.4635580005632852,216.61115482961281
-0.46255557548402576,216.64997087677224
-0.46222237668488747,216.71553861896945
-0.46188962296301295,216.782423537017
-0.46122140470245354,216.77087468733035
-0.46022110563682056,216.8027130223978
-0.4598899120704823,216.85828512126477
-0.45955916082234133,216.90856923135243
-0.4588910668512874,216.86512233582022
-0.4578928968654619,216.8796549066491
-0.45689540341555723,216.88979365847473
-0.45656698711059507,216.93446895325934
-0.4562390093949886,216.97914274255473
-0.455570949154138,216.98853328875484
-0.4545755899836141,217.0433685944243
-0.4535809108756506,217.04050298209876
-0.45325526221707424,217.068407783615
-0.45293004842031587,217.1060746582918
-0.4522620401125124,217.11010187893308
-0.45126950025448803,217.17923582754685
-0.45094583550145406,217.19306062571627
-0.45062260286005307,217.22674455610314
-0.44995475313512745,217.1762500522951
-0.44896435515237554,217.21587278952865
-0.4479746427854748,217.2515850713841
-0.447653728121215,217.28375582853187
-0.44733324184649476,217.30777957323727
-0.44666547452608807,217.2608304739465
-0.4456779086187643,217.1258337565955
-0.4446910316059966,217.09435524880732
-0.4443728570732093,217.12579718212857
-0.44338743997964947,217.12575175955917
-0.44240271378805757,217.13380109963617
-0.4420865012350529,217.15818489912363
-0.44177071061405215,217.19139557438038
-0.44110323519881056,217.17315050146917
-0.4401206620261845,217.07186233786783
-0.43913878288033054,217.03437841345516
-0.4388252923545888,217.05945079681237
-0.4378448742894323,217.01343525966612
-0.436865152149143,216.99134230341787
-0.4362424818946105,217.05842257436507
-0.435886127071786,216.9791673972868
-0.4355753482984496,217.01103656068045
-0.4345977850989667,216.94029821510725
-0.4336209207975237,216.87658157131546
-0.4333120815283907,216.90763186035156
-0.43300365404970687,216.94022693663186
-0.4323366790980438,216.9107231467442
-0.43136197735629217,216.89875810115183
-0.43038797739840906,216.83987257365908
-0.43008183127305,216.8727682683581
-0.42977609324193716,216.89837954949576
-0.42880431434161914,216.88116678300852
-0.4284997412730337,216.92362998237303
-0.42819557380823814,216.9600042251606
-0.42722601137159083,216.92118217644037
-0.42692300399122785,216.94660681541558
-0.42662039973639854,216.97317794718765
-0.42631819785845965,216.9997786826935
-0.4253516001087489,216.9835784791791
-0.4246864019478447,216.89475835406998
-0.4237204591825333,216.8481636064702
-0.4230548136042137,216.7956052021379
-0.4223887687969335,216.7693847052038
-0.42172232499288853,216.70604228289744
-0.42105548242597085,216.6697374376011
-0.42038824133177105,216.6415344183684
-0.41942278630864255,216.61727897004744
-0.41905256451239514,216.54262122035317
-0.4183841292669158,216.46681840398054
-0.4174185553888635,216.54918252354324
-0.41704606631642815,216.5408449099486
-0.41637643910137623,216.58017514756452
-0.41600247142959484,216.517239882516
-0.4150359944294156,216.585785584716
-0.41466050877099886,216.53387857387565
-0.4139889320791641,216.55337415202197
-0.4133169588174506,216.5780716221728
-0.4126445892418832,216.62462729070518
-0.4122660915920948,216.54309327138753
-0.4112986621819658,216.57113717478651
-0.41091863863590233,216.53571661509622
-0.41053787876265063,216.45907449518626
-0.4098627929415035,216.47327242746027
-0.40918731087825294,216.47706967160357
-0.40851143284088964,216.527852676053
-0.4078351590991658,216.5512697543737
-0.40715848992459713,216.53386056088317
-0.40677315344014836,216.49162226772688
-0.40609532001303994,216.52125889140575
-0.40570846498672963,216.46496763012388
-0.40473846735300534,216.50995511234692
-0.4044478643900558,216.5576999440681
-0.40415765547612975,216.62060434167165
-0.4038678398590759,216.69941257263537
-0.40367711907656684,216.84307469661516
-0.4035784167885164,216.75029876006906
-0.40338849512827035,216.88453714465768
-0.4032893855158416,216.79176684130707
-0.40310026102343666,216.92600051744995
-0.4028124160205538,216.98379421763352
-0.40252495937985233,217.06075573271997
-0.40156338393485147,217.1367820356837
-0.4012770744338516,217.16802815021506
-0.4009911508049566,217.22613572787787
-0.40013568783045816,217.41601986227533
-0.40003183851857793,217.32674734960932
-0.39974705695034657,217.37194317620182
-0.3991786432725354,217.45699209567297
-0.39822234305064347,217.55224975252935
-0.39793946280794606,217.6299256767724
-0.39765696277481766,217.7030579961907
-0.3968117367310595,217.8694078917045
-0.3967029122587178,217.7882181688511
-0.39642154244960165,217.88536862721247
-0.39585993540988185,218.04567666908602
-0.39490887730031565,218.0490472431227
-0.39462938579145185,218.11198507627304
-0.39435026890506497,218.16747394463422
-0.3935151588961652,218.39607094816483
-0.3934014470026633,218.3183808589299
-0.39312344860552745,218.3783347019611
-0.3925685677351346,218.49577676182918
-0.3920151700761161,218.62157550309817
-0.3916227185654005,218.59108907561276
-0.39107080193615285,218.6511769373546
-0.3901271754351248,218.6646844845127
-0.38985250853255893,218.70433845857988
-0.3895782083585584,218.74995753158774
-0.3893042742203371,218.78454648754092
-0.38875750128822323,218.87043531196838
-0.3883636007692115,218.83094385736453
-0.387818296648813,218.92400003238004
-0.3875461894106249,218.97249242790494
-0.38700306115496874,219.07663350369754
-0.3866084573973301,219.0383621762262
-0.386191074101539,219.21956040825597
-0.3860667908880074,219.12883403385393
-0.38579649791398607,219.17428362157207
-0.38525698913615636,219.3076650699285
-0.3849877719806958,219.36553767141726
-0.3847189120824124,219.40496280978533
-0.3837870154311265,219.33674639063648
-0.38351923607533106,219.37298829802984
-0.38298474154252504,219.46517107504843
-0.3827180250328805,219.5230281192807
-0.3825887998352483,219.4312744824661
-0.3821856502072298,219.63846981769797
-0.3817897530823452,219.6201259235806
-0.3812588163066796,219.6831195429926
-0.38099387425431996,219.72009591423753
-0.38072928221481755,219.75708653458483
-0.380465039532006,219.79355800754928
-0.37993759961946644,219.84933508481853
-0.37954108791898306,219.78446194597808
-0.37901507530159906,219.85912340542728
-0.37875258898901515,219.89297908634117
-0.378490448475405,219.8870670828791
-0.378228653113842,219.87212252122995
-0.3779672022589132,219.89602077021505
-0.3774453314948476,219.96591828952455
-0.37704825063784175,219.90870989689256
-0.37652779460656177,219.99381389120612
-0.3762680793693932,220.04264473854923
-0.3760087051336241,220.0911823447813
-0.37574967126293246,220.13102320273634
-0.374974605500369,220.2165822576324
-0.37483497658695486,220.1173102707806
-0.37457698498818387,220.14581493393592
-0.37406201564996816,220.21576329362702
-0.37380503665140397,220.2646673590985
-0.37354839392957123,220.31357200283446
-0.37329208685857734,220.3624775695438
-0.37278047717282936,220.41584828833692
-0.37238231765465923,220.30770068710476
-0.3718720997636486,220.35313375346715
-0.3716174904173082,220.39893849501922
-0.37136321331191047,220.44475610004048
-0.37110926783038234,220.5012622038255
-0.37085565335708853,220.55277033753174
-0.37034941497982543,220.65069931717417
-0.3700967898517376,220.68926856217996
-0.36995076968105306,220.5949844172611
-0.369592524667023,220.76466511449706
-0.36934088339479826,220.7969436626498
-0.3691939741350409,220.69475863613798
-0.3688385804622031,220.84454121233458
-0.36858791759468656,220.86818018602486
-0.36844012743569776,220.76552866190482
-0.36833757965726094,220.8918459941478
-0.3678378761737669,220.95885764215691
-0.36758850943171567,220.99919920144544
-0.3674395573553647,220.9064054559764
-0.3673394652277829,221.03954917035065
-0.3670907429674359,221.0789771567219
-0.3668423420575188,221.10041947196208
-0.36659426190624905,221.11209813889636
-0.36634650192321333,221.12702210607557
-0.3662492672561773,221.24803533265248
-0.36609906151936406,221.13898619968555
-0.36600242823567963,221.26165516641467
-0.3658519401070159,221.15967603789028
-0.3655097022187462,221.3300730759589
-0.36526381405881303,221.36821500808415
-0.36511248396247764,221.28491990263723
-0.36501824169113867,221.42578836058092
-0.3645280420202904,221.5032798064291
-0.3642834135643055,221.54036241014356
-0.36413097290138396,221.447710517458
-0.3637950965391306,221.62144672967634
-0.3635514068250697,221.66200834856795
-0.36339814219189753,221.56784929134756
-0.3633080288823057,221.69705814760272
-0.3630649621416877,221.72690921084745
-0.3628222060353723,221.75678782122887
-0.36257975999682013,221.78669102646194
-0.3623376234607923,221.81661617052686
-0.36225021626848714,221.9459489311033
-0.3620957958633469,221.84656356962938
-0.36185427664183584,221.88857532219845
-0.36137216108247094,221.98671491913828
-0.36128704888645136,222.12288180556584
-0.36113156362575766,222.03075873483294
-0.3608912723072529,222.06070520399848
-0.36056788117686295,222.20164406417098
-0.3604116058612146,222.10195971790193
-0.3601722296250333,222.1289971331113
-0.3598514464460344,222.25334027735744
-0.3596943883642288,222.14504036062553
-0.3596132396336556,222.27569958910408
-0.3594559222385451,222.17830167328802
-0.35937533429200275,222.3089804032404
-0.35913772987601233,222.34227629268352
-0.35826811474904346,222.37439349902314
-0.35739918747697996,222.38853693938273
-0.35653094855460044,222.43840396297318
-0.3562955728090607,222.48357579766662
-0.35566339847174827,222.45745160161513
-0.3547965377133425,222.47208801889116
-0.3545624445451101,222.48853379614857
-0.35393036675938805,222.44826884788617
-0.3530648860849857,222.4439443820109
-0.35220009616034326,222.4958314792575
-0.3519679223936934,222.53701777084433
-0.3511044622859338,222.5384251320901
-0.3504725904167636,222.49964341487276
-0.3496098755138691,222.51854107882878
-0.3493796157423359,222.56274187258276
-0.3485182302088108,222.5269336456419
-0.3478865238995769,222.4979524039777
-0.3470258880751466,222.47056358326904
-0.34679753683786874,222.51202049392714
-0.34593822987383166,222.52803086483473
-0.3450796166316712,222.5722078986734
-0.3448528212356723,222.61202025093718
-0.34399553503688984,222.63127464595604
-0.34336447300703393,222.6229251997499
-0.342507943459661,222.62122765380317
-0.34228304489801964,222.66412495637687
-0.34165210930439377,222.59747886339542
-0.34102089047195666,222.55056863203225
-0.3401658177006507,222.53540518994004
-0.3395343823544519,222.50803059502036
-0.3389026652229979,222.4143400580264
-0.338048425373588,222.35902771705386
-0.33782646476696665,222.39572195480747
-0.3371948851815102,222.3643696052922
-0.3365630257814249,222.27208369563886
-0.3357102567567157,222.2294695368157
-0.3350781898154946,222.18598064565458
-0.3344458445269678,222.11556553052006
-0.33359392369865537,222.11646500281913
-0.33296137500959044,222.08734172097502
-0.33211023363894665,222.0775784808377
-0.33125979745857853,221.99459982510652
-0.33062712582944553,221.91508903900527
-0.3297774736640063,221.89626466014448
-0.32892852838943437,221.88290616808635
-0.3287127235615983,221.90125471269448
-0.32849719146675455,221.91779812477412
-0.32765020480391016,221.91355427171067
-0.3268039243880943,221.82303520110037
-0.3263761712581307,221.88954182121182
-0.32595835054701455,221.8379226989276
-0.3255318428607367,221.88629856929091
-0.32468822003707715,221.78346388418316
-0.32447599044264586,221.82364282668428
-0.32426402832384293,221.8643699897406
-0.32342235090431964,221.89451426285342
-0.3232112743071522,221.91832646852086
-0.3230004633991859,221.9334152508623
-0.32216072577539756,221.89487167681492
-0.32132169199733873,221.871158556011
-0.32111237811680987,221.91205597290755
-0.32090332733922206,221.95296067792484
-0.32006622671957213,221.97944904516606
-0.3192298291993289,221.93394828422237
-0.3190222669719415,221.95007819686302
-0.31818718479740166,221.95306357262749
-0.3179804942623685,221.99107849096754
-0.31777406298566924,222.02911851956227
-0.31694090397961705,222.02275120720205
-0.3161084469022442,222.09980082746839
-0.3159034915128813,222.14094142493832
-0.31569879284190877,222.1853716680499
-0.3150723441761252,222.18125082094343
-0.3142418986242255,222.21598796580943
-0.31341215511268816,222.24587807792562
-0.31278564312706425,222.22208738345824
-0.3119566995909265,222.2873224033787
-0.3111284595124306,222.34510130706508
-0.3109271393109002,222.38812950658135
-0.3103009231313728,222.38481981493177
-0.30967445535983334,222.3857685237418
-0.308847724140507,222.50053881550767
-0.3086479623994563,222.56307630185876
-0.307822538506926,222.63242474931218
-0.30719637714842263,222.60722139932895
-0.306371761819819,222.6638474443868
-0.3055478522252462,222.7571225134464
-0.30472464857625264,222.8171963263399
-0.30390215108019764,222.88734452354828
-0.3032761652270312,222.90205283969613
-0.30245448241644407,223.00977321737756
-0.3022592753554653,223.06766196221832
-0.3016335070501126,223.12020570710683
-0.30100749498395946,223.09095573075723
-0.30018733814912474,223.15270812408056
-0.299993679414106,223.20307521993772
-0.2991748275160377,223.28311691128164
-0.2985491507805589,223.32719885512674
-0.29773112060447143,223.38331383191615
-0.2969137996654322,223.42448020410984
-0.2960971881320142,223.51847802201723
-0.2952812861687139,223.62718151048617
-0.29465583091261877,223.64473058852178
-0.29384075647876406,223.7219075265657
-0.29302639279360654,223.7721632313156
-0.29221274000662706,223.90843845272292
-0.29158740554769963,224.010029856252
-0.290774584963455,224.06173291756107
-0.29058756770500827,224.09746483812697
-0.2899624764166219,224.0704328570474
-0.28933715187009235,224.04294850986236
-0.2889652406894617,224.12308404074375
-0.28852587913848293,224.0936548879743
-0.2883403959695248,224.14861633959873
-0.2877153195552032,224.1927731474897
-0.28690547324401006,224.23100944135368
-0.28672116523528524,224.27355440405296
-0.2860963403247002,224.2672715890501
-0.28547128564090124,224.30608337219837
-0.2846629940176923,224.39097310567814
-0.28448021512119326,224.44047273556163
-0.28385541684753574,224.41509070756962
-0.28304855423556335,224.45358412621508
-0.28224240628299907,224.47295319665324
-0.28161764144435547,224.54679304090956
-0.2808123401295731,224.66233214781397
-0.2800077544860253,224.67659956194044
-0.2792038846004306,224.7363619899351
-0.2785792942602606,224.78507440665356
-0.27777627532502586,224.82258164797182
-0.27697397312116956,224.82354544914278
-0.2763494321219894,224.7944850490474
-0.2755479842241194,224.83126465555682
-0.2753715191931297,224.88956734925605
-0.27474725400335714,224.94852672869638
-0.27412276903833205,225.01909761977717
-0.27332289643674973,225.03114839357104
-0.27252374243040445,225.0390356180194
-0.27189932016203916,225.0551998021514
-0.27110102704566136,225.06532430202998
-0.2709275904054637,225.07026003245045
-0.27030345341514855,225.0261993160303
-0.2696791004750271,225.0503018137294
-0.26888239096289385,225.08071030272896
-0.26871046477234856,225.11653227818744
-0.26808640179985394,225.08404146693942
-0.26746212478838527,225.05447370112884
-0.26712035451768595,225.12713203744914
-0.2666670029297965,225.05427977140818
-0.2664965846405051,225.0857597877752
-0.2658726022562324,225.02871464698023
-0.26507892278823714,225.02556031964303
-0.2649096491989566,225.06480572628607
-0.26428596454268377,225.03529503683723
-0.2636620692854823,224.98355763174837
-0.26286998305802955,224.97044208117876
-0.2627022117681128,225.00970089242705
-0.26207861884141814,224.9926478183317
-0.26128797663873576,224.9795068467791
-0.26049805644945334,224.97582015701613
-0.2598745617290948,224.92336750442155
-0.2590855181359057,224.95821783604924
-0.25829719729744804,225.03403658324737
-0.2575095991995817,225.01556999061805
-0.25688636597777326,224.93337080174075
-0.25609964819683745,224.9328528665626
-0.25547636919062666,224.93822636181093
-0.2546905339480321,224.95744984580853
-0.2539054228627508,224.92872638761463
-0.25312103590080975,224.92978174629883
-0.2524980356607209,224.92196872597714
-0.25171453484084105,224.9091124887547
-0.2509317587959592,224.8840453202591
-0.2503088845603698,224.84460403606826
-0.24952699750743723,224.85327392986065
-0.24936838083865756,224.89143755685797
-0.2487458358548404,224.8962811841111
-0.24812309392216397,224.88304393527318
-0.2473428240697135,224.90786763304308
-0.24718568851922892,224.94794560491283
-0.24656328021673773,224.92257519500063
-0.24578446229657008,224.9318368492787
-0.2456284420564789,224.96644867785866
-0.24500637023914523,224.9134979319377
-0.24438410485216522,224.78397738379695
-0.2436069086347221,224.80807141012195
-0.2434523634153518,224.85517844802158
-0.24283043883390787,224.83896855449711
-0.24205469536672916,224.85310293134484
-0.24127967814685133,224.85334329502152
-0.24065790697086922,224.8266493143526
-0.24003594598308214,224.8020583186867
-0.23926200284274537,224.8497754360023
-0.23911039878423515,224.88968086938866
-0.23848878714946917,224.87098347798147
-0.23771629880136902,224.84523003243254
-0.23694453769327958,224.8096683982808
-0.23632309170148716,224.8294463353537
-0.23555223553794044,224.82059987927082
-0.23478210707254288,224.84461226646482
-0.23416083279130973,224.82514947902638
-0.23339161180698384,224.84390775051307
-0.23262311895364302,224.81541240818055
-0.23185535410434885,224.829256692311
-0.2312344395395574,224.8105005556713
-0.23046758520155236,224.79414129075502
-0.22970145926610797,224.79026058438194
-0.22908073050014485,224.76097885380986
-0.22831551751490664,224.7825457427758
-0.22817139204274026,224.82169533330074
-0.22755103330577606,224.82634970687104
-0.22693049628697493,224.8470148228408
-0.22616692742632905,224.87365852390067
-0.22602425061948947,224.90777038688853
-0.2254040876905079,224.86779601942249
-0.22464197692221707,224.8653314151999
-0.22450038121749236,224.89679124647446
-0.22388059496107535,224.83569804119057
-0.22326063372203434,224.79771666877247
-0.22264049790302337,224.7367071617362
-0.22188022534585947,224.73121478803387
-0.22174043623920706,224.76718587363567
-0.22112068253702072,224.74547827861426
-0.22036186930144375,224.7781074102091
-0.22022315451758093,224.81925469618182
-0.21960378546104076,224.78849428379186
-0.21898424510744036,224.7872943890698
-0.21822708446214753,224.71808648542054
-0.21808980523836274,224.7446214796255
-0.21747065346956201,224.68211327827697
-0.2167149519398658,224.68767048218461
-0.21595997968027444,224.70104153068286
-0.21534105094398237,224.66794271172338
-0.2145870049261934,224.66892843304012
-0.2138336883946462,224.675081033239
-0.2130811011450156,224.64890090707314
-0.2124626002458027,224.60671812110996
-0.21171094176999,224.5720718769011
-0.2109600127598694,224.57885072786857
-0.21034174818813756,224.56449108429737
-0.20959175003243194,224.59915275792764
-0.20946034227095847,224.6358154278656
-0.2088424815025664,224.60636740637491
-0.20822445888042027,224.5862995869532
-0.20747612324615827,224.5872066482526
-0.20672851737440556,224.5784065196282
-0.20611074228810633,224.5149834971891
-0.2053640713138748,224.4963771181746
-0.2047463426656431,224.4676545027517
-0.2041284554982457,224.45846050944638
-0.20338292839558517,224.51293860338916
-0.20276509116718722,224.47572892723775
-0.20214709694184535,224.4239847295491
-0.20140271856899217,224.43044492595953
-0.20078477777745976,224.40216706325418
-0.2002921764113502,224.2858039223018
-0.1995484301887562,224.24949540468862
-0.19893002421981482,224.21928393415618
-0.19831146402110178,224.225262927096
-0.19756887723837457,224.29482623469312
-0.196950377298706,224.2415430267957
-0.1963317246586909,224.20120031689066
-0.1955903020814427,224.21526787898566
-0.19497171318269677,224.16459369611266
-0.19435297311439528,224.13965442710074
-0.19361271947337283,224.09745556284264
-0.1931150411438265,224.0515978780928
-0.19249585008057316,224.0319310335507
-0.1918765095257893,224.00805211588028
-0.19113713192226503,224.0464127663509
-0.19051786304238233,224.03157825988038
-0.1898984462082647,224.0149103801221
-0.18916024996898312,224.01235631218407
-0.18854090827785827,224.00131303556427
-0.18792142017091756,223.94984809907288
-0.18718440992329335,223.930958616385
-0.18656500042017837,223.87938975545376
-0.1859454460407143,223.80393928565
-0.18532574720986217,223.78406830193518
-0.18470590435322484,223.77357544159804
-0.18397053839620378,223.79656372942253
-0.1832359138715123,223.82833259330556
-0.18261638371650651,223.82707487295338
-0.1819967117669263,223.82630396912418
-0.18126328690184307,223.77351167947904
-0.1806437038935441,223.69921660091092
-0.1799112516619645,223.7029789939444
-0.17917954141333536,223.75347822173654
-0.17856028168527902,223.743909416609
-0.17794088350247086,223.73963136079084
-0.17721038063883096,223.75841736069236
-0.176591078327098,223.70907622571235
-0.1759716391014315,223.6992047582397
-0.17524234802436398,223.6909978363489
-0.17513276846001907,223.72490513058148
-0.17451379989788965,223.67431681509856
-0.17389469621187637,223.62388407254775
-0.17316712743049478,223.62241913830272
-0.17254812648578988,223.6217574094598
-0.17192899195636546,223.62119762598695
-0.17120264242078986,223.66328881369364
-0.17109569304503688,223.70584406570396
-0.17047703620885354,223.66400380149489
-0.16985824757007684,223.61612767426186
-0.16913362455303918,223.61860485964795
-0.16851494546535148,223.59134251335112
-0.16789613611226992,223.56405179224066
-0.16717273961680143,223.6118351907125
-0.16706841146824092,223.65016609391742
-0.16645008673641074,223.60648461930745
-0.16583163351308786,223.56146649068788
-0.16510996754509916,223.56442757758776
-0.16449163062133385,223.56190475838716
-0.16387316674100422,223.56484444672552
-0.16315273438711322,223.59196150413968
-0.16305101829210358,223.6269524845368
-0.16243304585886334,223.57160418530648
-0.16181494823444034,223.53530123692795
-0.16109625020429763,223.57923279770012
-0.16057837915011733,223.53607542558515
-0.15995990856064335,223.51221698098328
-0.15934131452083555,223.47144776865008
-0.15882170607230914,223.38914104161822
-0.15820249303416184,223.33489197662865
-0.15768164112098415,223.2414206555536
-0.15706180949672424,223.18719822448355
-0.15644185616279455,223.1837824652912
-0.15591926231362394,223.13812975172613
-0.15520158612981771,223.1729980103968
-0.15467800002672372,223.10116660578734
-0.15415366199485644,223.03262065873582
-0.15353235414305208,223.01796421295884
-0.15291092679387114,223.00000550339468
-0.1523848423616849,222.9557056215806
-0.15176279972998827,222.9522119537823
-0.15114063872043793,222.90239584304624
-0.15061280569971008,222.80626013221368
-0.15008421498972585,222.7498168281239
-0.14946094319465525,222.75213788365235
-0.14874412895359154,222.8091239726063
-0.14821404900845941,222.7562322529787
-0.14768320873682564,222.6891346934329
-0.14705909087796798,222.64373470223933
-0.14643485759886912,222.6068607270707
-0.14590226230101228,222.54655273274926
-0.14527741773722253,222.54315256781632
-0.14465245890614206,222.52287946518936
-0.14411810650244622,222.45219448839504
-0.1435829880484986,222.39250845482906
-0.14286685560575776,222.3989066110893
-0.1423307440475209,222.31829098098495
-0.1417044532232646,222.29008943065332
-0.1409891355664691,222.33410837985267
-0.14036300574253674,222.35565015648945
-0.13973676511508965,222.3260361592108
-0.13902276297000615,222.33657351821867
-0.13830952928442802,222.33472745444882
-0.13768372809186763,222.29166167521808
-0.1369715378486179,222.326907762263
-0.1363459042712496,222.31118614161014
-0.1357201632727706,222.29126941551152
-0.13500929464822117,222.31842278666537
-0.1343837245779323,222.31693806023972
-0.13375804867311392,222.3244451693407
-0.13304850537697566,222.33475633298355
-0.13296484806937114,222.37141732482627
-0.132339730439966,222.34220510548548
-0.1317145087558471,222.29692132088098
-0.1310067820196623,222.3042856518229
-0.13038173777743942,222.2866777356377
-0.12975659106205398,222.2904423530314
-0.12905019548160315,222.3307883146198
-0.12842522947996904,222.31280109968594
-0.12771988488515915,222.30734033751355
-0.1270153080001668,222.28647952737
-0.12639080898191124,222.2338682880648
-0.12576621083502468,222.18391197707138
-0.1250629707426607,222.21834490083876
-0.12443855972047507,222.1578479814445
-0.12381405114460103,222.14675507368133
-0.12311215133839035,222.1810463903599
-0.12303495364199214,222.2203337359876
-0.12241101902443377,222.19571309804596
-0.121786988605414,222.15918946234623
-0.12108691137218436,222.15244353464217
-0.12046307441521448,222.11231679918495
-0.11983914322599631,222.09090508460866
-0.11914041163850334,222.08699429298986
-0.11844244687616984,222.1186781778418
-0.11781900312305343,222.06640791036597
-0.11712209572155888,222.09536628414853
-0.11649885169371872,222.10401064322468
-0.1158755167369269,222.07472617967179
-0.11517996015245414,222.0787124850006
-0.1145568280891049,222.0647657346811
-0.11393360665837615,222.0802715912192
-0.11323940416921875,222.079477493585
-0.11316860028573668,222.1173612624335
-0.1125459678275882,222.0661486444754
-0.1118532970316409,222.05240791718361
-0.11116139117792295,222.0800295103026
-0.11047024966138291,222.10784036040664
-0.10984841733792329,222.09499874503382
-0.10915833611720495,222.16066576396483
-0.1090902572117195,222.20014723652713
-0.10846901833421821,222.17494618556128
-0.10784769539086998,222.16716584430182
-0.10715943824484336,222.15851288571758
-0.10709267063108877,222.1955312655141
-0.1064056394819354,222.20224534108738
-0.10578521089709327,222.15114901558263
-0.10509923945849063,222.11482076104613
-0.10441402868298563,222.13526432545913
-0.10379411732842611,222.13999471020338
-0.10310996653461395,222.20563500416694
-0.10304588663112835,222.2489877778265
-0.10242657545330677,222.25998949366735
-0.10174394345703397,222.21420041635824
-0.10168077974662476,222.24624880823944
-0.10106206991688838,222.26867208784483
-0.10044328243942327,222.1875619188889
-0.09976246843442652,222.21758912686946
-0.09970059568224003,222.26604249469497
-0.09902099372284939,222.2417482921283
-0.09840311222340516,222.2454146244067
-0.09772456874502414,222.28451209
-0.09704678083420355,222.30594337542772
-0.09636974785135059,222.33431348348208
-0.09569346915552805,222.39358926539973
-0.0950767265153956,222.41394398081383
-0.09440150570342729,222.42927074987946
-0.0937270381588484,222.54645171374767
-0.09305332323447221,222.5032425095779
-0.0924374233153262,222.48772120132531
-0.0917647659781451,222.5256765060658
-0.0917081486511461,222.5662315936886
-0.09109286022068183,222.54869695657936
-0.09047750261919835,222.5546935389122
-0.08980665449766854,222.59292042592568
-0.08975130083053365,222.63276967917028
-0.08913655689964123,222.6147809713233
-0.08846720916710762,222.64397269781617
-0.08779861064084321,222.71905492435417
-0.08713076066041903,222.71708710043345
-0.08646365856421313,222.71605933372476
-0.08585007968958275,222.71073469166367
-0.08523643600732839,222.71999590855404
-0.08457069921467869,222.71812972020797
-0.08451873424620479,222.75606614003414
-0.08390570945108672,222.73295735759808
-0.08329262143761705,222.71712706837508
-0.08262868839365299,222.75935669547306
-0.0819655012675614,222.80718114227676
-0.08135297256587148,222.78095274828593
-0.08069084206205582,222.80055626171912
-0.08007856411362997,222.80186130356827
-0.07946622599023961,222.7845248599568
-0.07880546516143364,222.75886647423664
-0.07814544888310035,222.7580630189089
-0.07753367781244466,222.74270238826134
-0.07687471911143358,222.74034079948402
-0.07626320414852246,222.73909352855057
-0.07560530331737499,222.74118233806357
-0.07494814540013284,222.8090366029838
-0.07433720354869582,222.8459748328367
-0.07372620609704734,222.7647859456507
-0.07307042183199329,222.76389208788206
-0.07241537950047186,222.78887659773932
-0.07180496017273319,222.74033941035464
-0.07115097601153637,222.78995998662822
-0.07054082055529237,222.77448944651132
-0.06993061248398665,222.73432982375274
-0.0692780049430023,222.754396959703
-0.06923570926579195,222.80624658861908
-0.06862613781415489,222.82115168303693
-0.06801651527819282,222.78548009107658
-0.06736570698622163,222.78724029390128
-0.06675635348223669,222.75864778144268
-0.0661066042242568,222.81452098381547
-0.06545759361854174,222.81948776900305
-0.06484883141626684,222.8284953091868
-0.0642400210778607,222.8359537819703
-0.06359239042944001,222.86036067824634
-0.06294549735342814,222.834302863088
-0.06233728311019271,222.80570107588375
-0.06169144903530922,222.83593445507867
-0.06108351128421638,222.85944186569463
-0.060475528322023464,222.8164890390372
-0.05983107675652471,222.83204911376993
-0.05979469716115888,222.87215869164817
-0.05918736109510803,222.84967285586308
-0.05857998131150162,222.85942548262338
-0.057937325038033186,222.8254010775775
-0.057295403369779264,222.8407762880468
-0.056688629932061294,222.86001251816242
-0.05604776717844408,222.86771815800662
-0.055441277508390764,222.8762274884662
-0.05483474700785488,222.86979495058876
-0.05419526947778647,222.9132251417268
-0.0541624027099932,222.95617235583413
-0.05355652480036583,222.94939472843015
-0.052950607530629905,222.91961054095742
-0.05231292199085528,222.9025074027731
-0.05170729333696966,222.88881821686192
-0.05107066698534703,222.88107328192027
-0.050434771543059136,222.89145703259055
-0.04982976142177614,222.8880943916144
-0.04922471478897434,222.87515309958366
-0.04859020691789776,222.8591342696622
-0.04795642872731411,222.83648213461183
-0.04735200507133906,222.7798994272142
-0.046719285526208895,222.78310095050148
-0.04611515745965182,222.77685693663915
-0.04551099570597417,222.77067866951847
-0.044879665640365426,222.74203422214356
-0.04427580197215271,222.69590848717922
-0.04367190599063805,222.74521963898275
-0.043041967117187815,222.71678783546366
-0.04243837170285067,222.65144076421998
-0.04186002854609039,222.55949292389838
-0.041231088482454714,222.49935049077772
-0.04062740155159782,222.47160089755758
-0.040023684990656325,222.46373024198687
-0.03944376614944164,222.42379220365964
-0.03881616473035966,222.45724952933034
-0.03821236190724139,222.39569827163731
-0.03760853120650851,222.32785336418965
-0.03700467306658773,222.32690744189594
-0.03640078792602567,222.25362607773422
-0.0357968762234869,222.220382587011
-0.03519293839775214,222.21561151641822
-0.03458897488771624,222.1811343851753
-0.03398498613238639,222.14331267758166
-0.033360814285271816,222.16176124342718
-0.03277693464242338,222.09782159727737
-0.032172872786348804,222.07522947521988
-0.03154972201380315,222.0853432962752
-0.030945977991150505,222.03246151272165
-0.030360548047301997,221.96606536006175
-0.029756394876146133,221.94389988442998
-0.029134612270552578,221.98770212040296
-0.028530780609613546,221.98264502072843
-0.027926928136944293,221.8623532575453
-0.027323055291866138,221.8138960795428
-0.0267191625137895,221.7612210666658
-0.026115250242212004,221.70198503852265
-0.0255113189167165,221.66393950401644
-0.02490736897696916,221.64720129393837
-0.024303400862717615,221.67033816878512
-0.02368510665744785,221.7202071506951
-0.023095411870087908,221.6643963874191
-0.022491391871594817,221.64349341349097
-0.02187414039314318,221.6592242487555
-0.021270452494551336,221.60944602116373
-0.020666749089656336,221.51406993365998
-0.020063030617926195,221.4843201758186
-0.01944755476388662,221.50044516183706
-0.01884417163441875,221.47664100317735
-0.01824077478177567,221.4565107386386
-0.017626727280761624,221.47813098908188
-0.017023668089050047,221.45822852103402
-0.016420596513540928,221.43840481875122
-0.01580797857340614,221.46040970783383
-0.015205246962208938,221.42698647184096
-0.014602504302270754,221.41075109068225
-0.013991317095578683,221.34793199866672
-0.013388916688013522,221.315064292364
-0.01278650656240451,221.25997094071778
-0.012176751226538914,221.26451835752405
-0.011574685626015506,221.24048215572537
-0.010972611633748148,221.22165492499394
-0.010364289271025567,221.2823595055163
-0.010358056361478508,221.32398592273574
-0.009756690972912652,221.29818615563445
-0.009155318527215002,221.30374742822488
-0.00854879823838586,221.35463162893296
-0.007947774405270334,221.3068695365542
-0.007346744830036236,221.27843428911802
-0.006741657896852277,221.2828138176115
-0.00614097915666234,221.2422470864683
-0.005540295984870372,221.24719095725192
-0.004936643403265681,221.3069322299369
-0.004336313273564275,221.34797007650354
-0.003735980018245168,221.31325612804858
-0.0031337627496383262,221.32050558179793
-0.0025337847280177584,221.28715053489526
-0.0019338048821965945,221.28204003034566
-0.001333023853611989,221.3265141506895
-0.0007334014176373445,221.26796967348528
-0.00013369828569877152,221.28001345126341
0.00046528661216637497,221.3353865753408
0.0010641911036950993,221.3657083708374
0.0016630948318024693,221.37226326158785
0.00226064346111672,221.42146593234511
0.002859185908228668,221.36315557166503
0.0034577263067180762,221.3619406449562
0.004053837844353321,221.4425764694567
0.004652014836006877,221.44069850163606
0.005250188498527329,221.4365310135692
0.005844862155166075,221.48962635082412
0.006442670300506916,221.4827165503129
0.007040473840926898,221.46676182464518
0.007633708860932814,221.52244038072075
0.008231144789341475,221.53525583668844
0.008828574841796031,221.5411965446352
0.0094203705030829,221.5680965317395
0.010017430864220661,221.59543745049945
0.010614484083156758,221.6246693214201
0.011198157638686406,221.72070718512106
0.011204839697055808,221.67884244606785
0.011794483333120548,221.71839241526672
0.012390800638945924,221.6621609610192
0.012979369047853328,221.6897227722067
0.013575313006536529,221.6896079488572
0.014171247322261367,221.71875971339742
0.014767171571994968,221.73143014314465
0.015353935073908531,221.77493262384775
0.015949483120972274,221.77988229246435
0.016545019853448018,221.73804809579718
0.01713034240531981,221.80137086883298
0.017725500925588902,221.82017635061067
0.018320646887579912,221.81505124574065
0.018904527944509357,221.8467724492864
0.019510899452027816,221.81902939047922
0.020106005212274437,221.79799457555427
0.020701096729826004,221.8279247272166
0.021296173583725066,221.8326427287073
0.021904271660719694,221.75985934387114
0.022513078419286403,221.68753509746298
0.023095056466398416,221.6960265927015
0.023704539883346948,221.69197063448632
0.024300245585250155,221.72636200946894
0.024895934037632312,221.7138566749261
0.02550680153583738,221.67219448575437
0.026102809000369126,221.6876263936253
0.026698797916532006,221.676228361941
0.027311048203583554,221.6216257443331
0.027907353853374114,221.60947480134377
0.028503639652056288,221.64774837594965
0.029099905176615978,221.61985104281297
0.029713871641254167,221.60065527562628
0.03032854931561462,221.56111834995062
0.030907008223679474,221.5918041695923
0.03152235379088637,221.53232093859546
0.03211922253839862,221.5037718275496
0.032716068393824675,221.44774215403953
0.03331289093328348,221.49259813796024
0.03390968973299353,221.47338982481497
0.03446531280900672,221.51871749201024
0.034485876317602956,221.4757283223495
0.03506135234646437,221.49078247663456
0.03565736696274231,221.4629148373741
0.036231753493083836,221.48601260734358
0.03682736251467002,221.48872828879266
0.03742294539656603,221.43153655890364
0.038018501717991676,221.42244500139697
0.038591038053077745,221.48176083970458
0.03918618611670651,221.47344582421434
0.0397813064078274,221.47632394860983
0.04037639850686885,221.4271250770677
0.04097146199437892,221.35610727024226
0.041591258327423636,221.27607667501456
0.04218661695341698,221.25681578902004
0.04278194565691118,221.27061785004443
0.04337724401820577,221.28703957776798
0.0439725116177291,221.28391799387518
0.044567748036040085,221.2897495462489
0.0451898676513361,221.25389305440385
0.04578539415663849,221.26949801149703
0.04638088816525945,221.27019515447893
0.04697634925755372,221.2444439249513
0.04760014004491926,221.1409582684068
0.048195887936365193,221.14296808918988
0.048791601592328995,221.1649965602623
0.049387280592990905,221.0612795237028
0.04998292451867843,221.03614393556535
0.05057853294986803,221.01612893741896
0.0512046272414331,220.9653387927579
0.05180051735736341,220.97935237065803
0.05239637065545756,220.9909826180422
0.05299218671606234,221.00330910939206
0.05361994030003963,220.96490893069304
0.05421603471104394,220.94050784111928
0.05481209055774337,220.91684660977847
0.055408107420385044,220.90301365222882
0.056004084879381806,220.7897980657554
0.05660002251531392,220.76212490903362
0.05723005920589915,220.6988961047958
0.05779177664115306,220.74603411707557
0.05835278641139796,220.78699825718348
0.058948207051852324,220.79470871697276
0.0594726868921149,220.86402789167983
0.05954358584945787,220.7790553730767
0.06006731795645797,220.85715392385174
0.06010309887054616,220.8146668933798
0.06066190649474807,220.850184247976
0.06125645209117607,220.82643577749218
0.06181416006299932,220.88250473292428
0.06237116476164722,220.9430793485125
0.06292746717155609,220.97264722944482
0.06352078314686858,220.95004418117804
0.06407598914600195,220.9795301142066
0.06463049498257074,221.0451911806278
0.06522297546430186,221.0513060371302
0.0658154100936952,221.02943371871538
0.0663684261924737,220.9819331919128
0.06692074442207702,221.03487769663016
0.06751234141247697,221.0340546001342
0.06806356731863787,221.0709564037173
0.06865472122212571,221.06549624621502
0.06920485580158713,221.1025716251341
0.06975429580053918,221.1048012822561
0.07034460999196701,221.07691015111385
0.07093487508036729,221.05050801854287
0.07144061921727639,221.12502283548648
0.07148283002643924,221.08299182747743
0.07203009270742236,221.13975199079792
0.07261951605719848,221.1574527803663
0.07316569160781086,221.19515711201046
0.07371117703892344,221.25502077433072
0.07429975770087577,221.25858724484038
0.0748441581946066,221.21506787744357
0.07543229117679635,221.15105964247118
0.07602037188031725,221.13725941104866
0.07651823756112405,221.23777293940853
0.07656329224096445,221.19759040751964
0.07710552598220788,221.28756581845852
0.07769276111389807,221.26630558953713
0.07818793753943586,221.34581872619637
0.07823391305413782,221.30325128120157
0.07877438053002678,221.32992701505
0.0793607692298526,221.32231348067472
0.07985326601836558,221.40348642728
0.07990015713813271,221.36105982772293
0.08043886273864628,221.4226176401976
0.08102440417610007,221.4497085937156
0.08156203245390703,221.48454462664594
0.08214712192295473,221.47426537501275
0.08268367395576746,221.52015321596463
0.08321954701725394,221.58850496231497
0.08380378754462565,221.5390505768715
0.08438797073265719,221.5205268612263
0.08487270889779969,221.58950436018443
0.0849223735353978,221.54578353103324
0.08545609973025008,221.57274668628799
0.08603943225743277,221.50704329206116
0.08652152621800946,221.61378385741605
0.0865720866653589,221.57398100868195
0.08710406663087741,221.63298356762704
0.08768654778170368,221.61786801134272
0.08816600715220164,221.6673020281443
0.0882174582534467,221.62121247432734
0.08874769644914944,221.63838693658886
0.0893293255363899,221.62077184097765
0.08985849654181216,221.65680138863672
0.09038699743832378,221.7128511734577
0.09096777380276716,221.76096960630193
0.09149520982260705,221.80572702290482
0.09207552863710705,221.78865906464156
0.09260190091149953,221.81784755891826
0.09312760643702035,221.83515197713683
0.09376155917829371,221.78543446440722
0.09434129367556562,221.76599138830056
0.09492096457628882,221.7382169496497
0.09550057150143172,221.7582387561285
0.09608011407221838,221.76613636113126
0.09665959191012981,221.7819661526417
0.09723900463690549,221.76852615455755
0.09787523383799375,221.72542007295448
0.09845484771376892,221.72464736851708
0.09903439523031768,221.71454675240776
0.09961387600979116,221.73326603666192
0.10019328967460676,221.7675217883776
0.10077263584744957,221.76235190661538
0.10135191415127388,221.7360343025695
0.10199039989557647,221.68929347511562
0.10251026564503793,221.73797572846644
0.10314927777650253,221.67568697509773
0.10372861266320664,221.67569916812744
0.10436855114735642,221.64609962569483
0.10488707244754517,221.6902997020971
0.10552753385425918,221.6749686913648
0.10610691871382302,221.60939831751344
0.10668623207627577,221.59681053403688
0.10726547356608337,221.59738335922975
0.10784464280799795,221.58373656536187
0.10842373942705903,221.57528092681892
0.10900276304859505,221.622000851139
0.10964544367031452,221.62029386964778
0.11016058980185808,221.68185647524473
0.11080378484351312,221.64078487942135
0.1113828436837971,221.6779316925776
0.11202695732537395,221.661499828346
0.11254073600258428,221.71515568472233
0.11311956873432216,221.70981693577284
0.11376444794321529,221.66186433357126
0.11434345873870357,221.68502560155474
0.11492239254046308,221.6888976049041
0.11556844091177655,221.64860690369187
0.1160800276725348,221.67729586812365
0.1167265813375257,221.6101161184234
0.11730553380922956,221.6025064721798
0.1178844072906841,221.58022427094784
0.11846320141017895,221.56919964442727
0.11904191579631836,221.5488778675173
0.11969013410322564,221.5327687734542
0.12019910388452877,221.57604360752998
0.12084782083184543,221.51993813494187
0.12142654234727214,221.44925494687078
0.12200518213611553,221.4204332431359
0.12258373982828373,221.42962264114416
0.12323386010917534,221.40508480861286
0.12381258207073335,221.4735244055051
0.12439122068350988,221.45229092634335
0.12496977557811109,221.47318729555036
0.1255482463854742,221.47640630104897
0.1261266327368688,221.47971447944536
0.12670493426389814,221.46526487807205
0.1273571851750972,221.4023715769535
0.1278612813729503,221.45336247360416
0.12851401848777466,221.4074460785824
0.1290923056625957,221.3705582551476
0.12974594256778296,221.32764576719484
0.1302486192126446,221.3787652341303
0.13082664485427764,221.38276229501912
0.13148100474054025,221.31586675502422
0.13198243203935922,221.36599961856845
0.1326372713221293,221.37646278483595
0.13321527105429246,221.39357080177206
0.13379318125993753,221.38469851810004
0.13437100157393195,221.3635146269778
0.13502721150711472,221.32457098181197
0.1356051786155771,221.30783679833348
0.13618305458225932,221.28946012631286
0.13676083904285738,221.34419440881547
0.13733853163342707,221.28251916400828
0.13791613199038516,221.30646285744442
0.13849363975051074,221.3115678633796
0.1391519181362925,221.27507134060997
0.13972956653798183,221.27838596123001
0.14030712109400184,221.2582293264989
0.1409665198830493,221.20712326877816
0.14154421246026042,221.23969516721544
0.1421218099423787,221.2569780980454
0.1426993119675834,221.24658243290787
0.14327671817442816,221.23544821129363
0.14385402820184212,221.24037875811547
0.14443124168913105,221.23631408191758
0.1450926781180821,221.20077563036867
0.14558537760244805,221.23777363388461
0.14624727098723697,221.2131622958906
0.14682442038022986,221.2194605547914
0.14748719297255547,221.18436297315702
0.14797842328619373,221.22592180785279
0.14855527608157965,221.23981511346446
0.149218727544089,221.1816627873502
0.14970868256610081,221.21813304458183
0.15037258396091976,221.18712614909197
0.15094936110605633,221.19124051684844
0.15152603706591314,221.21067399489166
0.1521026114836626,221.2483021397828
0.15276783294050741,221.23219593225764
0.15334452768964024,221.22998938321854
0.15392111965236452,221.25670979824608
0.15449760847287491,221.3173416487426
0.15507399379576767,221.38657441179072
0.15565027526604175,221.41322161804388
0.15622645252909984,221.42814083254885
0.15689364675515322,221.40301457153828
0.15737849301720505,221.47195014661082
0.15804612406416538,221.41838514142805
0.15862220419144796,221.4214391484883
0.15929069948079913,221.43070451604802
0.15977404562596506,221.49717040372465
0.16044297380150035,221.4785484515111
0.1605362487713025,221.4355396784078
0.160629631321781,221.3925896667618
0.16130006855091522,221.36857577455763
0.16187690716038233,221.40407212010126
0.16197115376802831,221.36824601826416
0.16206550921949192,221.33242705076782
0.16273767638857406,221.3379308793269
0.16283257504220056,221.3021578247367
0.16350582645532927,221.26667532530797
0.16417972827283034,221.23349374201408
0.16427560824738838,221.19190512649206
0.1643715992630904,221.15285026787143
0.16504702605430963,221.1732121275059
0.16572310533143728,221.15684768997056
0.165820084176115,221.12023545676175
0.1664972556347243,221.13795266252026
0.16659478692329055,221.10559638141748
0.1666924314822991,221.05918189120675
0.1673711386167859,221.04272758965917
0.16805050135853464,221.06285395785667
0.1681491435880136,221.02323192194194
0.16882960543809775,220.9960331744869
0.16892880617884792,220.95860787459887
0.1690281224517157,220.92118790756908
0.1697101307416234,220.90906045437163
0.17029259073336467,220.91458515386321
0.17039279775845492,220.87292103149156
0.1704931216391331,220.83139307167585
0.1711768947209337,220.7854225576422
0.17127778324462625,220.7423084016044
0.17196266471679622,220.75673247563714
0.17254642144553092,220.8026562392328
0.17313005941937215,220.84627997325978
0.17371357827706257,220.87051328111687
0.1742969776578168,220.88120560292123
0.17488025720132244,220.91280859128545
0.17556685249926016,220.90745630002885
0.17625410715199338,220.89788640717552
0.17673346774072915,220.97403422888584
0.1774211386596603,220.94804049357973
0.17800447151297324,220.95002023844827
0.17858768195435118,220.9947133079208
0.17917076962570744,221.02272739866967
0.17985971821076618,220.99417050063948
0.18033657522843238,221.06218104113373
0.18102593352852586,221.06404128530784
0.18171594879677327,221.03578531839656
0.18229907358544664,221.0439871901637
0.18288207303325832,221.0711760519962
0.18346494678443503,221.14282542287748
0.18415622699372572,221.11842779436788
0.18463031577626635,221.14241565721827
0.18532199824595838,221.16484345876842
0.18590469304745413,221.21360345494105
0.18659723068951792,221.24845537548927
0.18717999705731939,221.3077862930326
0.18776263480870814,221.3165385751758
0.1883451435908167,221.3301463309552
0.1889275230512841,221.37638835668227
0.1895097728382565,221.4484708549994
0.19020395394395337,221.41896651165763
0.19078626963761297,221.383825744214
0.19136845437963101,221.3995200176094
0.19206367905929306,221.42083789346157
0.19264592682549672,221.40118968242427
0.19322804236279803,221.48908313399738
0.19381002532186073,221.52144518891797
0.19450648241229043,221.50896918789877
0.1949735921105184,221.58303150610453
0.19567043289520844,221.58112832536736
0.19636792415867638,221.54779400681272
0.1968338465734017,221.61118093275735
0.19753171829157642,221.61266589243996
0.19811341231958668,221.6417742975856
0.19881212270853638,221.6576784310592
0.1992763925677051,221.70242799568683
0.19997547899868645,221.72678010366872
0.20055695167861373,221.77737922295105
0.2011382869221321,221.7921445019308
0.20183839472245418,221.7419206804982
0.20241977770131425,221.79108626570377
0.20300102197494935,221.79982855004596
0.20358212720039143,221.79333857335396
0.20416309303521238,221.81284707306204
0.20486458536044577,221.80222735008016
0.20544559417327862,221.8288295213635
0.20602646233013627,221.81645279179733
0.20672896467889698,221.85295493915874
0.20730987290063674,221.90564668473206
0.20789063920236658,221.92073029037914
0.20847126324445941,221.93034791946215
0.20917495094588587,221.88226664053792
0.2096320831939761,221.9388040335742
0.21033612795711798,221.96365196025235
0.21104081583953613,221.96260670477122
0.21149672953266516,222.00897113335265
0.21220177115263583,221.97500213199083
0.21278203130064383,221.9929391334844
0.21336214599452558,221.99089985806398
0.21394211489865742,221.9964197745447
0.21464832354997648,221.9719877929887
0.2152283200663335,222.00902010224982
0.2156811435247352,222.0729906872726
0.21626052592486175,222.0892338366188
0.21683976086555118,222.10712791491216
0.21741884801455816,222.11140347685387
0.2179977870402035,222.12722751458227
0.2185765776113748,222.1557438223474
0.2190264281378702,222.24049935988964
0.21973371206868478,222.24281217344014
0.22031205529544007,222.25617946555667
0.22076050472873113,222.3213092559643
0.22133823100459568,222.34221644866807
0.2220461850237786,222.29559417227537
0.2226239271902682,222.29281341195124
0.2230705074877567,222.37049855164233
0.22364763111372032,222.40949944801028
0.22435624588918934,222.38213308001409
0.22480142361252384,222.42024945521794
0.22537809183720958,222.4187337409935
0.22595460761427394,222.44029491301475
0.2265309706210788,222.4698115290283
0.22710718053556325,222.53322722120348
0.22768323703624388,222.481419571667
0.22812544795810205,222.58780437337842
0.22883488851315337,222.6240862750993
0.2294104828493106,222.64968333675847
0.22985129126024167,222.70433215730796
0.2305612071212048,222.65201748608615
0.2312717482466113,222.62937710626338
0.2319829147444775,222.66501904500652
0.23255835701023528,222.72206283959108
0.2331336424649108,222.70333472467087
0.2338457452343501,222.6610591361035
0.23442102808395135,222.683479613492
0.23513390935627612,222.66946202731492
0.23570918758425263,222.70679235423466
0.2364228457987385,222.7019660315761
0.2369981173849542,222.6942904574621
0.2371371276412325,222.65223385996924
0.23785203319971812,222.63399211629084
0.23842760772837732,222.6631041091327
0.23900302126343478,222.68486471072052
0.2397188513478576,222.6951831354295
0.24043530422300435,222.69143173332623
0.24115237996551758,222.69856961505033
0.24158624271986456,222.76642833994802
0.2423036146422696,222.72412678639367
0.24302160840058373,222.64736425497728
0.2437402240624559,222.59807221657337
0.24431588877034288,222.58758268324559
0.24489138829738133,222.5839652487169
0.24561091641769775,222.5897929954138
0.2461863948139729,222.61613952178232
0.24676170682050116,222.64836915976625
0.2473368521287628,222.64232625859205
0.24776639739279513,222.67430879291123
0.24848664141950608,222.6261496547739
0.24906128478804962,222.62387341763414
0.2494894009374136,222.71284289818837
0.25006339996266425,222.67498149393086
0.2506372307352664,222.66030684696443
0.2512108929514499,222.6626959801194
0.25163696513863804,222.7126617865233
0.2522099825866537,222.7408047501924
0.2529308652331216,222.7302375233417
0.2533555096437946,222.78180296753015
0.2539280186517683,222.79640516999925
0.2545003575796148,222.82953112074088
0.2549234394351712,222.89150225453477
0.25549513257138773,222.89119715994167
0.25606665501865455,222.87481847510284
0.25663800648020896,222.85548950851882
0.2572091866599126,222.85575241606298
0.2577801952622515,222.83669055983515
0.25820029335906847,222.86216088578777
0.2587706552051448,222.87424335882966
0.25934084487905656,222.89638266652565
0.25975938892368294,222.964058727381
0.26032893181494554,222.9854111356272
0.26105037794452696,222.95774791119953
0.26146749902785194,223.00884650163167
0.26203652276932415,223.0149272922919
0.2626053728817368,223.0106029131191
0.263174049076568,223.0509165448409
0.263589147537698,223.12129394696177
0.2641571757868161,223.1093235748625
0.2648790312797512,223.0768061881562
0.26529270853231407,223.1634200648294
0.26586021245799835,223.1743572142769
0.26642754103955346,223.1472370547881
0.26683967525366153,223.17867255196057
0.2674063550787111,223.1850602096998
0.2679728590019995,223.1935881112911
0.26838345369000444,223.23482169685957
0.26910533801770475,223.17914332853184
0.2696713125488958,223.1937136550379
0.270237110055875,223.20870245506495
0.27080273025959917,223.2795342431006
0.2715255611712364,223.24101737307123
0.2720911208072532,223.21076795455855
0.27265650201213704,223.19006820742214
0.2732217045090321,223.19677954285163
0.2739454732964193,223.18392491091276
0.2745106115176107,223.2081634536622
0.2750755699075734,223.2209442783817
0.27580015486158954,223.19187492246473
0.27620494609584534,223.24441923156195
0.27692975642129386,223.21016980914533
0.27749428550107097,223.21972471952185
0.27821979313834955,223.2091939393268
0.2786227988983399,223.27081630453932
0.2793485272838951,223.188850515191
0.2800748398961638,223.15261500925993
0.2804765309878111,223.2258267470279
0.2812030608615324,223.23100760310814
0.28176689589724296,223.2139908293565
0.28233054694333,223.17770174451084
0.2828940137318664,223.17633333908626
0.2836214463599584,223.12670080209637
0.2841848340813666,223.15258920281713
0.2847480364412937,223.17004338510264
0.2854762592659461,223.1243311183977
0.2860393797072243,223.09411455875065
0.28660231368645994,223.10120922202367
0.28716506093964633,223.10740752846405
0.28772762120342477,223.0963130376703
0.28845683276595985,223.02111176216127
0.2890193065948301,223.0114429568448
0.2895815923404625,222.99202738613766
0.2903115809684221,222.95838909366958
0.2908737774324268,222.94785094178027
0.2914357847228506,222.93174407172236
0.29199760258031665,222.86694841172434
0.29255923074610163,222.82721147568728
0.29312066896213534,222.83145876279355
0.2938517200229039,222.82062480759805
0.2945833437801203,222.72809833543593
0.2949742162100393,222.73391506570223
0.2957060293534297,222.66555800336738
0.29626708448531835,222.64828182012988
0.2968279475075678,222.696241592473
0.297388618166154,222.68693990340543
0.2981212805861291,222.67710676181073
0.29850938137952976,222.7203270992763
0.2992422262580399,222.66395732748487
0.2999756392081708,222.5728592889894
0.30053591138674673,222.50546023839416
0.3010959890598477,222.46951678303108
0.3016558719775483,222.49344202787216
0.3023901185188904,222.42876435263398
0.30277505255035964,222.47675111331887
0.3035094733596861,222.43966039789348
0.3042444588026912,222.3674799991562
0.30480392789611827,222.3658404423978
0.3053632001108653,222.3773781797306
0.3059222752011576,222.3646178512143
0.3064811529218869,222.3370008158059
0.30703983302861054,222.29477799941228
0.3077758023588541,222.24450747270672
0.30833436679313125,222.2519940883959
0.30889273256282007,222.25875816654826
0.30962942554994716,222.19976551515757
0.3101876728275364,222.18653697166846
0.3107457203938929,222.20779760017518
0.3113035680087822,222.2434958833825
0.3118612154326397,222.2046979539235
0.3125987838026141,222.15018177982333
0.3131563083130301,222.1356742133245
0.313713631593326,222.14231320095055
0.31445191006665507,222.08732398569828
0.3150091076225622,222.11706674207048
0.3155661029133065,222.141685930925
0.3161228957035825,222.14441581676823
0.31686195321885585,222.12976942819586
0.31723587284487376,222.1865251801808
0.31797507661252744,222.14694497087785
0.31871483238148207,222.1038407564286
0.3190873849571388,222.15602969323663
0.3198272834260409,222.0905286927629
0.32038320188539693,222.05333845599026
0.32112372069996453,222.03524710489518
0.32149442352664115,222.06412459143357
0.3222350803671632,222.03011147881875
0.3227904512653636,222.07164112590695
0.3233456159026527,222.1058787748521
0.3240869555256199,222.0514958982426
0.3246419800720289,222.0340162099148
0.3251967973464573,222.02022197090795
0.3257514071236123,222.06834817720352
0.3264934890543404,222.06951885908248
0.32704795517082474,222.04204403659188
0.32760221278511537,222.07852760247692
0.32834496551864517,222.08371271521483
0.3288990766894961,222.08346964042008
0.32945297835757875,222.0774987217435
0.33000667030199765,222.08244363541857
0.33056015230253855,222.08048099738335
0.3311134241396689,222.0586258810994
0.3318570223919684,222.04609974148838
0.332410142683791,222.05705911919776
0.3331543385288502,222.03701951032153
0.33370730527714226,222.07133167610408
0.33426006010111786,222.08218727522512
0.33445209657426384,222.03979172728432
0.3346443455255335,221.9990235134589
0.335390156189886,221.95565073741977
0.33594329171476095,221.92937404099288
0.3361365046354885,221.87572266263857
0.33632993148299917,221.82206066952958
0.3370773006439729,221.7663470115246
0.3372714255002429,221.7322544541965
0.33801981653697744,221.7737794155455
0.33876874545030117,221.72831075187423
0.3389640553558996,221.68354811645858
0.3391595818884402,221.63879887437633
0.33991002014097743,221.6205844601002
0.34046449735610756,221.63942053732634
0.3406609965973875,221.6026708619508
0.3408577139312176,221.565927095521
0.3416097158756749,221.55134142363195
0.3418071397643232,221.51272807947004
0.34200478300445,221.46618693573342
0.34275830067662094,221.375573620912
0.34331373514191793,221.3832235569273
0.34351235700812277,221.34241390692142
0.34371119970298736,221.28054791062104
0.3444662849244948,221.27640424844517
0.3452219086629136,221.23341925861595
0.34542195511318796,221.1888825216717
0.34617860899982866,221.1470157254577
0.34637937060131746,221.11027557458436
0.34658035579195356,221.07354136933728
0.34733853441426693,221.07040041076093
0.3478952793847262,221.09347478270396
0.34845179963136813,221.11135317742318
0.34921060517472596,221.06772983958473
0.349766943647484,221.10111766095855
0.3505263287931959,221.0947420202739
0.3510824834311381,221.12352506921616
0.35163841158974646,221.14175363117593
0.35219411306391857,221.13243874388354
0.3527495876492791,221.12827449203806
0.3535096701353249,221.11642203904745
0.3542702855519986,221.07433536555317
0.3546200150373846,221.11352454632703
0.3553807062168222,221.05666922508917
0.35593557371270174,221.04796231604487
0.35669683235933997,221.02547525472264
0.3570446220302105,221.1053266422312
0.3578059516059577,221.1034091629951
0.35856780982817515,221.08347710582552
0.3591220587652148,221.0827862258371
0.3596760771580225,221.08619655434455
0.3602298648105289,221.09510985079336
0.3609923491461783,221.06614607169135
0.3612015082612426,221.0306859331766
0.3619650132344516,220.99991626731645
0.36251889480535787,221.00271945225032
0.36272904402756373,220.95888922222485
0.362939426235922,220.9145156596024
0.36370447869480793,220.83582164626833
0.36391559101645293,220.83217087994316
0.3646816661216875,220.8064476674071
0.3654482667571219,220.73080282327328
0.3656606091654941,220.67735320133352
0.36587318736286534,220.62817017944093
0.36664131068033556,220.58218161712495
0.36719638290945944,220.61401637873337
0.3674099595661424,220.58055976041288
0.36762377351705255,220.54583391838096
0.3683934479683346,220.49580847207076
0.36894883256135297,220.5133114597887
0.3691636476248405,220.4783972328963
0.36937870149243274,220.44350137033652
0.37014992766788074,220.43490767397765
0.37036572297667375,220.40007980444642
0.3711379766121826,220.32804941039177
0.3719107550634373,220.2724575402579
0.37212779728648143,220.2290204326661
0.3723450811605285,220.1842926869117
0.3731193925157793,220.1420093806286
0.3736759353578196,220.1642427645469
0.37389422865156535,220.12553788299357
0.3741127651212583,220.08685149728612
0.374888631478489,220.05788336723919
0.37566502218791453,220.0192836357117
0.3758848154101436,219.98208362808356
0.3766622372157816,219.96997132333595
0.3768827832535939,219.92675390114704
0.37710357534743916,219.8835428049079
0.37788253781175307,219.85426868471353
0.3784402147147745,219.87502393687
0.37866202450112385,219.82865403509828
0.37888408188329337,219.76989482456435
0.37966460234748595,219.73596246736696
0.3802225688766404,219.80102300415373
0.3804456465591247,219.73968085993897
0.3806689733816319,219.67415357583323
0.3814510521833611,219.62188328020565
0.38223365423658673,219.53743288702208
0.3824582546462898,219.49585465558567
0.383241892081624,219.4776909574663
0.3834672567201123,219.43477019360844
0.383692873421802,219.39186913846066
0.3844780611722879,219.3549301281208
0.38503712671531926,219.3610197411691
0.3852637719294326,219.31818355166956
0.3854906707654395,219.2912870780479
0.3862774194487637,219.33008036478086
0.3868367606671456,219.34751458627335
0.387064690591726,219.29055663115736
0.38729287570115184,219.22051794570672
0.3880811854997436,219.15775546609197
0.3883101434323319,219.12008067234115
0.3890994927077088,219.13329819424916
0.3898893637607195,219.06848867452536
0.39011961494912545,219.00678844891746
0.3903501242879507,218.96911514870118
0.39114155495213954,218.9503644312228
0.3917019585735037,218.99364606588284
0.3919335071427386,218.961975724382
0.39216531543944116,218.9182649098238
0.3928623028213676,218.74704403331756
0.3929583093925068,218.83922112660375
0.39319089912816513,218.7958871304038
0.39365686242854586,218.69830201508375
0.393890236823567,218.6494982310607
0.39412387360337403,218.5959997330825
0.3949200025295211,218.5210757929621
0.39515442668665507,218.49944994946722
0.3953891146531212,218.48213704899877
0.3961868161209591,218.48721571353985
0.3964222944113116,218.44994045492268
0.39665803794210985,218.41131152412544
0.39736686420286566,218.31669859697777
0.3974573151673869,218.407357202084
0.3976938519767196,218.3606562696421
0.39816772605444317,218.2672759252568
0.3984050641729565,218.22059433851413
0.39864267024605154,218.17189489178205
0.3994451156359824,218.13810325572868
0.39968352101422766,218.0990107740353
0.3999221957988548,218.0505907225332
0.400726227932463,218.0266009699113
0.4015307838390653,217.93157336746896
0.4023358629880211,217.92689960189733
0.4031414648452866,217.83654824354545
0.40370625150341044,217.78775998137894
0.40451236365975646,217.71100834807604
0.404754234531528,217.6651855796419
0.4055614012753622,217.60347186321627
0.40612614971144073,217.57998461951206
0.40669062397040495,217.53778791115343
0.4069338225115534,217.47846331388968
0.40774201442533275,217.4878597083561
0.40855072489661554,217.4324990267051
0.40887062535896407,217.4547446299936
0.4091151513013414,217.39561534746184
0.4099243620685716,217.34151846164073
0.4107340893927442,217.2300974064273
0.41129820220419877,217.17912826904634
0.41210842546326143,217.1317167657183
0.41291916325871436,217.032428224976
0.41373041501404834,216.93973091954885
0.4145421801493163,216.85820431721245
0.41510592761292153,216.85949386758074
0.41535445808113103,216.82139956718024
0.41616724822266105,216.74181525575764
0.4167309464379448,216.70252251380393
0.41729436347986437,216.66998532016464
0.41754422224243865,216.62201316719916
0.4183580081823529,216.56956928068522
0.4189213712376505,216.5410428092363
0.4197356383842177,216.4873913085866
0.4205504135720724,216.43774163792392
0.42136569619402947,216.31610350138993
0.4219286873052477,216.29560943200963
0.42218148563944885,216.23373246364554
0.4229977812942327,216.17122989648934
0.42356070829952636,216.17740884191193
0.42437747614522503,216.10649572741946
0.4251947480610654,216.03933271098762
0.42575732059518406,216.02532176112692
0.4265750601634196,215.9007559961773
0.42739330164290446,215.81670683635312
0.4282120443992094,215.78733974512244
0.4290312877944396,215.69105447973942
0.4295934224826832,215.66255134233316
0.4304131258749638,215.63677030858526
0.43067127393275223,215.5997109747187
0.4314920153826927,215.56088701444205
0.43205402734055803,215.49420766390818
0.4326157481596625,215.50807845991886
0.43287522411084234,215.48163779822147
0.4336969173649772,215.34409408062282
0.4345191064427624,215.23185392863397
0.43481989147728195,215.26888898474755
0.4350806945709349,215.2148613367288
0.4359033327480339,215.182967774295
0.4367264645003663,215.12658231348323
0.43728766540933933,215.08237648316495
0.4381112415857773,215.0113086864073
0.438935309069682,214.95522112934287
0.43975986718059346,214.89853650551345
0.4403206238468686,214.89737512197516
0.4411456200773588,214.8581404567903
0.44141045254419975,214.8168157913664
0.4422364784185714,214.68064445697655
0.44279707684087116,214.64958417362723
0.4433573773660713,214.64578444791476
0.44362353598581156,214.60870593751687
0.4444504813750188,214.60174073126942
0.4450106706173608,214.5749923800601
0.44557056069550716,214.5486137328675
0.4458380445135014,214.50192482831417
0.44666590231433123,214.45500299876304
0.44749424330876814,214.48613977236408
0.4480539577633165,214.45802589113296
0.4488827208315248,214.347344513493
0.4497119647264394,214.31483882901034
0.45054168872518313,214.2219510712786
0.45137189210139755,214.18491324263923
0.45193105603247136,214.20788173368993
0.4527616733337704,214.13725564321072
0.4535927676101717,214.0751592142239
0.4541514966212423,214.07140115735402
0.4544243381235509,214.02510033286052
0.4552563841323025,214.00686878602747
0.4558149778571635,214.0019713346964
0.45664742955972226,213.8967424333482
0.4574803543200253,213.85049355356287
0.45831375138473407,213.83437757436542
0.4588718276306405,213.80611365603005
0.4591476199970317,213.74324192616058
0.45998195939662084,213.66515458207954
0.46053988977713894,213.6779244201012
0.46109751145700867,213.6542196423847
0.4613746248452883,213.58843387484754
0.46220982821984535,213.5311696248648
0.46304549912882104,213.50602350631388
0.4636028932003453,213.49945748876803
0.46443895309680383,213.44109336550582
0.4652754780202071,213.45141688718044
0.4661124671869113,213.34889972372247
0.4666693129184654,213.32281830974952
0.46750668434646747,213.2557670963719
0.46806313607580835,213.264150855756
0.46861927491705935,213.28206902456608
0.46945694207679367,213.1918584114097
0.47001268412572145,213.16158173029788
0.470568112572142,213.165240139897
0.4711232273390165,213.2003392811052
0.4716780283501672,213.21595056269592
0.47223251553027434,213.2193657581594
0.47307021225266227,213.18343813913052
0.47362429798390915,213.16422725853317
0.47446235962973093,213.088993158434
0.4747315257897388,213.1193943597629
0.4755694087957855,213.0561287665185
0.47612246058796315,213.07301100188153
0.4766751970942646,213.09215220723203
0.4772276182467697,213.09628781459998
0.4780656760860336,213.03537441125542
0.4786176890936287,213.0113004238347
0.47916938607291093,213.02232138125646
0.4800077020853305,213.0164531905561
0.4805589882151339,213.03616188550282
0.4811099576506722,213.04442927549962
0.48166061033053736,213.06768779641328
0.4822109461941598,213.08931226433933
0.48276096518180733,213.12556998380646
0.4833106672345836,213.13437129188887
0.48414884428340954,213.11448692022628
0.48498745812640115,213.08919815084408
0.48524709898502755,213.13020524490412
0.48608551256084753,213.09091585988813
0.4866340625572823,213.06529073891474
0.48747280830966616,213.06713469341258
0.48831198632099415,213.02606593182267
0.48886001233979504,213.03560676565448
0.48915159574266415,212.9931265875902
0.4899916357227683,212.9887233267239
0.49083210540609423,212.94813517260758
0.49137981565118066,212.93836037969328
0.49167300393412594,212.90473179261593
0.4925143304450454,212.93565023790046
0.4933560840737335,212.8906653298307
0.4939034699597485,212.90084542373657
0.4947455398057703,212.87650949987665
0.49504086920744184,212.85547431590726
0.4958838989657309,212.85943867333518
0.4964309518815584,212.84100479542408
0.49727429235614173,212.78850361085824
0.49757122847363316,212.75147311946893
0.49841552645674736,212.76358910216922
0.4989622377660766,212.77451646758095
0.49980684092652905,212.72961732687145
0.5006518632019017,212.7288082134353
0.5011980153585566,212.72126383804525
0.5014973036965411,212.66136359158295
0.502343161511516,212.60061613629563
0.5031894357446189,212.59147396572263
0.5037352303046309,212.64367894641572
0.5040361254903679,212.60207627906001
0.5048832298400083,212.58081276574757
0.5057307478815156,212.5644776132408
0.5062761761511717,212.54264582632496
0.5071239829365579,212.49259239959875
0.5074270213756934,212.4544265061731
0.508275774987982,212.4244230886489
0.5088208282506792,212.46321219027104
0.5096698649308634,212.50409569393474
0.5105193097220087,212.49742721344637
0.5113691616917114,212.46819781606845
0.5119134984604632,212.47720699841776
0.5122194199043218,212.42813254334874
0.5130700834209456,212.41131457497727
0.5136141584864314,212.42731543586964
0.5139211512994467,212.358377076316
0.5147726225944501,212.30779728948193
0.5156244963573451,212.27501420128678
0.5161681715601026,212.2960282614613
0.5164767716362865,212.2596820425916
0.5173294474761991,212.2484024625449
0.5181825229187799,212.2236064326135
0.5187257894712538,212.23704680058592
0.5195791253819733,212.22957650093159
0.5204328579897569,212.23179852865513
0.520744137231144,212.20176749481456
0.5215988014369133,212.15751494334185
0.5224538604055229,212.1086107277766
0.522766550624491,212.06000692085013
0.523079580567184,212.01501471856787
0.5239361065584898,211.99743821918415
0.5242500140757689,211.96572530524682
0.5245642627961113,211.94303744268774
0.5248788532139611,211.91713283664996
0.5257373855584055,211.92287094368174
0.526280642606346,211.94328519998788
0.5265963097032065,211.91595935863597
0.5274556246484184,211.90224447021782
0.5277721737431214,211.86767535207431
0.5280890670045989,211.8050934705769
0.5284063049306975,211.742346071751
0.5292676275681921,211.69449049924816
0.5295857509382244,211.6501782064799
0.5304480025831995,211.65482704569087
0.5309914380587317,211.66066874572016
0.5313106419350503,211.61242659976833
0.5316301929462047,211.56419327490903
0.5319500915934007,211.51596347189303
0.5328141995362555,211.5519110881187
0.5331349880089852,211.51827958600884
0.5334561256122118,211.48467797714585
0.5343217029657358,211.46621008106254
0.5351876648252245,211.4589153773556
0.5355102373032434,211.41440039574582
0.5363771251933908,211.36883900018884
0.5367005918431151,211.32700913365042
0.5370244106029182,211.28521321156694
0.5378927673888425,211.2553641879217
0.5382174827547979,211.20865972081793
0.5385425517330195,211.1630207038374
0.5394123781344837,211.16623743801114
0.5402825846204777,211.18234588220503
0.5406090975045899,211.155142097645
0.5414802278216212,211.11334892407058
0.5418076416091633,211.07421009278983
0.542135411995547,211.0256750685086
0.5430080111735515,210.9553448966235
0.5433366848831302,210.9076300360476
0.5436657167009842,210.8599095031787
0.5445397853565627,210.86154065696616
0.5450841044663641,210.89190480677172
0.5454142294888761,210.85299285851812
0.5457447140988729,210.81408628782606
0.5466200795958238,210.79311274844312
0.5469514717739326,210.75892998194504
0.5472832250526697,210.73133975113325
0.5481600590263229,210.74161369965472
0.5484927222766747,210.7033568820982
0.5493704764812016,210.65881891198924
0.5502486014460867,210.62073260125166
0.5505827247441697,210.58703795505758
0.5509172121364148,210.56185837140902
0.5517968044011378,210.55684042565935
0.552132205954002,210.51595501478522
0.552467973120531,210.47049973740928
0.5533490331182455,210.42854698322694
0.5536857168310085,210.38297922708153
0.5545676941702846,210.3676652834127
0.5554500372969866,210.3730094749316
0.5563327450640059,210.34934377880035
0.5572158163210135,210.3549586443945
0.5574207503036543,210.4098648213882
0.5579642002153137,210.39997425995153
0.5585072817261388,210.38852533180724
0.5587107582053509,210.44501557313225
0.5592529241799657,210.4635967403754
0.559794722439688,210.48225028669054
0.5603361530407241,210.50097873783278
0.5608772160400668,210.52515411601934
0.561417911495492,210.57333367873753
0.5616183046049108,210.64207382681198
0.5621580893020229,210.69122638246859
0.5626975071489111,210.72905878350963
0.563577019060831,210.71135190633845
0.5637752425338347,210.76663280624962
0.5643135601947046,210.78190019087174
0.5648515112510141,210.79726524664162
0.5650483072617831,210.85263215889967
0.5653890957660941,210.81267475227682
0.5662676410358591,210.8207425143184
0.5666093351913976,210.78795614165543
0.5669513967827118,210.7472029799622
0.5678313645041019,210.70989421557206
0.5681743339763756,210.6762570992697
0.5685176723563765,210.6561183815822
0.5693990626063788,210.65833774786788
0.5695499060910831,210.5733249722476
0.5697433110919147,210.64149134188546
0.5704329197247586,210.54026649656825
0.5707782809049907,210.49918511850495
0.5711240140176439,210.45813428131163
0.5720084524497706,210.40138547080727
0.572355100770561,210.3619343007897
0.5727021225049669,210.32249519394335
0.5735879857206487,210.30037060033146
0.5739359248784351,210.26017154467831
0.5742842389331221,210.2208639854829
0.5751715268821591,210.2234268462317
0.5753314356982643,210.13622014177972
0.5755207605696955,210.1992117921386
0.5756812545640339,210.1100380303598
0.5765707220191546,210.09804288726576
0.5769214643777487,210.06662222867743
0.5772725852158759,210.0337966164421
0.5781634801775848,209.99438076096143
0.5785155267135478,209.94849259759454
0.578867953222709,209.90406622139304
0.5797602755365668,209.88229970041235
0.5801136299422845,209.843397645661
0.5804673658167564,209.8154812348161
0.5813611152914708,209.85373098331092
0.5817157812547558,209.82287392293088
0.5820708301841857,209.7829886082689
0.5824262626107227,209.73698890407377
0.5827820790660887,209.68390505326096
0.5831382800827665,209.64443144340012
0.5840351041312862,209.63488394911374
0.5843922403294035,209.6096831672916
0.5847497625926684,209.5721067788224
0.5856480153374757,209.549078489948
0.5860064749614426,209.5053431263704
0.5863653221560808,209.47481212042248
0.5872650032668973,209.45050536153502
0.587624789994361,209.40509876510205
0.5879849657996481,209.35970602835218
0.5888860749075042,209.33780713452157
0.5890678330649591,209.24296772569352
0.5892471924104188,209.29959355230585
0.5894295705678465,209.20140355157773
0.590332890596747,209.15496263454025
0.5906955736852131,209.13199606503363
0.5910586495223351,209.10899949800879
0.5919633997192477,209.11997449895958
0.5923274232991318,209.07151811178173
0.592691841143921,209.03435128195466
0.5935980210243956,209.03586732683365
0.5939633887612384,209.01174418949236
0.5943291522806313,208.9797681304126
0.5952367613198957,208.96118023281196
0.5954288229920718,208.8665312411561
0.5956034768725512,208.9234727546538
0.5963381004293368,208.83636609558766
0.5967060095280103,208.78612688627157
0.5970743175711611,208.72678908989792
0.5979850254341222,208.66044792850875
0.5983542905656398,208.62707596338814
0.5987239561662633,208.60510001628631
0.5996360938190788,208.61144597654067
0.600006718631714,208.59380383936758
0.6003777454392444,208.58766520327762
0.6012913122042141,208.5860738578931
0.6016633003385783,208.56285302273199
0.6018658836709729,208.4689082055971
0.6020356919947192,208.5221879914323
0.6027816880870749,208.4190139248823
0.6031552936325428,208.37226282582196
0.6035293049182954,208.33624672647048
0.6044465400254986,208.33090492212023
0.604821518645491,208.29394924862686
0.6051969045393278,208.24962565533104
0.6061155695338779,208.2457751085264
0.6064919248566077,208.2172097929028
0.6068686889876369,208.18652284588387
0.6077887830222223,208.16037793193178
0.6081665186671482,208.12370690751436
0.6085446646556523,208.08706408333873
0.608923221548425,208.0504312394678
0.6093021899069058,208.0160570802591
0.6096815702932823,207.99387210117544
0.6106047817725299,207.9977602679292
0.6109851386758065,207.97732721614335
0.6113659091470895,207.9418177071804
0.6122905494164228,207.92177436151633
0.6126722984675912,207.882310202894
0.613054462627505,207.84767118967085
0.6139805306736352,207.83339800215163
0.6143636754659683,207.80973208458823
0.6147472369083391,207.7530004643182
0.6156747316724238,207.68348869190663
0.6159004268089361,207.58508531959598
0.6160592757890824,207.63970928027916
0.6162856605284259,207.54129436393978
0.6172154195636822,207.54198914793423
0.6176016398600905,207.5287944610324
0.6179882806257858,207.49347426305013
0.6189194672125378,207.485784776531
0.6190621889246826,206.84192809229006
0.6190690423328076,207.2042898746986
0.6191443737640079,207.06462938028244
0.619150731454487,207.42691420867405
0.6192200712990017,206.9250260999882
0.6192260078107726,207.28724554588598
0.6193016487733978,207.14689520927655
0.6193070965824221,207.5083786982863
0.6193826800343512,207.35808138950287
0.6194540351617047,206.84519637038684
0.619458629235447,207.20647917090906
0.6195349468460623,207.05487613231531
0.6195390598169253,207.4161604991271
0.6196886980668515,206.75166757115795
0.619768939614633,206.96118265965038
0.619846312518091,206.80664093806726
0.6198486422933778,207.1678426619472
0.6199259481755998,207.01330408350714
0.6199278115121499,207.37458066961145
0.6206321629535512,206.75399234583284
0.621025737216845,206.71866176522468
0.6219700791790209,206.735757718681
0.6229147153401855,206.69289221708104
0.6234643280483664,206.73204522548448
0.6238596441511881,206.7074516062894
0.6248048640598276,206.67570766418808
0.6257503735108658,206.64416233653793
0.6262991163052969,206.65719554612002
0.6266961709460408,206.62212760609071
0.6276422548040804,206.58848008292216
0.6285886235207157,206.617189069145
0.6291364857469173,206.66881574295047
0.6295352755286946,206.64759584751928
0.6304822092577956,206.63647809242602
0.631429423134842,206.64762907347875
0.6323769155837146,206.6448995694171
0.6329235871709649,206.66886047202652
0.6338710560017994,206.61035320019317
0.6348187990642576,206.60727265826063
0.6352210485562676,206.59002840483154
0.6361696394729097,206.59840469654986
0.636715101544301,206.63995668797588
0.6376636577848487,206.64151881709978
0.638067631655504,206.6151185514694
0.6390170297316637,206.6068262837228
0.6395615723030545,206.65926663831493
0.640510927386658,206.681859860212
0.6409166218579934,206.6481149727834
0.6418668127014444,206.66519141435074
0.6424104251967064,206.69618070789565
0.6428172645892896,206.64585220863006
0.6437679759112149,206.58975748314316
0.6443109624899022,206.57969921962643
0.6452616169171042,206.6185602917386
0.6456701704022915,206.5780283656045
0.6466216503370992,206.56981912066612
0.6471636892576567,206.60910112478138
0.64757338323733,206.59181154749504
0.6479835215191518,206.55944396891908
0.6489360756828502,206.58243979852531
0.6493472291287865,206.56470516020948
0.6497588284020307,206.5465983805148
0.6505833667744798,206.45098760890036
0.6507127718006036,206.5100455147936
0.6509963070473657,206.4123976800394
0.6514096954949203,206.35478501987956
0.6523659230750565,206.256636295236
0.6526525557739279,206.14875762460923
0.6527803322077554,206.20066324984765
0.6536105001686854,206.24481894771884
0.6540262601763049,206.22383419551124
0.6544424716560504,206.1850839082661
0.6554018047069786,206.16404723689888
0.6556938208447268,206.09177720925769
0.6558190414250369,206.15921921805096
0.6566548744549523,206.11460302188462
0.6570734719517892,206.0824699078421
0.6574925242276191,206.05036035115117
0.658331995493385,205.96216315403967
0.6584549647962423,206.0156094729096
0.6587524156735115,205.92436456621925
0.6597165804298344,205.92206657928796
0.6601380331777096,205.91187918764354
0.6605599440203739,205.8947748517407
0.6609823135546649,205.84621832918964
0.6614051423780632,205.79334392572986
0.6618284310886934,205.76115302499403
0.6622521802853218,205.72953664147616
0.6632200343913514,205.7098591805101
0.663644821574861,205.67656223589466
0.6640700707768801,205.63306293861433
0.6650393080461641,205.63467363509866
0.665465596894304,205.62006167992044
0.6658923492913444,205.60042597569426
0.666862967143025,205.60469156954227
0.6674059039718434,205.63690122857884
0.667833809442258,205.62168473850494
0.6682621797129329,205.59071122856489
0.669233820737468,205.55563251298454
0.6696632327602858,205.5035264123594
0.6700931111048877,205.46700722867953
0.6710661244075872,205.46518557266236
0.671497046100112,205.443443563592
0.6719284356334712,205.4307566663374
0.6729028184460326,205.41783901436065
0.6733352529044652,205.4020029655945
0.674310426184799,205.40092234848558
0.6752858116652836,205.39556144826824
0.6757198673243523,205.37712624896176
0.6761543935597285,205.38917858270625
0.677131139838304,205.36728834642454
0.6775667129002678,205.3277142179989
0.6780027580450997,205.28816436864818
0.678980862162783,205.3172151423551
0.6794179556445291,205.28191021887056
0.6798555227127523,205.22438096805786
0.6808349816498618,205.22044622162156
0.6812735985455873,205.20680143834724
0.6822538339050892,205.22155832078244
0.6832342682256277,205.19665372111785
0.6836745102192298,205.16024890273366
0.6841152284841533,205.10937787362914
0.685097008366213,205.07000797912625
0.6855387781465343,205.02248468766248
0.6859810256877468,204.9934169699693
0.6869641479166771,204.9913886064519
0.6874074483936503,204.96735934567923
0.687851228117639,204.90487726476718
0.6888356894165635,204.9141743575245
0.6892805234758124,204.88450982437558
0.6902657463975308,204.9131855831538
0.6912511545964523,204.9110093117185
0.691697616941884,204.85556554513224
0.6921445611640876,204.81716383334114
0.6931312986191316,204.8173304841859
0.6935792986417169,204.78677037581429
0.694027782011565,204.77090075435794
0.6950158452467365,204.86141982008317
0.6954653857428074,204.8374309673186
0.6959154110526775,204.81170024604202
0.6969047965282672,204.8196480123043
0.6973558802681986,204.77521068711675
0.6983460118013837,204.76200515688683
0.6993363144815299,204.74440428228075
0.6997890289591726,204.70660636849033
0.7002422308207215,204.6857848420878
0.7012338453621206,204.74821241628538
0.7016881068868992,204.7334574135542
0.7021428572448504,204.7187671522867
0.7025980970370658,204.70414448896162
0.7035915911525848,204.7375131222122
0.7040478926784476,204.73086078235502
0.7045046850834,204.6910272759022
0.7054994832681137,204.66927795084436
0.7064944399546079,204.71562141585983
0.7069528660128479,204.682813877619
0.7079485492544476,204.6714028318339
0.7084848211011887,204.68686348388633
0.7085614514209979,204.74737203468294
0.7090966631721891,204.81023010165214
0.7100906836442865,204.8560678789394
0.7106249880635103,204.89835652786937
0.7106993534477382,204.95847610926367
0.7116921244909036,204.98866681070666
0.7122249572444848,205.0167401275333
0.7122976340442821,205.07844432385832
0.7132891536981614,205.08196722305365
0.7138205181462262,205.11727350301777
0.7143513939077851,205.16640391285335
0.7148817813578628,205.2156043489364
0.7154116808718938,205.26485011021387
0.7159410928257175,205.32282934948148
0.7164700175955755,205.3541096155453
0.7169984555581077,205.35778441976043
0.7175264070903485,205.38016469702922
0.7180538725697233,205.4209020962055
0.7185808523740443,205.46643682906887
0.7191073468815077,205.52944986868926
0.7196333564706894,205.57913054875831
0.7201588815205417,205.6288786079029
0.7206839224103897,205.67867947046042
0.7212084795199275,205.7078046783855
0.7217325532292148,205.74870655445616
0.7222561439186732,205.81817070341316
0.7232406602512607,205.8524841948818
0.7233018777615785,205.91263477164088
0.7238240216776469,205.94784640561062
0.7248072714367135,206.0510393235199
0.7248668654081826,206.1087502595473
0.7257906385094542,206.046628942475
0.7258492699110723,206.10411980799873
0.7262532475428579,206.00101255153996
0.726716338972224,205.97754027373745
0.7271799133535556,205.96636866964354
0.727643971243186,205.95523757330116
0.7281085131977764,205.94098050737915
0.7285735397743143,205.9357852523092
0.7289832994484569,205.85684914873954
0.7290390515301117,205.91700039342976
0.7299166449354033,205.81262298098167
0.7299715328103427,205.87435281462885
0.7303840491152089,205.8020127182226
0.7313203231490603,205.78104707783444
0.7313739075263676,205.842977187686
0.7317891941246831,205.80392780642705
0.732258555154344,205.80823063811968
0.7327284067996112,205.7799901744986
0.7331987496223608,205.7699133893353
0.7336695841847751,205.76552554603117
0.7341409110493406,205.75405620183983
0.7345621210979562,205.64490040721375
0.7346127307788458,205.7027275080749
0.7355578510853253,205.64262673134
0.7359818781693782,205.57561082322906
0.7360311527893676,205.63941625040215
0.7369308624527652,205.6014506158835
0.7369792421189307,205.66500061183973
0.737406100163244,205.59452587477531
0.7383580695547597,205.5464462872307
0.7384050993852967,205.6079504478521
0.7387881311621068,205.475927674625
0.7388348023698491,205.53741646106738
0.73978976707594,205.53737163541982
0.7402680001026785,205.54535011777347
0.7407467343361637,205.4981853475198
0.7412259703449507,205.46409730343345
0.7416617751675615,205.37096359890535
0.7417057086978652,205.43001960688517
0.7426666947127184,205.35578539147363
0.743105392397464,205.341847278331
0.7431479435136401,205.40320151985446
0.7440703311056271,205.3128426651108
0.7441119555518942,205.3721054210178
0.7445535603419446,205.28099378397368
0.7450372969295828,205.25047606366357
0.7455215414412311,205.2372211160151
0.7460062944498292,205.21901689021698
0.7464915565285649,205.19455688127582
0.7469773282508717,205.1424061041921
0.7474636101904256,205.0849109503869
0.7479504029211437,205.03055491762174
0.7484377070171805,204.98760977338588
0.7488885183129885,204.89646300287774
0.7489255230529264,204.9567204807177
0.7498666416268087,204.88028210781127
0.7499026932422688,204.94203662036776
0.7503564750529894,204.8803847537571
0.7508468237614232,204.8469054055318
0.7513376883294445,204.79587318740283
0.751829069334609,204.77018466809608
0.7523209673546909,204.7182901036372
0.753338999549181,204.64049488537572
0.7538640984347246,204.6628750612117
0.7548817120253801,204.73772223331838
0.7558993888414229,204.7031953532062
0.7569171267806065,204.72104002719914
0.757440249469173,204.76021341057572
0.7579349237399255,204.71985209158808
0.7589527776156418,204.7115768487765
0.7594749219477904,204.74936738571404
0.7599965490853579,204.7810191858654
0.7604923397541279,204.75193069697212
0.7615098091357041,204.74844269294556
0.7625273279896273,204.72322539372834
0.7630474788600491,204.76451696129936
0.7640645507447203,204.7141473896785
0.76508166677447,204.64260422160652
0.7660988248475754,204.61958101916372
0.7666169722144527,204.6520422464243
0.7676336724810605,204.6795088444663
0.7686504094784243,204.6687082343928
0.7691670434924635,204.696640846162
0.7696671811063127,204.6751678629014
0.7701678355213935,204.63706561206178
0.7711851722680922,204.62810169931194
0.7716868766699245,204.59530106114306
0.7721890990182181,204.54264893694386
0.7732075284824933,204.4997500146928
0.7737108010344234,204.44607422478344
0.7742145926691005,204.41519503700346
0.7752341088380812,204.42305084588892
0.7757389508618574,204.38224791799243
0.7762443130955764,204.35709949804436
0.7767501960851917,204.34198246084878
0.7777713226612755,204.3363829754763
0.7782782567657601,204.28216837108505
0.7787857127426357,204.22797801999363
0.7798079127876657,204.2399825997001
0.7803164199932847,204.1846406767982
0.7808254501783587,204.14510382606016
0.7818487174409002,204.14175094908686
0.7823587989362445,204.0963288136989
0.7828694045085295,204.0578993607046
0.7838937326646834,204.0290605700554
0.7844053895961451,203.9931546230832
0.7849175716923062,203.9857026647938
0.7859429543455072,203.95037147356265
0.7864561878168578,203.90441661640537
0.7869699475307901,203.89730508723724
0.7879963782116103,203.88570201431122
0.7885111892835791,203.84655515922236
0.7890265276659864,203.83916605738779
0.7900539998319458,203.7921431365737
0.790570389521799,203.73920274731694
0.7910873075797713,203.68628954269292
0.7921158146151529,203.6623557368364
0.792633783896272,203.64481774493652
0.7931522825928645,203.63637587033273
0.7941818178085355,203.638098555392
0.7947013676099971,203.63333722593413
0.795221447863809,203.62116022547534
0.7962520044970481,203.54669826336607
0.7967731357032037,203.50693341610412
0.7972947983879576,203.4661978780601
0.7983263696022888,203.41876992100038
0.7988490830523448,203.37481928620787
0.7993723289964663,203.32342274471452
0.7993867744938221,203.26406134832342
0.800420420475402,203.30292400870573
0.8004359651710615,203.244746917595
0.8009613630161578,203.22492898816344
0.8014872965702206,203.17315306058828
0.8020137663616029,203.1276498189149
0.8025407729185472,203.12320211247783
0.8030683167691808,203.1038168233252
0.8035963984415124,203.07732051730744
0.8036153065158603,203.01772873964163
0.8046541773626855,202.98511659591696
0.8046742047594981,202.92427472890745
0.8052044644066079,202.86939449528614
0.8057352651094307,202.8207097306028
0.806266607396933,202.8420798899958
0.806798491797938,202.87024751600933
0.8073309188411214,202.82330813626905
0.8078638890550076,202.86975593070377
0.808397402967966,202.86198338805585
0.8084214335121449,202.8035616578789
0.8094660640037736,202.76320079552684
0.8094912365945649,202.7034355738582
0.8100269575053467,202.68177329978843
0.81005275675492,202.6233146574788
0.8111000407126354,202.66056168873996
0.8121472682811622,202.70814547493052
0.8131944371682864,202.69337842503097
0.8137031757225783,202.78740421617675
0.8142113670713869,202.86628497435217
0.8152573175095021,202.87272492212554
0.8163032025997365,202.88041995726113
0.8168096891509303,202.92370159658677
0.8178549259540087,202.9388385466913
0.8183602862002096,202.96959034967946
0.8188651014234809,202.9804278262872
0.8193693722481679,203.0049166359904
0.820412793736853,203.04192721714475
0.8214561389571221,203.07591860298356
0.8219587025461883,203.1210633469043
0.8224607232263003,203.14092893327708
0.8235028235564376,203.10311459312084
0.8240439876434652,203.05773493568347
0.8250865052417727,203.07861700406627
0.8255867735797814,203.10907387277615
0.82608650002878,203.11421076916764
0.8271277592545233,203.10465010255646
0.8281689279474214,203.11106245338823
0.8286669405111795,203.12739665486953
0.829707428646814,203.1778750779048
0.8307478207887042,203.19753287974493
0.8317881146981767,203.20612356405087
0.8322838211255783,203.23462421519142
0.8333234240417207,203.2171161165485
0.8338683988715684,203.2074497446347
0.834908384664621,203.22838680046044
0.8354023166580227,203.24380059881184
0.8358957098906801,203.2572678952378
0.836934401922384,203.22328741846164
0.8379729826645462,203.22800196211693
0.8384646507669969,203.26301968873003
0.8395025230913407,203.2595933890706
0.840540278754817,203.27417228189265
0.8415779155422812,203.2766010518286
0.8420672595660735,203.30626584498577
0.8431041777757334,203.22893574380004
0.8441409717714542,203.26221441764696
0.8451776393469733,203.26883475741937
0.8456646528246479,203.26941331997273
0.8467005917644407,203.2336812661002
0.8471864707355834,203.29037880904394
0.848221677250297,203.33211539621067
0.8492567489552364,203.4021855753885
0.8502916836592747,203.4005854272081
0.8507752246536896,203.4245305760011
0.8518094170306707,203.38320345587277
0.8523611333089361,203.3216236057786
0.8529133823609006,203.29155547707902
0.8539483531547121,203.32111778377993
0.8544300087058349,203.37575282241704
0.8549831768819448,203.35595697128355
0.8555368778106325,203.32625914779473
0.8565720096350581,203.29320728559154
0.8576069886987601,203.29828814372587
0.8581621357059012,203.2740327002141
0.8591974142758307,203.24526542126682
0.8597535486232103,203.21168412643675
0.8607891216008633,203.2274846660327
0.8618245325966147,203.2076932468586
0.8623821041489503,203.17868332796496
0.8629402089295098,203.1483872422472
0.8639763553588382,203.14361391931402
0.8644533299773507,203.17482283587188
0.8650123327446857,203.12435087766278
0.8655718686330222,203.02947971253127
0.8666081214896473,203.03916639782958
0.867644199581634,203.0693456105341
0.8682051604934846,203.0692317323858
0.8692415053396493,203.06096978632186
0.8698034430699473,203.01561590780264
0.8708400494765919,203.0074704107879
0.8718764718441937,203.0375335985779
0.872439825254053,202.9148024023666
0.8730037120167013,202.89513104584634
0.8740408258980195,202.9012438298367
0.8745129858085645,202.95064265711122
0.8750777486246047,202.93111882036297
0.8756430445989849,202.90099859661544
0.8766802096420395,202.8753594379505
0.8777171777890075,202.9097254691193
0.8782838766083761,202.8784746769845
0.8793210782387528,202.8567578555539
0.8798887426277205,202.81521682175327
0.8804569404188013,202.78577634421845
0.8813948714128318,202.83183746501902
0.8814948007691571,202.77708152718336
0.881963396075112,202.83675866023216
0.8825324534997393,202.82411230975066
0.8831020440668695,202.78231728742315
0.884139914383345,202.76304652200002
0.885177571325467,202.743364873512
0.8862150127251668,202.75908570009
0.886786413703541,202.73137094989357
0.8878240601853848,202.70378129784243
0.8888614853739175,202.67388971626
0.8894342627183602,202.64023569434218
0.8900075726386169,202.59889975249712
0.8910456132096447,202.59122085296718
0.8920834253039763,202.58443387228925
0.8926581045107982,202.55653897827287
0.8936961019851277,202.56895832330991
0.8947338652269655,202.58176827453886
0.8953099068926531,202.56625010567114
0.8963478465131666,202.6094914332004
0.8969248327962627,202.60363303844073
0.897502351282077,202.55358928323824
0.8985408724322301,202.50667631360923
0.8990008103676047,202.5158921256538
0.8995791485387927,202.4769154416404
0.9001580185035383,202.45420505139154
0.9011964546895487,202.4691852695531
0.9022346400718255,202.47911225837575
0.9028148544847172,202.4578786632266
0.9038531908733631,202.4492931344126
0.904434340547534,202.3997513384174
0.9054728224650691,202.38492749869155
0.9065110442082297,202.38146788455077
0.9070935274241252,202.36105057005713
0.9076765418057252,202.3407562708989
0.9087152982953158,202.35818647563227
0.9091699778246378,202.38312605107936
0.9097537873745334,202.33457487907816
0.9103381275911889,202.32176989274518
0.9113767420652003,202.3254079451026
0.911962007792216,202.2712545063527
0.913000742128407,202.22715759376013
0.9140391996757145,202.20445412746344
0.9146257800000563,202.20861691299777
0.9156643482392814,202.25196491536522
0.9167026339386167,202.29464512725073
0.9172905214555408,202.2973834790077
0.9178789387544892,202.2953131967222
0.9189177116851329,202.28263791413937
0.9193670075829526,202.3248281361009
0.9199561948238065,202.30877521640335
0.9205459112575977,202.28451240239056
0.9215844847423809,202.29506185202837
0.9221751124715497,202.27760442317836
0.9227662695394518,202.2761422105828
0.9238053075948564,202.37701055184635
0.9243973736583955,202.37853639131464
0.9249899691896236,202.35483139773177
0.9260294617620997,202.34652039413632
0.926622963948768,202.31555955752782
0.9272169957151304,202.27226907908343
0.9282569326908288,202.28982682535758
0.9287017786421574,202.34793764006446
0.929296558645695,202.36673826397623
0.9298918675547689,202.3516665709304
0.930931551711291,202.36139292190188
0.9315277606495933,202.3218971204322
0.9321244985676161,202.29953829374364
0.9331646040545392,202.36012975230972
0.9337622395371156,202.3318115715247
0.9343604040563536,202.31690018495206
0.9354009205920277,202.3612480167164
0.9359999801704662,202.3690935278312
0.9365995688251582,202.38713278699723
0.9376404860691693,202.45414989727158
0.9382409672369593,202.37285844625734
0.9388419775031421,202.35426568054993
0.9398832850566575,202.36854525838262
0.9404851852490194,202.33952302646267
0.9410876145443581,202.32604002089892
0.9421293019504823,202.37667599750284
0.9427326185442009,202.3865474181417
0.9433364642278235,202.38082495557273
0.9439408392567091,202.37357527340262
0.9449832512852266,202.42767681345407
0.9455885106575658,202.41616891213832
0.9461942993395259,202.3854910437507
0.9472370674600474,202.40591863715548
0.9478437377626857,202.4019107593403
0.948450937321403,202.39000419479504
0.9494940508819201,202.4216023686793
0.9501021292974419,202.41729677507166
0.951145230396718,202.50165625536388
0.9521879675980137,202.5406757103633
0.9527972679789539,202.5108984841835
0.9534070966508785,202.49245250923758
0.9544501552731094,202.52576052777732
0.9550608553074911,202.49691568192412
0.9556720835217952,202.48128313054812
0.956715452758156,202.55872081010244
0.9573275494460628,202.5711366934337
0.9579401741845857,202.56361530956494
0.958983843173252,202.60241827694668
0.9595973334553859,202.5689578925385
0.9602113516404929,202.54419151790256
0.9612553094650531,202.60549406961363
0.9618701902226153,202.6051905251367
0.9624855987170816,202.60198911778681
0.9635298344069765,202.65013680697456
0.9641461024615554,202.62379053340038
0.9647628980684548,202.58921848067857
0.9658074005994267,202.60979784533228
0.9664250527128913,202.57884429664796
0.9670432321754916,202.55865527314785
0.9680879904700421,202.60054605521324
0.9687070233444415,202.61798245554277
0.9693265833461049,202.6356353854944
0.9703715862739631,202.7330605792434
0.9709919965514324,202.7289564806308
0.9716129337155233,202.69316988906536
0.9726581700941213,202.69446755760723
0.9732799543567928,202.67780435908278
0.9743250952376534,202.73446463089834
0.9753698185666224,202.85072189588985
0.97599276322092,202.82808091115007
0.9766162333906344,202.80827577635563
0.977661165258474,202.8177644932901
0.9782854742006137,202.76549695078043
0.9789103083578975,202.71331451383318
0.9799554374440349,202.77430851285652
0.9805811070726437,202.81844941993853
0.9812073015970765,202.84575058435775
0.9822526165308813,202.9222594643556
0.9828796431844613,202.91821622010252
0.9835071943954229,202.896076982472
0.9841352703273862,202.88448817679736
0.9851810637136029,202.9206671162865
0.9858099678702199,202.9261877661057
0.9864393963846793,202.92576068967847
0.9874853496681174,203.01152980520243
0.9881156029692163,202.99840678406244
0.9887463802456922,202.97145917594213
0.9897924818870166,203.0075257190616
0.9904240804710838,203.0008004950974
0.991056202628687,202.9741807087865
0.9921024410407479,203.00869220949704
0.9927353809858956,203.03895013835967
0.9933688440832953,203.0493436372004
0.994415207631688,203.0604329874593
0.9950494849556281,203.07955168403046
0.9956842849910263,203.12864957571156
0.9967307619946609,203.15321309173666
0.997141393995855,203.1866571006148
0.9977767693265961,203.16107295201567
0.998412666051419,203.15816761476134
0.9994584860913437,203.18932227933448
1.000095187955913,203.18708370736553
1.0007324107321611,203.19672689597502
1.0017783185174227,203.26819505635015
1.002416342750846,203.2692163282957
1.0030548873938963,203.27558710213825
1.0041008711252741,203.32836937369922
1.0047402135023156,203.33443413635985
1.005380075767227,203.3260365500329
1.0064261236014151,203.33088112483034
1.0070667798365873,203.3452827978961
1.00770795541811,203.34884028358542
1.0087540554683292,203.36591553362695
1.0093960212159079,203.3771417490047
1.010038505748502,203.4224627784117
1.0110846460851204,203.4590078007545
1.011727916939167,203.43822577752294
1.0123717059970259,203.42725916425556
1.0134178746481877,203.4601313119061
1.0140624461425793,203.43710916619835
1.0147075352396617,203.46316847349385
1.015753720191925,203.55087311157655
1.0163995878003909,203.5548272442096
1.01704597239046,203.57368304662793
1.0180921615894407,203.6036697295884
1.0187393207256064,203.61079705793276
1.0193869962022755,203.6456111916194
1.0204331775533042,203.67621406009647
1.0208306514031167,203.7050648821057
1.0214788349896917,203.65964470130052
1.0221275333784436,203.66442623667496
1.0231729156261489,203.7067696316384
1.0238223786888592,203.70696342283034
1.02447235587061,203.7763105606515
1.0251228472322682,203.8033323338308
1.0261684417286248,203.84166660371724
1.026819692917428,203.81427902917164
1.0274714575768171,203.76644160818603
1.0285170023067312,203.8024792270567
1.029169522656938,203.81601613758883
1.0298225557482572,203.8660470584848
1.030868038464273,203.95148622275678
1.0315218230706147,203.91817792563617
1.0321761196684096,203.8891355491829
1.033221528086562,203.91106241023354
1.033876571984241,203.95044037510655
1.0345321271034964,203.9960242011233
1.0355774489040153,204.10464314374158
1.0362337470688037,204.1066507145672
1.036890555665043,204.08736084337875
1.0379357784930663,204.1056458669166
1.0385933258414108,204.10817164766593
1.039251382810805,204.11444863705282
1.040296494277099,204.24776537058347
1.0409552856662347,204.21706649937587
1.0416145858457169,204.19022708866913
1.0426595735274033,204.18061851017217
1.043319603755474,204.16753515003208
1.0439801419228625,204.1938737251697
1.0450249933641556,204.3477004516481
1.045686257170341,204.4002680916111
1.0463480280444697,204.39085193256352
1.0473927307574185,204.42362901937312
1.0480552228220708,204.45479479993102
1.0487182210629267,204.4254262462936
1.0497627625281654,204.43654264202578
1.0504264774729521,204.47444291615804
1.0510906976818215,204.50491603515974
1.052135065349328,204.55303383063813
1.052799997737383,204.57011134611395
1.0530863897881038,204.5417552711017
1.053752630939458,204.53639819274605
1.0547978208251623,204.5641354452509
1.0554647704362743,204.59206341978106
1.056132224304086,204.62397542303705
1.057177213271508,204.68515209227263
1.0578453709802986,204.69367214759976
1.0585140319670572,204.73657643402618
1.0595588073379008,204.804100561844
1.0602281675091143,204.78685843330845
1.0608980299590576,204.80571752262298
1.0619425790274615,204.8712039803566
1.0626131359677813,204.84162968322943
1.0632841941670814,204.837732275836
1.064328504200418,204.86933569095982
1.0650002521586563,204.88068477441098
1.065672500335613,204.9261574144063
1.0667165585752922,205.00119878183895
1.0673894917425897,204.9926738986218
1.0680629240678303,204.99669244104226
1.0691067177301123,205.07754655667296
1.0697808302401435,205.0956654415558
1.0704554408268327,205.07530270170497
1.0714989571036448,205.138127067805
1.0721742430328318,205.08429377078264
1.0728500259368867,205.07109029725802
1.0738932519966498,205.09876687685065
1.0745697053643841,205.06614165408914
1.0752466545846986,205.05607990671948
1.0762895775731565,205.15594895595086
1.0769671923420285,205.1676258111841
1.0776453018207053,205.17018570850936
1.0786879088617627,205.2406627344895
1.0793666789377983,205.20292775345766
1.0800459425603879,205.1661460076128
1.0807256996405217,205.17751635596574
1.081768139989859,205.22822202244873
1.0824485515856077,205.2450613142922
1.083129455448519,205.23364400133883
1.084171550203858,205.2750310341784
1.0848531035459614,205.2267366684433
1.085535147944389,205.2107279542966
1.0865768841542947,205.29811607501384
1.0872595729601613,205.34675878201642
1.0879427515910771,205.38545730798583
1.0889841162859106,205.444872913283
1.0896679342174325,205.46527833084878
1.0903522407223143,205.48857750221305
1.091393220915105,205.53015516839645
1.092078161578934,205.5280517945485
1.0927635895440464,205.5581447148288
1.093804172231364,205.640767713578
1.0944902291791991,205.66024895046326
1.0951767721358818,205.68374353096368
1.0962169442987184,205.69489216997053
1.0969041110275985,205.6797654890821
1.0975917624525613,205.67433642102378
1.0986315110572167,205.77258249640573
1.0993197810098212,205.78613077881704
1.1000085343254484,205.80202160527014
1.101047846324419,205.8718771394365
1.1017372128893772,205.88117460781532
1.1024270614640381,205.8730787705703
1.1034659237969153,205.99274231268615
1.1041563803091212,206.00520726925555
1.1048473174574893,205.98993788072985
1.105885717051857,206.02245011036143
1.1065772567927945,206.01504494691207
1.1072692757761737,206.03727006203584
1.108307199548515,206.21300265226213
1.1089998157465883,206.24070399547585
1.1096929097732464,206.2431513617642
1.1107303446298527,206.345441564012
1.1114240304607257,206.31719112263937
1.1121181926862362,206.31795576975787
1.112812831127636,206.3502258046004
1.1138498741110627,206.47067724716823
1.1145450976386535,206.50290095895866
1.1152407959213326,206.5061310502204
1.1162773197607105,206.57954008291523
1.1169735976416204,206.59760749484826
1.117670348796823,206.6158152648192
1.118706340361674,206.71319613470763
1.1194036655955162,206.77606197178744
1.120101462602915,206.8114745861413
1.1211369087565106,206.92891456131406
1.1218352742916444,206.946454107035
1.122534110079716,206.9677802437629
1.123568997680008,207.0303206811957
1.124268396413917,207.0288298904099
1.1249682638603216,207.0816630365951
1.12600257976088,207.15597476079475
1.1267030045405575,207.41190858681398
1.1274038964725281,207.73391794612235
1.1284376275234778,207.33325982686657
1.129139071145821,207.59398930739786
1.129840980340559,207.95548922946168
1.130874113389524,208.09275265832048
1.1315765686017336,208.12115100876926
1.1322794877868112,208.14566213825566
1.1333120096798606,208.29272680632988
1.1340154691798483,208.2907120705845
1.1347193910336197,208.36940185679086
1.1357512886162144,208.5301025170144
1.1364557450530184,208.51306843372382
1.1371606622050359,208.52903360175236
1.1381919223229824,208.65927954132013
1.138897368297188,208.70050131431066
1.1396032733286268,208.78393167566134
1.1406338828290292,208.88976665204655
1.1413403108931988,208.89271935752882
1.1417237401958928,208.90484146075
1.1424314788749788,208.95385137660165
1.1434623383119165,209.0432180838066
1.144170594310369,209.10378712673028
1.1448793066245653,209.12769670027424
1.1459094857254775,209.15647279632975
1.146618709491675,209.2472540313137
1.1473283878497447,209.33078326086383
1.148357873433064,209.4724208161903
1.149068057348193,209.47365675570774
1.1497786941121773,209.45240683226467
1.1508074730016482,209.5893924159255
1.1515186094005467,209.64543405238987
1.1522301968862263,209.67874972203768
1.153258255911876,209.78118072329727
1.1539703370834995,209.81389001474903
1.1546828675608642,209.85042112543005
1.155710193559973,209.94562490387034
1.1564232117478679,209.98197567387916
1.1571366774415925,209.99564064692586
1.158163257259667,210.0581519304491
1.1588772046624507,210.05811946763274
1.1595915977523774,210.0793757863733
1.1606174182441251,210.21434998548938
1.161332287015972,210.24576400488996
1.1620475996375983,210.27309995082592
1.163072647667903,210.35787908943797
1.1637884299190373,210.40773673650796
1.164504654164013,210.4835905525587
1.16552891660891,210.60183885041596
1.1662456044061063,210.61298813708316
1.1669627323227334,210.6415351500741
1.1679861960703883,210.7203564251616
1.1687037814374752,210.74678695196195
1.169421805031218,210.80470973592114
1.1704444569829027,210.88605239630402
1.1711629319012768,210.92527469831867
1.1718818431352749,210.95691301147036
1.1726011903386753,211.00660060761112
1.1736230266154895,211.13211944049263
1.174342817411079,211.15511759235505
1.1750630422401729,211.11254873836774
1.1760840363299603,211.22653357691632
1.176804698567201,211.28778951620401
1.177525792884032,211.3249572471071
1.1785459317284415,211.38984925556414
1.1792674572466486,211.41788047269324
1.179989412872633,211.4582937634334
1.1810086834306368,211.60377844598057
1.1817310640289203,211.632215031535
1.1824538727453884,211.65698316211788
1.18347226199426,211.65643480011195
1.1841954894320692,211.64977720819599
1.184919142980812,211.65183606281562
1.1859366379171052,211.7153111421666
1.1866607039147785,211.74803696399152
1.1873851939986002,211.77723726639115
1.188401781639127,211.84030731403308
1.1891266778784486,211.84913780253427
1.1898519961617255,211.85569071600784
1.1908676635445323,211.8762430943455
1.1915933816692932,211.87317669728236
1.192319519778537,211.88042201389445
1.1933342539638798,211.92558677335523
1.194060785580445,211.94927984917254
1.1947877351048726,212.0664074211116
1.1958015231761925,212.15116766426564
1.1965288598540735,212.16274725296225
1.1972566123461812,212.19769962921947
1.1982694414110768,212.34435355831192
1.1989975746835095,212.39447983522012
1.1997261216596538,212.42752220672392
1.2007379788508519,212.50696462297205
1.2014669002153795,212.55090633816843
1.2021962331563611,212.63176232166202
1.2032071056326872,212.78364103565855
1.2039368065517482,212.76158076670882
1.2046669169034039,212.77007097773657
1.2053974362533069,212.84151372259308
1.2064072637522694,212.9826559979665
1.2071381429260666,213.02923331079745
1.2078694289313434,213.03940290031755
1.2088782418363457,213.15518903877143
1.2096098812099814,213.23503511645737
1.2103419252320415,213.2650559671472
1.2113497107852924,213.30519451499944
1.2120821017033003,213.37617515294022
1.2128148950705357,213.4457085934268
1.2138216405445121,213.52616613876097
1.214554774318871,213.58294479473344
1.2152883083272679,213.59944809803406
1.216294001025673,213.71551521765588
1.2170278689364205,213.7074464084716
1.217762134850177,213.73579267323808
1.2187667621088953,213.8677457702162
1.2195013554047476,213.90780096591538
1.2202363444568927,213.92794759835638
1.2212398936449413,213.99601325650534
1.221975203543916,214.0113003529645
1.2227109069369355,214.06372253342983
1.2237133654574142,214.17836375280427
1.224449383147456,214.23138024753226
1.225185792053922,214.2475553144424
1.226187147344957,214.37698029767026
1.2269238639845716,214.425173853078
1.2276609695477751,214.4425468162818
1.2286612090834614,214.53317765097077
1.229398615802349,214.57548636275
1.2301364091369376,214.6238343597062
1.2311355204282766,214.72874961303364
1.2318736083279718,214.72865805993797
1.2323521038266527,214.6773233225928
1.2330914386047542,214.7371936768024
1.2340901757589575,214.8929822843507
1.2348297977863787,214.9335853087655
1.2355698020700683,214.98027150838183
1.2365673814169724,215.04531711366886
1.237307666312613,215.08948699118645
1.2380483311026385,215.106804379801
1.2390447402405804,215.2025942414154
1.2397856789935675,215.24240418512153
1.2405269952646454,215.28522963909086
1.241522221832918,215.43028968704434
1.2422638054068345,215.44272119837683
1.243005764108308,215.48946979382836
1.2439997957880808,215.54602952450136
1.2447420151216255,215.5822660728581
1.2454846071781294,215.66736092349888
1.2464774316933618,215.8328634824783
1.2472202777010146,215.841183703132
1.2479634940131388,215.8942634195193
1.2489550991314906,216.00185088774052
1.2496985627041788,216.0616143659137
1.250442394149139,216.03849790541216
1.2514327676828745,216.1034888438575
1.2521768396886432,216.1844322600079
1.252921277120952,216.2323772345838
1.253910406927838,216.3635051075782
1.2546550782125236,216.3861807058318
1.255400112464665,216.4423436858398
1.256387986448865,216.54612483850323
1.2571332478367705,216.5997472668389
1.2578788697198777,216.6108191948982
1.2588654758328384,216.72021799057907
1.2596113181274116,216.82256647684716
1.2603575184319467,216.88610038295147
1.2613428446732802,216.96213317015628
1.2620892586577939,216.97349598237798
1.2628360281542304,216.99651262705538
1.2635831525831531,217.07030231572708
1.264567039010826,217.16409190300857
1.2653143684503325,217.21220570661467
1.2660620503060362,217.2511534902231
1.267044628781214,217.3436517477353
1.267792508896342,217.45648424811696
1.2685407388989987,217.49123145318035
1.269521997577701,217.52964200939405
1.2702704190830734,217.58818495936535
1.2710191879351165,217.6920613792854
1.2719991150253003,217.80756593246753
1.2727480686183015,217.8156049804848
1.2734973670051186,217.87622489818932
1.274475950767526,218.01047219039629
1.2752254271289951,218.07665574171082
1.2759752457196218,218.1639168934803
1.2769524744686223,218.24585957184132
1.2777024642635464,218.31888659809798
1.2784527937113617,218.37958792834925
1.2794286558157855,218.4199322242092
1.2801791496939965,218.46555191427996
1.2809299806374193,218.51711172176934
1.2819044645213857,218.59067637296613
1.2826554531182564,218.7134984802745
1.2834067761814443,218.76490719750115
1.2843798703251808,218.86094225747766
1.2851313442623231,218.91977126057228
1.2858831500558716,218.94287871153293
1.2868548429965265,219.0515477893568
1.2876067928824924,219.08714547993796
1.2883590720041358,219.12507588190206
1.2893293523365825,219.3199961970226
1.2900817687675619,219.37724519221524
1.2908345118028748,219.40881530088032
1.291803368180509,219.53182470424326
1.2925562417410335,219.5448080066438
1.293309439264133,219.60878940201064
1.2942768603996615,219.7505241804462
1.2950301816633052,219.8954924860554
1.2957838242375546,219.92778677354892
1.2965377874713737,219.9866817355108
1.2975035584338577,220.1400663318882
1.2982576366125695,220.27856981844133
1.299222153643147,220.42147686667104
1.2994319578662508,220.47839418694403
1.3001856217199181,220.51833794577823
1.3009396008547378,220.55158777493892
1.301693894610801,220.61172565794004
1.3026558910970694,220.7141052213426
1.3034102855007743,220.79803572663474
1.304371015437928,221.01747252411582
1.3045767284438292,221.0704112634897
1.3053306920962127,221.13654458977012
1.3060849649846682,221.2124335425075
1.3068395464407028,221.25369109424028
1.307797730884432,221.39935242726114
1.3087548592770009,221.45728918273858
1.3097109316125761,221.55438453982438
1.3104651524834554,221.6567618022595
1.3112196765318145,221.76155099806434
1.311974503080866,221.7847591745611
1.3129288387745668,221.9053872310746
1.3131277456210917,221.95845348398151
1.3138821144250832,222.0568108301608
1.3148343300679612,222.23616618446894
1.3155887658004524,222.29994821131444
1.3163434986404186,222.40335276306232
1.3170985279030698,222.42820668438367
1.3180489790030128,222.6561327706216
1.3182438107094119,222.71234303674996
1.3189983662671045,222.72807800721094
1.3199466897719048,222.85805588953548
1.3207012982444595,222.89423069386453
1.3214561977451558,222.9740433011769
1.3224029733775264,223.06276733681574
1.3225942701732674,223.11594128847656
1.3233486828598144,223.18952229470764
1.3241033832130902,223.22870950592605
1.3250477800016203,223.34172640503783
1.3258025193397691,223.45873660833894
1.3265575436194652,223.50947195564203
1.3275003733881967,223.63456118827258
1.3276876117238725,223.6812582870563
1.328442133585693,223.7286410430157
1.3291969370311976,223.76215478574886
1.330137373396128,223.81758162230244
1.3308922019839633,223.88565808793675
1.331831310868161,224.0494929430857
1.3327693481880005,224.22125808574475
1.3335239377919619,224.21337127618511
1.3342788028924086,224.28552070264809
1.3352152460004356,224.42561903228142
1.3359701224918252,224.44595487497227
1.3367252717379605,224.57877175571633
1.3376601106888069,224.67599260978628
1.3384152647309477,224.79984969402304
1.3391706887797417,224.84936845884766
1.3399263821173755,224.88292453052063
1.3408593359569523,225.0510489435615
1.3416150254676034,225.11315204696558
1.3423709815089633,225.24702056983898
1.3433023076936488,225.32344761860958
1.3440582533282552,225.39483930272417
1.3448144627295648,225.55642279314185
1.3457441515429558,225.6743116238161
1.346500343967184,225.71878376005196
1.3470846662525917,225.72564650560443
1.3480135110757219,225.89303906495053
1.3487704842962978,225.93653281582277
1.3495277163157662,226.0100697871397
1.350454902769074,226.29452266251934
1.351212105112713,226.4255569916814
1.3519695634690612,226.51411169496038
1.3528950820295536,226.73036528905828
1.353652504155511,226.8356914489822
1.354410179502932,226.96610671218642
1.3553340207221143,227.11509145458587
1.3560916532958411,227.26733547979515
1.3568495362949364,227.34511314357437
1.357771690799344,227.5629733572746
1.3585295244931486,227.64975066348688
1.3592876058115881,227.7291599302734
1.3602080643033065,227.9709968746502
1.3609660897970124,228.04766160314853
1.3617243601101934,228.19873669612986
1.3626431133673684,228.31869969165024
1.3634013213489697,228.3711891602246
1.3641597713406715,228.40827888493072
1.3647598744581655,228.38735698372184
1.3656773943243041,228.48701827969026
1.3664365657972204,228.57920637136493
1.3671959762422152,228.6933115813121
1.3681117670203933,228.90163182697194
1.3688711004048468,228.98448972824175
1.369630669934945,229.0455767383111
1.3705447226271121,229.10902819063708
1.3711505143637401,229.08355515908133
1.3719107877243675,229.22168291861954
1.3726712941545072,229.27360218402774
1.3734320328812386,229.3548167123375
1.374041297498834,229.37204423599124
1.3749542041250582,229.50760630526065
1.3757156350885813,229.57360348705933
1.3763272619280935,229.57600305261093
1.3770897089632892,229.68360795961
1.3778523841396357,229.68766660970223
1.3784667037508904,229.67490502171768
1.3792303936526076,229.77573715730915
1.379994309846443,229.86556417725006
1.3807584515410023,229.94808491657767
1.3815228179433712,230.00983666232227
1.3822874082591174,230.07902521949677
1.3830522216922974,230.16057432372864
1.3836723892862937,230.19906063153616
1.384438211706629,230.20714129705047
1.3852042553490793,230.28514314673438
1.385827128578675,230.36819374541383
1.3865941797055985,230.43303268466576
1.3873614501375404,230.45806106072865
1.3881289390647882,230.56738088346142
1.388896645676139,230.64977030882125
1.3896645691589034,230.7359157279766
1.3904327086989092,230.79643474486096
1.3910614407948658,230.75891027442677
1.3918305817241796,230.86864920598728
1.3925999367473176,230.97738040445338
1.3932313865396895,230.9848646608964
1.3940017412904586,231.06827963069946
1.394772308149727,231.13067393076344
1.3955430862896485,231.21261256420598
1.3963140748809184,231.27945572689546
1.3969498206608184,231.2687251668537
1.3978566800930208,231.4063566911504
1.398493997582698,231.42150863329206
1.3992663978546125,231.46430421376255
1.4000390048832885,231.5614095366187
1.400811817829013,231.67005418201552
1.4014526497758701,231.6859088333171
1.402358058105605,231.77029031608785
1.4030004599938597,231.75254381930395
1.4037746700417024,231.76155997334058
1.4044190213669567,231.76528210131045
1.4053236957720436,231.92293398095012
1.40609850975309,231.9904447931937
1.4068735233414096,232.05256289791518
1.4077762613502656,232.20434297666407
1.4085510869696842,232.2583124501904
1.4093261091758746,232.2949320084283
1.410226902690152,232.44155605650093
1.411001730383335,232.58229521813868
1.4117767516426634,232.57850194537315
1.4126755926550072,232.73168690986557
1.4134504128799885,232.90585083942847
1.4142254236505871,232.97164720109012
1.4151223042449377,233.10738234307618
1.4158971074830247,233.24787395534707
1.4166720982465215,233.28443384697994
1.4175670105984048,233.33717400190352
1.418341787354805,233.37627685030347
1.4191167486169505,233.44099327097268
1.4200096849937554,233.59634413650846
1.4207844257981974,233.66843357266362
1.4215593480894833,233.71029020030082
1.4224503008507274,233.8106004145544
1.4231097336623697,233.79771676607933
1.4238851952056861,233.79490702654897
1.4247749216103958,233.94409328981425
1.4255501498158003,234.01619488653722
1.426325553878911,234.11872663747172
1.4272132789901613,234.2360683102216
1.4279884433234056,234.25278307149546
1.4287637804921516,234.2731320231935
1.4296494969263256,234.3641733456994
1.430424587998841,234.35573701629673
1.4311998488862836,234.3850625188
1.4319752787122524,234.45800053190177
1.4328585578039175,234.554808525099
1.4336337330509326,234.61223955487065
1.434409074216099,234.66607898582424
1.4352903268499895,234.68884282997487
1.436065407125855,234.73606698223483
1.4368406503016284,234.76425406843677
1.4377198693993178,234.88962642717007
1.438494845402295,234.9400925881117
1.4392699812892822,234.98456726948243
1.4401471598664082,235.07005710825447
1.4409220223243173,235.07799562245387
1.4416970416528958,235.1123298191448
1.4425721728193244,235.21996882533531
1.4433469124901146,235.25985776208296
1.4441218060210017,235.23746182826835
1.444994882980978,235.27699323974667
1.445769490653289,235.34131663492954
1.4465442491781029,235.38375973206388
1.447415265230392,235.54243968477212
1.4481897317241115,235.57782582840787
1.4489643460659258,235.65796820475612
1.4497391073683312,235.6906632113376
1.4505140147427813,235.71145231285226
1.4512890672996932,235.77972973757255
1.4521566767569798,235.80434417521997
1.4529314247980918,235.8983078737746
1.4537063150173055,235.96366094884507
1.4545718411276447,236.05875050375099
1.455346420730449,236.0978446079157
1.4561211395108011,236.14675640612
1.456984575934263,236.2394032274413
1.4577589780272793,236.2610103799475
1.4585335163012996,236.31337382840724
1.4593081898626992,236.38018963159251
1.4601690723390388,236.50693721153456
1.4609434210734742,236.5474350559275
1.4617179021020912,236.6181238722207
1.4625766794803234,236.70525065697092
1.4633508296766555,236.74368140700744
1.464125109178452,236.78209976476654
1.4649817754309553,236.88502155283646
1.465755718125911,236.96797309662648
1.466529787142293,237.01172513178653
1.467384336337043,237.12329051017247
1.4681580626030983,237.21235142982468
1.4689319122114177,237.24415393635462
1.4697843385120153,237.33716530480393
1.470557839457892,237.4361017165342
1.4713314607719419,237.52202963812698
1.4721817584376315,237.6152587007156
1.4729550252087866,237.69362149489524
1.4737284093792895,237.74853408838945
1.4745019100505101,237.78706874706944
1.4752755263229909,237.8783765972311
1.476049257296451,237.94231314440017
1.47689598651116,238.0988437590791
1.4776693509001977,238.19581351002967
1.4784428270255987,238.24880793891026
1.4792874078729839,238.32447358700642
1.4800605116160896,238.3368951686401
1.48083372413679,238.36434453211433
1.4816761512435785,238.46575936330692
1.4824489856169902,238.5496883300579
1.4832219258152626,238.56011796878187
1.4839949709363793,238.6592343955878
1.4848347502231662,238.81180686272222
1.4856074094206522,238.83008193173163
1.4863801705942958,238.96355468982316
1.4872177829296789,239.1053162957091
1.4879901524878356,239.16583984053585
1.4887626210819336,239.28922550976003
1.4895980614072106,239.4462765584408
1.49037013272775,239.4939385847355
1.491142300150667,239.55110561565638
1.491975563502863,239.7380582182625
1.4927473280281849,239.7957698098882
1.4935191857291525,239.85373493433985
1.4943502672409332,239.97549219908302
1.4951217164545494,240.0397458463613
1.49589325592409,240.16570082044873
1.4967221508236608,240.41517747883896
1.497493276250613,240.48360227737084
1.4982644890209547,240.5406579860532
1.499091192631951,240.6670706899841
1.4998071729803872,240.7309050299963
1.5005786423622403,240.86550245090658
1.5014038246659411,241.010691826913
1.5021748684798675,241.0825263740147
1.5029459940228407,241.10588997697414
1.5037689727363643,241.25575289092748
1.5045396672479279,241.3502654446633
1.5053104405918571,241.44956839654773
1.5061312113122813,241.58788962325806
1.5069015481968426,241.70025531074376
1.5076719610249814,241.868717858929
1.5084905194445568,242.04988543966775
1.5092604904211067,242.09923176329556
1.5100305344605045,242.17067517192692
1.5108006506597982,242.30239680987043
1.511616473198025,242.521717923487
1.5123861402199001,242.56256249570515
1.5131558765297155,242.6325587309741
1.5139694759882787,242.80569597710254
1.514738757808383,242.93696408124333
1.5155081060529207,242.9942067986688
1.5163194784364644,243.1229287650921
1.5170883669154407,243.209855087086
1.5178573189639526,243.32136676502782
1.5186664603716098,243.4623991646501
1.5194349474153404,243.6188193526847
1.5202034951824777,243.71173460005102
1.5210104018076631,243.83621704992464
1.5217784793676126,243.9631492013953
1.5225466148137645,243.9787291806425
1.523351282943957,244.0501276422176
1.5241189430175066,244.14520175365925
1.5248866581491334,244.2800561147821
1.5256544274397028,244.44618911284047
1.5264222499896978,244.4599865947783
1.5271901248992257,244.51924848015489
1.5279909438773187,244.63137664027354
1.5287583325306702,244.77012800764047
1.5295257707275136,244.83416250670763
1.5303243372704958,244.9234647102503
1.5310912841457114,245.03079324590482
1.5318582777579355,245.18272026617598
1.5326545885183283,245.2446104913144
1.5334210857812332,245.27362564558575
1.5341876269843666,245.43290873070487
1.534981678707813,245.5830448154792
1.5357477185718467,245.70850136591758
1.5365137995891776,245.77999312307648
1.5372799208638557,245.8390683126035
1.538071163840674,245.97328268380147
1.5388367769435378,246.03335444874602
1.5396024275280291,246.10911604807794
1.540391403099636,246.23117593553758
1.5411565406076952,246.3697403417932
1.5419217128318496,246.5007281506833
1.5427084180497126,246.65081174313156
1.5434730723312307,246.78341792848263
1.5442377585736364,246.8157244256127
1.545022190581185,246.94958440356194
1.5457863540532906,246.92827014033145
1.5465505467415366,247.06193609149204
1.5473327027738484,247.16471423075035
1.5480963679027933,247.25379064768973
1.5488600595137252,247.25081771372356
1.5496237767171683,247.39372165050798
1.550387518623468,247.52839411872546
1.5511512843427966,247.54893385770137
1.551929485189147,247.66816292289883
1.552692713102189,247.81669278877953
1.5534559621094346,247.95409786366062
1.5542318757795328,248.11707198195944
1.554994582297279,248.19844083076478
1.5557573072014155,248.24789997456583
1.556530931287655,248.48142197108237
1.557293109058296,248.6084568566052
1.558055302518653,248.738778553874
1.5588266347036601,248.93120893955734
1.559588276425838,249.09260712474025
1.5603499311523175,249.20020992288724
1.5611189692085896,249.32627939019162
1.56188006763161,249.4416852504199
1.5626411763848997,249.6037276029455
1.5634022945868522,249.71465104320268
1.5641684660984725,249.82172971565188
1.564929021690249,249.96544261646903
1.5656895840699867,250.08300581684762
1.5664534554404632,250.22631292823516
1.5672134507335884,250.3459956395901
1.5679734501656402,250.51232864730332
1.5687350194628016,250.62715856768872
1.5694944473715122,250.6763352193273
1.5702538767818943,250.7368786352853
